{
    "0": [
        -0.28011613216484976,
        0.6745581135327643
    ],
    "1": [
        -0.2770030485368684,
        0.6942736635998021
    ],
    "2": [
        -0.8683518049160972,
        -0.33224297549350457
    ],
    "3": [
        -0.6591656044396457,
        -0.018257388357672433
    ],
    "4": [
        -0.7972282095374829,
        -0.4088337148597496
    ],
    "5": [
        -0.7944798866794127,
        -0.5037716782546315
    ],
    "6": [
        1.6413985848571817,
        0.6755240939976681
    ],
    "7": [
        -0.40137319966764395,
        -1.737570904362543
    ],
    "8": [
        -0.47680872462644164,
        1.6136770207251367
    ],
    "9": [
        -0.5164019014779743,
        1.5552114544900966
    ],
    "10": [
        2.2527204934873337,
        0.7957450855673165
    ],
    "11": [
        1.3883778542315548,
        0.7070107354433617
    ],
    "12": [
        1.2321367041926903,
        -0.9993697453860371
    ],
    "13": [
        -1.507505691568095,
        0.22538706941068032
    ],
    "14": [
        -1.5060838835135864,
        0.18377136137944472
    ],
    "15": [
        -0.5671316211557932,
        -1.7704195236239766
    ],
    "16": [
        1.1006648593707802,
        2.1796117339393764
    ],
    "17": [
        1.5450309269411615,
        -0.13131572759359322
    ],
    "18": [
        1.1065946399814786,
        2.1354164636370423
    ],
    "19": [
        2.0213909682561457,
        0.7479784263252012
    ],
    "20": [
        -0.1036703870836726,
        2.03555325678515
    ],
    "21": [
        -0.8705215457517462,
        -1.798645036758086
    ],
    "22": [
        0.24351451950806524,
        -1.6912214163299844
    ],
    "23": [
        0.5967846150630971,
        -1.6154751518104193
    ],
    "24": [
        1.7262336231821924,
        1.903299186454111
    ],
    "25": [
        -2.9634441189204797,
        -1.1130790094352232
    ],
    "26": [
        0.8310114378776541,
        2.477193481764063
    ],
    "27": [
        1.5500265724478404,
        -0.9757242631147438
    ],
    "28": [
        -2.8172811637380435,
        -1.1202048526981851
    ],
    "29": [
        -1.0721591684036327,
        -1.858016742277866
    ],
    "30": [
        2.5324127950395345,
        0.7944865567252637
    ],
    "31": [
        -3.295402154774786,
        -1.1609811307053803
    ],
    "32": [
        1.1691254522325696,
        -0.9726843735539434
    ],
    "33": [
        -1.1632957997130267,
        -1.1908840691609681
    ]
}