{
    "0": [
        0.1937851651057172,
        0.23575015967069088
    ],
    "1": [
        0.21724690645732503,
        -1.313601189993035
    ],
    "2": [
        -0.9467788469655456,
        0.5313686251075774
    ],
    "3": [
        0.5925694747551294,
        2.4798997428779535
    ],
    "4": [
        2.1821798101142678,
        -0.12005846971778145
    ],
    "5": [
        -0.637508651987434,
        0.24209756963752163
    ],
    "6": [
        -0.6138671205280974,
        2.6513424446341585
    ],
    "7": [
        -1.5937236592560622,
        1.7795991811808656
    ],
    "8": [
        1.568083211745792,
        0.29831002903213644
    ],
    "9": [
        -1.5707142425059695,
        -2.548598727863168
    ],
    "10": [
        2.0138649435954576,
        -0.49681989000271887
    ],
    "11": [
        0.1635219157132224,
        -0.6370940791698557
    ],
    "12": [
        0.21237480516945562,
        0.2392912933251409
    ],
    "13": [
        -1.5291120474657387,
        -0.8857622857470111
    ],
    "14": [
        -1.6118660242226814,
        -1.7503618668556928
    ],
    "15": [
        -2.084917791939292,
        1.6543122023192893
    ],
    "16": [
        2.2835990527887686,
        0.009719114256195358
    ],
    "17": [
        -1.5429938976303725,
        -1.5466359032725454
    ],
    "18": [
        -0.37596308089519903,
        -1.6494957345377808
    ],
    "19": [
        2.3531705358679806,
        0.40715654352641295
    ],
    "20": [
        0.016984088572283174,
        0.5567458485816861
    ],
    "21": [
        0.24122687317958502,
        0.21627331519330048
    ],
    "22": [
        0.8534372554556445,
        -1.284969997448717
    ],
    "23": [
        1.8131130226772443,
        0.631727486954778
    ],
    "24": [
        -1.1600748230334512,
        2.3010771430513253
    ],
    "25": [
        2.465239731628202,
        0.6045958643844337
    ],
    "26": [
        1.1094002412733595,
        1.9291063902858832
    ],
    "27": [
        0.9352554069280142,
        -1.534390590071696
    ],
    "28": [
        -0.8924070954215868,
        2.5734622496873993
    ],
    "29": [
        -1.5778971544866527,
        -0.7335284126473571
    ],
    "30": [
        -1.0427330884060344,
        0.48636282889272786
    ],
    "31": [
        -0.30859658581580396,
        -1.6355408620244254
    ],
    "32": [
        0.21428397882890038,
        -1.2879839858662256
    ],
    "33": [
        -1.4863373123378316,
        -2.524269339682891
    ],
    "34": [
        0.6313174039673989,
        2.493517419743144
    ],
    "35": [
        -2.1424090660501873,
        1.6286496498807836
    ],
    "36": [
        1.1069683096247247,
        -1.9171379425112127
    ],
    "37": [
        1.1022907725500128,
        -1.9619910753808216
    ],
    "38": [
        1.1162116358627834,
        1.8696701677491925
    ],
    "39": [
        -1.777002602756088,
        -2.7741207450768948
    ],
    "40": [
        -0.4912214501572494,
        0.7823258278972366
    ]
}