{
    "0": [
        -1.4637068888968117,
        0.06533708273879046
    ],
    "1": [
        -0.996798103490491,
        0.5435860298289148
    ],
    "2": [
        -1.5146522107747575,
        0.08321907971775033
    ],
    "3": [
        -0.9732720003689793,
        0.25834978915161866
    ],
    "4": [
        -2.115299753802195,
        -0.22732329894485215
    ],
    "5": [
        1.3345275489876816,
        -1.3622859034145351
    ],
    "6": [
        0.30496192525537436,
        -1.8361194973487232
    ],
    "7": [
        1.1092952490212218,
        1.4154580496431377
    ],
    "8": [
        -2.1035713980321207,
        -0.3425084059110306
    ],
    "9": [
        2.812742119551476,
        0.34763816013386517
    ],
    "10": [
        2.817346656308893,
        0.36643576762442454
    ],
    "11": [
        1.0852189887692314,
        0.21374775312309335
    ],
    "12": [
        -0.9733804832133831,
        -1.4973887995127368
    ],
    "13": [
        2.0685551034494507,
        2.3770468732191974
    ],
    "14": [
        -1.0479709566685702,
        -0.3475052960344511
    ],
    "15": [
        0.7945047053044598,
        -2.7616281242947265
    ],
    "16": [
        -2.0656341588541425,
        0.053055549768739496
    ],
    "17": [
        0.8779221058831282,
        2.7650614891676826
    ],
    "18": [
        -0.9514455568017978,
        -1.4883168373414346
    ],
    "19": [
        -1.5245585969926971,
        -1.331263697719498
    ],
    "20": [
        1.0378970476298053,
        -0.10314374386301761
    ],
    "21": [
        1.106628632742904,
        1.4224595274627374
    ],
    "22": [
        -3.3641048064439745,
        -0.3647718615034128
    ],
    "23": [
        -3.4067964265701907,
        -0.3828857873681173
    ],
    "24": [
        -0.5797514441394279,
        1.016909494489206
    ],
    "25": [
        -3.770644754542298,
        -0.16342527553529074
    ],
    "26": [
        -3.770373356787255,
        -0.16533641523751452
    ],
    "27": [
        2.239826792535062,
        2.4208039163710025
    ],
    "28": [
        1.5185614477604654,
        0.0869878112249296
    ],
    "29": [
        1.3301511137820656,
        -1.4302242481302763
    ],
    "30": [
        0.5307221057998647,
        1.3760962042436065
    ],
    "31": [
        0.017246008690928363,
        -1.7994599836501353
    ],
    "32": [
        2.234582043676711,
        2.430931514070454
    ],
    "33": [
        1.6597096135420548,
        -0.7514046565984325
    ],
    "34": [
        0.8514172214990903,
        -2.6706610200862606
    ],
    "35": [
        0.9456477450091159,
        0.302218563413609
    ],
    "36": [
        -1.1129678551117237,
        0.5576649520403043
    ],
    "37": [
        0.946196652748773,
        2.791934097250498
    ],
    "38": [
        1.6998908881944597,
        2.0593862396972105
    ],
    "39": [
        1.3421833200558442,
        -1.4298882338217345
    ],
    "40": [
        1.0691937152927542,
        -2.498786858064605
    ]
}