{
    "0": [
        -6.024919400324328,
        -1.2773367797668413
    ],
    "1": [
        1.3154160759023936,
        1.3895766717033524
    ],
    "2": [
        -0.5910122566512688,
        0.43857667199760186
    ],
    "3": [
        -6.016356970091705,
        -1.3378095045404486
    ],
    "4": [
        -5.335206926008652,
        -0.3113616436205646
    ],
    "5": [
        3.134951769330185,
        -0.6777777793170872
    ],
    "6": [
        -5.1735341139618765,
        -0.44956384965603036
    ],
    "7": [
        -0.3488975025538519,
        0.2604868026367173
    ],
    "8": [
        -6.005834067235863,
        -1.3057801777963123
    ],
    "9": [
        3.6410114390266157,
        0.11639073950764267
    ],
    "10": [
        2.9978734763806654,
        2.1639906969263127
    ],
    "11": [
        -1.3663894139161394,
        -0.8643513947722496
    ],
    "12": [
        3.6545446646482054,
        0.17173396113810924
    ],
    "13": [
        -0.7225470500262446,
        0.5685838108170111
    ],
    "14": [
        2.7033694560848414,
        2.5265035175420656
    ],
    "15": [
        1.3155040599646055,
        1.4152365545389491
    ],
    "16": [
        -1.3263021335272716,
        -0.8361046007964372
    ],
    "17": [
        2.4910178216530574,
        -0.9265117656418544
    ],
    "18": [
        1.2786265007589441,
        2.20501087583845
    ],
    "19": [
        2.4911776985088054,
        -0.8223996519301116
    ],
    "20": [
        0.7830593112275064,
        -0.6593688880825885
    ],
    "21": [
        2.717861807340139,
        2.4663193590277825
    ],
    "22": [
        1.3050158168176291,
        2.1842859113792112
    ],
    "23": [
        0.5452903126778267,
        -0.6600041768582949
    ],
    "24": [
        3.6300531291187217,
        0.11174922176304847
    ],
    "25": [
        1.6465700983647173,
        -0.08224499023147924
    ],
    "26": [
        -5.768708350617739,
        -0.20852521735582297
    ],
    "27": [
        1.974533341033485,
        -1.752620847230359
    ],
    "28": [
        1.9396448348355881,
        -1.7540972573979907
    ],
    "29": [
        -5.800714938265359,
        -0.17551249688932735
    ],
    "30": [
        1.124495108710096,
        -0.48542240238888024
    ],
    "31": [
        1.465204493877776,
        -0.21861501577934472
    ],
    "32": [
        3.132235376754581,
        -0.6982432547317039
    ],
    "33": [
        -0.8070334698360878,
        -0.5147931000325086
    ]
}