{
    "0": [
        -8.4791861195104,
        -4.506115804912588
    ],
    "1": [
        7.947220556559962,
        0.21923499410071856
    ],
    "2": [
        -4.300850650814882,
        2.8080944558445537
    ],
    "3": [
        -4.8687325503717425,
        1.0678162448608868
    ],
    "4": [
        -5.159819082102411,
        2.1757798812247864
    ],
    "5": [
        -7.805445727056803,
        -5.567270478373253
    ],
    "6": [
        8.103279893531335,
        2.4140541618519586
    ],
    "7": [
        -4.567387556226887,
        2.1769197240009013
    ],
    "8": [
        -8.167797930465074,
        -5.253656114649894
    ],
    "9": [
        7.900299600917577,
        0.08029107975212013
    ],
    "10": [
        7.595556093585545,
        -0.8581348828188669
    ],
    "11": [
        8.480541301984047,
        1.6734185614608719
    ],
    "12": [
        7.363109508299603,
        -1.4729152350671815
    ],
    "13": [
        -3.943838961501721,
        0.4934546978434773
    ],
    "14": [
        8.524796444406498,
        1.8466004764618553
    ],
    "15": [
        8.653260151335665,
        2.2039058638097595
    ],
    "16": [
        -5.477403278517356,
        1.945525731734787
    ],
    "17": [
        -8.50447802699691,
        -4.458763843168974
    ],
    "18": [
        7.607426534444629,
        -0.8303530741842953
    ],
    "19": [
        -8.009298446466167,
        -5.393604613140811
    ],
    "20": [
        -8.177067171681982,
        -5.264123565166912
    ],
    "21": [
        8.482415204985502,
        2.2640344529520533
    ],
    "22": [
        7.335341765352929,
        -1.5452615511369023
    ],
    "23": [
        -4.118905403671647,
        0.21000774170227765
    ],
    "24": [
        -4.0852322896731454,
        0.35229953494378674
    ],
    "25": [
        8.676357523539187,
        2.5291362264843387
    ],
    "26": [
        -5.319666623969258,
        1.3370012303167336
    ],
    "27": [
        -4.6141668920111165,
        2.183479369448877
    ],
    "28": [
        8.719741798322232,
        2.7763572933409253
    ],
    "29": [
        -5.488645565730588,
        1.6016788478841115
    ],
    "30": [
        -4.301424100496588,
        2.791108592599899
    ]
}