{
    "0": [
        -0.509738054518516,
        4.466115905960131
    ],
    "1": [
        -2.120758696277784,
        0.49209439735966376
    ],
    "2": [
        0.3082127321267576,
        -2.3254709453208555
    ],
    "3": [
        -2.0804846880678105,
        -2.4120296818422204
    ],
    "4": [
        -1.6774560439377115,
        -0.6661424038203942
    ],
    "5": [
        1.7436872792122582,
        -1.9693830121474742
    ],
    "6": [
        0.4656359320983512,
        4.831845323462165
    ],
    "7": [
        -1.2359977437073777,
        -2.805202967166666
    ],
    "8": [
        -2.5707962719076085,
        0.05007890793678316
    ],
    "9": [
        -2.6123663313149845,
        0.09301237498528114
    ],
    "10": [
        0.27951134784171083,
        -2.328315645809172
    ],
    "11": [
        2.72552389008011,
        -1.4460000920551197
    ],
    "12": [
        1.2108045883781013,
        -2.02997574181869
    ],
    "13": [
        -0.3046838662759135,
        -2.2494421763518817
    ],
    "14": [
        0.9934931401303642,
        4.957543291483272
    ],
    "15": [
        1.6120425049947302,
        -0.41299688124307576
    ],
    "16": [
        -2.807309411212278,
        0.2092830913019923
    ],
    "17": [
        2.8465383246674034,
        5.663422544898152
    ],
    "18": [
        2.8460190667844856,
        5.663088415886434
    ],
    "19": [
        -1.596755314386975,
        -0.7264447341301576
    ],
    "20": [
        -0.20086968549307693,
        -2.187738194589845
    ],
    "21": [
        -1.2194504582352792,
        -3.62760760223025
    ],
    "22": [
        1.7512854740372021,
        -1.9897561178164556
    ],
    "23": [
        0.015709657505743824,
        4.682462378663837
    ],
    "24": [
        2.0965514093497046,
        -0.768445338380267
    ],
    "25": [
        -1.1946096427666792,
        -3.6579305364648365
    ],
    "26": [
        -1.1198902089413898,
        -1.3145482164172186
    ],
    "27": [
        -2.828094666243928,
        -0.35592720304902103
    ],
    "28": [
        -2.0814040626789203,
        -2.4097340054488177
    ],
    "29": [
        -0.46995106483559024,
        4.475558516536411
    ],
    "30": [
        1.2437853069277653,
        5.006239460403759
    ],
    "31": [
        -1.338665048975043,
        -2.864176518719789
    ],
    "32": [
        1.7675606445464318,
        -0.5842697784931399
    ],
    "33": [
        -1.0935834431471285,
        -1.2972340829810984
    ],
    "34": [
        -0.6694439066045081,
        -2.48896868783441
    ],
    "35": [
        2.826774525430756,
        5.652486356652247
    ],
    "36": [
        2.6014276091260244,
        -1.500933105972591
    ],
    "37": [
        2.3977451762905626,
        -1.8245572954266738
    ]
}