{
    "0": [
        0.08099269411890653,
        -5.278698790686615
    ],
    "1": [
        -0.24497581619293696,
        -4.723683191020874
    ],
    "2": [
        0.6709306822125423,
        -1.8093562692451766
    ],
    "3": [
        0.6742229336936965,
        -1.660084110120808
    ],
    "4": [
        0.632235766121386,
        -1.168355616676986
    ],
    "5": [
        0.5154253922600538,
        -0.5089460614471264
    ],
    "6": [
        0.426715968368208,
        -0.1287266069903481
    ],
    "7": [
        1.366346317781875,
        3.236451148110464
    ],
    "8": [
        0.7057378332355442,
        2.4840466287124725
    ],
    "9": [
        0.7297740976702074,
        2.336119376968618
    ],
    "10": [
        0.2729572240247502,
        0.22728180855549063
    ],
    "11": [
        -2.094647578439044,
        -1.916078086700567
    ],
    "12": [
        -2.3935224115582936,
        -2.8864476270653867
    ],
    "13": [
        -2.388609214740846,
        -2.9889933789787886
    ],
    "14": [
        -0.27168362251842826,
        -4.719981140748057
    ],
    "15": [
        0.07122623126067396,
        -5.272601383610812
    ],
    "16": [
        -2.076500025116088,
        -1.88017695944272
    ],
    "17": [
        2.2776046784263566,
        3.3046570984458397
    ],
    "18": [
        2.2589772395400245,
        3.301402567670416
    ],
    "19": [
        2.1275094339132914,
        3.31599382783586
    ],
    "20": [
        1.3906254690158986,
        3.3238534069107564
    ],
    "21": [
        -0.9670692962898046,
        3.419656869188283
    ],
    "22": [
        -1.0102322184348607,
        3.4328206572469595
    ],
    "23": [
        -1.0929629994836114,
        3.4053127401612153
    ],
    "24": [
        -1.661078778869503,
        3.1545330929278697
    ]
}