{
    "0": [
        0.4028354551522375,
        0.8794877620204424
    ],
    "1": [
        -0.1308340360137048,
        4.409123060457147
    ],
    "2": [
        -0.18607637988404924,
        3.9443552489036753
    ],
    "3": [
        -0.6155980505447032,
        -0.7950553574352521
    ],
    "4": [
        -0.5995663534906701,
        -0.7543963477703808
    ],
    "5": [
        -0.20422348768836485,
        3.880520280524757
    ],
    "6": [
        -0.226300162182546,
        4.868006849744256
    ],
    "7": [
        -0.3347560505796088,
        -3.6984252924275953
    ],
    "8": [
        -0.3349316445191788,
        -3.6972391877389263
    ],
    "9": [
        -0.6594685551890318,
        -1.6351196347009074
    ],
    "10": [
        -0.6589417965263593,
        -1.624544984462696
    ],
    "11": [
        0.24412437875438897,
        -6.346801505288308
    ],
    "12": [
        0.24032036634768428,
        -6.331055595305575
    ],
    "13": [
        0.37578810972018517,
        -6.904372706596488
    ],
    "14": [
        0.3723585795881996,
        -6.886929166585363
    ],
    "15": [
        -0.3358836805884804,
        5.661177899960481
    ],
    "16": [
        -0.33780740222289984,
        5.670614773674743
    ],
    "17": [
        -0.3345705223406894,
        5.661997772877469
    ],
    "18": [
        1.4019898646645514,
        1.3901073032378628
    ],
    "19": [
        1.3158637903983321,
        1.3268581311700158
    ],
    "20": [
        0.605677577144696,
        0.9816906957406637
    ]
}