{
    "0": [
        -2.7212412390659817,
        4.346484688527749
    ],
    "1": [
        -2.4934735974818105,
        3.790789962357817
    ],
    "2": [
        -2.419885303341047,
        3.61952415221906
    ],
    "3": [
        -1.6626548259162093,
        1.8967230718776125
    ],
    "4": [
        -1.6142828161878353,
        1.706181789932392
    ],
    "5": [
        -2.627395002946321,
        -0.07657104007398807
    ],
    "6": [
        -2.4991027076889347,
        0.1357682844671393
    ],
    "7": [
        -2.3351183838039358,
        0.2860295425591737
    ],
    "8": [
        -1.086726435059677,
        0.8630528368370007
    ],
    "9": [
        -0.9858783488126923,
        0.9024006333729573
    ],
    "10": [
        1.5993043401781035,
        0.5244045492889771
    ],
    "11": [
        1.7502542471883817,
        0.5955896745670857
    ],
    "12": [
        4.148431634342101,
        -0.2934463808945087
    ],
    "13": [
        3.3485666847793683,
        -1.341806402140733
    ],
    "14": [
        3.2749705989536055,
        -1.4113766226827968
    ],
    "15": [
        1.7166441298722734,
        -2.0550923143358615
    ],
    "16": [
        0.16804032842155525,
        -1.7058955703630752
    ],
    "17": [
        -0.12488816723476681,
        -1.4887963181915946
    ],
    "18": [
        0.04342865761325898,
        -1.0131970550380505
    ],
    "19": [
        0.6456769441123655,
        -0.695529483177884
    ],
    "20": [
        1.1868007280717494,
        -0.2620412223840036
    ],
    "21": [
        1.332918957905842,
        -0.16274872842857402
    ],
    "22": [
        -2.288880645911978,
        -1.704634342232421
    ],
    "23": [
        -2.254912842133227,
        -1.680907735617416
    ],
    "24": [
        -1.4158169930730946,
        -1.3615961414015838
    ],
    "25": [
        -1.1400818076982016,
        -1.5058699870727688
    ],
    "26": [
        -0.5398949501530135,
        -1.6670163001922669
    ],
    "27": [
        1.6856507059623338,
        -2.049565019502109
    ],
    "28": [
        1.7254526462236575,
        -2.0419601382463295
    ],
    "29": [
        4.164166611269008,
        -0.2839200639771424
    ],
    "30": [
        4.167097523419339,
        -0.2795533233338223
    ],
    "31": [
        -2.74717067180421,
        4.414575003279927
    ]
}