{
    "0": [
        -2.028389006402591,
        0.6481016263150159
    ],
    "1": [
        2.690386645080899,
        1.405796407607094
    ],
    "2": [
        2.6783468645538635,
        1.058338314002829
    ],
    "3": [
        1.4352553988485637,
        -0.8619195646467637
    ],
    "4": [
        -0.7352124918956324,
        -1.03183108552859
    ],
    "5": [
        -0.7356229794121418,
        -1.070941541696708
    ],
    "6": [
        0.03482913034208224,
        -2.009416552421434
    ],
    "7": [
        0.17304224255343037,
        -1.9295358277559636
    ],
    "8": [
        1.4712899692978363,
        -0.8594091081566322
    ],
    "9": [
        2.5259228381055863,
        -0.6759334978957656
    ],
    "10": [
        2.6374770678910577,
        -0.5417155971927574
    ],
    "11": [
        2.7274128591057396,
        0.14454438073825315
    ],
    "12": [
        2.621147818569657,
        0.49802184499929636
    ],
    "13": [
        1.0143369866703829,
        0.6107908934453659
    ],
    "14": [
        0.9627801971121448,
        0.6258282538247419
    ],
    "15": [
        -0.38959854463031185,
        0.14807764687942981
    ],
    "16": [
        -0.5696550654738033,
        0.3495381529676358
    ],
    "17": [
        -0.8564275124946814,
        0.8945341300847058
    ],
    "18": [
        -1.9674807596205692,
        0.672121225449775
    ],
    "19": [
        -2.4406417782259915,
        0.9578767866272306
    ],
    "20": [
        -3.2871884779656053,
        -0.9337717956585603
    ],
    "21": [
        -3.2545486453235988,
        -0.9794914603329297
    ],
    "22": [
        -2.8916227729393604,
        -1.3803381249060038
    ],
    "23": [
        -2.255554404445082,
        -1.813169306459482
    ],
    "24": [
        2.7518261549978895,
        2.8917531512832197
    ],
    "25": [
        2.7465083361029725,
        2.8798691397646414
    ],
    "26": [
        2.6082027535888033,
        3.2938378438311218
    ],
    "27": [
        2.59581283007764,
        3.3068218828256586
    ],
    "28": [
        -2.826863160883489,
        -2.746910361601207
    ],
    "29": [
        -2.813492982124764,
        -2.7395219702770826
    ],
    "30": [
        -2.8363680667727085,
        -2.7308781015259154
    ],
    "31": [
        -2.969320408588498,
        -1.4571588617256674
    ],
    "32": [
        -0.33552734325649425,
        -2.6915377076371096
    ],
    "33": [
        -0.2547265523197044,
        -2.6308688365309343
    ],
    "34": [
        2.677359999436227,
        2.2051112866818623
    ],
    "35": [
        2.649982021109519,
        2.3368427714650557
    ],
    "36": [
        -0.5405076558602122,
        1.5528210271659701
    ],
    "37": [
        -0.623387175105929,
        1.617259863181598
    ],
    "38": [
        -2.389784329703115,
        0.9864626728090107
    ]
}