{
    "0": [
        6.5668460252025795,
        -3.9634799805654284
    ],
    "1": [
        5.030541549726664,
        -5.9140259376784154
    ],
    "2": [
        6.844578010559074,
        -2.3436232932573446
    ],
    "3": [
        6.624589864548299,
        -2.2041965441723623
    ],
    "4": [
        6.198836087701279,
        -2.1451172482225176
    ],
    "5": [
        6.49655386782409,
        -2.1509618151908896
    ],
    "6": [
        6.566442592049695,
        -2.0075299263796587
    ],
    "7": [
        6.576991490985181,
        -4.640192101183142
    ],
    "8": [
        6.542653073382216,
        -4.745361507463308
    ],
    "9": [
        5.466697490343402,
        -5.630031862202884
    ],
    "10": [
        6.218517422590253,
        -2.2488398167601327
    ],
    "11": [
        5.135066542842947,
        -5.844750612261502
    ],
    "12": [
        6.569608400824373,
        -4.730328371413572
    ],
    "13": [
        -7.0316580372788975,
        -1.698544518241364
    ],
    "14": [
        -7.032569378160761,
        -1.7075629738928249
    ],
    "15": [
        -4.999901598997819,
        5.206425005636152
    ],
    "16": [
        -6.57506160885949,
        5.97914197936424
    ],
    "17": [
        -5.024458427485622,
        5.223803484606007
    ],
    "18": [
        -6.571520763132306,
        2.6386518158553915
    ],
    "19": [
        -6.500585448482151,
        3.042618326193262
    ],
    "20": [
        -4.6652225944490615,
        5.04770903395907
    ],
    "21": [
        -6.5748088238964995,
        5.942950260864494
    ],
    "22": [
        -6.576097162956562,
        5.938213769309153
    ],
    "23": [
        -6.3485374313214775,
        5.227274280083581
    ],
    "24": [
        -6.590030674555279,
        2.573359486918404
    ],
    "25": [
        -6.34747046900413,
        5.154399066095621
    ]
}