{
    "0": [
        -5.280493004942937,
        1.233123792445232
    ],
    "1": [
        -6.001586363969313,
        1.0756205595868966
    ],
    "2": [
        -6.576716368693367,
        -0.08092230923635757
    ],
    "3": [
        -5.5504607973822555,
        1.447460856376651
    ],
    "4": [
        -6.41860036040976,
        0.6293605090195458
    ],
    "5": [
        -6.564844576657013,
        -0.18673809369973515
    ],
    "6": [
        -6.580845001871962,
        -0.19224669932967586
    ],
    "7": [
        -5.359566945607739,
        1.297486184021471
    ],
    "8": [
        -6.078375569028639,
        1.0377716522805507
    ],
    "9": [
        -5.3537412715647665,
        1.307417845611032
    ],
    "10": [
        -6.480921568800001,
        0.553223582868644
    ],
    "11": [
        5.317008608425951,
        -3.3968373017172713
    ],
    "12": [
        2.880492084160493,
        2.479283093676213
    ],
    "13": [
        5.0723555465571675,
        -4.936925664981326
    ],
    "14": [
        5.252323206932397,
        -3.8253506061309004
    ],
    "15": [
        4.539011805892779,
        -5.8069425575389815
    ],
    "16": [
        5.326838257920776,
        -3.2739737146840024
    ],
    "17": [
        5.265465479822289,
        -3.7995410552529734
    ],
    "18": [
        4.643124102019798,
        -5.635458576790825
    ],
    "19": [
        5.165005979765666,
        -4.250716780283705
    ],
    "20": [
        4.664038536478659,
        -5.609039414581927
    ],
    "21": [
        4.6989892025508375,
        -5.521825407099884
    ],
    "22": [
        5.167561076968914,
        -4.253206073489704
    ],
    "23": [
        1.5037911704638294,
        3.555595114194917
    ],
    "24": [
        -0.9404630988227396,
        4.975705249965586
    ],
    "25": [
        2.498929694040033,
        2.861273865497
    ],
    "26": [
        0.002835662560565666,
        4.671961133503581
    ],
    "27": [
        2.087951523117262,
        3.202872851463501
    ],
    "28": [
        0.19307228349643957,
        4.588394810059799
    ],
    "29": [
        -0.9301647834526197,
        4.9726373819529766
    ],
    "30": [
        2.6060236164597814,
        2.7478078954744456
    ],
    "31": [
        -0.8747916302295167,
        4.951906102933246
    ],
    "32": [
        2.1067535037989584,
        3.1808217738859788
    ]
}