{
    "0": [
        1.0,
        0.0
    ],
    "1": [
        0.9749279121818236,
        0.2225209339563144
    ],
    "2": [
        0.9009688679024191,
        0.4338837391175581
    ],
    "3": [
        0.7818314824680298,
        0.6234898018587335
    ],
    "4": [
        0.6234898018587336,
        0.7818314824680298
    ],
    "5": [
        0.4338837391175582,
        0.9009688679024191
    ],
    "6": [
        0.22252093395631445,
        0.9749279121818236
    ],
    "7": [
        6.123233995736766e-17,
        1.0
    ],
    "8": [
        -0.22252093395631434,
        0.9749279121818236
    ],
    "9": [
        -0.43388373911755806,
        0.9009688679024191
    ],
    "10": [
        -0.6234898018587335,
        0.7818314824680299
    ],
    "11": [
        -0.7818314824680298,
        0.6234898018587336
    ],
    "12": [
        -0.900968867902419,
        0.43388373911755823
    ],
    "13": [
        -0.9749279121818236,
        0.2225209339563145
    ],
    "14": [
        -1.0,
        1.2246467991473532e-16
    ],
    "15": [
        -0.9749279121818236,
        -0.22252093395631428
    ],
    "16": [
        -0.9009688679024191,
        -0.433883739117558
    ],
    "17": [
        -0.7818314824680299,
        -0.6234898018587334
    ],
    "18": [
        -0.6234898018587337,
        -0.7818314824680297
    ],
    "19": [
        -0.4338837391175583,
        -0.900968867902419
    ],
    "20": [
        -0.2225209339563146,
        -0.9749279121818236
    ],
    "21": [
        -1.8369701987210297e-16,
        -1.0
    ],
    "22": [
        0.22252093395631423,
        -0.9749279121818236
    ],
    "23": [
        0.43388373911755795,
        -0.9009688679024193
    ],
    "24": [
        0.6234898018587334,
        -0.7818314824680299
    ],
    "25": [
        0.7818314824680297,
        -0.6234898018587337
    ],
    "26": [
        0.900968867902419,
        -0.43388373911755834
    ],
    "27": [
        0.9749279121818235,
        -0.22252093395631464
    ]
}