{
    "0": [
        1.0,
        0.0
    ],
    "1": [
        0.9839295885986297,
        0.17855689479863665
    ],
    "2": [
        0.9362348706397372,
        0.3513748240813427
    ],
    "3": [
        0.8584487936018661,
        0.5128992774059061
    ],
    "4": [
        0.753071466003611,
        0.6579387259397126
    ],
    "5": [
        0.6234898018587336,
        0.7818314824680298
    ],
    "6": [
        0.4738686624729987,
        0.880595531856738
    ],
    "7": [
        0.30901699437494745,
        0.9510565162951535
    ],
    "8": [
        0.13423326581765554,
        0.9909497617679347
    ],
    "9": [
        -0.04486483035051486,
        0.9989930665413147
    ],
    "10": [
        -0.22252093395631434,
        0.9749279121818236
    ],
    "11": [
        -0.39302503165392355,
        0.9195277725514507
    ],
    "12": [
        -0.5508969814521024,
        0.8345732537213026
    ],
    "13": [
        -0.6910626489868646,
        0.7227948638273916
    ],
    "14": [
        -0.8090169943749473,
        0.5877852522924732
    ],
    "15": [
        -0.900968867902419,
        0.43388373911755823
    ],
    "16": [
        -0.9639628606958532,
        0.26603684556667523
    ],
    "17": [
        -0.9959742939952391,
        0.08963930890343362
    ],
    "18": [
        -0.9959742939952391,
        -0.08963930890343337
    ],
    "19": [
        -0.9639628606958534,
        -0.266036845566675
    ],
    "20": [
        -0.9009688679024191,
        -0.433883739117558
    ],
    "21": [
        -0.8090169943749476,
        -0.587785252292473
    ],
    "22": [
        -0.6910626489868648,
        -0.7227948638273914
    ],
    "23": [
        -0.5508969814521026,
        -0.8345732537213025
    ],
    "24": [
        -0.3930250316539238,
        -0.9195277725514506
    ],
    "25": [
        -0.2225209339563146,
        -0.9749279121818236
    ],
    "26": [
        -0.044864830350515104,
        -0.9989930665413146
    ],
    "27": [
        0.1342332658176553,
        -0.9909497617679348
    ],
    "28": [
        0.30901699437494723,
        -0.9510565162951536
    ],
    "29": [
        0.47386866247299847,
        -0.8805955318567381
    ],
    "30": [
        0.6234898018587334,
        -0.7818314824680299
    ],
    "31": [
        0.7530714660036107,
        -0.6579387259397128
    ],
    "32": [
        0.858448793601866,
        -0.5128992774059064
    ],
    "33": [
        0.9362348706397371,
        -0.3513748240813429
    ],
    "34": [
        0.9839295885986297,
        -0.17855689479863687
    ]
}