{
    "0": [
        1.0,
        0.0
    ],
    "1": [
        0.9781476007338057,
        0.20791169081775931
    ],
    "2": [
        0.9135454576426009,
        0.40673664307580015
    ],
    "3": [
        0.8090169943749475,
        0.5877852522924731
    ],
    "4": [
        0.6691306063588582,
        0.7431448254773941
    ],
    "5": [
        0.5000000000000001,
        0.8660254037844386
    ],
    "6": [
        0.30901699437494745,
        0.9510565162951535
    ],
    "7": [
        0.10452846326765368,
        0.9945218953682733
    ],
    "8": [
        -0.10452846326765333,
        0.9945218953682734
    ],
    "9": [
        -0.30901699437494734,
        0.9510565162951536
    ],
    "10": [
        -0.4999999999999998,
        0.8660254037844387
    ],
    "11": [
        -0.6691306063588579,
        0.7431448254773945
    ],
    "12": [
        -0.8090169943749473,
        0.5877852522924732
    ],
    "13": [
        -0.9135454576426008,
        0.40673664307580043
    ],
    "14": [
        -0.9781476007338056,
        0.20791169081775973
    ],
    "15": [
        -1.0,
        1.2246467991473532e-16
    ],
    "16": [
        -0.9781476007338057,
        -0.20791169081775907
    ],
    "17": [
        -0.9135454576426011,
        -0.4067366430757998
    ],
    "18": [
        -0.8090169943749476,
        -0.587785252292473
    ],
    "19": [
        -0.6691306063588585,
        -0.743144825477394
    ],
    "20": [
        -0.5000000000000004,
        -0.8660254037844384
    ],
    "21": [
        -0.30901699437494756,
        -0.9510565162951535
    ],
    "22": [
        -0.10452846326765423,
        -0.9945218953682733
    ],
    "23": [
        0.10452846326765299,
        -0.9945218953682734
    ],
    "24": [
        0.30901699437494723,
        -0.9510565162951536
    ],
    "25": [
        0.49999999999999933,
        -0.866025403784439
    ],
    "26": [
        0.6691306063588578,
        -0.7431448254773946
    ],
    "27": [
        0.8090169943749473,
        -0.5877852522924734
    ],
    "28": [
        0.9135454576426005,
        -0.40673664307580093
    ],
    "29": [
        0.9781476007338056,
        -0.20791169081775987
    ]
}