{
    "0": [
        0.7542907086372607,
        1.545135064195106
    ],
    "1": [
        0.8770443128234826,
        0.47865646846661924
    ],
    "2": [
        -0.03722215980827948,
        1.375746840896819
    ],
    "3": [
        0.18302411391232745,
        0.4781318866303875
    ],
    "4": [
        -0.5083354893972198,
        0.6711170355375797
    ],
    "5": [
        -0.2708747213742895,
        -0.2367675591486603
    ],
    "6": [
        -0.9526463143505913,
        1.8642482596953054
    ],
    "7": [
        -1.309283231502724,
        0.27021039140990066
    ],
    "8": [
        -0.8489743787429973,
        -1.2995416057066393
    ],
    "9": [
        2.1788169934884483,
        0.3905997348693828
    ],
    "10": [
        -0.9871355841539854,
        -3.488756997328294
    ],
    "11": [
        -2.2797817755737717,
        -2.1992361160409826
    ],
    "12": [
        -1.1489058402101406,
        -5.104727188644361
    ]
}