{
    "0": [
        -0.1269610974034676,
        -1.2355932196702801
    ],
    "1": [
        1.2233279504161818,
        -0.9981687694079181
    ],
    "2": [
        -0.29984524150651587,
        0.6954545553720115
    ],
    "3": [
        1.4498308716165522,
        -2.8915995602480375
    ],
    "4": [
        2.5586892938541146,
        -0.25161259927139973
    ],
    "5": [
        1.6498008193427,
        0.517929266542025
    ],
    "6": [
        -0.675175932600199,
        -0.7038304912988033
    ],
    "7": [
        1.4024475761125181,
        -0.033389652834903055
    ],
    "8": [
        0.14556794908407403,
        -0.3587134367517455
    ],
    "9": [
        0.7845024303347321,
        0.7745358945983845
    ],
    "10": [
        2.725589504263718,
        -2.2005003449791936
    ],
    "11": [
        -1.5562897462775758,
        1.9906400288232673
    ],
    "12": [
        -2.0784732390193446,
        1.2355892033633464
    ],
    "13": [
        -0.7844262280658314,
        2.488123154759427
    ]
}