{
    "0": [
        4.023247139091819,
        0.5080415816144842
    ],
    "1": [
        4.730831374128588,
        -0.9626401467358164
    ],
    "2": [
        5.68492807517373,
        -0.04262744678876364
    ],
    "3": [
        5.008585718626062,
        0.5688655602228478
    ],
    "4": [
        1.66008378631605,
        1.3321034893639119
    ],
    "5": [
        4.7174638967135385,
        -0.28580287541506444
    ],
    "6": [
        5.451294125093465,
        1.2926310840202848
    ],
    "7": [
        7.33190332541948,
        -0.5654368179669376
    ],
    "8": [
        -0.5569522836068614,
        2.1048411566472356
    ],
    "9": [
        -2.683436908408387,
        2.8469164989851214
    ],
    "10": [
        -4.725555947274333,
        3.5626458274637964
    ],
    "11": [
        -6.673152693615128,
        4.247577918013524
    ],
    "12": [
        -8.499647364123494,
        4.890796815041179
    ],
    "13": [
        -10.145384311655926,
        5.470604295681992
    ],
    "14": [
        -11.481481862090739,
        5.941808095745514
    ]
}