{
    "0": [
        -0.5456398166068338,
        0.6889140150974313
    ],
    "1": [
        -1.7272236329889026,
        -0.8390101489603787
    ],
    "2": [
        1.1652844990013433,
        0.9800739453108422
    ],
    "3": [
        0.2834306370210555,
        2.152216072620264
    ],
    "4": [
        -0.6208968868851013,
        2.5419958707802137
    ],
    "5": [
        -0.6646311516401434,
        -0.7931777142107267
    ],
    "6": [
        -0.04462561819765704,
        -1.3489430656469035
    ],
    "7": [
        -1.1414069354757526,
        2.120869578603043
    ],
    "8": [
        -3.5266206458476357,
        -1.322287303382399
    ],
    "9": [
        -1.370238987689942,
        -1.8415125405823745
    ],
    "10": [
        1.5580985018067417,
        -0.5494039413322251
    ],
    "11": [
        0.21891199234188263,
        0.6990701748011765
    ],
    "12": [
        1.0403093764529845,
        3.8649486812422102
    ],
    "13": [
        -0.3689517543924556,
        -2.4418393869338995
    ],
    "14": [
        1.0388975720666405,
        -2.9672010631143344
    ]
}