{
    "0": [
        -4.142022589785262,
        -5.418609152649036
    ],
    "1": [
        -2.898371924445664,
        -4.899695032115633
    ],
    "2": [
        -0.9310721236295901,
        2.5270733179211136
    ],
    "3": [
        -0.13492175994393835,
        4.8309278899816785
    ],
    "4": [
        -1.7600128978755074,
        0.1875975403206849
    ],
    "5": [
        1.0040211084476924,
        5.5554387353863035
    ],
    "6": [
        -1.1412447589563066,
        5.870278089234844
    ],
    "7": [
        0.8385443617035733,
        6.528918781742703
    ],
    "8": [
        -2.7117190367435158,
        -2.239529752312041
    ],
    "9": [
        -4.072751246811928,
        -2.4445717363601243
    ],
    "10": [
        -3.486474501019887,
        -1.2087449269144799
    ],
    "11": [
        -2.6411697425624934,
        -7.3709808904181955
    ],
    "12": [
        1.5161261522422131,
        7.95468977081576
    ],
    "13": [
        -1.35681182887173,
        -8.20395297049282
    ],
    "14": [
        -3.7282769272236993,
        -8.507158713063319
    ],
    "15": [
        -2.465247002554158,
        -9.001205396171263
    ]
}