{
    "0": [
        -4.246845622464556,
        2.643086058915643
    ],
    "1": [
        -2.869843981867865,
        2.2473125847384616
    ],
    "2": [
        -3.4126795906469165,
        1.9185019115905368
    ],
    "3": [
        2.660303626021868,
        -5.001309151905535
    ],
    "4": [
        2.7517821324891565,
        -3.6343542501698063
    ],
    "5": [
        4.465738239646893,
        -4.266201255845425
    ],
    "6": [
        5.799678026247379,
        -4.845003096896311
    ],
    "7": [
        -2.2335587623974544,
        0.6288945344526597
    ],
    "8": [
        -3.1859106687060974,
        3.3108697812224457
    ],
    "9": [
        -0.48241342378715446,
        -0.8255067256086195
    ],
    "10": [
        -3.1946431525501087,
        -0.41892471039053747
    ],
    "11": [
        1.1670875892175523,
        -2.240582553536188
    ]
}