{
    "0": [
        0.11897488751705759,
        0.05164655093609111
    ],
    "1": [
        1.7762901170918461,
        0.23593004926481936
    ],
    "2": [
        -1.7843039306074548,
        0.9285380482376905
    ],
    "3": [
        -3.509293561817824,
        -0.08116855067743207
    ],
    "4": [
        3.5053957343044653,
        1.250014976287273
    ],
    "5": [
        -3.0057073001745884,
        2.5142229920839165
    ],
    "6": [
        -3.7974167154318708,
        0.8383172797553893
    ],
    "7": [
        2.017784169853975,
        -1.6700664110870462
    ],
    "8": [
        -2.02751510031762,
        2.8312019332585723
    ],
    "9": [
        -0.273521431702714,
        0.631934260936373
    ],
    "10": [
        -0.2907721566012646,
        -0.4529644968328416
    ],
    "11": [
        2.7135230764947544,
        1.9099083824952303
    ],
    "12": [
        3.613791069118254,
        -0.6054900042453789
    ],
    "13": [
        3.778596844964739,
        0.3258136764440429
    ],
    "14": [
        0.30520268423945424,
        1.0287621576698345
    ],
    "15": [
        0.12007828323122387,
        1.6504559798476093
    ],
    "16": [
        2.9941358737098156,
        -1.3457196050482383
    ],
    "17": [
        -3.6137690759229084,
        1.7665280367633338
    ],
    "18": [
        -2.722664526131334,
        -0.7441096166576554
    ]
}