{
    "0": [
        3.0891019949388454,
        6.039831886709146
    ],
    "1": [
        3.0465644554067657,
        4.315771503645396
    ],
    "2": [
        6.717311278171923,
        4.045157411169066
    ],
    "3": [
        5.454179742046203,
        2.8620117779481054
    ],
    "4": [
        0.45968740019333615,
        -1.7819038205260282
    ],
    "5": [
        0.9306651015921144,
        -0.7587791487968188
    ],
    "6": [
        -1.8514966798294037,
        -2.342806533699255
    ],
    "7": [
        -3.720690086975852,
        -4.272862009235117
    ],
    "8": [
        -3.737657622028678,
        -2.1456390628051096
    ],
    "9": [
        4.169897589308641,
        1.2415514127926826
    ],
    "10": [
        2.9420458237205938,
        1.9467981264621264
    ],
    "11": [
        1.5997944964330373,
        2.556401593915977
    ],
    "12": [
        2.2075991262431036,
        -2.41256181606733
    ],
    "13": [
        3.172985109282687,
        -3.7294791195536825
    ],
    "14": [
        -4.973003945691709,
        -5.511486334433387
    ],
    "15": [
        2.782812198244756,
        3.1790196121616563
    ],
    "16": [
        7.166561114563062,
        2.7747373914480384
    ],
    "17": [
        -5.29407984485407,
        -3.75772615507038
    ],
    "18": [
        -5.318977262946981,
        -2.4889979329899017
    ],
    "19": [
        -3.733840020413137,
        -5.941106005958211
    ]
}