{
    "0": [
        -2.2623152835462306,
        0.5765609227769241
    ],
    "1": [
        -0.4296716068654816,
        0.5478172395981205
    ],
    "2": [
        -1.8856626545551625,
        -0.4669417794548737
    ],
    "3": [
        -1.328559620063823,
        -0.9858247654333797
    ],
    "4": [
        -1.1373789880941927,
        2.218127036828625
    ],
    "5": [
        -1.935658055539159,
        1.5671143432807473
    ],
    "6": [
        1.29359428422053,
        -0.027540391078219498
    ],
    "7": [
        0.801458640182708,
        1.8794905051348336
    ],
    "8": [
        1.3334620687879257,
        1.0010965588685359
    ],
    "9": [
        0.7042638184749567,
        -0.8733070993385176
    ],
    "10": [
        -0.1162801013384265,
        2.343917810611747
    ],
    "11": [
        -0.2572153368420044,
        -1.2751776068568594
    ]
}