{
    "0": [
        1.3905469267563755,
        1.234736120343285
    ],
    "1": [
        -0.3019027289632162,
        0.7720844904501594
    ],
    "2": [
        -0.34793448607320754,
        2.5195023757851134
    ],
    "3": [
        0.7336036254063453,
        2.1791411833556578
    ],
    "4": [
        -1.999023454768523,
        1.1267204394786245
    ],
    "5": [
        1.178418185912182,
        -0.002203769448747511
    ],
    "6": [
        -1.409073300866696,
        2.1160430900396743
    ],
    "7": [
        0.5637783766087375,
        -0.5280990553762229
    ],
    "8": [
        -1.673652353956556,
        -0.004117205060788973
    ],
    "9": [
        -0.9291275790459521,
        -1.3713595498543656
    ],
    "10": [
        -1.3962698780207263,
        -2.937553850231434
    ]
}