{
    "0": [
        0.524765128609539,
        0.8937359848951899
    ],
    "1": [
        0.805986513484632,
        -0.4183882822383965
    ],
    "2": [
        -0.964524363345008,
        0.05478134774390822
    ],
    "3": [
        0.1673368092179365,
        0.32563809841573577
    ],
    "4": [
        -0.049872050018161494,
        -1.843732891382632
    ],
    "5": [
        -0.10527726298934757,
        -0.7716846590424764
    ],
    "6": [
        0.8587718670721721,
        -1.117870967004801
    ],
    "7": [
        -0.8959105491274444,
        1.7366356871629287
    ],
    "8": [
        -2.6955784188009715,
        0.1828193755402279
    ],
    "9": [
        -0.4925846752393912,
        -3.4882408273246965
    ],
    "10": [
        0.3914799629019211,
        -3.5047979486374734
    ],
    "11": [
        -1.3651853087897754,
        3.353041247622089
    ]
}