{
    "0": [
        1.7239291047232945,
        -0.22744252295608666
    ],
    "1": [
        2.6683166295827068,
        -1.5495251413217717
    ],
    "2": [
        0.9580417852315469,
        -2.076963005740018
    ],
    "3": [
        2.3519244235367167,
        1.1882982265164426
    ],
    "4": [
        3.3021273608578476,
        0.511868000152641
    ],
    "5": [
        0.3079823095335953,
        0.36437414806481866
    ],
    "6": [
        3.410249856678843,
        -0.6444296324020378
    ],
    "7": [
        1.0759138604530478,
        1.916495842812253
    ],
    "8": [
        0.23979957933286244,
        -1.567747218764179
    ],
    "9": [
        0.6562782762347714,
        3.5035893119657375
    ],
    "10": [
        -0.2632190444935237,
        -3.0858684219148347
    ],
    "11": [
        -1.1540387740732887,
        -4.413373417671733
    ]
}