{
    "0": [
        -0.5574174775377579,
        0.8854028824418767
    ],
    "1": [
        -0.6794825736209202,
        -0.351689610395423
    ],
    "2": [
        0.6799944742518574,
        1.7575101960405832
    ],
    "3": [
        0.6364038383119007,
        -0.5689676156157121
    ],
    "4": [
        1.0749030932338894,
        -2.706577177691607
    ],
    "5": [
        0.5637666943383979,
        -4.141331785372792
    ],
    "6": [
        2.09217414731246,
        -3.832236281304235
    ],
    "7": [
        -0.6173283923453939,
        2.7430325127976096
    ],
    "8": [
        1.7491700886923967,
        3.019435139448314
    ],
    "9": [
        0.5145732644379571,
        3.415638645192939
    ],
    "10": [
        2.223711622698083,
        1.7629706092264188
    ]
}