{
    "0": [
        0.634445932107375,
        1.248081899274906
    ],
    "1": [
        0.9084845862130452,
        -0.9467754215305475
    ],
    "2": [
        0.10969592514743798,
        -1.0878647179770007
    ],
    "3": [
        0.11940089048825986,
        2.229628022158922
    ],
    "4": [
        0.2998778592453846,
        1.1503261146015575
    ],
    "5": [
        2.3028281302131073,
        -2.178588124938946
    ],
    "6": [
        -2.0764790902807726,
        0.13740564715714498
    ],
    "7": [
        -0.5344152786875709,
        3.6384846684749133
    ],
    "8": [
        -0.9000754376885277,
        4.2123765147217
    ],
    "9": [
        0.6990679846220919,
        0.26592374677719843
    ],
    "10": [
        -1.1765188099535215,
        2.002525333237744
    ],
    "11": [
        -0.23977594604578387,
        -0.4045453051536236
    ],
    "12": [
        -0.7585337572140456,
        1.7695624784406032
    ],
    "13": [
        0.21987862257486512,
        -0.17563286335893216
    ],
    "14": [
        -1.673745118087467,
        0.03485017934602637
    ],
    "15": [
        -1.501939465572904,
        3.086190401293158
    ],
    "16": [
        1.1668035038435804,
        2.0508813099155314
    ],
    "17": [
        -1.3045084324875122,
        0.25108427134183914
    ],
    "18": [
        -2.982844669125842,
        -1.0391952753811697
    ],
    "19": [
        1.13964627189079,
        -0.676436780646411
    ],
    "20": [
        0.6968805639474869,
        1.4703866340476623
    ],
    "21": [
        0.26884204504643583,
        -2.1352121575221417
    ],
    "22": [
        3.4575311842575114,
        2.1370481952311113
    ],
    "23": [
        0.5367248879911608,
        3.6882602237144835
    ],
    "24": [
        1.7290543356847075,
        1.3978159826415497
    ],
    "25": [
        -0.16083820706454588,
        2.8618959840972473
    ],
    "26": [
        1.111904666831249,
        4.126859324821449
    ],
    "27": [
        -0.01898319567676294,
        1.00390183859597
    ],
    "28": [
        -1.3371886274653053,
        1.2772658808841688
    ],
    "29": [
        2.0860120429711455,
        -0.3794816727271704
    ],
    "30": [
        -2.4463289121395957,
        0.5305356636471263
    ],
    "31": [
        2.088619559424003,
        1.016875878324307
    ],
    "32": [
        -3.646375146004868,
        2.3696406838496693
    ],
    "33": [
        -1.1360327606065348,
        3.393575485288583
    ],
    "34": [
        0.732654121180669,
        -2.872216335141082
    ],
    "35": [
        1.5016834195903408,
        -1.2787303103934027
    ],
    "36": [
        -0.3037821135583465,
        -2.1989583058042945
    ],
    "37": [
        -1.6448583126631016,
        -2.825537318357696
    ],
    "38": [
        -1.9756504930779697,
        1.2472546151040536
    ],
    "39": [
        -4.668379158660219,
        1.0014959253478628
    ],
    "40": [
        -2.017438334583325,
        -1.9736426964190312
    ],
    "41": [
        2.6579220061694984,
        2.8901948768557992
    ],
    "42": [
        2.7094944138117425,
        -0.6895326280429798
    ],
    "43": [
        1.8888805361201257,
        4.204497924317493
    ],
    "44": [
        -0.5945113063814272,
        -0.7236407304911716
    ],
    "45": [
        -4.678773658761324,
        0.4402351851711256
    ],
    "46": [
        -1.3590276563268882,
        -0.6289347356642304
    ],
    "47": [
        0.9763859705413374,
        -2.514786975330326
    ],
    "48": [
        -1.9438706897817288,
        -0.6708825329236833
    ],
    "49": [
        0.44799873820753033,
        5.573418119937714
    ],
    "50": [
        -1.7249676319118876,
        2.4756781310228932
    ],
    "51": [
        3.029885643586968,
        0.13974995797543588
    ],
    "52": [
        -0.6985823514311437,
        2.3105104271385866
    ],
    "53": [
        0.5636120388228526,
        2.8596269064571618
    ],
    "54": [
        -2.428531831117233,
        2.7298327644486995
    ],
    "55": [
        -4.005443720857258,
        0.6026531503964547
    ],
    "56": [
        -4.490367538060968,
        1.588457412848213
    ],
    "57": [
        -0.025655614928884244,
        -3.2518289788956
    ],
    "58": [
        -0.9070151744463162,
        -4.608959840735986
    ],
    "59": [
        3.536523070769696,
        0.4692063796730662
    ],
    "60": [
        -2.4853953197045566,
        -3.133965589982334
    ],
    "61": [
        -1.5334098834770014,
        0.4968442396305342
    ],
    "62": [
        -3.2266911246237147,
        -2.9389186351025898
    ],
    "63": [
        -2.9790483755808026,
        0.4050119223470168
    ],
    "64": [
        1.1924407082762154,
        -0.18046162803687535
    ],
    "65": [
        -4.764705628079001,
        -1.6612846445936333
    ],
    "66": [
        -3.1225741031036276,
        1.802209958132749
    ],
    "67": [
        -2.338786086984751,
        -1.3230968120513527
    ],
    "68": [
        -0.558956232417479,
        5.1214050522074785
    ],
    "69": [
        -2.2921024665304013,
        -2.2283089723973752
    ],
    "70": [
        1.407998090397132,
        -1.8619793250760381
    ],
    "71": [
        -3.0058208100599932,
        3.2177296711447436
    ],
    "72": [
        3.0247959773201503,
        -1.3009448117190343
    ],
    "73": [
        0.7622339762685194,
        -4.734226309713107
    ],
    "74": [
        3.255160775675425,
        -2.5071521309073312
    ],
    "75": [
        4.879848148764049,
        0.3725979255232776
    ],
    "76": [
        2.066359708659525,
        -1.294073390770335
    ],
    "77": [
        2.3262210613894654,
        -3.9552459735610124
    ],
    "78": [
        -1.5284721343616934,
        4.165390769167236
    ],
    "79": [
        1.4098416476234774,
        3.762255200430781
    ],
    "80": [
        1.4565653250659476,
        2.9896358504484084
    ],
    "81": [
        2.1868844901421287,
        4.938270368577813
    ],
    "82": [
        -5.251305050526013,
        0.26793783395250415
    ],
    "83": [
        4.06789076219698,
        3.149506359423045
    ],
    "84": [
        -4.642699808126084,
        3.8915780732050225
    ],
    "85": [
        2.0306239777253556,
        3.037247739589365
    ],
    "86": [
        -2.95019196954156,
        -3.910258456328377
    ],
    "87": [
        -3.827199252784159,
        -1.8379498906254343
    ],
    "88": [
        3.019844862586921,
        2.2486548014752543
    ],
    "89": [
        -5.227197379643415,
        3.2441540065955237
    ],
    "90": [
        -2.297281229518647,
        3.2745508775352543
    ],
    "91": [
        3.461374801114034,
        3.677948646851652
    ],
    "92": [
        -3.6400143915150176,
        0.7723675342212053
    ],
    "93": [
        -0.5834449913060787,
        -2.8205213402101967
    ],
    "94": [
        -1.5257628114020574,
        -1.39590212576415
    ],
    "95": [
        1.5991450728605867,
        -3.332186650653877
    ],
    "96": [
        0.03615299212088144,
        -3.772784323772865
    ],
    "97": [
        2.3389179533332394,
        1.59294493037323
    ],
    "98": [
        3.8229937155854907,
        -4.081874889510178
    ],
    "99": [
        -3.7241303989314902,
        -2.9291565189200446
    ],
    "100": [
        1.5465272468358957,
        0.3131162879995422
    ],
    "101": [
        -2.76464948736691,
        4.567063054864775
    ],
    "102": [
        1.5309481567894168,
        4.791193525347806
    ],
    "103": [
        -3.196116372676656,
        4.358909680884088
    ],
    "104": [
        -1.055082221389155,
        5.61050161997562
    ],
    "105": [
        -3.036041977797115,
        -2.0268514802265187
    ],
    "106": [
        0.45943744698576916,
        -4.796606301009416
    ],