{
    "0": [
        0.5715036596902824,
        0.9858504173662508
    ],
    "1": [
        3.3128161066014092,
        0.38050676580653586
    ],
    "2": [
        -1.5275288844270554,
        -1.7004322266414742
    ],
    "3": [
        1.8977288214197638,
        4.657664785638393
    ],
    "4": [
        0.48859877580621747,
        -0.6756696809662968
    ],
    "5": [
        -1.2841531533092014,
        -0.8824488299296859
    ],
    "6": [
        -0.9213062684022253,
        -1.7920353578589554
    ],
    "7": [
        -0.12707429439955564,
        0.5871757620650389
    ],
    "8": [
        -0.8327424880024973,
        -0.49960470307524396
    ],
    "9": [
        -1.7143317572352106,
        -2.2178712678543206
    ],
    "10": [
        1.8769885984113035,
        0.9105009096784684
    ],
    "11": [
        -2.248901097184859,
        -1.9466903753553362
    ],
    "12": [
        0.7319922696453963,
        -1.0068643726847457
    ],
    "13": [
        -1.9421454541033014,
        -1.2650055764908092
    ],
    "14": [
        0.3083389483442633,
        -1.4736150738118587
    ],
    "15": [
        1.4819921158479656,
        -0.09761242452282598
    ],
    "16": [
        2.1432734370520943,
        -2.5874563828614483
    ],
    "17": [
        2.8408165909774774,
        -0.5040040221499571
    ],
    "18": [
        -0.2679411645847219,
        -2.771045970782573
    ],
    "19": [
        -0.017895917632367395,
        0.21419364495262733
    ],
    "20": [
        2.603648692941128,
        0.5828241301079562
    ],
    "21": [
        -0.8434133799424288,
        -2.7803462708675184
    ],
    "22": [
        0.8537399235861689,
        -2.0964704891269172
    ],
    "23": [
        0.31765616547221537,
        -2.53252142376306
    ],
    "24": [
        3.341800570752664,
        -0.7181900096411455
    ],
    "25": [
        1.3068729681156015,
        -0.6554389909788112
    ],
    "26": [
        1.6903746575426932,
        0.16059171741493003
    ],
    "27": [
        -2.733502401587175,
        -2.4719098611751225
    ],
    "28": [
        0.5945841832567234,
        -4.372124061489263
    ],
    "29": [
        -3.0158378221144018,
        -1.3964866097597766
    ],
    "30": [
        -0.5187065987727282,
        -0.1789720586985246
    ],
    "31": [
        -2.107195762194066,
        -4.722817122599835
    ],
    "32": [
        0.0617553937567314,
        1.936731922919896
    ],
    "33": [
        -2.6142051862252527,
        -0.9086581823403763
    ],
    "34": [
        1.3166055656589117,
        -3.279246710448511
    ],
    "35": [
        -2.40793264387504,
        0.04511010812738091
    ],
    "36": [
        -2.9183467276963304,
        -3.3444423836483836
    ],
    "37": [
        -1.4680024889122985,
        1.320807529062904
    ],
    "38": [
        1.2121093167729247,
        1.3392888294361036
    ],
    "39": [
        1.7911250403659593,
        -2.194524311180836
    ],
    "40": [
        -1.0185194971131273,
        0.6546596963380994
    ],
    "41": [
        1.924289757531659,
        2.620961163537482
    ],
    "42": [
        0.8481792385715375,
        -3.812111346835555
    ],
    "43": [
        -3.1365859823624977,
        -2.0904231673593894
    ],
    "44": [
        1.669004402740558,
        2.003650822262163
    ],
    "45": [
        2.9351895068387055,
        2.3351939695040076
    ],
    "46": [
        -1.6084084791104947,
        -4.635768858660796
    ],
    "47": [
        -1.612415527689688,
        0.9575522679599979
    ],
    "48": [
        0.3481469088798929,
        -0.20866235422489654
    ],
    "49": [
        -1.1808922996547426,
        2.381389656418921
    ],
    "50": [
        -2.737229813262653,
        0.8574667983553712
    ],
    "51": [
        -2.681707783679299,
        -4.228085768606547
    ],
    "52": [
        2.5885088379305112,
        -1.2547162641638077
    ],
    "53": [
        -1.774248847473331,
        -3.273738216596735
    ],
    "54": [
        0.0020341432218116493,
        -2.0570885680919093
    ],
    "55": [
        4.970400247678085,
        -1.7225295217093093
    ],
    "56": [
        2.4013233157673772,
        -1.9510490496730004
    ],
    "57": [
        -2.205245804126048,
        -0.40367892670754846
    ],
    "58": [
        0.9843351881151318,
        3.6036218523379095
    ],
    "59": [
        3.479043837772455,
        -1.5128529234536745
    ],
    "60": [
        -0.07324142183441291,
        -3.9960133892638265
    ],
    "61": [
        1.418707844945942,
        -3.9786169592792078
    ],
    "62": [
        0.9324171050255122,
        0.8932906575247023
    ],
    "63": [
        -0.652339953486503,
        -4.075977656641818
    ],
    "64": [
        1.5157165945041635,
        -1.4423921439830851
    ],
    "65": [
        2.27900892609934,
        -3.5366885922264255
    ],
    "66": [
        -1.6989483607811542,
        -4.038744805985021
    ],
    "67": [
        -3.4870844351321186,
        -0.7384925475003778
    ],
    "68": [
        -4.018738384321625,
        0.7897851739992616
    ],
    "69": [
        -3.9391461603389466,
        -4.008291083810117
    ],
    "70": [
        0.4469774616716275,
        3.2939994201858487
    ],
    "71": [
        -0.1838143303812984,
        1.1290539673913582
    ],
    "72": [
        -2.120573220782721,
        3.2141128065759985
    ],
    "73": [
        0.12622955799531857,
        -5.569592360676602
    ],
    "74": [
        -0.6617635636156036,
        -4.966631615429984
    ],
    "75": [
        2.4970065578595273,
        1.3149808271693528
    ],
    "76": [
        -0.003397025980407372,
        2.656012377250737
    ],
    "77": [
        2.336113889484234,
        -4.380305162452444
    ],
    "78": [
        -3.5914550986504654,
        -4.658263696190725
    ],
    "79": [
        -4.336060369025219,
        -0.3660906387918037
    ],
    "80": [
        3.6125162795367087,
        -3.4578674821667557
    ],
    "81": [
        4.151162817542187,
        -2.146956949453633
    ],
    "82": [
        -0.924215705110341,
        3.63195547740489
    ],
    "83": [
        -2.112961964245306,
        2.1459017825324485
    ],
    "84": [
        4.1338971919435155,
        0.3903520656505925
    ],
    "85": [
        2.976855655871052,
        -2.716447671353277
    ],
    "86": [
        3.2239635500576194,
        1.4346818132791823
    ],
    "87": [
        -2.1686718054822043,
        0.769338298600118
    ],
    "88": [
        -4.987918066830083,
        -1.8979516663524179
    ],
    "89": [
        -1.0281305983419902,
        1.9998919520706662
    ]
}