{
    "0": [
        0.43929083702461563,
        -0.6040061922801468
    ],
    "1": [
        -3.031679658559912,
        -1.4442241299805945
    ],
    "2": [
        -1.3436866116089228,
        0.004258997771583952
    ],
    "3": [
        1.0519373698067533,
        1.0587054904480069
    ],
    "4": [
        0.89755605090425,
        -1.1205014084625975
    ],
    "5": [
        -0.2504713850528528,
        1.2416925535819723
    ],
    "6": [
        -0.026462048811532447,
        2.043384677920921
    ],
    "7": [
        2.3158530237922235,
        1.3544142253069824
    ],
    "8": [
        1.4541215186217014,
        0.9594215810243442
    ],
    "9": [
        -0.5611390538074031,
        1.3311030230275809
    ],
    "10": [
        -0.3256255740702757,
        -0.9654885070276864
    ],
    "11": [
        0.34200816485452246,
        2.4153446902954254
    ],
    "12": [
        -2.1207169804522414,
        3.487434710121911
    ],
    "13": [
        1.8809162638764905,
        2.075532217181403
    ],
    "14": [
        0.1574606895222502,
        -1.9799732980971763
    ],
    "15": [
        2.1714216080261566,
        -0.3578588490366949
    ],
    "16": [
        0.07347009891114283,
        -0.1019759676819876
    ],
    "17": [
        -1.557739056049181,
        3.0742865476438115
    ],
    "18": [
        0.9743284398397295,
        0.17145798385610958
    ],
    "19": [
        -2.314165017005062,
        1.278115464252234
    ],
    "20": [
        2.6828030026784253,
        3.8003027642252203
    ],
    "21": [
        2.440541258792172,
        0.9230507989978537
    ],
    "22": [
        -0.020016565450730734,
        0.22892868996742022
    ],
    "23": [
        2.999545605084391,
        2.442376104383953
    ],
    "24": [
        4.146840236085223,
        -1.7706075966767265
    ],
    "25": [
        0.16516289534657946,
        3.8932422574044927
    ],
    "26": [
        -1.3764283247609088,
        1.7326881791808189
    ],
    "27": [
        2.800596292623901,
        4.240595128603235
    ],
    "28": [
        -0.8743107636091658,
        1.9254034854119313
    ],
    "29": [
        1.3558382126987178,
        1.9119299444978637
    ],
    "30": [
        -1.3456692989406571,
        0.5710367118657872
    ],
    "31": [
        1.3487078388741385,
        3.9162085535202347
    ],
    "32": [
        -1.538386117951872,
        -2.0966360295095705
    ],
    "33": [
        0.7286783180483581,
        -0.06044515946804714
    ],
    "34": [
        2.852318727734275,
        1.8311125451884473
    ],
    "35": [
        -1.1180430264167482,
        -1.5115717191933111
    ],
    "36": [
        0.3532242295622418,
        -1.459600935501751
    ],
    "37": [
        0.3945522890832609,
        2.790542347730926
    ],
    "38": [
        2.1287806692418396,
        -3.3640686024436497
    ],
    "39": [
        -0.7188013840592322,
        -0.41573286431208706
    ],
    "40": [
        -2.2924230397221255,
        2.8136880548330545
    ],
    "41": [
        0.6888173573357064,
        5.488497573686917
    ],
    "42": [
        -0.4753125635225435,
        3.7968926401452303
    ],
    "43": [
        3.8808053268932734,
        2.814688621669292
    ],
    "44": [
        4.209498283882723,
        -0.902198566421888
    ],
    "45": [
        2.6170013160355206,
        -0.33470644727087523
    ],
    "46": [
        -1.3216918317389008,
        -2.9158306066931066
    ],
    "47": [
        2.3864376453623817,
        -0.8984471748242793
    ],
    "48": [
        -0.2819334581070364,
        2.1399175000773156
    ],
    "49": [
        -1.9197378297726095,
        5.646770068146
    ],
    "50": [
        -1.7982168778076804,
        -3.07601848354057
    ],
    "51": [
        1.3269568589519383,
        -1.852925438998863
    ],
    "52": [
        -2.5788829640874713,
        4.30100822602772
    ],
    "53": [
        -2.148930896969466,
        -1.6205662803715726
    ],
    "54": [
        -2.081298452114535,
        2.412352801972879
    ],
    "55": [
        4.523829888566355,
        0.38269968993005815
    ],
    "56": [
        3.4484985665729377,
        -0.9304459541736486
    ],
    "57": [
        0.27789455684341297,
        -2.3880799643561725
    ],
    "58": [
        3.1221286579994945,
        1.190884181653376
    ],
    "59": [
        2.9079837606011116,
        5.18748860124132
    ],
    "60": [
        4.0436693213351,
        0.190633855974776
    ],
    "61": [
        1.7276544489171966,
        -2.207456833562997
    ],
    "62": [
        2.291126903180992,
        7.351857810004606
    ],
    "63": [
        0.7659265236884856,
        0.8057604259807915
    ],
    "64": [
        2.305482379042149,
        3.9093575265314247
    ],
    "65": [
        -3.042110348321154,
        5.365096500574627
    ],
    "66": [
        -2.4433845496676994,
        -1.1496971555871869
    ],
    "67": [
        -0.04609930414184064,
        4.139687498749952
    ],
    "68": [
        -3.6601944475072816,
        1.8558373897437508
    ],
    "69": [
        3.1053768253912937,
        -0.3039509571056682
    ],
    "70": [
        -4.672754386552736,
        1.4191563812950736
    ],
    "71": [
        -5.069773515488157,
        0.713887733063288
    ],
    "72": [
        0.11644331503771642,
        3.1656252354675902
    ],
    "73": [
        2.8861459765897663,
        -0.8851832320442571
    ],
    "74": [
        -1.1212587121619968,
        1.0078162936785804
    ],
    "75": [
        2.4815762165924418,
        1.7364977496585186
    ],
    "76": [
        2.280414603527397,
        0.6303526993563936
    ],
    "77": [
        2.071270713118115,
        4.323465417154349
    ],
    "78": [
        0.7234798297237878,
        -2.0080398713538328
    ],
    "79": [
        6.82808660067248,
        0.9301280064561434
    ],
    "80": [
        -2.5598100583760175,
        0.3763718296618371
    ],
    "81": [
        -4.047388726839612,
        1.1659814252578573
    ],
    "82": [
        2.4860701354864285,
        -1.9402792502783146
    ],
    "83": [
        -0.08382381523898531,
        5.36896051862547
    ],
    "84": [
        0.9774863142756479,
        3.740828039923335
    ],
    "85": [
        3.2967382069002418,
        -1.528332615566586
    ],
    "86": [
        -3.0876684350918633,
        -0.2835874619077794
    ],
    "87": [
        3.651402110884156,
        3.317519603453586
    ],
    "88": [
        4.254616106551048,
        3.5424581426481927
    ],
    "89": [
        -4.391882876638886,
        2.865689868535815
    ],
    "90": [
        -2.0638702828831383,
        -2.853994672693908
    ],
    "91": [
        -1.5230459787052812,
        -0.43781682318829995
    ],
    "92": [
        7.037670336763118,
        2.5280504998867372
    ],
    "93": [
        3.601875113461771,
        1.1665449688777672
    ],
    "94": [
        1.7663708766478472,
        6.729308277137027
    ],
    "95": [
        -3.8830849963679177,
        2.7356243477330464
    ],
    "96": [
        1.731534365572415,
        -1.2442972723623154
    ],
    "97": [
        -4.611869345986232,
        -1.6347252524092992
    ],
    "98": [
        -1.167512430369878,
        -4.546371787852944
    ],
    "99": [
        -3.198343373446991,
        -1.968527653197414
    ],
    "100": [
        0.19965828424568832,
        -3.3600598647558186
    ],
    "101": [
        4.061701745971998,
        5.270032897756286
    ],
    "102": [
        2.6389592152330352,
        -1.3255779535382157
    ],
    "103": [
        0.5600451472696208,
        6.59632312591899
    ],
    "104": [
        5.664921879219609,
        1.5591229183127908
    ],
    "105": [
        4.071326831400499,
        -2.425271844247649
    ],
    "106": [
        5.48746433444774,
        0.9874049538754553
    ],