{
    "0": [
        4.711809254875313,
        1.0167289258379264
    ],
    "1": [
        2.7812051976904693,
        0.7027659163186534
    ],
    "2": [
        2.1081044809874405,
        2.223093174658245
    ],
    "3": [
        0.5119016831393971,
        -2.37103594988313
    ],
    "4": [
        1.6477865241030258,
        -2.9663719956037804
    ],
    "5": [
        -1.4159525596394396,
        -4.913268312699364
    ],
    "6": [
        1.0140693729577197,
        -1.496493171654721
    ],
    "7": [
        -1.7298491705429873,
        0.05444108411461268
    ],
    "8": [
        -0.7238054810845966,
        3.1707241455504835
    ],
    "9": [
        0.7697643354786421,
        -0.0016098908153988458
    ],
    "10": [
        -1.9683798198684341,
        3.9955519977220004
    ],
    "11": [
        -2.548710451572065,
        -2.503748211277236
    ],
    "12": [
        -4.917636520921549,
        -3.1984345756718766
    ],
    "13": [
        3.5351605308409852,
        -3.0065621029102743
    ],
    "14": [
        -2.6251494439026333,
        -3.837478628002863
    ],
    "15": [
        -3.300586938952307,
        5.5984704802258
    ],
    "16": [
        -0.8496900122320038,
        2.391588174846773
    ],
    "17": [
        1.6872998439635918,
        -2.348528996592975
    ],
    "18": [
        4.052386540322788,
        0.22164289451463828
    ],
    "19": [
        6.098374030586158,
        3.664824638569142
    ],
    "20": [
        -6.075119726177788,
        0.8413763089644896
    ],
    "21": [
        -6.253301362887606,
        -1.1286556331508235
    ],
    "22": [
        -1.5021788269274248,
        3.420430055320776
    ],
    "23": [
        -3.858579719579453,
        -0.07751981030751644
    ],
    "24": [
        -2.1127458812913695,
        0.6243352757514189
    ],
    "25": [
        3.280047368484849,
        4.672362019863762
    ],
    "26": [
        -2.0837741651616137,
        1.1713888748513217
    ],
    "27": [
        -0.3424107630972187,
        0.04535056078274135
    ],
    "28": [
        0.9652414333441612,
        2.6221408386390688
    ],
    "29": [
        1.8656988511551837,
        3.1662346854744303
    ],
    "30": [
        -4.855203900888115,
        -1.465216177759023
    ],
    "31": [
        2.0188092499637675,
        -1.0825961853654384
    ],
    "32": [
        -2.3553323391645025,
        3.166148081248881
    ],
    "33": [
        2.3071332096963504,
        1.0012077870413711
    ],
    "34": [
        -1.594270658215699,
        -2.7238646060821647
    ],
    "35": [
        -0.027877723007403196,
        4.606538202871147
    ],
    "36": [
        1.9391480694822412,
        -5.31646987377945
    ],
    "37": [
        0.9382224643108101,
        -3.5330056855121788
    ],
    "38": [
        -2.2779993381653556,
        -0.5326926573170795
    ],
    "39": [
        -2.7592092239845147,
        2.461869998996842
    ],
    "40": [
        0.4830148784875627,
        1.8298673587760221
    ],
    "41": [
        3.263941905718217,
        -4.1953916552735775
    ],
    "42": [
        -0.8710123469132285,
        -0.495965815073121
    ],
    "43": [
        -4.465842173831031,
        0.3496776841135602
    ],
    "44": [
        -6.706714350234418,
        -1.8907667308808047
    ],
    "45": [
        4.649188939978386,
        -3.6151851857462023
    ],
    "46": [
        3.875735899367994,
        0.9645483284326929
    ],
    "47": [
        0.271705522779377,
        0.8938316088090537
    ],
    "48": [
        1.6573415374756166,
        -1.8356815612798687
    ],
    "49": [
        2.92683467956823,
        -1.2811238084832923
    ],
    "50": [
        3.2947366017742854,
        -2.2077010414319043
    ],
    "51": [
        -2.513907207148379,
        -3.440306622964365
    ],
    "52": [
        -4.213611847767475,
        1.0219312971793233
    ],
    "53": [
        -0.7739486228540263,
        1.7018642624491371
    ],
    "54": [
        -3.9917536557752404,
        2.967589944857648
    ],
    "55": [
        -3.091011740638127,
        -0.37497600469959796
    ],
    "56": [
        -5.254931404233006,
        4.60699029406274
    ],
    "57": [
        2.5356292697227887,
        2.075501093219833
    ],
    "58": [
        -3.1812939038481507,
        0.304567667980373
    ],
    "59": [
        4.057357028538237,
        -2.318800815738735
    ],
    "60": [
        -3.3420199372395563,
        -3.0313415491910503
    ],
    "61": [
        -0.8740432853300085,
        4.706053211174238
    ],
    "62": [
        -3.4053033426376866,
        3.817582928220906
    ],
    "63": [
        -3.2988194842240843,
        -1.298335281177238
    ],
    "64": [
        4.04998347661089,
        1.9044921475283296
    ],
    "65": [
        -5.5585440170255325,
        -2.728526547673448
    ],
    "66": [
        1.1237252005750828,
        5.918605306561257
    ],
    "67": [
        0.11305575365043184,
        3.301055525962186
    ],
    "68": [
        3.4769881627940746,
        -0.7985042225118325
    ],
    "69": [
        -0.13075150410087524,
        -2.8455368135986068
    ],
    "70": [
        2.414996581415979,
        3.097073387176727
    ],
    "71": [
        -1.2794363404500118,
        2.3252499746977806
    ],
    "72": [
        5.5202541501169815,
        -0.5642319558826707
    ],
    "73": [
        0.0694589902839697,
        2.7316260197291347
    ],
    "74": [
        -1.9757861715852794,
        -5.562902461597376
    ],
    "75": [
        2.7318517075237927,
        -5.474101477202714
    ],
    "76": [
        2.376232758740204,
        -3.961753979952871
    ],
    "77": [
        1.7627330253758926,
        -0.041051350901664174
    ],
    "78": [
        -3.3067898689418613,
        -2.3205440704204237
    ],
    "79": [
        -0.1250676538469478,
        -3.5775842752960494
    ],
    "80": [
        1.4464228361751892,
        2.5449291524362274
    ],
    "81": [
        -1.2579173008788904,
        -0.08634192198698293
    ],
    "82": [
        6.502408163926218,
        3.1004154716272403
    ],
    "83": [
        -2.5880230076970254,
        4.170676803984169
    ],
    "84": [
        -0.606284901719866,
        -3.338898547718769
    ],
    "85": [
        -1.3279165660437657,
        -4.068641664294684
    ],
    "86": [
        -1.3903770789449181,
        0.7936309670253402
    ],
    "87": [
        0.03697842770932204,
        1.4621367814382726
    ],
    "88": [
        0.8943682465101791,
        -3.0985925961510823
    ],
    "89": [
        6.058465584336062,
        -2.25433731209174
    ],
    "90": [
        3.988896398847981,
        3.433712724050277
    ],
    "91": [
        2.185323837365119,
        4.532865290736249
    ],
    "92": [
        3.5672559110769906,
        0.03095482920891166
    ],
    "93": [
        -1.0001385808038974,
        1.1195139435014878
    ],
    "94": [
        5.140489323110219,
        1.1745098342503308
    ],
    "95": [
        4.211937585163609,
        2.2893687930814908
    ],
    "96": [
        -3.3777053210392842,
        1.5701128308088235
    ],
    "97": [
        -1.4840089038295015,
        4.289287607001614
    ],
    "98": [
        -0.018910316849634706,
        -4.693567695268587
    ],
    "99": [
        1.3090737124373755,
        4.072863900855999
    ],
    "100": [
        -1.0440878453056028,
        4.003967524300889
    ],
    "101": [
        -2.7337788713682705,
        1.1775672841551512
    ],
    "102": [
        -0.0946529658619754,
        6.203357065490335
    ],
    "103": [
        2.3012202261438026,
        5.645636736517669
    ],
    "104": [
        0.025409727248972086,
        2.2593316201939344
    ],
    "105": [
        -5.1673278257467095,
        2.9966783966060335
    ],
    "106": [
        0.7392441466343601,
        -0.5512075004310776
    ],