{
    "0": [
        -0.4709858330109964,
        -1.9981683290152836
    ],
    "1": [
        0.43564863036773294,
        -4.640691117208395
    ],
    "2": [
        -2.360585911461449,
        -3.9755939967733727
    ],
    "3": [
        -1.5087634340610176,
        -5.503393524404799
    ],
    "4": [
        -3.7126074335660215,
        -6.446288260369503
    ],
    "5": [
        -4.391104731891039,
        -6.682036984636446
    ],
    "6": [
        -5.428507230104236,
        -4.994309974021335
    ],
    "7": [
        -4.238865126477446,
        -4.445119776481126
    ],
    "8": [
        -3.0518119551592333,
        -4.920083969043476
    ],
    "9": [
        -1.2308846677934107,
        -3.4411958411286903
    ],
    "10": [
        -0.6477746527874371,
        -4.118212398600569
    ],
    "11": [
        1.6084409235714596,
        -3.8037217432420496
    ],
    "12": [
        1.931492519418406,
        -4.983789457933902
    ],
    "13": [
        3.827714976872304,
        -6.332285931171425
    ],
    "14": [
        5.083124186785758,
        -5.747797447454838
    ],
    "15": [
        5.885634550420114,
        -7.04210883482665
    ],
    "16": [
        6.789655209292066,
        -6.708354836016272
    ],
    "17": [
        5.839594251704184,
        -6.146672533980125
    ],
    "18": [
        4.8764310693282535,
        -4.803807065309163
    ],
    "19": [
        3.116058252559243,
        -4.289606426987688
    ],
    "20": [
        1.2258839095019656,
        -2.679964426750283
    ],
    "21": [
        0.7183636660843358,
        -1.0859981021195542
    ],
    "22": [
        0.3749556304010625,
        0.5710537672587579
    ],
    "23": [
        -1.7508563046785761,
        -0.5732836784734553
    ],
    "24": [
        -0.5193497645826677,
        0.5104207721268561
    ],
    "25": [
        -0.4097809267773362,
        -1.1086851650920102
    ],
    "26": [
        0.1214499059747936,
        1.3943460885308054
    ],
    "27": [
        1.05451805352534,
        -1.2703209584593287
    ],
    "28": [
        -0.7177301656312326,
        -0.6891532177581812
    ],
    "29": [
        0.1613289673726167,
        -0.18741886568444585
    ],
    "30": [
        -2.2017581591869892,
        -2.2805389318396583
    ],
    "31": [
        -2.3891844908160698,
        -0.6536957177583032
    ],
    "32": [
        -1.2044944225880974,
        -1.79756358443293
    ],
    "33": [
        -3.345316890715036,
        0.3132879087958148
    ],
    "34": [
        -4.455490326604682,
        -0.9693511894056004
    ],
    "35": [
        -6.007679227885494,
        -1.1309600249004363
    ],
    "36": [
        -4.69582151904741,
        0.7424129930726713
    ],
    "37": [
        -6.303335912858254,
        1.90650185141325
    ],
    "38": [
        -7.347019882997999,
        1.598992075964678
    ],
    "39": [
        -8.67721671673222,
        3.474938966388476
    ],
    "40": [
        -7.326876019372534,
        4.015095924509404
    ],
    "41": [
        -8.562525359936618,
        5.638930879799303
    ],
    "42": [
        -5.953599433038428,
        5.917112492230538
    ],
    "43": [
        -7.460602658107343,
        5.87172901581151
    ],
    "44": [
        -6.599017465947259,
        4.623126265696132
    ],
    "45": [
        -5.421477318113281,
        3.587293764338756
    ],
    "46": [
        -4.44038951873151,
        1.8213969535140755
    ],
    "47": [
        -2.7665174966489903,
        0.14917779080772411
    ],
    "48": [
        -2.0289482668089445,
        1.9405001263039923
    ],
    "49": [
        -0.2805628039663726,
        2.0099558930586565
    ],
    "50": [
        -0.2521600934141717,
        3.7825950738689342
    ],
    "51": [
        2.066543540306937,
        2.643469602038044
    ],
    "52": [
        1.3890328123032003,
        1.7112098473170203
    ],
    "53": [
        3.6685061965316095,
        2.6773354830755975
    ],
    "54": [
        2.1938036064824558,
        3.4084957219386176
    ],
    "55": [
        1.4723445182373538,
        3.1916476976677477
    ],
    "56": [
        0.2539029951756696,
        2.8957487645666906
    ],
    "57": [
        -1.0681494934745501,
        2.402754499990188
    ],
    "58": [
        -2.5565480329315022,
        2.268721428492844
    ],
    "59": [
        -1.3908201001265403,
        0.20611502116713357
    ],
    "60": [
        -4.109893015513047,
        0.20086498132741112
    ],
    "61": [
        -5.093819898420277,
        -1.0103988949697094
    ],
    "62": [
        -3.4710897997446395,
        -1.527860308336549
    ],
    "63": [
        -4.730363509160418,
        -1.5223256435990413
    ],
    "64": [
        -5.359247226748342,
        -3.4226964928672365
    ],
    "65": [
        -4.212795963508601,
        -3.4797164081749434
    ],
    "66": [
        -3.2962571091981747,
        -4.386665848542977
    ],
    "67": [
        -1.0241411591558724,
        -2.3309678420227
    ],
    "68": [
        -0.7797410213134173,
        -4.539883495029305
    ],
    "69": [
        -1.7871471847731262,
        -2.5710279129379483
    ],
    "70": [
        0.03171819463730332,
        -4.0000000322353015
    ],
    "71": [
        0.18600398060988207,
        -5.152820603745232
    ],
    "72": [
        0.9578325050929869,
        -5.478468927130016
    ],
    "73": [
        1.3490855163943234,
        -3.3870127935755057
    ],
    "74": [
        -0.021268910573790236,
        -2.7384008129935875
    ],
    "75": [
        0.2902902916781033,
        -0.7064704280271413
    ],
    "76": [
        1.5989512066800986,
        -2.0295436223539647
    ],
    "77": [
        1.769756338570128,
        0.2382026689547626
    ],
    "78": [
        4.138748604544476,
        -1.4017812159220298
    ],
    "79": [
        5.27838469481628,
        -0.8731438802057424
    ],
    "80": [
        4.938385491462677,
        -2.5797641406298677
    ],
    "81": [
        6.4447919622211245,
        -1.1381982181203787
    ],
    "82": [
        5.2112429070446735,
        -0.012349646498128853
    ],
    "83": [
        3.6923892615703884,
        -0.6058104557705081
    ],
    "84": [
        2.710682272965125,
        0.6230679826253348
    ],
    "85": [
        0.5690619089143665,
        -0.1608315626078851
    ],
    "86": [
        -0.8224309749003615,
        1.24932370370391
    ],
    "87": [
        -2.355447239383426,
        1.5277253099675305
    ],
    "88": [
        -4.1593778154316325,
        3.6370240257840276
    ],
    "89": [
        -3.1567297648074844,
        3.196731859253868
    ],
    "90": [
        -3.88085775739518,
        5.728629768430047
    ],
    "91": [
        -3.213094907365427,
        4.76169106633396
    ],
    "92": [
        -2.474341532542322,
        4.324755605790917
    ],
    "93": [
        -3.382806621456678,
        2.193468010710329
    ],
    "94": [
        -3.7809193022138934,
        4.722215734644727
    ],
    "95": [
        -4.194207839858935,
        3.143139218366582
    ],
    "96": [
        -1.6129189931891035,
        3.402752648550556
    ],
    "97": [
        -3.576244740393156,
        3.6380318924455555
    ],
    "98": [
        -1.8297293408461826,
        2.7088898592634916
    ],
    "99": [
        -2.0633965298885957,
        4.527871712927457
    ],
    "100": [
        -1.503670403364758,
        5.066666163612457
    ],
    "101": [
        0.9146149453211371,
        4.6818904672173876
    ],
    "102": [
        2.319227001156525,
        4.414672852917548
    ],
    "103": [
        2.839771816648741,
        1.1794686354548836
    ],
    "104": [
        4.592452338406687,
        2.613493930000913
    ],
    "105": [
        5.3396401022970625,
        0.9086036405155536
    ],
    "106": [
        3.3500788963911288,
        0.22846660001425192
    ],