{
    "0": [
        -4.162537400997501,
        -4.225793000952021
    ],
    "1": [
        -5.651550582627985,
        -6.066539484464715
    ],
    "2": [
        -3.5248317468575245,
        -7.303053159627315
    ],
    "3": [
        -4.0522202551848245,
        -6.967029580858263
    ],
    "4": [
        -1.5012196780333276,
        -5.890500442320537
    ],
    "5": [
        -3.253461319938281,
        -5.130319375224476
    ],
    "6": [
        -2.6976018150921077,
        -3.8827539763472916
    ],
    "7": [
        -2.9879256116897235,
        -1.839526021055217
    ],
    "8": [
        -2.6760741161470087,
        -1.065847587461497
    ],
    "9": [
        -1.6487892233140429,
        0.9218788218872213
    ],
    "10": [
        -3.415321776789078,
        0.7797887205639578
    ],
    "11": [
        -2.4626893545914217,
        1.5149055542171403
    ],
    "12": [
        -4.8917198354096065,
        1.5447683362800084
    ],
    "13": [
        -5.224479871267198,
        1.963025251644512
    ],
    "14": [
        -3.807175826746479,
        3.4513041065691863
    ],
    "15": [
        -1.25153402734689,
        2.6951143119141463
    ],
    "16": [
        -0.48614827420040463,
        2.8877246501169025
    ],
    "17": [
        1.0850846068005668,
        1.0186958652626317
    ],
    "18": [
        1.9210490856252513,
        2.68702552507701
    ],
    "19": [
        3.907623350982227,
        2.17848488280749
    ],
    "20": [
        2.9325629255784995,
        3.285871278522667
    ],
    "21": [
        5.272662225350098,
        3.490230392678516
    ],
    "22": [
        5.904664737642372,
        3.070742952882417
    ],
    "23": [
        7.553688536610269,
        2.5368816861469705
    ],
    "24": [
        7.292784697671002,
        1.4473898709922681
    ],
    "25": [
        9.629666074461655,
        2.7309060421867044
    ],
    "26": [
        10.310087430876354,
        2.8659640268504942
    ],
    "27": [
        9.822210383844958,
        4.211633570547506
    ],
    "28": [
        9.31769179676528,
        3.6275171798921066
    ],
    "29": [
        6.624685511672652,
        3.684779001472136
    ],
    "30": [
        8.11947480011185,
        1.7276423566662567
    ],
    "31": [
        7.9220837426699,
        0.5640657003886629
    ],
    "32": [
        5.556914703016032,
        -0.928699854214275
    ],
    "33": [
        8.598932102944824,
        -1.586073427308454
    ],
    "34": [
        8.696498946347804,
        -2.3763336308327285
    ],
    "35": [
        9.398755326662396,
        -3.6784083280443562
    ],
    "36": [
        8.26495100963282,
        -2.7156891535435213
    ],
    "37": [
        7.339744955041991,
        -4.791322302284628
    ],
    "38": [
        6.223833279275254,
        -4.570830588761262
    ],
    "39": [
        3.72210813877346,
        -5.024034484600986
    ],
    "40": [
        3.7764029829529653,
        -3.5645217759991907
    ],
    "41": [
        1.0984852294879126,
        -3.4348780363733686
    ],
    "42": [
        2.2655217966446926,
        -0.8282061581376072
    ],
    "43": [
        3.574342336987788,
        -1.520272118746525
    ],
    "44": [
        2.326860211601017,
        -3.0369631501788703
    ],
    "45": [
        0.719158131843844,
        -3.1308263085931447
    ],
    "46": [
        1.0579569927471195,
        -5.320363051315179
    ],
    "47": [
        -0.4645139569820457,
        -5.358410113896797
    ],
    "48": [
        0.12455548559737153,
        -7.39500218844446
    ],
    "49": [
        -0.8441174836436868,
        -8.389831037006743
    ],
    "50": [
        -0.0325397927520505,
        -7.873735163349595
    ],
    "51": [
        -1.5994863229095155,
        -9.586351621825424
    ],
    "52": [
        -0.18011677529117323,
        -10.674555477042976
    ],
    "53": [
        -0.3360441903353292,
        -9.996530452791305
    ],
    "54": [
        0.7559427129742994,
        -9.53299346707543
    ],
    "55": [
        -0.2738132243823629,
        -7.009933350268544
    ],
    "56": [
        1.612618282659709,
        -7.371283715455187
    ],
    "57": [
        2.0322116058065007,
        -6.336365825902091
    ],
    "58": [
        1.8128127588279013,
        -3.909033860058389
    ],
    "59": [
        2.9013739710580975,
        -4.3707443537723485
    ],
    "60": [
        4.952359913124146,
        -2.782871192358045
    ],
    "61": [
        6.143568788316076,
        -1.486682706924064
    ],
    "62": [
        7.241467993577032,
        -0.12608435327119172
    ],
    "63": [
        6.695398562661848,
        0.9164753141912134
    ],
    "64": [
        8.63013681443053,
        2.153261401876596
    ],
    "65": [
        8.100292874041717,
        1.3588888337006073
    ],
    "66": [
        8.222964785623882,
        4.69407808673757
    ],
    "67": [
        8.059502653967929,
        5.49793388822718
    ],
    "68": [
        8.478100533145959,
        7.2072227828048145
    ],
    "69": [
        7.658166781928649,
        7.718606569531979
    ],
    "70": [
        6.342433951118788,
        7.856021179565173
    ],
    "71": [
        5.7023169304640415,
        6.3280796018662375
    ],
    "72": [
        3.6484042660354468,
        6.324250502906598
    ],
    "73": [
        1.5862478972180225,
        4.85755725702774
    ],
    "74": [
        1.0366223467351319,
        3.7561183920321497
    ],
    "75": [
        -0.36062401893911106,
        6.0939134671965
    ],
    "76": [
        0.08727308126455265,
        6.94996157264863
    ],
    "77": [
        -1.6007416106152665,
        7.55701714737629
    ],
    "78": [
        -0.8937177076722724,
        7.015924473032189
    ],
    "79": [
        -2.6367803673506267,
        5.177916384048835
    ],
    "80": [
        1.1701861799867765,
        5.057809792805785
    ],
    "81": [
        -0.9560568512555456,
        3.8740193464453645
    ],
    "82": [
        -0.9862752629767426,
        3.2872221590871407
    ],
    "83": [
        -1.1105729768453358,
        0.07701055458869123
    ],
    "84": [
        -3.0666221071617166,
        2.72023856866282
    ],
    "85": [
        -4.213965230805637,
        2.188423228877403
    ],
    "86": [
        -5.651029690984335,
        3.545292488326741
    ],
    "87": [
        -6.7987342297341025,
        1.9822599972777206
    ],
    "88": [
        -7.098861530858066,
        3.222773011015124
    ],
    "89": [
        -8.427426326483051,
        2.1027085099251672
    ],
    "90": [
        -8.510353868792459,
        0.9264589799233333
    ],
    "91": [
        -7.104205950701818,
        -0.09528591521352843
    ],
    "92": [
        -7.656362904335653,
        -1.7912169449197748
    ],
    "93": [
        -4.962293557645553,
        -3.0362209247781924
    ],
    "94": [
        -6.6040781951006995,
        -3.4813500955741215
    ],
    "95": [
        -6.480458918829272,
        -2.4173902613176015
    ],
    "96": [
        -4.286822605779998,
        -2.7362754182528723
    ],
    "97": [
        -3.6284812830390183,
        -1.3891214362979565
    ],
    "98": [
        -0.7771212459549748,
        -1.866706124832797
    ],
    "99": [
        -2.696635780641794,
        -2.874831377518161
    ],
    "100": [
        -4.81184060722684,
        -1.9852617924947777
    ],
    "101": [
        -6.2401266339590675,
        -1.1514305590245009
    ],
    "102": [
        -8.497461708031278,
        -1.6413072028275106
    ],
    "103": [
        -9.399541435017056,
        -1.2841100537392365
    ],
    "104": [
        -11.259873337773794,
        -0.6595560578324556
    ],
    "105": [
        -11.401820879394354,
        0.45998373640394064
    ],
    "106": [
        -11.813291754190567,
        1.4261579371237236
    ],
    "107": [
        -9.351981159649727,
        2.041063165336917
    ],