{
    "0": [
        3.8141346755440564,
        7.274342033714783
    ],
    "1": [
        4.998423340463485,
        9.425957716108393
    ],
    "2": [
        6.072026981657554,
        8.248404318125644
    ],
    "3": [
        7.059622206681589,
        8.420345785336293
    ],
    "4": [
        6.3025423394589195,
        5.113915533096849
    ],
    "5": [
        6.569667771050694,
        7.727229095714223
    ],
    "6": [
        5.241314970259473,
        7.546644038788228
    ],
    "7": [
        4.08743285090297,
        7.692319889741762
    ],
    "8": [
        2.3243966621067726,
        6.818503000705376
    ],
    "9": [
        1.585130917405822,
        5.13235821924962
    ],
    "10": [
        -0.7863552021057935,
        4.012247697978378
    ],
    "11": [
        -0.15868461524962243,
        1.7719506349683871
    ],
    "12": [
        0.9629336090496319,
        1.4477078880191254
    ],
    "13": [
        0.8888467463121419,
        0.021196651816096524
    ],
    "14": [
        2.763695818676977,
        -1.1359007027654835
    ],
    "15": [
        -0.6686603364952456,
        -1.8852660104777794
    ],
    "16": [
        1.6962775880367091,
        -3.7007207746913804
    ],
    "17": [
        1.8378267585408863,
        -4.5877512767584445
    ],
    "18": [
        1.8678351907663953,
        -5.6674609169204055
    ],
    "19": [
        -0.752769767238037,
        -5.857384976895938
    ],
    "20": [
        3.0258329183267296,
        -3.5890480393431368
    ],
    "21": [
        0.9611471873579771,
        -2.678904099534479
    ],
    "22": [
        1.9808390377657907,
        -2.785549189360937
    ],
    "23": [
        2.8397807841711153,
        -2.2505727799210193
    ],
    "24": [
        -0.2161663254889921,
        -0.8157865962090722
    ],
    "25": [
        1.0241152671693632,
        -2.1292054636484123
    ],
    "26": [
        -0.4617726569984772,
        -4.013936715985201
    ],
    "27": [
        -1.7571111544173519,
        -4.856077653310322
    ],
    "28": [
        -1.166622610582924,
        -6.541639563959765
    ],
    "29": [
        -0.4727328375807409,
        -7.164259573179098
    ],
    "30": [
        -0.4920127777505768,
        -5.169029948002668
    ],
    "31": [
        1.3426427432684904,
        -6.376237053379364
    ],
    "32": [
        2.501910170034416,
        -7.799458956188828
    ],
    "33": [
        3.9721248171652737,
        -8.317189018292932
    ],
    "34": [
        5.413227095773094,
        -8.399185287318968
    ],
    "35": [
        5.98386527227149,
        -7.100908859698629
    ],
    "36": [
        7.003322911051717,
        -6.2402524940969375
    ],
    "37": [
        5.3405022398516,
        -3.731211927872873
    ],
    "38": [
        8.017290193712556,
        -3.783537869415365
    ],
    "39": [
        8.309318504564333,
        -2.8489273306073724
    ],
    "40": [
        7.145176151940596,
        -1.0542265628509544
    ],
    "41": [
        9.164070740645988,
        -0.7438384803878587
    ],
    "42": [
        8.725045329523251,
        0.7403349252136499
    ],
    "43": [
        7.786889524053265,
        1.2609669482188088
    ],
    "44": [
        6.636676470603599,
        2.7210450153757555
    ],
    "45": [
        5.861155209617855,
        3.567955677062604
    ],
    "46": [
        2.6744521856188803,
        3.642176073497142
    ],
    "47": [
        3.8526977950584547,
        4.716428696942291
    ],
    "48": [
        1.6244261391604475,
        3.15851422555656
    ],
    "49": [
        2.3836335265181283,
        5.4962780517677565
    ],
    "50": [
        0.2612765514212148,
        4.308246268612834
    ],
    "51": [
        1.9920168696006841,
        5.327958833086393
    ],
    "52": [
        1.1817651985619575,
        2.113184292186465
    ],
    "53": [
        3.14942189432828,
        3.918977659514838
    ],
    "54": [
        3.2127316722543657,
        1.7173278343438496
    ],
    "55": [
        4.847916209212397,
        4.142173052005025
    ],
    "56": [
        4.991964428002585,
        2.6697695553302774
    ],
    "57": [
        6.364325785602576,
        1.8013251376823558
    ],
    "58": [
        8.18790959071523,
        2.9202365995452038
    ],
    "59": [
        9.683145839039833,
        2.1180763174997024
    ],
    "60": [
        9.649938943527275,
        2.797043831515633
    ],
    "61": [
        11.002793693005904,
        0.7035508467343591
    ],
    "62": [
        10.137790106220983,
        -0.2327671746670287
    ],
    "63": [
        9.341198471472401,
        -1.807046012476575
    ],
    "64": [
        7.271157166023688,
        -2.177965916366283
    ],
    "65": [
        6.184113075112537,
        -2.1049048769678924
    ],
    "66": [
        5.90769189334213,
        -0.6941684779408398
    ],
    "67": [
        3.716872019984884,
        -1.3832654052906794
    ],
    "68": [
        2.787812619985641,
        -0.010655586476782327
    ],
    "69": [
        0.8659767807489652,
        -1.6453987621272166
    ],
    "70": [
        -1.304529674260195,
        -0.9465695613111977
    ],
    "71": [
        -2.181338604440446,
        -3.232547976599514
    ],
    "72": [
        -2.9973452744389397,
        -2.3150505564682047
    ],
    "73": [
        -4.62609671933857,
        -5.218449712875843
    ],
    "74": [
        -5.442976189852296,
        -6.295827201850028
    ],
    "75": [
        -5.791676229822633,
        -8.048889968963858
    ],
    "76": [
        -6.583254166913147,
        -9.282649375528246
    ],
    "77": [
        -4.751253375534576,
        -9.50198581755292
    ],
    "78": [
        -6.876635608547279,
        -11.336640234743681
    ],
    "79": [
        -7.262911867973316,
        -11.879758535166605
    ],
    "80": [
        -8.767801222929663,
        -12.024206189099859
    ],
    "81": [
        -8.800359512836033,
        -11.013007875196767
    ],
    "82": [
        -8.743430841866054,
        -9.563637351920864
    ],
    "83": [
        -7.408835297324948,
        -8.526805350387312
    ],
    "84": [
        -7.222849176490749,
        -6.2405659923802
    ],
    "85": [
        -4.908347244240061,
        -5.563377644092056
    ],
    "86": [
        -4.586981844065487,
        -4.852057589550622
    ],
    "87": [
        -6.71783800017369,
        -4.414411792861863
    ],
    "88": [
        -5.689058320741013,
        -2.744199648165813
    ],
    "89": [
        -6.908090132717602,
        -2.037883004232281
    ],
    "90": [
        -5.159612056725315,
        0.05301366647091745
    ],
    "91": [
        -5.683183899694231,
        2.349367491727114
    ],
    "92": [
        -7.467626163790006,
        3.412649807551111
    ],
    "93": [
        -7.943637002528202,
        5.060160461951185
    ],
    "94": [
        -8.420310426706738,
        6.323542562116022
    ],
    "95": [
        -7.779053188041216,
        7.462093798118383
    ],
    "96": [
        -6.613858628695343,
        7.729274039264647
    ],
    "97": [
        -5.068207206242178,
        7.191802951806498
    ],
    "98": [
        -3.827213715596167,
        6.384962931749611
    ],
    "99": [
        -1.7364789008116914,
        4.85601963421601
    ],
    "100": [
        -1.1870563898501332,
        3.4952529125554035
    ],
    "101": [
        -1.262172225946624,
        1.0061315130425776
    ],
    "102": [
        2.1462992617552796,
        0.9243647752562432
    ],
    "103": [
        0.12122442935516603,
        -2.1159362267814275
    ],
    "104": [
        0.6038691562732282,
        -1.0492156860806172
    ],
    "105": [
        -2.6230094569795064,
        -1.8140456692729874
    ],
    "106": [
        -1.3017936906182002,
        -1.5881226223238116
    ],
    "107": [
        -4.131916904881625,
        -2.766148760688995
    ],