{
    "0": [
        2.4970758043262684,
        -0.31080823981522815
    ],
    "1": [
        0.8658323453800539,
        0.4180711026620497
    ],
    "2": [
        1.4618949257563263,
        -1.7901181279227227
    ],
    "3": [
        0.46812528580920504,
        -1.443968047977548
    ],
    "4": [
        0.959649644794244,
        -3.5769173115374446
    ],
    "5": [
        1.6404237924009153,
        -4.219291789555123
    ],
    "6": [
        0.940493725468335,
        -5.197267985573013
    ],
    "7": [
        3.318265265954323,
        -5.219983588203279
    ],
    "8": [
        4.1796716622376255,
        -3.4790194059746646
    ],
    "9": [
        5.482373030639254,
        -4.762238910085898
    ],
    "10": [
        6.161560082827184,
        -3.8163723446659943
    ],
    "11": [
        6.558955123577408,
        -3.03328697531682
    ],
    "12": [
        5.628683538158079,
        -1.7615419911627952
    ],
    "13": [
        5.307298257049473,
        -1.031879348386252
    ],
    "14": [
        3.153646375313976,
        0.765061364378775
    ],
    "15": [
        3.6009288365043766,
        -0.15007785509986796
    ],
    "16": [
        2.0253735596160696,
        0.8729579263513442
    ],
    "17": [
        1.2962204563890152,
        0.36054563346424584
    ],
    "18": [
        -0.4646725695272655,
        0.7450835935318831
    ],
    "19": [
        -0.6685014454326692,
        0.011681798967347872
    ],
    "20": [
        -2.1669645954668573,
        -1.4366503104679005
    ],
    "21": [
        -2.681456709999753,
        -2.530173565811051
    ],
    "22": [
        -3.6099790545573422,
        -3.7218138213890417
    ],
    "23": [
        -3.7200521219068876,
        -4.7861271798117055
    ],
    "24": [
        -4.534332724349192,
        -5.788765105681234
    ],
    "25": [
        -3.3063900149643155,
        -5.899348484787106
    ],
    "26": [
        -5.851364581498093,
        -6.055790393880601
    ],
    "27": [
        -6.28842714559059,
        -5.180271226780915
    ],
    "28": [
        -7.483639048117316,
        -4.301312756860008
    ],
    "29": [
        -7.549402804366572,
        -3.055000060690101
    ],
    "30": [
        -7.462452034996409,
        -1.622624599611512
    ],
    "31": [
        -6.658106276170868,
        -0.5828469381864063
    ],
    "32": [
        -5.8300445277168915,
        1.1011339719029303
    ],
    "33": [
        -4.185915718935292,
        1.0569666076845112
    ],
    "34": [
        -3.47003310466729,
        2.123392431760114
    ],
    "35": [
        -0.45130675090396,
        2.1444462696152273
    ],
    "36": [
        -2.041786420821809,
        3.8139499782060104
    ],
    "37": [
        -1.0064363815343056,
        4.59551156311212
    ],
    "38": [
        -1.2381413481735666,
        5.452425133617176
    ],
    "39": [
        0.17888526593267062,
        4.538090736585818
    ],
    "40": [
        -1.2046205820004745,
        3.417390217281877
    ],
    "41": [
        -0.8462913403290302,
        2.1902144666677685
    ],
    "42": [
        -2.827507395749472,
        3.7009142381332047
    ],
    "43": [
        -3.408540736130593,
        3.6255118071452883
    ],
    "44": [
        -4.425190692918237,
        3.864263683833534
    ],
    "45": [
        -2.9923250056742194,
        4.73725908451697
    ],
    "46": [
        -2.1398306125730766,
        5.274875395934849
    ],
    "47": [
        -0.3528128278323731,
        3.7793453335763423
    ],
    "48": [
        0.43177510848689893,
        5.1858586060163745
    ],
    "49": [
        1.952979126663627,
        3.7791820196312393
    ],
    "50": [
        1.5618558086419658,
        3.297163555082579
    ],
    "51": [
        2.8877018687308538,
        4.641876785645468
    ],
    "52": [
        4.142738115612281,
        4.287425317782108
    ],
    "53": [
        5.127462973989568,
        3.5259564816455167
    ],
    "54": [
        5.368488749060375,
        2.756739153008964
    ],
    "55": [
        5.1150611519350555,
        0.6144745098479175
    ],
    "56": [
        3.2670387839650017,
        1.9524953333707442
    ],
    "57": [
        4.559249602503095,
        1.726424450658029
    ],
    "58": [
        3.9455110611091055,
        0.8943964344624858
    ],
    "59": [
        2.216365866600077,
        1.448674548889057
    ]
}