{
    "0": [
        2.524211200805812,
        -7.196798662270196
    ],
    "1": [
        1.3800694543115988,
        -4.765690279021925
    ],
    "2": [
        7.883896984942062,
        -6.584262341268022
    ],
    "3": [
        9.08243695893432,
        -9.74602638544389
    ],
    "4": [
        -2.2388747498379526,
        0.7709784498804905
    ],
    "5": [
        8.261309890102327,
        -9.814713596021582
    ],
    "6": [
        7.63439295349871,
        -5.664885236390372
    ],
    "7": [
        8.313483797598852,
        -4.403796414695022
    ],
    "8": [
        3.886843007096244,
        -5.807788627917628
    ],
    "9": [
        7.3525705733588875,
        -3.28801841578095
    ],
    "10": [
        4.955373174993987,
        -5.829712489947494
    ],
    "11": [
        4.7847683730618025,
        -9.061320917447201
    ],
    "12": [
        6.023749411937724,
        -5.011892022844458
    ],
    "13": [
        6.145828472361619,
        -7.026420831037776
    ],
    "14": [
        8.874711064210471,
        -2.6322053417972207
    ],
    "15": [
        4.735334589457347,
        -6.672526223554339
    ],
    "16": [
        12.390320573245374,
        -7.0432796591122235
    ],
    "17": [
        5.0806353246453,
        -5.321828115201729
    ],
    "18": [
        9.35490860981133,
        -5.670545971706846
    ],
    "19": [
        6.594453929636165,
        -1.9833890956199878
    ],
    "20": [
        5.077165597955231,
        -4.302486738055633
    ],
    "21": [
        9.87505615993379,
        -7.3662757374290555
    ],
    "22": [
        6.620766947387357,
        -3.3679512829032965
    ],
    "23": [
        7.044536820784802,
        -10.537072877455001
    ],
    "24": [
        12.147720033499427,
        -3.029958792404916
    ],
    "25": [
        8.162123986264636,
        -7.249747288900651
    ],
    "26": [
        5.562947576522367,
        -3.6373182794189494
    ],
    "27": [
        -0.7201949208135718,
        -7.641087423385601
    ],
    "28": [
        5.715989519628351,
        -4.75483839617696
    ],
    "29": [
        6.633570436409782,
        -4.483298245909652
    ],
    "30": [
        2.917916832670713,
        -5.300418432357642
    ],
    "31": [
        4.096120904329266,
        -2.3455958769031287
    ],
    "32": [
        4.08566455390528,
        -4.554683901278109
    ],
    "33": [
        4.542858738530133,
        -7.907472295745994
    ],
    "34": [
        0.9310418922234676,
        -4.118569579901129
    ],
    "35": [
        3.288409618671999,
        -8.667638750467393
    ],
    "36": [
        1.8004953483997856,
        -7.248652674886476
    ],
    "37": [
        7.17189157080592,
        -9.018473808497031
    ],
    "38": [
        -8.355715792560103,
        8.18049308557464
    ],
    "39": [
        -6.677915795926625,
        3.382888808717236
    ],
    "40": [
        -6.830667570430193,
        8.64915596024462
    ],
    "41": [
        -5.581096749992973,
        6.876239846952984
    ],
    "42": [
        -2.500238794221302,
        9.570660906599853
    ],
    "43": [
        -6.416606228471091,
        6.518565691744622
    ],
    "44": [
        -5.326798801469159,
        7.59035363392611
    ],
    "45": [
        -2.1588441350087484,
        6.011559520148201
    ],
    "46": [
        -6.289828745589011,
        9.055081206060658
    ],
    "47": [
        -2.9558100353948933,
        5.64849662623873
    ],
    "48": [
        -2.732055823647793,
        7.646430522815731
    ],
    "49": [
        -12.083906953733097,
        4.1562960972948355
    ],
    "50": [
        -4.379172358807928,
        7.029329615516228
    ],
    "51": [
        -7.51449618826686,
        8.832650896055531
    ],
    "52": [
        -6.523117743517588,
        11.10965219353514
    ],
    "53": [
        -5.440954127216622,
        6.310338541608279
    ],
    "54": [
        -9.56905897891293,
        4.579268762630167
    ],
    "55": [
        -4.489499909967005,
        10.104115613260321
    ],
    "56": [
        -8.277441996306065,
        6.0085927795088185
    ],
    "57": [
        -0.2123439139892902,
        7.497300244203213
    ],
    "58": [
        0.1186713335505147,
        2.4986543686691114
    ],
    "59": [
        -6.117657701095862,
        7.905243783862012
    ],
    "60": [
        -3.379582719374625,
        6.480018094010903
    ],
    "61": [
        -1.704484245207066,
        7.274826863412339
    ],
    "62": [
        -3.950525980887754,
        3.836520276875886
    ],
    "63": [
        -6.286581550306815,
        4.916535150448936
    ],
    "64": [
        -4.877027541216412,
        7.192808683079385
    ],
    "65": [
        -5.153329659644095,
        5.08554354653637
    ],
    "66": [
        -8.984071666677943,
        6.3112865229947595
    ],
    "67": [
        -8.835591658445304,
        3.7813107225148332
    ],
    "68": [
        -7.046394485633074,
        6.924842203392439
    ],
    "69": [
        -5.092874492720019,
        9.234309636507376
    ],
    "70": [
        -6.6848449844833535,
        8.02119247355866
    ],
    "71": [
        -5.525840475645149,
        9.230504374840066
    ],
    "72": [
        -5.727492101591896,
        5.879785297092299
    ],
    "73": [
        -3.530088617678255,
        7.492202051546266
    ],
    "74": [
        -5.393159974261812,
        8.278226860993755
    ],
    "75": [
        -3.9990119186523723,
        8.79148263693587
    ],
    "76": [
        -6.274854877312501,
        10.246723486734293
    ],
    "77": [
        -3.6892004477826768,
        -2.9190455343973722
    ],
    "78": [
        -7.5405920764702135,
        -6.395489484339317
    ],
    "79": [
        -5.805049196699179,
        -2.1221644560115585
    ],
    "80": [
        -5.689744577078011,
        -6.7002270479132005
    ],
    "81": [
        -2.377544368883418,
        -7.920956943147973
    ],
    "82": [
        -5.3239238890573715,
        -7.785286253338961
    ],
    "83": [
        -3.2850174224374995,
        -2.355214800148532
    ],
    "84": [
        -1.0969049873901093,
        -6.43090653200807
    ],
    "85": [
        -1.3284473655323983,
        -8.248342447108746
    ],
    "86": [
        -0.8770277401707134,
        -5.588220112713821
    ],
    "87": [
        -2.4372901282654253,
        -6.40379639228612
    ],
    "88": [
        -1.9005225775287042,
        -7.287099848126278
    ],
    "89": [
        -5.7253133901891236,
        -13.195832509572437
    ],
    "90": [
        -9.347004942881803,
        -6.5630830985480895
    ],
    "91": [
        -4.681533048590161,
        -7.239842716916006
    ],
    "92": [
        -6.242483333154564,
        -4.236702702616458
    ],
    "93": [
        -7.829889166700474,
        -7.560903378531223
    ],
    "94": [
        -3.0667038622140264,
        -5.664415838286626
    ],
    "95": [
        -4.53248890776668,
        -1.2846213712581458
    ],
    "96": [
        -1.5241286451203828,
        -9.096285963593203
    ],
    "97": [
        -4.981553832050469,
        -6.029208702726371
    ],
    "98": [
        -3.900535295666168,
        -8.255510204374856
    ],
    "99": [
        -5.306682396057481,
        -5.519333756982146
    ],
    "100": [
        -3.776511569126879,
        -4.43570820812123
    ],
    "101": [
        -1.3397563157885557,
        -0.14369797078788063
    ],
    "102": [
        -5.894914163687823,
        -4.711338336746879
    ],
    "103": [
        -4.15920875790167,
        -5.6800771080648715
    ],
    "104": [
        -10.503154288044277,
        -8.30071177564796
    ],
    "105": [
        -4.192521299607469,
        -6.715793711673761
    ],
    "106": [
        -2.892152236323696,
        -11.425223280276422
    ],
    "107": [
        -3.242555184921322,
        -9.06665576405108
    ],