{
    "0": [
        7.618230608090775,
        -1.7819537393352343
    ],
    "1": [
        6.4023793555112745,
        -3.4119555141290294
    ],
    "2": [
        7.35223969374343,
        0.7177337406919442
    ],
    "3": [
        6.043985894667902,
        -1.746012754831483
    ],
    "4": [
        6.84869741987974,
        -3.7710923117604813
    ],
    "5": [
        4.562889287432909,
        -6.7062207864824925
    ],
    "6": [
        5.205100289785018,
        -0.7437700600048281
    ],
    "7": [
        7.625827202018307,
        -3.9246548826134324
    ],
    "8": [
        2.1985010844618627,
        -2.5899132112714116
    ],
    "9": [
        6.427594010505053,
        0.8183894541131114
    ],
    "10": [
        5.591613224635961,
        -5.999931974398408
    ],
    "11": [
        5.499622524299714,
        -1.9874386753009596
    ],
    "12": [
        3.6405551507658647,
        -0.27186811919631254
    ],
    "13": [
        9.318425155561748,
        -4.597549421464553
    ],
    "14": [
        5.058824202230797,
        -3.76568982771392
    ],
    "15": [
        3.3054609500307306,
        -4.9269734210086025
    ],
    "16": [
        5.032553614774505,
        -1.6098030371259113
    ],
    "17": [
        8.065184637610047,
        -0.549565406351511
    ],
    "18": [
        5.918307599158301,
        -3.7284845157523985
    ],
    "19": [
        4.491152749725729,
        -3.8815239810697784
    ],
    "20": [
        5.70107811641957,
        -3.081325175935365
    ],
    "21": [
        4.38091543505371,
        -2.2407407314299665
    ],
    "22": [
        4.016844704872901,
        -5.148481862604418
    ],
    "23": [
        2.693582132830699,
        -0.5094654219697456
    ],
    "24": [
        4.833210718970275,
        -5.067568036988142
    ],
    "25": [
        7.2347226752383405,
        -1.1826519485074098
    ],
    "26": [
        6.212656901417683,
        -2.6182794476230398
    ],
    "27": [
        5.291314173780454,
        -4.9496033137758
    ],
    "28": [
        2.0351812499288973,
        0.5188461759065843
    ],
    "29": [
        8.482255709906157,
        2.91569968382207
    ],
    "30": [
        6.822022504331749,
        -2.230520048203647
    ],
    "31": [
        6.876059873140774,
        -2.8754428600948074
    ],
    "32": [
        7.068626732984006,
        -1.6321037252606234
    ],
    "33": [
        3.986970128310955,
        -1.9474505696650903
    ],
    "34": [
        7.829433898693759,
        -2.955366726110302
    ],
    "35": [
        6.183196429384876,
        -4.981009660250325
    ],
    "36": [
        8.526112026882643,
        -1.9280507784125527
    ],
    "37": [
        5.93580445044136,
        -1.1061090779726415
    ],
    "38": [
        4.66723089814876,
        -3.0298165211178265
    ],
    "39": [
        4.837170425429108,
        -0.04938297470407445
    ],
    "40": [
        5.181949172411244,
        -2.4900844098925714
    ],
    "41": [
        9.273212958125097,
        -1.1103952235241004
    ],
    "42": [
        -2.134436867747763,
        4.747314713814921
    ],
    "43": [
        -5.191135395689263,
        3.64129390006524
    ],
    "44": [
        -5.243429981576239,
        2.6393109162966524
    ],
    "45": [
        -2.1438737753254027,
        0.5589984913652762
    ],
    "46": [
        -2.8642831471217614,
        2.816787931758002
    ],
    "47": [
        -4.7320904313575,
        0.2662477473440592
    ],
    "48": [
        -4.7849070876557525,
        4.1717067794200124
    ],
    "49": [
        -4.777940364380502,
        2.0476302913293267
    ],
    "50": [
        -0.6898546737329868,
        2.126871501289153
    ],
    "51": [
        -4.151275859824516,
        0.8331783846350822
    ],
    "52": [
        -7.31635339026957,
        3.347272875246916
    ],
    "53": [
        -8.363901547801309,
        1.8411729523811753
    ],
    "54": [
        -1.8179808736721281,
        1.8219624283083862
    ],
    "55": [
        -4.173558230459519,
        1.8999602227807555
    ],
    "56": [
        -6.349982336879015,
        3.3063159820224963
    ],
    "57": [
        -2.6329705066492783,
        3.9101148356535855
    ],
    "58": [
        -7.490510622015511,
        0.7205489489120457
    ],
    "59": [
        -1.7823494924999193,
        -0.2222399212974855
    ],
    "60": [
        -5.520154447639957,
        4.881964659066395
    ],
    "61": [
        -6.63619127141468,
        1.872151694747296
    ],
    "62": [
        -4.255692716160128,
        3.9166229075738035
    ],
    "63": [
        -4.708419673324477,
        -0.22246625890499808
    ],
    "64": [
        -4.070547834504496,
        2.7413831845726575
    ],
    "65": [
        -3.926825826106992,
        3.559596448774899
    ],
    "66": [
        -2.3239470017976185,
        3.1102385386591322
    ],
    "67": [
        -3.9456614072246277,
        6.241639860688362
    ],
    "68": [
        -5.6895982021936105,
        1.9317209939105566
    ],
    "69": [
        -3.419055653235177,
        3.515680453082441
    ],
    "70": [
        -4.401862714775386,
        5.274769295281793
    ],
    "71": [
        -3.7093960025003927,
        4.545521356795568
    ],
    "72": [
        -3.265410735195281,
        1.8345316811595629
    ],
    "73": [
        -2.801412872223209,
        1.2087773567321716
    ],
    "74": [
        -5.623737261239177,
        0.44310980170348924
    ],
    "75": [
        -5.43358897147762,
        5.781115247730897
    ],
    "76": [
        -5.731987237608671,
        3.7821139294600408
    ],
    "77": [
        -6.5948957394988135,
        4.376329370705047
    ],
    "78": [
        -7.140619109965667,
        2.4315101867082864
    ],
    "79": [
        -3.7894189162370067,
        1.2917419721218193
    ],
    "80": [
        -4.573657557782225,
        3.3353692730446483
    ],
    "81": [
        -5.225869763402095,
        1.5076278026241192
    ]
}