{
    "0": [
        -2.143882707172581,
        0.6472362160513717
    ],
    "1": [
        -1.2900608386515167,
        -0.49120714177126323
    ],
    "2": [
        -5.587661500179416,
        -1.618391487463327
    ],
    "3": [
        -3.6656167973844056,
        -4.245621439960837
    ],
    "4": [
        -3.515801916520488,
        -3.669189019148334
    ],
    "5": [
        -2.992484057049003,
        -1.6653636889325967
    ],
    "6": [
        -5.0681127801736245,
        -1.8755781061614862
    ],
    "7": [
        -0.29025984587234327,
        -1.8622328759130706
    ],
    "8": [
        -2.185553390304525,
        -4.177324821173525
    ],
    "9": [
        -2.3026379931614573,
        -2.282141422683923
    ],
    "10": [
        -3.6007301892654904,
        -2.145472704815757
    ],
    "11": [
        -4.814666244464568,
        -1.1205324789438114
    ],
    "12": [
        -3.8836284148584164,
        -2.7775648822074426
    ],
    "13": [
        -4.765052222225122,
        -2.6905193364384186
    ],
    "14": [
        -1.4396363159351033,
        -3.8010245389857995
    ],
    "15": [
        1.353584056801635,
        -1.282715627219965
    ],
    "16": [
        -4.602193077038068,
        -3.863158318940558
    ],
    "17": [
        -1.9960521512944964,
        -1.617332213150675
    ],
    "18": [
        -1.536414629925979,
        0.3780961715733291
    ],
    "19": [
        -4.54280467042441,
        -2.1455522667163547
    ],
    "20": [
        -2.8533997021590625,
        -0.7273398544534668
    ],
    "21": [
        -4.208697000387319,
        -0.5498810451514652
    ],
    "22": [
        -1.111344383098201,
        -2.7952193636545384
    ],
    "23": [
        -2.3352892423839275,
        -1.4126490467911064
    ],
    "24": [
        -3.540504293621092,
        -0.4946129871865121
    ],
    "25": [
        -1.9551584401800095,
        -2.7585805301412036
    ],
    "26": [
        -2.434748833700513,
        -3.5609918545111556
    ],
    "27": [
        -5.372174987448151,
        -2.947892660956452
    ],
    "28": [
        -3.6697612660908545,
        -1.7122836771255638
    ],
    "29": [
        -3.772400000248058,
        -4.6894695513773295
    ],
    "30": [
        -3.354375286670197,
        -1.5698076294973402
    ],
    "31": [
        -5.2437915234177686,
        -7.165965602903599
    ],
    "32": [
        -3.0586467225289926,
        -2.6121973014321145
    ],
    "33": [
        -2.2831280356799053,
        -5.522022881958706
    ],
    "34": [
        -3.430062602605657,
        -3.0819229713420997
    ],
    "35": [
        -4.767744523048185,
        -6.045027013208336
    ],
    "36": [
        -4.212612562908552,
        -0.9869907911716046
    ],
    "37": [
        4.729280755759643,
        3.3128894820967703
    ],
    "38": [
        5.6834623669130515,
        0.7343248179782825
    ],
    "39": [
        3.383337695793813,
        0.23344954427726058
    ],
    "40": [
        5.3999774211314975,
        3.011046120886312
    ],
    "41": [
        5.942056326516505,
        4.831863173994542
    ],
    "42": [
        5.394424547748046,
        -0.8729723937323451
    ],
    "43": [
        1.8652135183557623,
        4.305865350810595
    ],
    "44": [
        6.129312038571083,
        3.062745833730413
    ],
    "45": [
        5.3774339945680865,
        2.4895618550603547
    ],
    "46": [
        3.6860479303273297,
        2.7841851945070535
    ],
    "47": [
        4.406941678479854,
        4.016626542650162
    ],
    "48": [
        3.205644918709409,
        1.935671933023887
    ],
    "49": [
        1.3097483038683928,
        2.8631032631918343
    ],
    "50": [
        3.1871829913322114,
        0.7347192043773686
    ],
    "51": [
        1.6311108671373218,
        6.561362607829007
    ],
    "52": [
        3.724922451757286,
        3.889340338932414
    ],
    "53": [
        5.009922576558288,
        5.567472760600648
    ],
    "54": [
        6.461959344045563,
        3.9322898927871646
    ],
    "55": [
        5.973361887604659,
        6.668811669592744
    ],
    "56": [
        6.961992682781302,
        5.511153629876724
    ],
    "57": [
        3.304858533342981,
        4.893945544422773
    ],
    "58": [
        4.730916241623625,
        2.682487104931954
    ],
    "59": [
        6.048149772124144,
        1.9296580924484514
    ],
    "60": [
        1.3088962740077927,
        1.5850290203054118
    ],
    "61": [
        0.5960578114105723,
        5.703457572657604
    ],
    "62": [
        6.841283208374516,
        2.166347022130252
    ],
    "63": [
        6.028815961881145,
        3.8371870150854277
    ],
    "64": [
        4.764930781816361,
        1.6898951613367683
    ],
    "65": [
        2.0043188056337877,
        5.82268229964727
    ],
    "66": [
        4.470560729807518,
        4.593334069485479
    ],
    "67": [
        2.429949155061741,
        4.825209616451351
    ],
    "68": [
        5.678572087756281,
        3.7462739518196164
    ],
    "69": [
        3.15364061782731,
        3.1246020968973585
    ],
    "70": [
        6.374012123139957,
        0.8471711891720862
    ],
    "71": [
        6.727111201693614,
        3.1416102964581185
    ],
    "72": [
        4.071869565281992,
        5.693960499823302
    ],
    "73": [
        5.435274903968839,
        4.522155076469226
    ]
}