{
    "0": [
        1.0,
        0.0
    ],
    "1": [
        0.9995437844895334,
        0.030203027800888845
    ],
    "2": [
        0.9981755542233175,
        0.06037849742228605
    ],
    "3": [
        0.995896557617091,
        0.09049887582963782
    ],
    "4": [
        0.992708874098054,
        0.12053668025532305
    ],
    "5": [
        0.9886154122075342,
        0.15046450327478297
    ],
    "6": [
        0.9836199069471436,
        0.18025503781390573
    ],
    "7": [
        0.9777269163708469,
        0.20988110206484756
    ],
    "8": [
        0.970941817426052,
        0.23931566428755774
    ],
    "9": [
        0.9632708010475163,
        0.26853186747437674
    ],
    "10": [
        0.9547208665085456,
        0.2975030538552029
    ],
    "11": [
        0.9452998150346402,
        0.3262027892208693
    ],
    "12": [
        0.9350162426854148,
        0.35460488704253557
    ],
    "13": [
        0.9238795325112867,
        0.3826834323650898
    ],
    "14": [
        0.9118998459920901,
        0.41041280545275677
    ],
    "15": [
        0.899088113765426,
        0.43776770516534047
    ],
    "16": [
        0.8854560256532099,
        0.4647231720437685
    ],
    "17": [
        0.8710160199955156,
        0.49125461108387736
    ],
    "18": [
        0.8557812723014475,
        0.5173378141776568
    ],
    "19": [
        0.839765683227398,
        0.5429489822014786
    ],
    "20": [
        0.8229838658936565,
        0.5680647467311557
    ],
    "21": [
        0.8054511325509459,
        0.5926621913640169
    ],
    "22": [
        0.7871834806090502,
        0.6167188726285431
    ],
    "23": [
        0.7681975780402805,
        0.6402128404624879
    ],
    "24": [
        0.7485107481711012,
        0.6631226582407951
    ],
    "25": [
        0.7281409538757885,
        0.6854274223350397
    ],
    "26": [
        0.7071067811865476,
        0.7071067811865475
    ],
    "27": [
        0.6854274223350398,
        0.7281409538757884
    ],
    "28": [
        0.6631226582407953,
        0.7485107481711011
    ],
    "29": [
        0.640212840462488,
        0.7681975780402804
    ],
    "30": [
        0.6167188726285431,
        0.7871834806090502
    ],
    "31": [
        0.5926621913640169,
        0.8054511325509459
    ],
    "32": [
        0.5680647467311559,
        0.8229838658936564
    ],
    "33": [
        0.5429489822014788,
        0.8397656832273979
    ],
    "34": [
        0.5173378141776568,
        0.8557812723014475
    ],
    "35": [
        0.4912546110838775,
        0.8710160199955155
    ],
    "36": [
        0.4647231720437686,
        0.8854560256532099
    ],
    "37": [
        0.43776770516534047,
        0.899088113765426
    ],
    "38": [
        0.41041280545275693,
        0.9118998459920901
    ],
    "39": [
        0.38268343236508984,
        0.9238795325112867
    ],
    "40": [
        0.3546048870425358,
        0.9350162426854147
    ],
    "41": [
        0.3262027892208694,
        0.9452998150346402
    ],
    "42": [
        0.297503053855203,
        0.9547208665085456
    ],
    "43": [
        0.2685318674743769,
        0.9632708010475163
    ],
    "44": [
        0.23931566428755782,
        0.970941817426052
    ],
    "45": [
        0.20988110206484778,
        0.9777269163708469
    ],
    "46": [
        0.18025503781390587,
        0.9836199069471435
    ],
    "47": [
        0.15046450327478306,
        0.9886154122075342
    ],
    "48": [
        0.12053668025532323,
        0.992708874098054
    ],
    "49": [
        0.09049887582963792,
        0.995896557617091
    ],
    "50": [
        0.060378497422286286,
        0.9981755542233175
    ],
    "51": [
        0.03020302780088899,
        0.9995437844895334
    ],
    "52": [
        6.123233995736766e-17,
        1.0
    ],
    "53": [
        -0.030203027800888647,
        0.9995437844895334
    ],
    "54": [
        -0.06037849742228594,
        0.9981755542233175
    ],
    "55": [
        -0.0904988758296378,
        0.995896557617091
    ],
    "56": [
        -0.12053668025532288,
        0.992708874098054
    ],
    "57": [
        -0.15046450327478292,
        0.9886154122075342
    ],
    "58": [
        -0.18025503781390553,
        0.9836199069471436
    ],
    "59": [
        -0.20988110206484742,
        0.977726916370847
    ],
    "60": [
        -0.2393156642875577,
        0.970941817426052
    ],
    "61": [
        -0.2685318674743766,
        0.9632708010475164
    ],
    "62": [
        -0.29750305385520287,
        0.9547208665085457
    ],
    "63": [
        -0.3262027892208691,
        0.9452998150346403
    ],
    "64": [
        -0.35460488704253545,
        0.9350162426854148
    ],
    "65": [
        -0.3826834323650897,
        0.9238795325112867
    ],
    "66": [
        -0.4104128054527566,
        0.9118998459920902
    ],
    "67": [
        -0.43776770516534014,
        0.8990881137654261
    ],
    "68": [
        -0.4647231720437685,
        0.8854560256532099
    ],
    "69": [
        -0.4912546110838772,
        0.8710160199955157
    ],
    "70": [
        -0.5173378141776565,
        0.8557812723014477
    ],
    "71": [
        -0.5429489822014787,
        0.8397656832273979
    ],
    "72": [
        -0.5680647467311557,
        0.8229838658936565
    ],
    "73": [
        -0.5926621913640167,
        0.8054511325509461
    ],
    "74": [
        -0.6167188726285431,
        0.7871834806090502
    ],
    "75": [
        -0.6402128404624879,
        0.7681975780402805
    ],
    "76": [
        -0.663122658240795,
        0.7485107481711013
    ],
    "77": [
        -0.6854274223350395,
        0.7281409538757887
    ],
    "78": [
        -0.7071067811865475,
        0.7071067811865476
    ],
    "79": [
        -0.7281409538757883,
        0.68542742233504
    ],
    "80": [
        -0.7485107481711009,
        0.6631226582407955
    ],
    "81": [
        -0.7681975780402804,
        0.640212840462488
    ],
    "82": [
        -0.7871834806090501,
        0.6167188726285432
    ],
    "83": [
        -0.8054511325509457,
        0.5926621913640171
    ],
    "84": [
        -0.8229838658936564,
        0.5680647467311558
    ],
    "85": [
        -0.8397656832273979,
        0.5429489822014788
    ],
    "86": [
        -0.8557812723014474,
        0.517337814177657
    ],
    "87": [
        -0.8710160199955156,
        0.49125461108387736
    ],
    "88": [
        -0.8854560256532098,
        0.4647231720437687
    ],
    "89": [
        -0.8990881137654259,
        0.43776770516534075
    ],
    "90": [
        -0.91189984599209,
        0.41041280545275716
    ],
    "91": [
        -0.9238795325112867,
        0.3826834323650899
    ],
    "92": [
        -0.9350162426854147,
        0.35460488704253584
    ],
    "93": [
        -0.9452998150346401,
        0.3262027892208697
    ],
    "94": [
        -0.9547208665085456,
        0.29750305385520304
    ],
    "95": [
        -0.9632708010475163,
        0.26853186747437696
    ],
    "96": [
        -0.9709418174260519,
        0.2393156642875581
    ],
    "97": [
        -0.9777269163708469,
        0.2098811020648476
    ],
    "98": [
        -0.9836199069471435,
        0.18025503781390592
    ],
    "99": [
        -0.9886154122075341,
        0.15046450327478333
    ],
    "100": [
        -0.992708874098054,
        0.1205366802553235
    ],
    "101": [
        -0.995896557617091,
        0.09049887582963798
    ],
    "102": [
        -0.9981755542233175,
        0.06037849742228634
    ],
    "103": [
        -0.9995437844895334,
        0.030203027800889275
    ],
    "104": [
        -1.0,
        1.2246467991473532e-16
    ],
    "105": [
        -0.9995437844895334,
        -0.03020302780088859
    ],
    "106": [
        -0.9981755542233175,
        -0.060378497422285654
    ],