{
    "0": [
        0.28387334814926346,
        -0.7560236522913737
    ],
    "1": [
        -0.019365389992521465,
        -0.1714212504189767
    ],
    "2": [
        -0.6288748143662454,
        -0.3478131337871009
    ],
    "3": [
        -1.92503157916377,
        0.5565253109928143
    ],
    "4": [
        -0.06753390770374579,
        -0.14111429111207485
    ],
    "5": [
        1.0283553201067595,
        -1.7225094472818085
    ],
    "6": [
        -1.9230258794757162,
        0.5569777237282318
    ],
    "7": [
        -0.12692965421537095,
        -0.17826403735326757
    ],
    "8": [
        1.031803073468248,
        -1.727041416829966
    ],
    "9": [
        -0.6796658037626863,
        -0.3557917697475812
    ],
    "10": [
        3.240485034395469,
        0.02694880845889891
    ],
    "11": [
        -0.2638121741277324,
        2.5343652833027823
    ],
    "12": [
        0.14326707812046613,
        0.06957359142267805
    ],
    "13": [
        -0.8176203786384025,
        -0.3827771335728709
    ],
    "14": [
        -1.287911009967881,
        -1.570105405788789
    ],
    "15": [
        1.1405126476661414,
        1.0303890917061107
    ],
    "16": [
        3.2404053927601657,
        0.02726098162919577
    ],
    "17": [
        -1.9512688600470662,
        0.5699049673174663
    ],
    "18": [
        -0.2640254143324635,
        2.5354906857430066
    ],
    "19": [
        -1.2941697434688284,
        -1.5835282153884904
    ],
    "20": [
        1.1405327145959196,
        1.028953309271107
    ]
}