{
    "0": [
        0.738346346533675,
        -2.173288540971118
    ],
    "1": [
        -0.6286444167175222,
        -1.5907149315371942
    ],
    "2": [
        0.66772290557279,
        -2.202233489809206
    ],
    "3": [
        2.086131808388628,
        -1.7446308619654296
    ],
    "4": [
        0.08392974960963118,
        -1.3965332496284102
    ],
    "5": [
        0.7263757504124384,
        -2.1028744311992646
    ],
    "6": [
        2.8235390947276913,
        -0.23090376676757707
    ],
    "7": [
        1.9838628413904913,
        -0.7658637399758526
    ],
    "8": [
        -0.5631250306660336,
        -0.854680791254669
    ],
    "9": [
        -0.3758839316374729,
        3.137169522580902
    ],
    "10": [
        -1.5935723266088653,
        -0.15787229141975345
    ],
    "11": [
        -0.7214788710997952,
        -1.6404372033216426
    ],
    "12": [
        -0.6621341195131514,
        -1.64283700721451
    ],
    "13": [
        -1.522175679985165,
        -0.1821650441272311
    ],
    "14": [
        -2.0487454071115394,
        -0.1071350167490337
    ],
    "15": [
        2.0421258345095756,
        -1.8479309361460459
    ],
    "16": [
        0.09416589416460175,
        -1.363576184996127
    ],
    "17": [
        0.9245297435939337,
        -1.2832472509647541
    ],
    "18": [
        -1.4767796452581914,
        2.468774787670519
    ],
    "19": [
        1.9866386540838403,
        -0.744176037944186
    ],
    "20": [
        2.7600276620456654,
        -0.25299320809127224
    ],
    "21": [
        -0.5017675393665293,
        3.191852858544526
    ],
    "22": [
        -1.5237723128061003,
        2.3858918838755034
    ],
    "23": [
        -1.556665391649874,
        -0.1606382679789622
    ],
    "24": [
        -1.4654602892844846,
        3.7743734438412595
    ],
    "25": [
        -0.9150440335171943,
        3.671889799827828
    ],
    "26": [
        -1.3621472898110403,
        3.8147799557217112
    ]
}