{
    "0": [
        3.8463694053467994,
        1.538713608357722
    ],
    "1": [
        4.567592579099417,
        0.9872027335532062
    ],
    "2": [
        4.2430970394770195,
        2.0687541737724935
    ],
    "3": [
        -2.264661048700495,
        2.765432503868056
    ],
    "4": [
        3.351135144916944,
        1.5631145900884191
    ],
    "5": [
        3.8897208105080088,
        1.5659636544046918
    ],
    "6": [
        3.71798386115314,
        1.298151027779109
    ],
    "7": [
        3.3836337853541316,
        2.0399353103584996
    ],
    "8": [
        4.562672252855001,
        0.9965119196900828
    ],
    "9": [
        -2.1337702576080857,
        2.797731797194493
    ],
    "10": [
        -1.762785531529699,
        2.941603509612612
    ],
    "11": [
        -3.679521623486606,
        3.8579111842791898
    ],
    "12": [
        -2.8211015058964537,
        1.5659933715732968
    ],
    "13": [
        -1.1892837288087201,
        2.827949339468391
    ],
    "14": [
        -1.1977354289584494,
        2.8368442134223186
    ],
    "15": [
        -3.931992807958173,
        4.027833275931204
    ],
    "16": [
        -3.028157673227366,
        1.167387782646871
    ],
    "17": [
        -0.5718338758329544,
        -10.539399714604265
    ],
    "18": [
        -0.7779054853743892,
        -10.341843878330227
    ],
    "19": [
        -0.644226845070409,
        -10.466236394527552
    ],
    "20": [
        -0.4238041563315109,
        -10.692726137549853
    ],
    "21": [
        -3.073789866795923,
        1.078482090084952
    ],
    "22": [
        -4.06163504313124,
        4.1146900389262955
    ]
}