{
    "0": [
        -1.9169283685590766,
        8.609207029713748
    ],
    "1": [
        -1.7238398500441154,
        9.462197874388966
    ],
    "2": [
        0.8775738270805471,
        -1.106583572363924
    ],
    "3": [
        -1.7901999841041674,
        9.354354702727026
    ],
    "4": [
        0.5222336428790699,
        -0.7681965131487196
    ],
    "5": [
        -1.9860855707931098,
        9.675472227220798
    ],
    "6": [
        2.7668686544260344,
        -0.4426561289890163
    ],
    "7": [
        2.7515826102441587,
        -0.4484314154329221
    ],
    "8": [
        6.750317865926631,
        0.28990768530159006
    ],
    "9": [
        6.871214409364256,
        0.4185348232939665
    ],
    "10": [
        6.624559159949207,
        0.17816956768445813
    ],
    "11": [
        -1.497466311439041,
        9.338249622591949
    ],
    "12": [
        -1.5993508773469045,
        9.800875960159425
    ],
    "13": [
        0.8909388810681236,
        -1.145520168427205
    ],
    "14": [
        0.30614947611589804,
        -1.1935730263830822
    ],
    "15": [
        -2.6294238303719695,
        -5.697078847826765
    ],
    "16": [
        -2.230714003953888,
        -5.913829328992492
    ],
    "17": [
        -3.0065350552170145,
        -5.93098945571759
    ],
    "18": [
        -2.550616486199276,
        -5.2630419210161445
    ],
    "19": [
        -0.41556721922424655,
        -2.27040264699737
    ],
    "20": [
        -2.5485030594535334,
        -5.252947024529222
    ],
    "21": [
        -2.679917801985777,
        -5.746549814528279
    ],
    "22": [
        -3.488222411169889,
        -3.631650454131014
    ],
    "23": [
        -2.562011341101143,
        -6.239279617771526
    ],
    "24": [
        0.9972157493521658,
        -0.525891749473617
    ],
    "25": [
        -3.490393868500875,
        -3.6017899695229305
    ],
    "26": [
        1.2747706237386969,
        1.5467833294234117
    ],
    "27": [
        1.2771805864373738,
        -1.0141231561093198
    ],
    "28": [
        0.8518055959509203,
        -1.4874353748321267
    ],
    "29": [
        0.8146765557220963,
        -1.1006446418508524
    ],
    "30": [
        1.2624808407981307,
        -1.4488036221349745
    ],
    "31": [
        1.276207560410708,
        1.5556656276737835
    ]
}