{
    "0": [
        -0.6468129620126382,
        -1.4048135546843286
    ],
    "1": [
        -0.9384428999948724,
        -1.2305486384774547
    ],
    "2": [
        -2.2002181664398908,
        -1.629614464441667
    ],
    "3": [
        2.3280973253604182,
        1.8831050231003013
    ],
    "4": [
        1.393241972187841,
        1.9156037612634385
    ],
    "5": [
        -0.6142354363648086,
        -2.677206919518633
    ],
    "6": [
        1.4304099935729875,
        2.1475985906850426
    ],
    "7": [
        -2.3558169766827812,
        -0.8953795517824878
    ],
    "8": [
        0.8632917678615732,
        2.2152824580104125
    ],
    "9": [
        -0.8866292616823324,
        -1.1940979873949344
    ],
    "10": [
        1.1448320854678071,
        1.9247284307992758
    ],
    "11": [
        1.7831575081029278,
        0.30386382257982547
    ],
    "12": [
        1.6093558326480055,
        1.7055353194120948
    ],
    "13": [
        -1.5416344295156743,
        -0.3680451293793064
    ],
    "14": [
        -1.0940944005058022,
        -0.6959851361428561
    ],
    "15": [
        -0.8407021526732783,
        -1.9817748612700288
    ],
    "16": [
        -0.3411218026260099,
        -1.7168655388365455
    ],
    "17": [
        0.2493763633873738,
        -1.8444900916789013
    ],
    "18": [
        -0.7867666516352521,
        -1.616653194938006
    ],
    "19": [
        -1.7083701580072579,
        -1.0198739990947672
    ],
    "20": [
        -1.367171400290823,
        -1.648087249904167
    ],
    "21": [
        -1.493442098658466,
        -2.016420633957521
    ],
    "22": [
        -1.3482089242029283,
        -2.57212353971924
    ],
    "23": [
        -0.26101424367886006,
        1.6475781530841043
    ],
    "24": [
        0.10305761388132062,
        -0.9596132833865489
    ],
    "25": [
        -0.683841330261993,
        -0.33070029075583873
    ],
    "26": [
        -1.514005712337547,
        -1.4263237480156943
    ],
    "27": [
        -0.8791651155854465,
        -1.0316039431702173
    ],
    "28": [
        -0.17839461829420067,
        0.5069614847833409
    ],
    "29": [
        0.45306917116801815,
        1.2976135701096765
    ],
    "30": [
        -0.5293806219892772,
        -0.9102810939858869
    ],
    "31": [
        0.8151554020372962,
        0.014333361025010483
    ],
    "32": [
        -1.1470536356360241,
        -1.2165442450999593
    ],
    "33": [
        2.002197426005546,
        2.1351500424132013
    ],
    "34": [
        1.0820485492599623,
        2.6633922171219955
    ],
    "35": [
        1.0544288263227406,
        1.3979618924972597
    ],
    "36": [
        2.191937032167128,
        2.8452165840523946
    ],
    "37": [
        1.977322051791547,
        1.6188884752972106
    ],
    "38": [
        1.626061272646064,
        2.413943889033639
    ],
    "39": [
        1.2494828052075722,
        1.7502900203667648
    ]
}