{
    "0": [
        7.166528682380625,
        0.7786384674791424
    ],
    "1": [
        7.197812695650408,
        3.4986869196051926
    ],
    "2": [
        0.5069859079026624,
        2.992023478635349
    ],
    "3": [
        7.060518664757506,
        0.6506979338093206
    ],
    "4": [
        7.291527961934101,
        0.8619918890398655
    ],
    "5": [
        1.1053648256390454,
        4.040338306017844
    ],
    "6": [
        7.117578985901084,
        3.456767783342874
    ],
    "7": [
        7.570543260872195,
        3.364747095799429
    ],
    "8": [
        7.086620688875666,
        3.902877806723856
    ],
    "9": [
        1.336905156527326,
        3.94304697590068
    ],
    "10": [
        0.2915595305954786,
        4.27127930370055
    ],
    "11": [
        1.096883334089794,
        4.079862095007266
    ],
    "12": [
        -1.9164641971583682,
        3.845562774001967
    ],
    "13": [
        -1.663592878038412,
        3.7544657169376032
    ],
    "14": [
        -1.880367447319697,
        3.9263312478417034
    ],
    "15": [
        -2.1126641051112585,
        3.50392468004888
    ],
    "16": [
        -2.3196060322599834,
        4.059867881820467
    ],
    "17": [
        -9.281274423252103,
        -11.98825238997458
    ],
    "18": [
        0.6396155585495813,
        2.5187584515655637
    ],
    "19": [
        -8.90052517369247,
        -11.870472424275313
    ],
    "20": [
        -9.565386851895404,
        -12.048548664384004
    ],
    "21": [
        -9.280533586718038,
        -11.736949375922446
    ],
    "22": [
        -9.21327563143364,
        -12.252937424505927
    ],
    "23": [
        0.6652450732038953,
        2.4472914717847205
    ]
}