{
    "0": [
        -2.675418706288227,
        3.0964260960338965
    ],
    "1": [
        -1.5574006569844407,
        4.105735349613478
    ],
    "2": [
        -1.0828692550291916,
        4.050234144911005
    ],
    "3": [
        -1.2065892534274112,
        4.589523140927744
    ],
    "4": [
        -2.104600299493085,
        2.785984225134313
    ],
    "5": [
        -1.7573121152437654,
        2.9376000903179134
    ],
    "6": [
        -0.32429368381939055,
        2.008681159714922
    ],
    "7": [
        -2.2107314293482725,
        1.7721502339947344
    ],
    "8": [
        -1.494921277584506,
        0.2871588980765356
    ],
    "9": [
        -5.626612404036806,
        0.3190176276985976
    ],
    "10": [
        0.7993813006761309,
        4.136382528727395
    ],
    "11": [
        -5.90482876923722,
        4.582036581848216
    ],
    "12": [
        -1.3295187184510484,
        2.9380859222187987
    ],
    "13": [
        0.33954216022356437,
        3.3695881768049025
    ],
    "14": [
        -0.19269921722179287,
        2.595478308236062
    ],
    "15": [
        -1.367258474877957,
        6.105650859071967
    ],
    "16": [
        -2.309888315097016,
        4.147958233332649
    ],
    "17": [
        -4.952466129689067,
        5.047569683195667
    ],
    "18": [
        -5.700248267154954,
        2.174541068280813
    ],
    "19": [
        -8.114124601568692,
        4.5668935723841555
    ],
    "20": [
        -1.8745237425461647,
        -0.752141000690695
    ],
    "21": [
        -10.006392314927536,
        3.4595419231908973
    ],
    "22": [
        -9.28885211166708,
        2.49471448793443
    ],
    "23": [
        -6.02883722481709,
        3.0559410005787946
    ],
    "24": [
        -0.9000644267742539,
        -0.8249168087665325
    ],
    "25": [
        -3.5672353413242894,
        1.4704731920035492
    ],
    "26": [
        1.1642431139220628,
        1.1549814055969632
    ],
    "27": [
        1.3553467346631736,
        1.6433549272016725
    ],
    "28": [
        -1.9177163122132708,
        -2.2743655239173015
    ],
    "29": [
        1.5934115997071898,
        -0.5355232309397878
    ],
    "30": [
        2.1770276067271532,
        3.3875007762636167
    ],
    "31": [
        2.0706770460554025,
        1.747930141240222
    ],
    "32": [
        1.6732786287086685,
        2.4618650824267068
    ],
    "33": [
        1.0246697112151832,
        0.8570153547238447
    ],
    "34": [
        2.71091497560613,
        -0.18533922510904552
    ],
    "35": [
        2.6690402383112004,
        1.0817489066800718
    ],
    "36": [
        3.1542824403567327,
        -0.055565082844938926
    ],
    "37": [
        0.15418844703598278,
        0.47897817289248673
    ],
    "38": [
        1.8229344064912352,
        -0.026085121327303187
    ],
    "39": [
        2.1227445693340847,
        -1.103355417064749
    ],
    "40": [
        0.2642324417370857,
        1.7772586621021789
    ],
    "41": [
        -2.49124809234466,
        -1.9070281741357202
    ],
    "42": [
        0.10430254054311217,
        -2.651723219074613
    ],
    "43": [
        -7.620936001486058,
        2.7893619870127893
    ],
    "44": [
        -4.3068970425173765,
        -0.23639915394267158
    ],
    "45": [
        -4.563838992327144,
        1.0340923637963493
    ],
    "46": [
        -3.259525458753408,
        -4.154060855143861
    ],
    "47": [
        0.6126103874306018,
        -4.145904326784723
    ],
    "48": [
        -5.2316798134695635,
        -2.831709579499032
    ],
    "49": [
        12.048655724920764,
        -5.015030296517686
    ],
    "50": [
        13.115270174724404,
        -6.041617103590837
    ],
    "51": [
        11.182543820725723,
        -4.708124565255912
    ],
    "52": [
        13.388709802895319,
        -5.4099376493180005
    ],
    "53": [
        6.033631785980129,
        -3.0841954572535144
    ],
    "54": [
        12.568075419036829,
        -6.462865859647825
    ],
    "55": [
        13.538421164887398,
        -4.741323848384591
    ],
    "56": [
        14.462463161802562,
        -6.847740975307728
    ],
    "57": [
        14.96862514242248,
        -5.98517698317558
    ],
    "58": [
        15.09103072014687,
        -4.994674257873244
    ],
    "59": [
        13.304400832897407,
        -4.096908963772655
    ],
    "60": [
        -2.090540925581674,
        -4.151378248400477
    ],
    "61": [
        -2.2064063533571483,
        -6.00360345656191
    ],
    "62": [
        -5.025141280840406,
        -4.356638617960525
    ],
    "63": [
        -3.2997310110681912,
        -5.392524029090308
    ],
    "64": [
        -0.9385071853206515,
        -5.247744337868568
    ],
    "65": [
        -2.6155386740542395,
        -5.569846914309346
    ],
    "66": [
        -2.375409153763427,
        -4.586896994014699
    ],
    "67": [
        -1.261782825366234,
        -3.297898945820968
    ],
    "68": [
        -0.8302179708930465,
        -4.50847812854606
    ],
    "69": [
        -2.5823684027134375,
        -4.096026700849587
    ],
    "70": [
        -0.11352095195312618,
        -3.1706285874921907
    ],
    "71": [
        -3.6674218528314726,
        -3.6057127444746255
    ],
    "72": [
        -4.4512427287378795,
        -2.0061427492058126
    ],
    "73": [
        2.358086837430067,
        -6.446353925949716
    ],
    "74": [
        2.7826202888521014,
        -6.261403181950382
    ],
    "75": [
        2.861003178620749,
        -4.481142086483242
    ],
    "76": [
        2.9286095681900877,
        -3.4813503320933097
    ],
    "77": [
        3.1577626127403513,
        -2.3997267769472757
    ],
    "78": [
        -3.684564246612854,
        0.7571727460396654
    ],
    "79": [
        -5.076679536702287,
        -0.6680308531210515
    ],
    "80": [
        3.535594536991239,
        0.3958714997254587
    ],
    "81": [
        3.6081758589920527,
        3.582619048476846
    ],
    "82": [
        1.0611111438470158,
        1.7289157779139472
    ],
    "83": [
        -0.2468427776523478,
        -0.39335953220124636
    ],
    "84": [
        1.151884386163034,
        -0.0275936399137171
    ],
    "85": [
        5.458828137400321,
        -5.023186253589259
    ],
    "86": [
        6.4881668586888495,
        -2.548182651167953
    ],
    "87": [
        4.7208862308033925,
        -4.442651766379451
    ],
    "88": [
        4.122977394768468,
        -4.735921723116808
    ],
    "89": [
        0.4827832686953322,
        -1.277376001749609
    ],
    "90": [
        4.283195449251759,
        2.5095932053604493
    ],
    "91": [
        -0.8051814352677349,
        1.2061874330860751
    ],
    "92": [
        4.367624033266557,
        -1.7919771484131726
    ],
    "93": [
        -3.566913282343317,
        -2.432569099651237
    ],
    "94": [
        -5.198150865789665,
        -1.598760282158381
    ],
    "95": [
        -4.525524692741955,
        -1.2733055388198251
    ],
    "96": [
        -5.806524172518595,
        -3.7756893522053803
    ],
    "97": [
        -4.237789742044023,
        -2.837297745297125
    ],
    "98": [
        1.010213083170288,
        2.477248558543912
    ],
    "99": [
        -6.219666190901255,
        1.6491016445778968
    ],
    "100": [
        -7.1211246078344965,
        1.5302499646831678
    ],
    "101": [
        -6.222115707402157,
        0.7529116026250033
    ],
    "102": [
        3.8847209942882532,
        -5.809466438014688
    ],
    "103": [
        -10.89615302831512,
        1.4661558148468177
    ],
    "104": [
        -8.315553499004551,
        -1.9370194189926495
    ],
    "105": [
        -13.894780631135642,
        1.4062945211496698
    ],
    "106": [
        -13.779448491373197,
        2.336116456085608
    ],