{
    "0": [
        -11.257995352951783,
        5.924506546003713
    ],
    "1": [
        -9.36627565892912,
        5.107497623044451
    ],
    "2": [
        -12.080867228147937,
        5.877621978159024
    ],
    "3": [
        -11.561348827488345,
        6.526115188103533
    ],
    "4": [
        -11.688504157749568,
        5.336526495810056
    ],
    "5": [
        -10.605440527518084,
        7.3235601636322905
    ],
    "6": [
        -4.8175124592775225,
        1.293811088741687
    ],
    "7": [
        -5.552702082364618,
        5.324640119496583
    ],
    "8": [
        -12.560501685474591,
        6.830812479838457
    ],
    "9": [
        -6.916688115291443,
        -14.756687482516499
    ],
    "10": [
        -8.25364093537643,
        -16.738032754934938
    ],
    "11": [
        -5.332796514113484,
        -14.980712608085808
    ],
    "12": [
        -6.757969018815055,
        -15.353048947421794
    ],
    "13": [
        -4.663924720199739,
        -13.038721783716586
    ],
    "14": [
        -5.73199028781841,
        -14.533950616276258
    ],
    "15": [
        -6.180611220705065,
        -14.95040019298123
    ],
    "16": [
        -6.182265596585607,
        -15.644243381725179
    ],
    "17": [
        -9.982083962317022,
        -18.682126658613836
    ],
    "18": [
        3.4022894580926395,
        -0.5103356355968434
    ],
    "19": [
        2.3973502528287765,
        -0.3576000271931951
    ],
    "20": [
        5.576467713324593,
        -2.4453060445598847
    ],
    "21": [
        2.5170484795719474,
        -0.01621516292420798
    ],
    "22": [
        4.842870100179788,
        -1.6539346427102573
    ],
    "23": [
        3.1725685211321655,
        1.0658617126317456
    ],
    "24": [
        1.8495858187237542,
        -1.4349135519839287
    ],
    "25": [
        0.6768510453092167,
        -2.0960127031998694
    ],
    "26": [
        4.134112473777392,
        -0.33295322937467864
    ],
    "27": [
        3.299390765214356,
        1.863644634048247
    ],
    "28": [
        1.4187196634122834,
        -1.1471311992345892
    ],
    "29": [
        1.4359896161412693,
        -0.11120398778431502
    ],
    "30": [
        5.718968553067517,
        0.7519213086185623
    ],
    "31": [
        0.7495810348714409,
        1.5265437555034334
    ],
    "32": [
        1.9675245662854037,
        -0.3182668510635417
    ],
    "33": [
        0.13829697565394003,
        0.38616033811011524
    ],
    "34": [
        3.194879591105156,
        -2.1897286148564237
    ],
    "35": [
        6.543420541631282,
        -2.1560123516024654
    ],
    "36": [
        3.9185525561989296,
        1.4427059554487998
    ],
    "37": [
        1.4973977702340056,
        1.5110824785140373
    ],
    "38": [
        1.1493494168722174,
        0.8581266120966122
    ],
    "39": [
        4.065942616991755,
        -2.2399373560741402
    ],
    "40": [
        1.8486999395750168,
        -3.2836777776342174
    ],
    "41": [
        3.2474422251463433,
        0.03561207788773306
    ],
    "42": [
        6.874319023497949,
        1.0617050643937804
    ],
    "43": [
        6.622373524285819,
        -1.2604906481394222
    ],
    "44": [
        2.0249713957039,
        2.8550527352813804
    ],
    "45": [
        4.324062770896888,
        1.324118634839024
    ],
    "46": [
        2.9065538866677407,
        -1.0636878553967057
    ],
    "47": [
        2.273197791250258,
        1.1008828354544566
    ],
    "48": [
        3.029656525190107,
        -2.729523954392667
    ],
    "49": [
        0.04249433075950853,
        -1.689791965168855
    ],
    "50": [
        1.15274236755292,
        -1.3215124069929425
    ],
    "51": [
        -1.621275748987066,
        -0.19378841545699307
    ],
    "52": [
        -0.6216743186142355,
        -1.173364747148885
    ],
    "53": [
        -0.6630356403876032,
        -0.6075559765515351
    ],
    "54": [
        -0.7092408524208199,
        0.15454554520386848
    ],
    "55": [
        -1.8035342425296268,
        -1.9242641305675972
    ],
    "56": [
        -2.2406676579340274,
        0.2690074808607041
    ],
    "57": [
        2.860055294397239,
        3.3587874967918823
    ],
    "58": [
        3.2337304490316487,
        2.668472263654962
    ],
    "59": [
        -0.796733193935822,
        -6.774573300560169
    ],
    "60": [
        2.5873473365896213,
        1.6591315300591234
    ],
    "61": [
        0.008901343739949451,
        -4.587294084988826
    ],
    "62": [
        1.6434482438777618,
        1.9213987334561722
    ],
    "63": [
        0.31715849093074255,
        -5.403438512679869
    ],
    "64": [
        -5.630321867633811,
        -16.784502860364597
    ],
    "65": [
        -5.509614950828378,
        -15.483351225665059
    ],
    "66": [
        -4.672166833361874,
        -17.241534049636318
    ],
    "67": [
        -6.115760272298818,
        -17.86035996521497
    ],
    "68": [
        -3.588566584855876,
        -10.842364178788811
    ],
    "69": [
        -4.96164583727932,
        -15.664730343086706
    ],
    "70": [
        -7.07028308944035,
        -16.38116268453393
    ],
    "71": [
        -1.7039220588550503,
        2.2580778831929167
    ],
    "72": [
        -1.5527301799370634,
        1.2111037777215627
    ],
    "73": [
        -2.8163977082171265,
        1.03495448095613
    ],
    "74": [
        2.8118604534278426,
        -4.269951495120956
    ],
    "75": [
        -3.1751782550559304,
        -1.086892748086107
    ],
    "76": [
        -1.8464975214930388,
        -3.4967348380509575
    ],
    "77": [
        0.7789215708654594,
        -4.983961159968805
    ],
    "78": [
        2.2464126965358315,
        -4.719610890993034
    ],
    "79": [
        1.5970841395273814,
        -6.363289424549681
    ],
    "80": [
        -1.0919621375176856,
        4.345666138002015
    ],
    "81": [
        -1.8836302191078471,
        3.272821898762451
    ],
    "82": [
        -0.29462843263625615,
        4.389446169529793
    ],
    "83": [
        -1.6055218101438007,
        3.916823466024958
    ],
    "84": [
        0.766578070642566,
        5.319674513061959
    ],
    "85": [
        -1.5873376280922462,
        -6.343565512491895
    ],
    "86": [
        7.643169796655905,
        -0.16103142180912086
    ],
    "87": [
        7.647662951921242,
        -1.0367004115166922
    ],
    "88": [
        4.956620401486469,
        5.635306389384666
    ],
    "89": [
        5.595840586604177,
        3.9863771001385473
    ],
    "90": [
        5.190136649198567,
        4.048009135995088
    ],
    "91": [
        0.27630901359712134,
        3.405859649771777
    ],
    "92": [
        5.440597540052784,
        5.404372080515209
    ],
    "93": [
        3.538815409072747,
        3.7419913396887585
    ],
    "94": [
        5.84109243842053,
        2.811200930686971
    ],
    "95": [
        4.147949589093512,
        4.430387469765379
    ],
    "96": [
        3.7720343897589386,
        5.243988015510006
    ],
    "97": [
        4.934960322892876,
        0.7030001819019845
    ],
    "98": [
        7.228290050462702,
        2.0831404867295458
    ],
    "99": [
        4.250145015821392,
        -4.342997428606385
    ],
    "100": [
        4.590923544977729,
        -5.026753942357793
    ],
    "101": [
        2.8052034659156804,
        4.563132578893246
    ],
    "102": [
        10.031120961133194,
        1.8750778721972494
    ],
    "103": [
        6.839971963267139,
        -7.194985110757901
    ],
    "104": [
        -14.806977986920547,
        8.083160386688984
    ],
    "105": [
        0.2543667695733345,
        8.39542558138458
    ],
    "106": [
        2.451154022313688,
        -9.183911311795114
    ]
}