{
    "0": [
        -1.263653141098469,
        -5.312178106012088
    ],
    "1": [
        -0.03627642905899438,
        -5.631761430261409
    ],
    "2": [
        0.8404755477609525,
        -4.874791948387798
    ],
    "3": [
        -1.539731852469826,
        -1.942335394951177
    ],
    "4": [
        -2.0058622835291233,
        -7.1148273714992225
    ],
    "5": [
        -0.13597375709003204,
        -7.112322959249219
    ],
    "6": [
        -1.4947330890751036,
        -8.025806825639705
    ],
    "7": [
        -0.2102952014058511,
        -2.429088944220937
    ],
    "8": [
        1.884519510634415,
        -4.998558602140079
    ],
    "9": [
        -0.3485435086787445,
        -6.6936714467484615
    ],
    "10": [
        2.5852300798890164,
        -8.011600307634986
    ],
    "11": [
        0.7051258707161515,
        -8.351615024719814
    ],
    "12": [
        1.5652907350115697,
        -3.7862389877042375
    ],
    "13": [
        2.493077490222307,
        -1.8826243960016562
    ],
    "14": [
        -1.283400715732636,
        0.32660472269518287
    ],
    "15": [
        -1.3457596731513501,
        -0.5237994777404775
    ],
    "16": [
        -2.416547904216495,
        -0.6243248920376208
    ],
    "17": [
        -1.495189455594371,
        -4.530069412281018
    ],
    "18": [
        2.2483648616094833,
        -3.1894190740779105
    ],
    "19": [
        -2.1743476306829645,
        -1.1413009726153622
    ],
    "20": [
        4.067899702873373,
        -4.489496383407023
    ],
    "21": [
        -2.6356875407472846,
        0.9907827893568475
    ],
    "22": [
        -1.3349864352537248,
        -3.874001351797573
    ],
    "23": [
        0.6455846345781254,
        -6.064104739056954
    ],
    "24": [
        2.652937615499893,
        -4.504023472792851
    ],
    "25": [
        3.681106806204066,
        -2.6583437137665182
    ],
    "26": [
        0.0588442408446603,
        0.15555152241051506
    ],
    "27": [
        -2.717556130334247,
        0.34401618348216817
    ],
    "28": [
        -5.066955522375457,
        0.5313044953528594
    ],
    "29": [
        -2.305106369593164,
        3.678562948473419
    ],
    "30": [
        1.482209187506463,
        1.4933255697256214
    ],
    "31": [
        -2.2803898585758793,
        4.489471012541988
    ],
    "32": [
        -0.5414280854996553,
        -0.7867910110699845
    ],
    "33": [
        1.8724462672886952,
        -0.5496528791395344
    ],
    "34": [
        2.845864377648765,
        -0.22486496300343278
    ],
    "35": [
        0.9822690699873243,
        -0.037022067974995826
    ],
    "36": [
        -1.9614477122512937,
        0.3323335326246245
    ],
    "37": [
        1.810868763071934,
        4.3708335302520736
    ],
    "38": [
        -0.7143039648662526,
        -2.096111140512713
    ],
    "39": [
        -8.726409489169551,
        3.8814997139680463
    ],
    "40": [
        -9.563148638585945,
        2.8191840213529584
    ],
    "41": [
        -7.7869932808863815,
        1.8016602134957538
    ],
    "42": [
        -0.4121130715448027,
        -3.3289098318122887
    ],
    "43": [
        4.275604120424958,
        -5.5996295139612435
    ],
    "44": [
        6.079011587489457,
        -6.207835775003752
    ],
    "45": [
        4.233360543417643,
        -8.541539251681481
    ],
    "46": [
        4.560927576671804,
        -7.0238238162614905
    ],
    "47": [
        5.552843150508743,
        -6.644388352303642
    ],
    "48": [
        3.159505801456566,
        -3.572414886645152
    ],
    "49": [
        5.134692304490749,
        -4.7449138135568845
    ],
    "50": [
        3.806668969231047,
        -6.459901642794732
    ],
    "51": [
        5.020805676079451,
        -3.957940398537761
    ],
    "52": [
        5.8039121406771645,
        -4.105927881936868
    ],
    "53": [
        1.8576503830330726,
        -8.668591317817397
    ],
    "54": [
        6.142215426316791,
        -3.212514461696737
    ],
    "55": [
        6.393268872495383,
        -5.20781015721278
    ],
    "56": [
        7.115454261969396,
        -7.4726708899422105
    ],
    "57": [
        6.35409069507847,
        -3.648674645337389
    ],
    "58": [
        6.470727920997573,
        -5.787501300956739
    ],
    "59": [
        7.548327171903361,
        -4.344189169562513
    ],
    "60": [
        4.781743122022281,
        -11.620389222667589
    ],
    "61": [
        6.163333111067931,
        -14.140574408104671
    ],
    "62": [
        7.962929754054581,
        -3.3958755758188452
    ],
    "63": [
        -3.400589109056098,
        1.5449957599832163
    ],
    "64": [
        -13.179408208114408,
        6.544299598308723
    ],
    "65": [
        -13.66895059038827,
        7.197080641491628
    ],
    "66": [
        -12.497442103983225,
        7.71409847601777
    ],
    "67": [
        -13.015745999385278,
        7.070359541021489
    ],
    "68": [
        -10.663293713080039,
        6.3201191905763885
    ],
    "69": [
        -14.74625296304516,
        7.9009479933239195
    ],
    "70": [
        -14.41199559422574,
        6.265370936237561
    ],
    "71": [
        -12.975460223367017,
        7.953823574947976
    ],
    "72": [
        -11.091497062638005,
        4.76576883559149
    ],
    "73": [
        -14.845383631274581,
        5.863530075012633
    ],
    "74": [
        -11.418879852404316,
        5.563220452699446
    ],
    "75": [
        -6.54972260732255,
        5.945001493013673
    ],
    "76": [
        -5.281027329452507,
        4.993622743371965
    ],
    "77": [
        1.2877871728422494,
        -5.281410466571371
    ],
    "78": [
        1.558747687528493,
        -11.96791927722371
    ],
    "79": [
        0.8324982268170253,
        -11.581958520135636
    ],
    "80": [
        2.251145619482803,
        -7.551510746212894
    ],
    "81": [
        2.6931044725109583,
        -11.850137292053962
    ],
    "82": [
        2.0662003706747853,
        -11.440471736464634
    ],
    "83": [
        -0.025477780603969137,
        -9.480411410580272
    ],
    "84": [
        3.283305806269218,
        -11.273625481372937
    ],
    "85": [
        -13.084845309456577,
        4.422232298061005
    ],
    "86": [
        -4.420472189977915,
        5.740385403637506
    ],
    "87": [
        -6.107714523375788,
        7.214120330190897
    ],
    "88": [
        -4.783670223791764,
        6.617468133200442
    ],
    "89": [
        -5.536867189128573,
        6.6784610101639945
    ],
    "90": [
        -5.482430337454266,
        3.5893055555602618
    ],
    "91": [
        -5.845474593249462,
        7.751476841648113
    ],
    "92": [
        -4.85873796715174,
        7.4523262763810685
    ],
    "93": [
        -5.329358681794739,
        7.888710057695926
    ],
    "94": [
        -6.898209163885091,
        4.85209358710198
    ],
    "95": [
        -3.8043533718406133,
        6.1572912265364375
    ],
    "96": [
        7.84190099514517,
        13.580666579572005
    ],
    "97": [
        9.674659137273975,
        16.39885732139664
    ],
    "98": [
        4.967833832713848,
        9.186914807377756
    ],
    "99": [
        9.774346070981991,
        14.64950591994499
    ],
    "100": [
        8.040740484091511,
        15.768599582391449
    ],
    "101": [
        8.984838176702224,
        15.321545244820458
    ],
    "102": [
        10.940476262958496,
        18.345748473743573
    ],
    "103": [
        -2.576298024889149,
        -6.818679965939166
    ],
    "104": [
        -4.613988407258511,
        1.4282152457433501
    ],
    "105": [
        -2.143089303109355,
        -8.903661852447573
    ],
    "106": [
        -4.877450212980599,
        -2.0610676252441285
    ],
    "107": [
        3.1142468139188493,
        1.8073008388423213
    ]
}