{
    "0": [
        0.9817104432071435,
        0.8292184849448431
    ],
    "1": [
        3.202060810946533,
        0.6761341429791404
    ],
    "2": [
        -1.2759155668157367,
        0.3254351192996935
    ],
    "3": [
        1.1047185160402904,
        -0.11408986323822178
    ],
    "4": [
        -1.1147849713856879,
        2.0125884755983035
    ],
    "5": [
        -0.35234075248671304,
        2.06432639253884
    ],
    "6": [
        1.6929915489910667,
        -1.2860290159547367
    ],
    "7": [
        0.22428218816962237,
        2.7448634920123345
    ],
    "8": [
        0.9493717293921686,
        -0.7642289191083678
    ],
    "9": [
        2.637239261068272,
        -2.305632441976014
    ],
    "10": [
        1.4709851120607074,
        -1.7658678312105018
    ],
    "11": [
        2.2633566598175245,
        -2.680386978124167
    ],
    "12": [
        3.3883924430352783,
        -2.3637250056973875
    ],
    "13": [
        2.269659373922217,
        -0.4405843094909817
    ],
    "14": [
        3.6367453555830656,
        -4.0123615562065105
    ],
    "15": [
        3.4021915413733517,
        -1.365622491144449
    ],
    "16": [
        -2.0426854160014027,
        1.437299306443942
    ],
    "17": [
        -2.700079725507457,
        1.4653657609498898
    ],
    "18": [
        1.24542775083385,
        2.8247027855357025
    ],
    "19": [
        4.311424694594422,
        -1.9431875307699948
    ],
    "20": [
        2.6312234633783924,
        -1.104782561718961
    ],
    "21": [
        -0.2485849042528256,
        0.4791531935924275
    ],
    "22": [
        3.4710262344820784,
        -0.6895110534697647
    ],
    "23": [
        0.11529619905069537,
        4.563497610359912
    ],
    "24": [
        -2.4615391662528525,
        2.603467668725956
    ],
    "25": [
        -0.03252832630067934,
        5.562869666104915
    ],
    "26": [
        1.2373877963229996,
        7.0963378860750606
    ],
    "27": [
        -0.6838786581640196,
        5.929774528078292
    ],
    "28": [
        0.10625409652093133,
        0.694179605276178
    ],
    "29": [
        -0.09036415971606984,
        7.7082329719236355
    ],
    "30": [
        2.719341010812013,
        6.634139723362941
    ],
    "31": [
        -1.437196499625669,
        6.942279597868156
    ],
    "32": [
        0.3647324808983938,
        3.922273393807786
    ],
    "33": [
        -0.7516623964613153,
        4.243115739051716
    ],
    "34": [
        1.0767948939240248,
        5.173449453975891
    ],
    "35": [
        -1.2497550570057516,
        5.702191269419792
    ],
    "36": [
        0.3289114494954462,
        7.011708589233113
    ],
    "37": [
        -6.4202992131603125,
        2.3363940455654775
    ],
    "38": [
        -5.730622118905702,
        1.3185479992961195
    ],
    "39": [
        -1.6231252721530118,
        -0.9764016922218505
    ],
    "40": [
        -3.29292637416985,
        0.03830405085494646
    ],
    "41": [
        -4.011083677050302,
        -2.849908338383864
    ],
    "42": [
        -1.9923769561747744,
        6.335005911081745
    ],
    "43": [
        1.5407762863174903,
        8.607678579671306
    ],
    "44": [
        -4.642017886001144,
        1.728885501269103
    ],
    "45": [
        -3.9402332977321564,
        3.5657038791250657
    ],
    "46": [
        -3.9604042320565487,
        5.329544784540784
    ],
    "47": [
        -3.270131663065946,
        2.0415417365784867
    ],
    "48": [
        -2.4767565047589053,
        3.353346477591013
    ],
    "49": [
        -7.501992980493159,
        -0.3301565116804642
    ],
    "50": [
        -5.482636241888047,
        -1.4050634044526698
    ],
    "51": [
        -3.853295642070072,
        -0.8120178316822112
    ],
    "52": [
        -0.9604594354935997,
        -0.8297464234501881
    ],
    "53": [
        4.022471328679689,
        1.7007479258826235
    ],
    "54": [
        -0.7959795556880075,
        4.728671870381228
    ],
    "55": [
        -2.57285108138691,
        5.710680151487805
    ],
    "56": [
        -1.570368205436875,
        4.584805368088222
    ],
    "57": [
        -10.976930705098559,
        -0.8728920936341715
    ],
    "58": [
        -10.150277428221907,
        -0.714286983265386
    ],
    "59": [
        -7.0100207987616505,
        -0.7165846348863324
    ],
    "60": [
        -13.954467803969461,
        -0.716271498988196
    ],
    "61": [
        -13.859238035889852,
        -1.6753822520727997
    ],
    "62": [
        7.396308549487515,
        -4.3112617962902355
    ],
    "63": [
        -1.6218698953300215,
        3.028447808544332
    ],
    "64": [
        -3.1891619611757003,
        3.209086871228406
    ],
    "65": [
        -5.353352711666116,
        1.6996187804614253
    ],
    "66": [
        -3.4041906822442147,
        5.958272015747173
    ],
    "67": [
        -1.1044345584231343,
        2.822591311012281
    ],
    "68": [
        -5.376419724935474,
        2.441796217944594
    ],
    "69": [
        -7.600929163266389,
        -3.437313599047164
    ],
    "70": [
        -6.473053126728882,
        -3.20292933512988
    ],
    "71": [
        -9.968255868047407,
        -1.6462543495973805
    ],
    "72": [
        -8.410415541625941,
        0.3424842326327885
    ],
    "73": [
        -9.356348652659435,
        -4.083115671437795
    ],
    "74": [
        -8.427692330194848,
        0.9561610111550242
    ],
    "75": [
        -9.667734105132423,
        -2.3705155258050596
    ],
    "76": [
        -2.419533645977348,
        -0.47008414879919197
    ],
    "77": [
        -5.711392089729798,
        8.092792823470104
    ],
    "78": [
        -0.338741065784194,
        7.1433309358616475
    ],
    "79": [
        -7.4341629708462165,
        2.9680670256316866
    ],
    "80": [
        -7.603695078196234,
        2.175227406576216
    ],
    "81": [
        -7.811395413310786,
        3.878426244941813
    ],
    "82": [
        0.46676927010793157,
        10.828047633890227
    ],
    "83": [
        11.687110662848843,
        2.8076882296581176
    ],
    "84": [
        15.208055328700608,
        3.1183757221721526
    ],
    "85": [
        17.548335842252833,
        3.327593465394044
    ],
    "86": [
        16.555349033955505,
        3.4369975555982655
    ],
    "87": [
        14.208695876534819,
        2.7786958305204554
    ],
    "88": [
        -5.728694926982692,
        -0.07435537265466784
    ],
    "89": [
        -3.008343543838747,
        -2.77068727370238
    ],
    "90": [
        20.926543866072503,
        4.032603633826652
    ],
    "91": [
        -3.672589776475006,
        -4.197647159576191
    ],
    "92": [
        -1.9242698184639166,
        -3.6811515964308352
    ],
    "93": [
        -2.4814431994319754,
        -3.683492178693854
    ],
    "94": [
        -6.049563317764191,
        -2.5322414685246506
    ],
    "95": [
        -5.665947177053133,
        -5.560405687784846
    ],
    "96": [
        -6.803801555789975,
        -8.411846450610122
    ],
    "97": [
        -4.814733894806289,
        -6.1263895961562564
    ],
    "98": [
        -3.3752589223300475,
        -5.06213310556398
    ],
    "99": [
        -7.110976816730219,
        -4.757953867495045
    ],
    "100": [
        -4.078487079853359,
        -5.7064275235831055
    ],
    "101": [
        13.727333674914348,
        3.6408983351703625
    ],
    "102": [
        13.62693504735792,
        1.912956360631897
    ],
    "103": [
        13.393302732989477,
        4.46560432556289
    ],
    "104": [
        -4.615124911236341,
        3.4665741695204644
    ],
    "105": [
        22.891707061778455,
        5.1835406460551265
    ],
    "106": [
        23.122813848506475,
        3.4466398894797745
    ],