{
    "0": [
        -3.0661869202603795,
        -6.7672209986462475
    ],
    "1": [
        -3.189665952059544,
        -5.74851060659854
    ],
    "2": [
        -3.0622833578610336,
        -7.287680704500102
    ],
    "3": [
        -2.393158589853909,
        -7.037869169870183
    ],
    "4": [
        -3.7462464054896305,
        -6.654383783909083
    ],
    "5": [
        -1.5037613462936383,
        -4.30327165781821
    ],
    "6": [
        -4.418034474564034,
        -3.8115160408817372
    ],
    "7": [
        -1.8750488291621072,
        -3.6860497868854867
    ],
    "8": [
        8.28026982988814,
        11.606294228688204
    ],
    "9": [
        6.8482784862100345,
        9.618121726491925
    ],
    "10": [
        9.261636789656752,
        10.860146291579474
    ],
    "11": [
        9.213297023124875,
        11.573703314735072
    ],
    "12": [
        7.441380505104496,
        11.237752971854915
    ],
    "13": [
        6.9479955499248955,
        11.577228779783184
    ],
    "14": [
        7.121741790655463,
        12.044352838758424
    ],
    "15": [
        8.655671076892107,
        12.36320547387196
    ],
    "16": [
        5.481820629887635,
        10.455015454214884
    ],
    "17": [
        5.785708820461951,
        7.211484405428562
    ],
    "18": [
        3.306478779495244,
        4.570770564176834
    ],
    "19": [
        5.309809864605507,
        8.085940594326512
    ],
    "20": [
        -1.512480862516336,
        -10.243786536554872
    ],
    "21": [
        -1.296171964450221,
        -5.330921537442627
    ],
    "22": [
        -1.6579779828042978,
        -14.003801700734368
    ],
    "23": [
        -1.0571618680406492,
        -1.3148211941715846
    ],
    "24": [
        -1.2934474459759577,
        -0.10127385230903305
    ],
    "25": [
        -1.0400821938980525,
        -8.620958321076994
    ],
    "26": [
        -0.8889629999120343,
        1.8221914392033627
    ],
    "27": [
        0.07848169058215675,
        2.1526529785720765
    ],
    "28": [
        -1.9621990926958452,
        1.1234232916467326
    ],
    "29": [
        -0.03732189352445662,
        3.066188145849326
    ],
    "30": [
        -1.0198901905860192,
        4.683761987925522
    ],
    "31": [
        -0.043736999948119915,
        6.01062083362579
    ],
    "32": [
        -0.24840351765212426,
        4.573899068731895
    ],
    "33": [
        -4.467750001596874,
        -1.2866828374505497
    ],
    "34": [
        0.2831749558287666,
        0.4681353842016344
    ],
    "35": [
        0.770104965621739,
        0.32902908716822077
    ],
    "36": [
        1.5366309566757685,
        0.39484756269889587
    ],
    "37": [
        -0.10420689201157884,
        -1.7798318089686733
    ],
    "38": [
        0.20237615299998168,
        -0.17625720809331005
    ],
    "39": [
        1.3170775274027358,
        -1.67112266584586
    ],
    "40": [
        -2.152590243134214,
        -1.9681592422100578
    ],
    "41": [
        -2.6213839351035837,
        1.6460249812239374
    ],
    "42": [
        -2.8504565298034885,
        0.36024011118364263
    ],
    "43": [
        0.9164129988771067,
        0.8788806697864049
    ],
    "44": [
        -3.081410636850907,
        2.5014564932065815
    ],
    "45": [
        -4.482675683358263,
        0.1945512591370531
    ],
    "46": [
        -1.5833863759755729,
        2.296135308542465
    ],
    "47": [
        -3.2141219088534556,
        -1.336220739935293
    ],
    "48": [
        -4.304234961937548,
        -2.939740569938157
    ],
    "49": [
        -5.0477587716308205,
        -0.9915761805797604
    ],
    "50": [
        10.890224252246185,
        -3.54657877877699
    ],
    "51": [
        12.834204335452593,
        -3.9918975562803034
    ],
    "52": [
        13.052721853655742,
        -3.5096835282176877
    ],
    "53": [
        11.375381951542781,
        -2.684345450262312
    ],
    "54": [
        13.821645066327237,
        -4.820081160100138
    ],
    "55": [
        11.448393634982265,
        -3.1893441468218278
    ],
    "56": [
        7.341779837716244,
        -2.07670583097978
    ],
    "57": [
        7.971234737781652,
        -1.9975455581517996
    ],
    "58": [
        11.949740926942551,
        -4.88477894094672
    ],
    "59": [
        9.280867174291465,
        -3.684633982073453
    ],
    "60": [
        2.393584205486266,
        -0.6328754533956007
    ],
    "61": [
        1.2951572874287371,
        1.6447577677076686
    ],
    "62": [
        0.6961379976975425,
        -1.7399572599782958
    ],
    "63": [
        3.5055776673745567,
        0.2498642720075144
    ],
    "64": [
        2.7925694218341426,
        -1.4092077484236727
    ],
    "65": [
        0.5420703907979152,
        -2.7716812982048644
    ],
    "66": [
        2.859862171161665,
        -4.466716178805259
    ],
    "67": [
        4.105192190154193,
        -1.5457501672156033
    ],
    "68": [
        3.5682419002789447,
        -3.8922118019749363
    ],
    "69": [
        2.7715116545809115,
        -2.393046873756364
    ],
    "70": [
        1.8498441875209664,
        8.778707153945541
    ],
    "71": [
        10.226746255684212,
        -1.9617392582267958
    ],
    "72": [
        -1.0345303298258297,
        -7.118101242070114
    ],
    "73": [
        -0.08991485038854591,
        -5.847821554127239
    ],
    "74": [
        -0.4053430342534951,
        -7.127650205588518
    ],
    "75": [
        -2.308725837146715,
        7.066583543509311
    ],
    "76": [
        0.8363347438993842,
        7.366606489941264
    ],
    "77": [
        1.5162688779920739,
        7.378314393249429
    ],
    "78": [
        -4.0385995951338645,
        3.709748825219471
    ],
    "79": [
        -1.7328369129774763,
        7.664259636133132
    ],
    "80": [
        -0.6061975434855815,
        7.217970810350163
    ],
    "81": [
        -0.5372202846381264,
        7.9751125670926895
    ],
    "82": [
        0.7736302989673002,
        5.2881582828801985
    ],
    "83": [
        0.06373226951335013,
        7.242788990389213
    ],
    "84": [
        -1.189493939369973,
        6.779966923036396
    ],
    "85": [
        2.4514926281310863,
        11.688134783873057
    ],
    "86": [
        1.5673007945247515,
        11.8086655206927
    ],
    "87": [
        3.4215205636965806,
        1.3052191315293078
    ],
    "88": [
        2.8623552894883524,
        2.3117162376754496
    ],
    "89": [
        3.367068690255628,
        1.916394778698712
    ],
    "90": [
        1.6501938595269916,
        -2.4929267082470603
    ],
    "91": [
        16.3411731209023,
        -5.897192871540773
    ],
    "92": [
        -0.599040532316995,
        9.163435958990252
    ],
    "93": [
        -5.876040031949638,
        1.8287047502619842
    ],
    "94": [
        -6.416231677063572,
        2.5211086763141926
    ],
    "95": [
        -6.194430743151969,
        0.4495887133388625
    ],
    "96": [
        -3.678143667774166,
        -2.288878318239668
    ],
    "97": [
        -4.564640540529988,
        1.4045715840145339
    ],
    "98": [
        -7.1858472457953635,
        -0.8617199426824407
    ],
    "99": [
        -9.22295184128593,
        -2.069973889334979
    ],
    "100": [
        -7.350146847582989,
        -2.3426233245999146
    ],
    "101": [
        -0.5390533673249092,
        -2.963878716837566
    ],
    "102": [
        -7.684095130549281,
        -1.7255239184483242
    ],
    "103": [
        -4.688900691850938,
        3.0378544173274475
    ],
    "104": [
        -4.7214077828441905,
        3.706084809093636
    ],
    "105": [
        -4.779792545747484,
        2.3744670210841443
    ],
    "106": [
        -3.4961099283628165,
        3.990116530054063
    ],