{
    "0": [
        -19.24687547124866,
        -3.464875240900996
    ],
    "1": [
        -17.502547554537834,
        -1.9356528832302822
    ],
    "2": [
        -19.94648209574283,
        -1.0660770748299744
    ],
    "3": [
        -12.335776139878927,
        -1.421218650687722
    ],
    "4": [
        -19.903473736508623,
        -2.9262169759280305
    ],
    "5": [
        -18.900563427382057,
        -1.024695366953293
    ],
    "6": [
        -19.955444950292993,
        -2.1174536248630274
    ],
    "7": [
        -16.11115321127626,
        -1.3390429518528932
    ],
    "8": [
        13.777160909054542,
        5.815170158516897
    ],
    "9": [
        15.48000381907653,
        7.07629713073274
    ],
    "10": [
        14.333516523487472,
        5.81388145305873
    ],
    "11": [
        12.714690929241577,
        5.911648816472093
    ],
    "12": [
        13.463762185441258,
        6.775996686950907
    ],
    "13": [
        11.44595554043104,
        4.195578139434074
    ],
    "14": [
        16.684039179706545,
        8.645624884161977
    ],
    "15": [
        14.965916640137474,
        7.743175536065647
    ],
    "16": [
        14.444291582079265,
        7.428025242437527
    ],
    "17": [
        9.285236842291157,
        3.606165935678215
    ],
    "18": [
        11.795832007170091,
        5.653494497362331
    ],
    "19": [
        10.166293753724553,
        4.229793920282727
    ],
    "20": [
        5.449428428953056,
        0.7981678217133823
    ],
    "21": [
        1.4392795830519025,
        -0.9180143926058193
    ],
    "22": [
        0.6980176133331902,
        -1.926246217713715
    ],
    "23": [
        -0.2677554874561152,
        -2.948533438075328
    ],
    "24": [
        4.608223541615928,
        -1.1878745643629203
    ],
    "25": [
        3.3987233871451648,
        -1.048849301684633
    ],
    "26": [
        1.9679282426190554,
        -4.694726029912888
    ],
    "27": [
        3.9271661491943046,
        0.27538520224338203
    ],
    "28": [
        -0.5191608701550244,
        -0.4445272548197988
    ],
    "29": [
        -1.360341013849231,
        1.6419589390942213
    ],
    "30": [
        4.378054047017238,
        -0.7231496668331548
    ],
    "31": [
        -1.5354699048705547,
        0.5399115273034365
    ],
    "32": [
        -3.124781167281449,
        -2.1242420356519487
    ],
    "33": [
        3.2400614524027653,
        -0.31441223092502796
    ],
    "34": [
        3.0160082472152663,
        0.39082680661038677
    ],
    "35": [
        4.331154164312333,
        -2.6694815681545045
    ],
    "36": [
        0.17439379209470807,
        1.199632336608537
    ],
    "37": [
        0.7578856378477541,
        -0.6096564457009782
    ],
    "38": [
        1.3574681855669009,
        -6.333985313752689
    ],
    "39": [
        -5.19975424143989,
        -0.9380104861478158
    ],
    "40": [
        -0.004867771752879047,
        -4.462469821038853
    ],
    "41": [
        -0.6487249220738299,
        0.5442489415986487
    ],
    "42": [
        -0.8244642687573558,
        -4.1253998225699124
    ],
    "43": [
        -3.051151804846822,
        -0.28532246798212113
    ],
    "44": [
        3.2723999506511503,
        -3.6233231172601053
    ],
    "45": [
        0.00011233668450945844,
        0.6569634385596835
    ],
    "46": [
        2.2630743212207305,
        -3.5761206459417694
    ],
    "47": [
        2.759302364023248,
        -4.827378706834241
    ],
    "48": [
        2.0578106855791276,
        -5.325200148497355
    ],
    "49": [
        -0.5749050065248758,
        -5.425246614685362
    ],
    "50": [
        -0.9892008876617524,
        -0.8247538830332385
    ],
    "51": [
        -1.3403686155861765,
        -3.392563010414223
    ],
    "52": [
        0.7318793789416385,
        -4.128130203265769
    ],
    "53": [
        2.050958654649872,
        -2.7858525146474262
    ],
    "54": [
        8.867820138321083,
        2.9826697474265886
    ],
    "55": [
        -0.17900547147315438,
        -1.6624785470279044
    ],
    "56": [
        -2.079009726904191,
        6.294807982554846
    ],
    "57": [
        -4.16718476203062,
        4.580389584261876
    ],
    "58": [
        -1.836292147091749,
        4.286944453991191
    ],
    "59": [
        1.9228845002946935,
        0.8223685238444274
    ],
    "60": [
        -1.109266685825818,
        -7.067348373045107
    ],
    "61": [
        5.000909810402859,
        -10.54125934536473
    ],
    "62": [
        5.690310413746122,
        -0.1854405930807408
    ],
    "63": [
        7.419594028162443,
        -1.7412468284728448
    ],
    "64": [
        7.053772284316352,
        -2.3637178122785203
    ],
    "65": [
        6.251555160155668,
        0.7445464643978601
    ],
    "66": [
        5.790132919193695,
        -13.987268826287213
    ],
    "67": [
        6.344380937298768,
        -16.435105307962612
    ],
    "68": [
        12.312363869027338,
        -11.412739710451243
    ],
    "69": [
        8.824012062176221,
        -11.65006960660444
    ],
    "70": [
        12.799324245864856,
        -9.303912024773442
    ],
    "71": [
        14.221248315834297,
        -11.349683601842061
    ],
    "72": [
        13.648469418365984,
        -11.501180398432952
    ],
    "73": [
        13.996966425446821,
        -10.83284903036778
    ],
    "74": [
        7.347313409719201,
        0.7096768832061752
    ],
    "75": [
        6.84426395299687,
        -0.20048081825669078
    ],
    "76": [
        14.949647006230629,
        8.665785005528761
    ],
    "77": [
        -2.747440149089536,
        -5.243566105339424
    ],
    "78": [
        -21.171189626603006,
        -0.6362220331047521
    ],
    "79": [
        -4.244661544921815,
        -4.008998295720717
    ],
    "80": [
        -14.476520497884232,
        -1.7199941695312542
    ],
    "81": [
        10.455841445754649,
        -5.087497992782728
    ],
    "82": [
        8.765574870164128,
        1.4311558599451963
    ],
    "83": [
        13.00048545238406,
        -5.472582098532612
    ],
    "84": [
        12.615110688101911,
        -6.343683146449735
    ],
    "85": [
        -2.8937397674985736,
        8.918342730468279
    ],
    "86": [
        -2.1687326721559033,
        9.019240763138358
    ],
    "87": [
        -5.067047327313507,
        -2.322956181132321
    ],
    "88": [
        -4.8446715280908625,
        -4.738254197731206
    ],
    "89": [
        -1.4906432227106892,
        -1.3561109124858641
    ],
    "90": [
        -5.058761210760798,
        -0.3792989148361749
    ],
    "91": [
        -5.335497423247114,
        -3.4966902972703715
    ],
    "92": [
        -6.087284960998782,
        1.1958804928016846
    ],
    "93": [
        -6.133194420516548,
        -1.8993875647051721
    ],
    "94": [
        -6.114799322804671,
        -3.5118958177758013
    ],
    "95": [
        -6.1649526670551795,
        -2.7076239414295693
    ],
    "96": [
        -5.555136390604389,
        -4.296611968529646
    ],
    "97": [
        3.355168672636757,
        -6.163741404937908
    ],
    "98": [
        2.985103200313067,
        -6.820556287409045
    ],
    "99": [
        1.9237809678107922,
        -7.818801457631679
    ],
    "100": [
        3.8123509953827397,
        -8.454647898401479
    ],
    "101": [
        -7.460866893354847,
        3.7064393140621994
    ],
    "102": [
        -8.547087592921804,
        2.5485860834496203
    ],
    "103": [
        -6.213058902098502,
        3.8704615852413853
    ],
    "104": [
        -8.8085022439992,
        1.6671776025786926
    ],
    "105": [
        -4.7425865291118585,
        2.6562457829181034
    ],
    "106": [
        -9.540046986250418,
        5.5450149709831305
    ],