{
    "0": [
        -9.065282172707471,
        7.109534904396299
    ],
    "1": [
        -9.350394281492026,
        7.937402127948214
    ],
    "2": [
        -7.793312851718599,
        7.348205839364631
    ],
    "3": [
        -7.379172396533201,
        5.364520455595149
    ],
    "4": [
        -10.15985105975026,
        6.911671338055082
    ],
    "5": [
        -9.61526498886006,
        7.445289381362816
    ],
    "6": [
        -10.280628202180864,
        8.72582316311302
    ],
    "7": [
        -9.793009341374756,
        9.485332740715984
    ],
    "8": [
        -3.1203364241704152,
        4.860245702413822
    ],
    "9": [
        -10.58465356670217,
        6.032902524351444
    ],
    "10": [
        -10.500647303132475,
        5.279979124600631
    ],
    "11": [
        -3.4540255431938305,
        3.4576482339121304
    ],
    "12": [
        -1.737932857545335,
        1.6835254959249575
    ],
    "13": [
        0.5473768845651759,
        1.9404929806081554
    ],
    "14": [
        -2.576228515651393,
        0.5470601085130192
    ],
    "15": [
        5.185201955809278,
        0.4135188559249585
    ],
    "16": [
        0.7018985175474235,
        -1.0899813027847527
    ],
    "17": [
        0.4815255887735823,
        4.500851181279431
    ],
    "18": [
        1.8572845889791454,
        4.4368929225835005
    ],
    "19": [
        0.011682624549144014,
        0.0629098058088979
    ],
    "20": [
        0.47200499230763254,
        0.7524246201230437
    ],
    "21": [
        -1.9162076065492406,
        4.599063090394398
    ],
    "22": [
        1.703470718570125,
        0.8810597851546789
    ],
    "23": [
        1.7669799459047582,
        3.428990666283388
    ],
    "24": [
        -1.0766752868075091,
        1.590595299702368
    ],
    "25": [
        -3.3791832289524835,
        0.8625600752705403
    ],
    "26": [
        -1.0439120366031973,
        1.1781078709654733
    ],
    "27": [
        -4.390239682237531,
        -0.8260361886577988
    ],
    "28": [
        -2.2797881960690565,
        -1.383839319907936
    ],
    "29": [
        0.2546759990761774,
        -0.22164080873696634
    ],
    "30": [
        0.6390770841782615,
        -0.7673370495986664
    ],
    "31": [
        2.6819648370280884,
        0.49999966234326026
    ],
    "32": [
        1.337000889992133,
        -1.3148878984707129
    ],
    "33": [
        -0.2983875197124874,
        -0.46825375786096596
    ],
    "34": [
        -0.21308666566023096,
        -1.2757916205639235
    ],
    "35": [
        -0.37616826736717984,
        2.451985110484165
    ],
    "36": [
        0.5251321883540045,
        -1.9124746066516194
    ],
    "37": [
        0.13287152967831137,
        -1.414240165441662
    ],
    "38": [
        -3.036850312887845,
        1.6986250778519087
    ],
    "39": [
        3.069820118902909,
        5.117018598958501
    ],
    "40": [
        3.8996410935292585,
        0.3224332730580854
    ],
    "41": [
        1.6790174813215484,
        0.38211435846045044
    ],
    "42": [
        0.8824523434814173,
        -6.201195512577023
    ],
    "43": [
        1.7455671659521794,
        -7.739786846427746
    ],
    "44": [
        0.7648554687605459,
        -7.028784866454109
    ],
    "45": [
        1.4088932195095516,
        -8.404046946058813
    ],
    "46": [
        -0.07001833529736576,
        -4.683547481104405
    ],
    "47": [
        0.28960821790808217,
        -4.98405595471626
    ],
    "48": [
        1.0770329805159007,
        -7.830047088198996
    ],
    "49": [
        1.3508961101850003,
        -4.819516128130555
    ],
    "50": [
        0.38379781914760025,
        -7.955124980209657
    ],
    "51": [
        -0.21872214652790226,
        -7.444429550298442
    ],
    "52": [
        -0.8280377780886666,
        0.0632927381365865
    ],
    "53": [
        -1.4527547731684287,
        -0.9565709838103433
    ],
    "54": [
        1.5102987218181578,
        1.645200228666842
    ],
    "55": [
        -3.090006424356213,
        -1.6360172096037264
    ],
    "56": [
        2.0942711176278026,
        2.361791078501129
    ],
    "57": [
        -5.214523275710087,
        2.5568903522475175
    ],
    "58": [
        0.7756368346430517,
        -2.8627977369147923
    ],
    "59": [
        -0.8012801115092644,
        -1.9057484983674675
    ],
    "60": [
        -2.104138431908044,
        -3.2622748114009106
    ],
    "61": [
        -4.713817667355335,
        -1.8127472784009544
    ],
    "62": [
        -5.061568855601116,
        -3.042873662110602
    ],
    "63": [
        -5.702943467463893,
        -2.581451545365309
    ],
    "64": [
        -5.033164256737655,
        -1.569620035685191
    ],
    "65": [
        -3.374512452657595,
        -2.791545377384981
    ],
    "66": [
        5.452059763698821,
        -1.5521493699318563
    ],
    "67": [
        7.886296404248675,
        0.4741083236170644
    ],
    "68": [
        5.320125586153386,
        1.1364631336242141
    ],
    "69": [
        5.9673004160453935,
        1.536480916163354
    ],
    "70": [
        3.82111973262192,
        -0.5358526940722382
    ],
    "71": [
        7.6192644258598685,
        2.3294554088475103
    ],
    "72": [
        5.659480638764761,
        -1.1612388273785077
    ],
    "73": [
        8.986886676695208,
        -0.17520327908915762
    ],
    "74": [
        5.973139834215028,
        0.6598426989737668
    ],
    "75": [
        8.807809980911113,
        -0.8644687235258298
    ],
    "76": [
        7.72682548513974,
        -1.4768307130276916
    ],
    "77": [
        4.928864542074084,
        3.399717945167931
    ],
    "78": [
        4.317403926053406,
        -0.4640698640262253
    ],
    "79": [
        1.6311921822749411,
        -1.9294574029903133
    ],
    "80": [
        2.655820089620657,
        -0.22636810963484919
    ],
    "81": [
        1.0217999444826042,
        -2.272371585748779
    ],
    "82": [
        0.7552677851186685,
        4.0275932762154545
    ],
    "83": [
        -6.93190125116934,
        0.7955177440690627
    ],
    "84": [
        -2.7934341834054424,
        3.151642388994011
    ],
    "85": [
        1.0873878575705078,
        -4.503695241455822
    ],
    "86": [
        -0.34048412865218036,
        -6.889152590816252
    ],
    "87": [
        1.2311717866303045,
        -11.689049016380869
    ],
    "88": [
        2.171980439900246,
        -11.59298849217094
    ],
    "89": [
        4.776276157929884,
        5.850610864488953
    ],
    "90": [
        -0.46756553137833706,
        3.683081547815008
    ],
    "91": [
        1.435999504981753,
        5.789390267631027
    ],
    "92": [
        0.30342373150099594,
        3.824803170125068
    ],
    "93": [
        2.7710602028613693,
        3.87807595561407
    ],
    "94": [
        1.1759272496406106,
        3.66106373679543
    ],
    "95": [
        3.7319521171540027,
        7.025798295707429
    ],
    "96": [
        0.9460923825207255,
        2.702262267809746
    ],
    "97": [
        0.1567867821552184,
        2.8944199453898602
    ],
    "98": [
        4.111683313310347,
        3.4048386259329297
    ],
    "99": [
        -1.0144935722093942,
        5.837987858840687
    ],
    "100": [
        3.2956970201086655,
        8.036583144173862
    ],
    "101": [
        2.9896546339270227,
        7.220569454879021
    ],
    "102": [
        1.9467884283549155,
        7.65530871285828
    ],
    "103": [
        1.143677802512735,
        0.05661001658675056
    ],
    "104": [
        -0.6361222141697099,
        6.5573397866207745
    ],
    "105": [
        2.7055255366850015,
        2.630580513978866
    ],
    "106": [
        6.513794934825829,
        2.249588995504439
    ],
    "107": [
        5.616603731001488,
        2.928548020096373
    ],