{
    "0": [
        -3.0455755185799607,
        0.269115237409901
    ],
    "1": [
        -0.738859736157875,
        -1.4893428700715126
    ],
    "2": [
        0.9077023533750948,
        2.176035839908841
    ],
    "3": [
        -2.546491026187764,
        -2.6033378096628574
    ],
    "4": [
        -1.4597509117362428,
        -2.262551614287795
    ],
    "5": [
        -7.813781715428147,
        2.048369537327163
    ],
    "6": [
        -0.7196950907938788,
        0.429958606221649
    ],
    "7": [
        -3.5709297017445722,
        2.232422561359331
    ],
    "8": [
        1.724927632510387,
        -1.6657828365060319
    ],
    "9": [
        -0.1593064733483535,
        -4.952494299779567
    ],
    "10": [
        -2.542673519373247,
        -0.5208667896079234
    ],
    "11": [
        -4.657663110699064,
        0.7081143021662233
    ],
    "12": [
        -2.705605303156178,
        0.24579844411745344
    ],
    "13": [
        1.095374183322875,
        0.7489287756861714
    ],
    "14": [
        -1.3312845657562737,
        1.8125425084574738
    ],
    "15": [
        -2.5168946236098946,
        2.6461017138022007
    ],
    "16": [
        -5.227786460268069,
        -2.1216695039155153
    ],
    "17": [
        -4.251197830014793,
        -5.035720649616895
    ],
    "18": [
        -1.4805884636539632,
        -0.4564498258306503
    ],
    "19": [
        -0.32568863901603495,
        1.262685490286943
    ],
    "20": [
        -4.885114783044249,
        3.0063338085274816
    ],
    "21": [
        -9.20091841340329,
        3.014905208500787
    ],
    "22": [
        -9.043095208450714,
        3.509997078796827
    ],
    "23": [
        -9.745166921226541,
        2.9864209754379183
    ],
    "24": [
        -9.368716419840487,
        3.998094895120189
    ],
    "25": [
        -6.984859002294863,
        3.6341807149162904
    ],
    "26": [
        -7.439156342200546,
        2.730609660283049
    ],
    "27": [
        -11.4424950531819,
        3.143813536066465
    ],
    "28": [
        -8.675297574908335,
        1.8642037716857063
    ],
    "29": [
        -10.388676847208473,
        2.8848983667014223
    ],
    "30": [
        -10.099897239512128,
        2.429060100300792
    ],
    "31": [
        -10.450391506442887,
        2.1154478487501844
    ],
    "32": [
        -9.193009087618508,
        5.325916778649597
    ],
    "33": [
        1.5037766799320305,
        -0.21468855009190263
    ],
    "34": [
        -2.5039228997850977,
        1.7155085530260028
    ],
    "35": [
        1.5404425155094053,
        1.6789437693825928
    ],
    "36": [
        5.364775205470847,
        -2.6474621089000108
    ],
    "37": [
        -3.0945190117225447,
        3.9371670327396924
    ],
    "38": [
        -0.6653638578903505,
        2.8576899649696035
    ],
    "39": [
        0.0006452068015677058,
        0.7721374397058834
    ],
    "40": [
        6.123813054552042,
        1.6497638410843503
    ],
    "41": [
        4.0949655093019866,
        -0.11142119741282207
    ],
    "42": [
        4.739467539685149,
        -0.30341872673292725
    ],
    "43": [
        3.9571301180269134,
        4.054739135171453
    ],
    "44": [
        -0.4810192099646133,
        2.1771360348598883
    ],
    "45": [
        -1.1884409812724162,
        2.5841399498182867
    ],
    "46": [
        3.7935247384023514,
        1.1218638335357591
    ],
    "47": [
        4.035265542618728,
        2.3258501284388307
    ],
    "48": [
        -0.07544149461126046,
        -1.8094325938226203
    ],
    "49": [
        6.453885987308456,
        1.1215841989050999
    ],
    "50": [
        2.791162013425861,
        1.8397613320855308
    ],
    "51": [
        -1.8196524189535213,
        3.1583477045890453
    ],
    "52": [
        0.7474396043344349,
        4.098562547817215
    ],
    "53": [
        3.7722162649534514,
        -3.037920573614297
    ],
    "54": [
        5.036682574683495,
        1.1929987329306626
    ],
    "55": [
        -0.07351948971660456,
        -2.3581308577960756
    ],
    "56": [
        -1.4234825206276973,
        -3.3030147321229584
    ],
    "57": [
        -0.7809802931077607,
        3.685497674113986
    ],
    "58": [
        0.6336010459580647,
        -2.4872853283451333
    ],
    "59": [
        -11.277094217648537,
        2.3184154184492174
    ],
    "60": [
        -11.99499971160633,
        2.142574744027237
    ],
    "61": [
        -12.19745485955844,
        3.2155138963285106
    ],
    "62": [
        -3.103885111550731,
        5.04373673221495
    ],
    "63": [
        2.1126513024365345,
        -0.6405099038379184
    ],
    "64": [
        5.878542278005074,
        -1.0729084618224958
    ],
    "65": [
        7.777543048205466,
        -2.5069548752342454
    ],
    "66": [
        6.325654959346212,
        0.31766892683450193
    ],
    "67": [
        5.822111864011135,
        -0.3382897361494488
    ],
    "68": [
        6.80653718621053,
        0.1977577096580713
    ],
    "69": [
        4.097324233234054,
        -1.7448951797495162
    ],
    "70": [
        5.262198593894203,
        -0.5129435280216471
    ],
    "71": [
        5.479880106743148,
        -1.5451786783211447
    ],
    "72": [
        7.964731292279594,
        -1.0231436472104325
    ],
    "73": [
        7.1756645773305285,
        -1.4246203086545175
    ],
    "74": [
        6.541209521827618,
        -1.9927172454367856
    ],
    "75": [
        4.898306105235413,
        2.6945488562852056
    ],
    "76": [
        6.506093419138965,
        -3.0719677543442083
    ],
    "77": [
        8.408113370735002,
        0.49616160293290756
    ],
    "78": [
        7.179376255077759,
        1.8473326503016059
    ],
    "79": [
        4.676427263979599,
        -4.535051506853581
    ],
    "80": [
        5.8352781699103495,
        -4.560757820825902
    ],
    "81": [
        6.637170019692438,
        -4.949313506610117
    ],
    "82": [
        7.4835866183243045,
        -0.20188650075791112
    ],
    "83": [
        7.313741893488018,
        -0.8123881881853056
    ],
    "84": [
        1.4051986023419625,
        -4.090887428629611
    ],
    "85": [
        -4.276999458442202,
        5.928043466854179
    ],
    "86": [
        -4.693261948802626,
        6.698119529660188
    ],
    "87": [
        -3.5646397955851614,
        6.650842153470125
    ],
    "88": [
        -5.572600641765225,
        8.776203220978912
    ],
    "89": [
        -1.2222820713254403,
        -4.440171916121058
    ],
    "90": [
        8.537164260095386,
        1.8851726754490508
    ],
    "91": [
        5.85662335488641,
        2.5257296281613515
    ],
    "92": [
        10.0661950479732,
        2.0439028964692727
    ],
    "93": [
        11.779137679830628,
        0.8622739702400302
    ],
    "94": [
        8.906361935868178,
        2.8832791374795907
    ],
    "95": [
        11.708404359745371,
        -0.12028849177920604
    ],
    "96": [
        9.677868485285984,
        1.0739115698884159
    ],
    "97": [
        2.7027542900981647,
        4.728261589977478
    ],
    "98": [
        2.2341576588738854,
        5.012458657969431
    ],
    "99": [
        -14.950845450259594,
        2.243327511404032
    ],
    "100": [
        -2.5620911510292284,
        -6.245704182694534
    ],
    "101": [
        1.4570558717967963,
        -5.9024060801978235
    ],
    "102": [
        1.7647489050457377,
        -8.936983674477446
    ],
    "103": [
        0.94621604109822,
        7.369888487503416
    ],
    "104": [
        -7.910021585713626,
        -10.029829105288666
    ],
    "105": [
        -10.807912475679977,
        -13.942926658321669
    ],
    "106": [
        -9.636072409878787,
        -12.416955334567312
    ],
    "107": [
        -0.5659545542872471,
        4.615775311268612
    ],