{
    "0": [
        5.871212228377668,
        -3.4903425874398795
    ],
    "1": [
        7.025680954464156,
        -4.309113196397126
    ],
    "2": [
        8.85982653454536,
        -4.605265998399433
    ],
    "3": [
        7.083048930523511,
        -1.829358472649353
    ],
    "4": [
        2.9823821782821374,
        -1.6398063104692506
    ],
    "5": [
        4.519343129066962,
        -5.697123275855987
    ],
    "6": [
        8.378096000897859,
        -5.405510621051164
    ],
    "7": [
        8.430443657032605,
        -3.1670100807678123
    ],
    "8": [
        3.334281098623186,
        -5.751224232109847
    ],
    "9": [
        3.1005951285606046,
        0.39703723619992454
    ],
    "10": [
        5.121414001495155,
        -3.1212123396911435
    ],
    "11": [
        6.665450282082915,
        -4.5928411030033685
    ],
    "12": [
        -2.050404672033324,
        -0.2614661521108155
    ],
    "13": [
        -1.9762856330534606,
        1.6422794826995557
    ],
    "14": [
        -1.9495838240625682,
        -1.0292240279714828
    ],
    "15": [
        -1.3609884237917504,
        -0.8667424140500063
    ],
    "16": [
        -0.574766920724439,
        -1.6287371463845894
    ],
    "17": [
        -1.0012372036560337,
        0.6167003306893974
    ],
    "18": [
        -0.9044080317381036,
        2.02856417931173
    ],
    "19": [
        -3.43539479324876,
        1.616832923138546
    ],
    "20": [
        -3.0764985835347005,
        -0.2226763829416688
    ],
    "21": [
        -2.7958453488758974,
        -3.1569434525573445
    ],
    "22": [
        -0.25624029233154866,
        0.5835474070753657
    ],
    "23": [
        0.7089598326350628,
        1.074942632100038
    ],
    "24": [
        -2.0514293472318204,
        2.9694697881350485
    ],
    "25": [
        -0.5767915597825565,
        6.2107672383837835
    ],
    "26": [
        -0.8820880932263375,
        4.81643615908746
    ],
    "27": [
        -0.6094856578680325,
        3.313521916972565
    ],
    "28": [
        0.10599481940945099,
        4.298102617158987
    ],
    "29": [
        -1.1104717193254496,
        6.143030141808171
    ],
    "30": [
        0.035154504814066304,
        6.893473899157416
    ],
    "31": [
        -1.3397030702565178,
        7.215706330453481
    ],
    "32": [
        -0.5234122195790852,
        4.992298566323036
    ],
    "33": [
        1.1926328295298432,
        5.646786253880562
    ],
    "34": [
        -2.7050303917900025,
        3.453055541948417
    ],
    "35": [
        -0.970488565154527,
        2.726824031928911
    ],
    "36": [
        -0.27667142286448776,
        3.484056125192959
    ],
    "37": [
        0.26457188661296266,
        5.094967401691165
    ],
    "38": [
        0.26340216985907994,
        1.6831608472074384
    ],
    "39": [
        -2.142450561015707,
        5.86212754394252
    ],
    "40": [
        7.127463003136843,
        5.2384632056967835
    ],
    "41": [
        4.226477142309257,
        5.247194090155474
    ],
    "42": [
        7.037362449284257,
        2.699314237487057
    ],
    "43": [
        1.852647037112893,
        6.521010887231289
    ],
    "44": [
        6.03853373363333,
        7.823873706426558
    ],
    "45": [
        -1.5877479630790363,
        2.165990743957444
    ],
    "46": [
        -1.8816204968350503,
        4.2634904934018785
    ],
    "47": [
        -1.9162791151631025,
        4.827354593434901
    ],
    "48": [
        1.4414932206795772,
        0.13510347682963722
    ],
    "49": [
        5.404702996330127,
        -8.401409713952399
    ],
    "50": [
        5.885431863384125,
        -9.303484948439593
    ],
    "51": [
        4.295344451552826,
        -8.478423535333306
    ],
    "52": [
        2.306988083503391,
        -3.702011417118653
    ],
    "53": [
        -0.01104605922716784,
        -5.72996037983787
    ],
    "54": [
        6.367774748665902,
        -8.136948791676415
    ],
    "55": [
        -1.8352758420714919,
        1.0470238472384559
    ],
    "56": [
        -3.149694565007322,
        -1.090044989359341
    ],
    "57": [
        -2.226835825360005,
        0.6064064958802591
    ],
    "58": [
        -2.6387895610586014,
        1.3725170205374981
    ],
    "59": [
        0.8641212549128403,
        2.7608232093484237
    ],
    "60": [
        -3.5557087713712816,
        0.7143673240467369
    ],
    "61": [
        -5.25190058678941,
        2.121912085852584
    ],
    "62": [
        -3.0758676132901703,
        3.9878648472435407
    ],
    "63": [
        3.8843038859541945,
        0.7994052541870871
    ],
    "64": [
        4.02043082779948,
        -0.1744985931230722
    ],
    "65": [
        2.3661905584774425,
        -2.3577652062566083
    ],
    "66": [
        3.6987200423418676,
        -0.7186190059863325
    ],
    "67": [
        2.294411195829836,
        -4.813723401027939
    ],
    "68": [
        0.3092629221166021,
        0.6408256837995926
    ],
    "69": [
        0.34890527275032235,
        -0.5983390613813759
    ],
    "70": [
        1.5892039411034187,
        -5.24444390212867
    ],
    "71": [
        -6.715842206185633,
        2.673796403408906
    ],
    "72": [
        1.555631160808492,
        -0.4872604511222504
    ],
    "73": [
        -4.303480791791759,
        -0.6337037037591995
    ],
    "74": [
        -4.340791249655666,
        0.3271791793194382
    ],
    "75": [
        -0.013054970202931525,
        -1.2996505386467416
    ],
    "76": [
        -3.122984514443142,
        -6.210902326354188
    ],
    "77": [
        -3.9797128526753456,
        -3.6180681471304164
    ],
    "78": [
        -4.346729309995052,
        -5.555452714357737
    ],
    "79": [
        -5.971551629324232,
        -6.2125803357788705
    ],
    "80": [
        -5.542027710929025,
        -4.564805260224649
    ],
    "81": [
        -2.589565077974576,
        -6.755725579844271
    ],
    "82": [
        5.495933564459422,
        -10.810082100643045
    ],
    "83": [
        7.3537537742495305,
        -11.784453541794722
    ],
    "84": [
        3.257412084215004,
        3.7907440542174133
    ],
    "85": [
        3.484944714535945,
        2.616348682620179
    ],
    "86": [
        4.996754762568991,
        2.3901436425733067
    ],
    "87": [
        6.258042299608099,
        0.7904951006473803
    ],
    "88": [
        5.351576071077105,
        1.461385107593133
    ],
    "89": [
        5.911851345542496,
        0.25419506397640984
    ],
    "90": [
        6.14735252410233,
        1.491149309156776
    ],
    "91": [
        -4.158798713260816,
        1.397934049536393
    ],
    "92": [
        1.0870882199529448,
        3.910172636766703
    ],
    "93": [
        2.675294720048464,
        5.477909864530273
    ],
    "94": [
        10.171327945345965,
        -1.9802390029405559
    ],
    "95": [
        5.942353851163507,
        4.605513044926051
    ],
    "96": [
        -2.2886296563238986,
        -8.028110165312398
    ],
    "97": [
        -1.9221733903682814,
        -8.131720819077604
    ],
    "98": [
        -1.2257901374503442,
        -8.05302562817816
    ],
    "99": [
        -6.355992442893613,
        -1.8460756981225215
    ],
    "100": [
        -2.759552091483084,
        -10.149033882798365
    ],
    "101": [
        -5.501126287521148,
        -7.82478719734688
    ],
    "102": [
        -8.328291360480431,
        -7.962981588320534
    ],
    "103": [
        -0.11917117972606334,
        10.096748404276022
    ]
}