{
    "0": [
        2.289732442969931,
        8.537776414742146
    ],
    "1": [
        1.5484718346392596,
        5.718872347101104
    ],
    "2": [
        -1.1759823682010775,
        3.128965767064549
    ],
    "3": [
        4.361308135535737,
        3.95648169664218
    ],
    "4": [
        -0.6418542725578761,
        4.996093232797623
    ],
    "5": [
        -0.5992485057513717,
        1.1517014900366511
    ],
    "6": [
        -2.5821098389232535,
        1.5174754599280516
    ],
    "7": [
        0.3128956961609281,
        0.2540179092743134
    ],
    "8": [
        0.3109422978615429,
        0.8068080994822688
    ],
    "9": [
        0.037389571113205566,
        3.472325817732448
    ],
    "10": [
        -1.2475685097921017,
        0.5758959404274225
    ],
    "11": [
        0.44309730849907436,
        -1.1292151889955957
    ],
    "12": [
        -1.3759606513305982,
        0.1342768083781361
    ],
    "13": [
        -1.1692913701522771,
        1.6479460948623854
    ],
    "14": [
        -0.9467913598948335,
        0.3882685093553231
    ],
    "15": [
        -2.722829565497761,
        0.4838873625191076
    ],
    "16": [
        -3.805574466666165,
        3.4657640036648716
    ],
    "17": [
        -4.034825662656522,
        1.9679460595776062
    ],
    "18": [
        7.067502004784553,
        -0.6088544512063209
    ],
    "19": [
        4.982890132808238,
        -2.660051346058313
    ],
    "20": [
        6.922978451039618,
        -1.6085142362206195
    ],
    "21": [
        5.126548771731185,
        0.6248438420228687
    ],
    "22": [
        7.3411832177413885,
        -2.3635291444529267
    ],
    "23": [
        8.598862771352628,
        0.9266908314833024
    ],
    "24": [
        7.856053475982071,
        -2.259624428846927
    ],
    "25": [
        7.460887089281433,
        0.8905351248500908
    ],
    "26": [
        5.753357958349406,
        1.1766406576117172
    ],
    "27": [
        7.461610359036591,
        -4.531642720989842
    ],
    "28": [
        1.5401204350316604,
        -4.619417883512396
    ],
    "29": [
        3.5464883090017723,
        -6.386536298558162
    ],
    "30": [
        7.681822664614544,
        -3.197938059339541
    ],
    "31": [
        2.5753061798907564,
        -4.771478315846701
    ],
    "32": [
        1.2995803849524525,
        0.9468078595480213
    ],
    "33": [
        1.158373521805833,
        1.6856781697996865
    ],
    "34": [
        -1.9053510796993427,
        4.27290690314879
    ],
    "35": [
        -2.027458851179008,
        3.2927594781783602
    ],
    "36": [
        -1.8799256269933076,
        1.9454635830395932
    ],
    "37": [
        -1.6701031954170786,
        2.224443104065043
    ],
    "38": [
        -2.4774912299606826,
        2.2782397359565727
    ],
    "39": [
        -4.041094553208746,
        5.373395453559864
    ],
    "40": [
        -2.2248949041526154,
        -4.498118900084605
    ],
    "41": [
        -1.5417679842179108,
        -5.151171824191012
    ],
    "42": [
        -1.6186561740964394,
        -1.6730706915903055
    ],
    "43": [
        -0.7677014386597323,
        -4.989501486586024
    ],
    "44": [
        -0.5689692989944642,
        -4.581794345587266
    ],
    "45": [
        -4.090079773951056,
        -7.101968720917348
    ],
    "46": [
        -5.733467813617382,
        8.03669710262318
    ],
    "47": [
        -3.9468013339603933,
        -2.185332373293536
    ],
    "48": [
        -2.8968409727986364,
        5.335110928503711
    ],
    "49": [
        -1.4539518610976845,
        -0.1610051820248572
    ],
    "50": [
        -1.1128064339995296,
        0.953882506299093
    ],
    "51": [
        -3.724642733830838,
        -3.3056877856901314
    ],
    "52": [
        0.4565994447550895,
        1.808416958513888
    ],
    "53": [
        0.9360732130290224,
        2.8116327621416684
    ],
    "54": [
        -0.049378156928689375,
        -0.5234598109516844
    ],
    "55": [
        4.461264453748937,
        5.611864135395021
    ],
    "56": [
        -8.103142946070408,
        -5.603121869467084
    ],
    "57": [
        -10.81704496999059,
        -6.875706592355617
    ],
    "58": [
        -10.382496999035366,
        -7.596425364385757
    ],
    "59": [
        -8.518794477496659,
        -7.0052624737161855
    ],
    "60": [
        -8.43173876066426,
        -7.640620166269593
    ],
    "61": [
        -6.99017783835369,
        -1.7661728900692768
    ],
    "62": [
        -10.959752432154913,
        -6.055308469120437
    ],
    "63": [
        -6.0873542618483185,
        -6.4889632320387856
    ],
    "64": [
        -7.840003929814519,
        -7.747251409930061
    ],
    "65": [
        -5.531076922299979,
        4.099446993148348
    ],
    "66": [
        -4.7313852494075865,
        3.1767451583270843
    ],
    "67": [
        -5.770458717234993,
        2.9257512576531917
    ],
    "68": [
        -4.208223944398303,
        4.720304852695933
    ],
    "69": [
        -6.012150034878878,
        3.6814579068699267
    ],
    "70": [
        -4.557624222801246,
        0.9744785971287665
    ],
    "71": [
        -2.1257902075692696,
        5.529796782799999
    ],
    "72": [
        -5.644443079665957,
        1.2090125413889776
    ],
    "73": [
        3.143360747104862,
        0.43715735284669377
    ],
    "74": [
        -0.4659478646135189,
        -1.1439036938035048
    ],
    "75": [
        -1.1718205611886578,
        -0.6603479761414981
    ],
    "76": [
        8.627597149527707,
        11.254935314315473
    ],
    "77": [
        -3.854140210104672,
        0.04540837736282312
    ],
    "78": [
        -2.9183348500164716,
        -1.269347376928978
    ],
    "79": [
        -3.2939793191880207,
        1.753662928262767
    ],
    "80": [
        1.1804585203998044,
        -0.44039149725971843
    ],
    "81": [
        -4.423187523826475,
        -1.2012071422745285
    ],
    "82": [
        -7.158569604662958,
        0.020436637739358488
    ],
    "83": [
        2.8184848022311866,
        2.5442251415577815
    ],
    "84": [
        -2.9893364484024736,
        4.286474657667763
    ],
    "85": [
        3.9487274426589303,
        -4.154936606897816
    ],
    "86": [
        4.89268247584286,
        -6.288339016718979
    ],
    "87": [
        1.629697117202791,
        -1.4617571200905064
    ],
    "88": [
        3.4740652064417383,
        -4.876585456726619
    ],
    "89": [
        5.4036365437261855,
        -7.240404069511365
    ],
    "90": [
        0.5131435484681292,
        -8.795001088136166
    ],
    "91": [
        11.31402595879429,
        1.7260135992803756
    ],
    "92": [
        11.466160763832281,
        0.7818581151122542
    ],
    "93": [
        2.5220198187053784,
        -7.53541993437312
    ],
    "94": [
        -1.645146367393733,
        -6.2606393852631825
    ],
    "95": [
        -1.4553768452765745,
        -4.155467854197557
    ],
    "96": [
        -4.01873460146335,
        -3.8435384034299447
    ],
    "97": [
        -3.1628788624475375,
        -8.79174645705817
    ],
    "98": [
        10.086613378417784,
        14.393787642082483
    ],
    "99": [
        9.491820614196987,
        13.527090591997196
    ],
    "100": [
        8.922291045332827,
        13.906573025253502
    ],
    "101": [
        11.400605897994907,
        16.607714920661916
    ],
    "102": [
        10.337237354854684,
        13.454306884513636
    ],
    "103": [
        -0.7586076688624521,
        -7.971411822366945
    ],
    "104": [
        -2.1160032152790427,
        -10.346362065378234
    ],
    "105": [
        10.019431475430297,
        12.519072464705923
    ],
    "106": [
        11.008326437502895,
        12.596292213858112
    ],