{
    "0": [
        -7.067080950338881,
        -2.49700746925593
    ],
    "1": [
        -8.15988993435386,
        -2.224577360432442
    ],
    "2": [
        -3.670268771420743,
        -4.1601637544645005
    ],
    "3": [
        -7.301333478112011,
        -0.10796340532389709
    ],
    "4": [
        -5.752547271041338,
        0.05796458365714308
    ],
    "5": [
        -5.158308229465397,
        -4.059240559248681
    ],
    "6": [
        -8.387785594350884,
        -4.929139832855137
    ],
    "7": [
        -11.214509682058008,
        -1.998385579803338
    ],
    "8": [
        0.37977120044197415,
        -7.709423767592207
    ],
    "9": [
        0.7503697323339324,
        -6.313285585849699
    ],
    "10": [
        -1.9910334710127602,
        -5.056016098929397
    ],
    "11": [
        -0.35660302017860074,
        -3.8133536818266722
    ],
    "12": [
        -3.893075269017329,
        -5.241689108645425
    ],
    "13": [
        -2.18775213453868,
        -3.6754508416013425
    ],
    "14": [
        -1.0170701372622186,
        -3.482139412274386
    ],
    "15": [
        -1.4310982119779754,
        -1.6858307211089776
    ],
    "16": [
        -0.37820260305671133,
        -3.349147428422125
    ],
    "17": [
        -1.2864675168656332,
        -4.317673585326482
    ],
    "18": [
        -1.6557448281651272,
        -2.7126147930446294
    ],
    "19": [
        1.1584604630853264,
        -4.151043545530356
    ],
    "20": [
        -0.3244326874433319,
        -5.335913817126114
    ],
    "21": [
        0.2148651213202458,
        -4.827499180490464
    ],
    "22": [
        -2.5491262191753865,
        -4.032953343682147
    ],
    "23": [
        1.5708152419046528,
        -1.37903679157824
    ],
    "24": [
        -0.5241930970908403,
        -4.416801307973936
    ],
    "25": [
        -1.6297787942474975,
        -1.296071394369795
    ],
    "26": [
        0.3260579907410195,
        -5.557301347885734
    ],
    "27": [
        -1.3516069707109832,
        -5.0737590819415725
    ],
    "28": [
        -3.7096511879143663,
        4.058803604586056
    ],
    "29": [
        -3.2361740757236035,
        0.9702598712750559
    ],
    "30": [
        -4.512536907781115,
        0.7374071382183794
    ],
    "31": [
        0.3265125920114264,
        -1.7759335487789056
    ],
    "32": [
        -0.29129975301150385,
        -1.7281282989400084
    ],
    "33": [
        -1.0155359775130648,
        -5.8327364396342825
    ],
    "34": [
        -1.2163136263771628,
        1.0460035853313103
    ],
    "35": [
        0.5779015785706975,
        1.441510569951713
    ],
    "36": [
        -1.1387914472522758,
        -0.26638791364415043
    ],
    "37": [
        -2.058299478321899,
        -0.6623315774009881
    ],
    "38": [
        -3.038169085759966,
        -1.4480007781273176
    ],
    "39": [
        -2.4973134876329444,
        -0.015969008966627014
    ],
    "40": [
        -0.42989927025850894,
        -0.9387692168864087
    ],
    "41": [
        5.921562246662379,
        8.06213858644308
    ],
    "42": [
        -0.7430868689581233,
        -0.551692864928984
    ],
    "43": [
        11.742927510365432,
        12.80823919626362
    ],
    "44": [
        11.035511458625164,
        12.132251364852507
    ],
    "45": [
        10.82516740224003,
        12.623643150927252
    ],
    "46": [
        9.825482961612694,
        11.60529766228017
    ],
    "47": [
        11.726719541170535,
        12.15611890139026
    ],
    "48": [
        9.564364249483713,
        11.040133216464762
    ],
    "49": [
        10.945083050083324,
        13.354732291142918
    ],
    "50": [
        13.908990214929311,
        14.170548041312143
    ],
    "51": [
        10.006383334926728,
        12.468503746884812
    ],
    "52": [
        0.6426993852011021,
        -2.6376641394714095
    ],
    "53": [
        -2.911257517647055,
        -0.5931947905772186
    ],
    "54": [
        -3.01117837933051,
        -0.9826815539724855
    ],
    "55": [
        -0.18338910291012195,
        -2.508317343535712
    ],
    "56": [
        -6.051739534605299,
        -4.837232149974015
    ],
    "57": [
        -4.8637059580457445,
        -4.820031549705921
    ],
    "58": [
        -4.01125508333255,
        -0.42221732319658833
    ],
    "59": [
        -4.617252804570855,
        -4.48807826464366
    ],
    "60": [
        -0.07054572560050278,
        -6.6329772831804235
    ],
    "61": [
        -4.009948663662054,
        -7.343115535071654
    ],
    "62": [
        -2.1698052249688167,
        -1.7438499457499281
    ],
    "63": [
        -3.456667994302749,
        -5.701034089959531
    ],
    "64": [
        -3.3437052985012707,
        -0.06783046225593786
    ],
    "65": [
        -4.975009470700402,
        -5.693454810156915
    ],
    "66": [
        -2.5481330618713796,
        -6.278141219909331
    ],
    "67": [
        -2.171661355401995,
        -7.732318276531815
    ],
    "68": [
        -4.850219835305586,
        -2.0401215377906707
    ],
    "69": [
        -4.405088419615116,
        -3.192961646691479
    ],
    "70": [
        -0.8170263283486436,
        -8.349729974502178
    ],
    "71": [
        -3.985346962738654,
        -2.6031489377403103
    ],
    "72": [
        -3.2138211563971915,
        -7.669979900785698
    ],
    "73": [
        -1.8275513984389125,
        -6.529061825849892
    ],
    "74": [
        -3.444747460793206,
        -7.179191564388045
    ],
    "75": [
        -4.513413547603554,
        -6.4352358292414635
    ],
    "76": [
        -2.6748560419799423,
        -7.50060406799138
    ],
    "77": [
        -1.1407070139318476,
        -6.575757645596484
    ],
    "78": [
        -2.9397639890506735,
        -2.7078492552624223
    ],
    "79": [
        -3.992550146419625,
        -0.9541570974705659
    ],
    "80": [
        7.782412760699691,
        10.494831072905612
    ],
    "81": [
        8.225905108818054,
        9.885268050447774
    ],
    "82": [
        8.67728635170056,
        11.015796787577104
    ],
    "83": [
        -6.319473308046754,
        -1.5679719121416467
    ],
    "84": [
        -5.221619550856516,
        -3.4212947322078646
    ],
    "85": [
        6.739690422813847,
        9.666859412078724
    ],
    "86": [
        6.453478903064297,
        11.666784227951084
    ],
    "87": [
        -5.277915007053863,
        2.1267456148105346
    ],
    "88": [
        -6.603034350750721,
        1.5697653290837368
    ],
    "89": [
        -3.479451583898321,
        -9.046232783838215
    ],
    "90": [
        -8.933078296012605,
        3.5166370913643514
    ],
    "91": [
        -6.204455821769497,
        3.4828032538066176
    ],
    "92": [
        -7.714809564300236,
        -5.965147625339051
    ],
    "93": [
        0.024491272921770883,
        -11.411282209181348
    ],
    "94": [
        4.487917265014815,
        -0.686581215751485
    ],
    "95": [
        12.360979752374696,
        15.482168732395463
    ],
    "96": [
        -11.204678537925991,
        -6.053760762823132
    ],
    "97": [
        3.03763990481816,
        -7.516372477045457
    ],
    "98": [
        6.7771956257315855,
        17.266014683826327
    ],
    "99": [
        6.581964552515583,
        14.924523569619408
    ]
}