{
    "0": [
        9.90399593087184,
        -0.14130859405506627
    ],
    "1": [
        9.316531228097663,
        -0.09319617986195375
    ],
    "2": [
        8.03374113352173,
        -0.9062587159354439
    ],
    "3": [
        7.961338977461992,
        0.1433898538573824
    ],
    "4": [
        9.77742229997933,
        -2.390855350928601
    ],
    "5": [
        9.32097476276233,
        -1.348985515160928
    ],
    "6": [
        9.24244735612751,
        0.7856833086593242
    ],
    "7": [
        8.821012815752598,
        -1.7970357079025754
    ],
    "8": [
        6.547348904850553,
        1.4711421241619889
    ],
    "9": [
        9.85567937390462,
        -1.1069132005741924
    ],
    "10": [
        5.608029995520469,
        -0.12327382447210528
    ],
    "11": [
        6.620340652403639,
        0.49331083786681146
    ],
    "12": [
        8.887186937410412,
        -3.5898038483528194
    ],
    "13": [
        5.272643309382264,
        -2.202599194908863
    ],
    "14": [
        11.85745470821656,
        -4.933978495775749
    ],
    "15": [
        9.692396773589355,
        1.7093177325729052
    ],
    "16": [
        2.822119193274597,
        1.2195066305054567
    ],
    "17": [
        10.774315171538086,
        1.8709880383662882
    ],
    "18": [
        3.887842389446934,
        3.142624649941193
    ],
    "19": [
        -0.8188877536211354,
        -1.660367966729226
    ],
    "20": [
        7.77220097442684,
        2.624917139689438
    ],
    "21": [
        3.8834274127981225,
        -0.2770200387063508
    ],
    "22": [
        -17.345411809970322,
        -3.9311394477910557
    ],
    "23": [
        -15.188583098509335,
        -3.6382165020875137
    ],
    "24": [
        -14.777832957706188,
        -3.924548213118113
    ],
    "25": [
        -16.684357486316298,
        -4.060487502031812
    ],
    "26": [
        -16.37680056582189,
        -3.1483826526462018
    ],
    "27": [
        -17.920508061593882,
        -4.313659929587046
    ],
    "28": [
        -19.091991285376196,
        -4.988785538162678
    ],
    "29": [
        -18.029892777706777,
        -4.9447896619717175
    ],
    "30": [
        -19.207171302968224,
        -3.981445208723874
    ],
    "31": [
        -10.641788808274441,
        -2.9964356894509874
    ],
    "32": [
        -16.524543124847312,
        -4.861391658818332
    ],
    "33": [
        -13.921760618303763,
        -4.328936790945384
    ],
    "34": [
        -15.860820776574055,
        -5.171076127599656
    ],
    "35": [
        -8.00287283249723,
        -2.3536487360857308
    ],
    "36": [
        -7.023650781622145,
        -1.4835733810637102
    ],
    "37": [
        -5.929871132631218,
        -1.913139036409972
    ],
    "38": [
        -5.487030182297965,
        -0.3532527762325496
    ],
    "39": [
        -5.196125628637123,
        -1.6773010564322568
    ],
    "40": [
        -3.011624287848446,
        -2.4378457306203773
    ],
    "41": [
        -2.0812676174664686,
        0.11052115922488287
    ],
    "42": [
        -2.4091904153404533,
        -2.6743335005227387
    ],
    "43": [
        -3.4549104519681175,
        -4.09102074910402
    ],
    "44": [
        -5.269378678638644,
        -3.1520190486817743
    ],
    "45": [
        -1.5183049843493601,
        3.08827210314498
    ],
    "46": [
        -2.345900108592078,
        3.652533930030536
    ],
    "47": [
        -3.490211340622615,
        -1.4439112187385457
    ],
    "48": [
        0.7350597114663884,
        3.080081217193864
    ],
    "49": [
        -3.7722446190590837,
        -0.9746023909444587
    ],
    "50": [
        -4.762234607753351,
        -0.2343222960874536
    ],
    "51": [
        -4.567925676738622,
        -0.7319805703635475
    ],
    "52": [
        0.33006989656267555,
        -1.8484225711991957
    ],
    "53": [
        2.347094009776158,
        -0.9072445679038076
    ],
    "54": [
        -2.491545898930696,
        -1.8933028093133735
    ],
    "55": [
        -3.861087962112308,
        -2.7226469491479337
    ],
    "56": [
        -1.006770909109591,
        -4.182297101979235
    ],
    "57": [
        -0.1551670843647784,
        -3.93018755048564
    ],
    "58": [
        1.3691606765982307,
        1.8494020533806488
    ],
    "59": [
        3.12881043464833,
        -2.100748447780978
    ],
    "60": [
        -18.3497369143143,
        -5.843024894600537
    ],
    "61": [
        14.46188723987269,
        -6.956339323273236
    ],
    "62": [
        13.535226932158846,
        -6.287413382892018
    ],
    "63": [
        16.174734997720275,
        4.145730896676738
    ],
    "64": [
        -0.7596739429724895,
        3.6520094567576176
    ],
    "65": [
        -1.9012404656424,
        5.195621914130151
    ],
    "66": [
        -0.4276797451101008,
        4.498681706935426
    ],
    "67": [
        -0.8968784445731252,
        4.637385239109688
    ],
    "68": [
        -0.036058614083499745,
        4.873240843295282
    ],
    "69": [
        -0.16951168300286407,
        6.9604383549783035
    ],
    "70": [
        0.6701494945123271,
        5.803321912795021
    ],
    "71": [
        2.9933681205343596,
        -2.981008354696388
    ],
    "72": [
        4.231220679071369,
        -3.532360505795419
    ],
    "73": [
        10.042707778501564,
        -5.684456330285396
    ],
    "74": [
        18.37758793369799,
        4.509644388545011
    ],
    "75": [
        18.587245387920667,
        5.190291478360439
    ],
    "76": [
        18.671679407027028,
        3.8839657998850106
    ],
    "77": [
        -7.673293228017333,
        0.8431924835645447
    ],
    "78": [
        -3.951409701681144,
        5.724394331225472
    ],
    "79": [
        4.757974532293037,
        5.421736881939176
    ],
    "80": [
        -21.44755192061252,
        -5.562713674511956
    ],
    "81": [
        16.264029691193656,
        -8.357709721005909
    ],
    "82": [
        17.919211248970417,
        6.084694559040527
    ],
    "83": [
        17.50730741729311,
        5.28467409334997
    ],
    "84": [
        18.022407059243893,
        3.209831677571575
    ],
    "85": [
        16.856130536227994,
        6.209287067620459
    ]
}