{
    "0": [
        2.209661117274492,
        -1.0721164512444077
    ],
    "1": [
        2.5516552538307753,
        -3.6782305295303988
    ],
    "2": [
        1.4586897162537498,
        -0.8431711937583966
    ],
    "3": [
        1.1745914463727245,
        0.7262424574032599
    ],
    "4": [
        0.7023142922230468,
        -0.05916884250480239
    ],
    "5": [
        1.955879277392555,
        0.7783318153784115
    ],
    "6": [
        4.266808092722395,
        -0.38168933404746225
    ],
    "7": [
        5.662948759216911,
        0.028189215616233592
    ],
    "8": [
        2.8135944973926894,
        -0.4516751611049558
    ],
    "9": [
        1.2226916172995332,
        -3.378225304537982
    ],
    "10": [
        3.9394068444062693,
        1.910139520741244
    ],
    "11": [
        1.7964046023186278,
        0.06497724406588777
    ],
    "12": [
        -1.1638619090946967,
        -1.0008526700280465
    ],
    "13": [
        1.3136851260888252,
        -2.4598238366980665
    ],
    "14": [
        -0.23132412468213479,
        -2.390542570171031
    ],
    "15": [
        -0.306177830416747,
        -3.020667069929701
    ],
    "16": [
        2.507089598267542,
        -2.7052684000017093
    ],
    "17": [
        4.88492455726046,
        -3.1964382121340638
    ],
    "18": [
        1.9234176004469579,
        2.515034691630474
    ],
    "19": [
        3.381815743655833,
        -0.8310883978158948
    ],
    "20": [
        1.8016765017493324,
        -7.479873670563232
    ],
    "21": [
        -0.3397622941686247,
        -3.5860628805610095
    ],
    "22": [
        -1.1703878985386074,
        0.6371893558850158
    ],
    "23": [
        -3.1688325521307417,
        -3.6295384708354947
    ],
    "24": [
        0.8010570884313962,
        -4.59281831593198
    ],
    "25": [
        1.960501489241649,
        -4.998253840132653
    ],
    "26": [
        -2.500867949362147,
        -7.50879840675248
    ],
    "27": [
        -1.5703566621361587,
        -1.7677767988745918
    ],
    "28": [
        0.07859842508502883,
        2.1965209740956086
    ],
    "29": [
        4.1070641547335764,
        -1.802198676075035
    ],
    "30": [
        -2.741646306034621,
        -0.534610149527907
    ],
    "31": [
        4.468935749611646,
        1.2246999591796803
    ],
    "32": [
        2.917818266820511,
        0.8156758606785458
    ],
    "33": [
        6.486054327833617,
        -0.5491220722458671
    ],
    "34": [
        5.791209060253802,
        3.0168541602540375
    ],
    "35": [
        7.063655493538053,
        2.7789801262630265
    ],
    "36": [
        0.9822412874837502,
        -0.8380732642185131
    ],
    "37": [
        5.737634574661476,
        0.9353868983680748
    ],
    "38": [
        6.64055989112236,
        1.9146856979084932
    ],
    "39": [
        3.9440453492612257,
        2.8434887467685472
    ],
    "40": [
        6.542240803490702,
        0.7161844112011221
    ],
    "41": [
        5.773929575859973,
        1.9963421767075107
    ],
    "42": [
        -0.24288355878956294,
        1.9377991476905947
    ],
    "43": [
        -4.520021754694041,
        1.1207870650202494
    ],
    "44": [
        -2.9097453441926038,
        1.5521921068910085
    ],
    "45": [
        -3.5421660266081996,
        2.1363937180770307
    ],
    "46": [
        -5.973060205041272,
        2.3569921386979305
    ],
    "47": [
        -3.746388708470805,
        0.7641724316270931
    ],
    "48": [
        -6.862171376054084,
        1.2783310243024983
    ],
    "49": [
        -6.727553251292332,
        0.6566403060846598
    ],
    "50": [
        -4.440477359314267,
        0.5360387016561391
    ],
    "51": [
        -4.956886511982865,
        -0.6680721168780442
    ],
    "52": [
        -1.6297764221844029,
        1.0667333868261184
    ],
    "53": [
        -6.633288502595209,
        1.7267941829409266
    ],
    "54": [
        -2.379020424718874,
        2.0129946954295352
    ],
    "55": [
        -1.7712461077673476,
        -0.6274146253227159
    ],
    "56": [
        -1.4750496604833054,
        2.3447304978532952
    ],
    "57": [
        -6.596911040628224,
        -0.7715080632231928
    ],
    "58": [
        -3.4614176756960897,
        -2.164588613271222
    ],
    "59": [
        -4.324560880821853,
        3.0690322500009257
    ],
    "60": [
        -1.4308494780549554,
        5.143875174535662
    ],
    "61": [
        -2.4816855162820946,
        -4.798342573881166
    ],
    "62": [
        -3.7603487492769223,
        -7.778598972098185
    ],
    "63": [
        -3.615857736784554,
        -6.127072874544937
    ],
    "64": [
        -3.297836471816199,
        -6.846093888706327
    ],
    "65": [
        -3.031039274453354,
        -7.234720105019056
    ],
    "66": [
        -4.1746066919572,
        -6.981129598469096
    ],
    "67": [
        -2.128429276105464,
        -4.193295186660532
    ],
    "68": [
        -5.421011498339956,
        -6.161780032632226
    ],
    "69": [
        -1.6873843781965976,
        -9.086209651853316
    ],
    "70": [
        -0.3816146231294807,
        -9.256279764961088
    ],
    "71": [
        -4.107637411494275,
        -9.674180252980175
    ],
    "72": [
        -4.614833760668396,
        -8.515319538960881
    ],
    "73": [
        -1.5015669352632675,
        -6.354230348766063
    ],
    "74": [
        -3.315521662968982,
        -10.643952009318198
    ],
    "75": [
        1.6817592794577174,
        2.016794704971145
    ],
    "76": [
        0.002824376594060236,
        -6.589412581863289
    ],
    "77": [
        4.103496795252766,
        3.965674668337189
    ],
    "78": [
        4.358280372809129,
        5.766904771310881
    ],
    "79": [
        8.034474281952598,
        2.087770680988257
    ],
    "80": [
        2.2380099812742165,
        3.4011448093599483
    ],
    "81": [
        4.481420545514743,
        2.3720097434338205
    ],
    "82": [
        2.886667337612658,
        3.501701019436664
    ],
    "83": [
        4.485602477708858,
        0.2951022820184077
    ],
    "84": [
        6.356903528702422,
        -2.6482038448513885
    ],
    "85": [
        5.295555812029516,
        8.906564773056214
    ],
    "86": [
        2.935675916695064,
        2.7936553144964993
    ],
    "87": [
        3.709962806652004,
        0.38200889720034037
    ],
    "88": [
        6.80290993650657,
        3.96320910121257
    ],
    "89": [
        5.391843078186247,
        4.588119592996513
    ],
    "90": [
        5.338114269619729,
        5.20837110062376
    ],
    "91": [
        6.617159390061652,
        4.547090647242102
    ],
    "92": [
        5.96311851435291,
        4.675014265277797
    ],
    "93": [
        8.461417328307292,
        -0.2414144812298385
    ],
    "94": [
        8.057277032934413,
        0.7135303461663951
    ],
    "95": [
        8.197870889409659,
        1.2873037699064998
    ],
    "96": [
        8.957911783334657,
        -1.1947481563653546
    ],
    "97": [
        6.845313971011692,
        -3.5925039695167067
    ],
    "98": [
        -9.65826981527493,
        -0.89421605281807
    ],
    "99": [
        0.7562264762035281,
        5.629144430510316
    ],
    "100": [
        1.5504661078329567,
        5.854874969016528
    ],
    "101": [
        3.365210389514771,
        6.2172680969784695
    ],
    "102": [
        5.183711355702446,
        -5.7984650353458544
    ],
    "103": [
        5.5918891571267055,
        7.394382132809628
    ]
}