{
    "0": [
        -1.9004877750250253,
        1.4927132745416052
    ],
    "1": [
        -0.7476327557611069,
        -0.6566184178114974
    ],
    "2": [
        0.7712244071987567,
        3.1261389617758755
    ],
    "3": [
        -2.8853177990168772,
        0.6475748119639259
    ],
    "4": [
        -0.025052519252753095,
        2.033802354906871
    ],
    "5": [
        -1.255177503071231,
        -2.126731257769192
    ],
    "6": [
        -3.333575966348006,
        -0.5205052644399488
    ],
    "7": [
        -2.208708995652453,
        -1.0707190373245794
    ],
    "8": [
        -2.2121192876197253,
        -2.1416062073358115
    ],
    "9": [
        -5.064936681134084,
        2.0396184104000086
    ],
    "10": [
        -1.3884946781588765,
        -0.12122646107484489
    ],
    "11": [
        -1.6154281613812305,
        -1.0704196241352648
    ],
    "12": [
        -1.4320524792201257,
        -3.0229273099435003
    ],
    "13": [
        -3.2931333504059266,
        3.9775484193934907
    ],
    "14": [
        2.3352210585973054,
        3.6834033128480677
    ],
    "15": [
        -4.700461191552677,
        3.4929009669363476
    ],
    "16": [
        -0.5826651697774872,
        2.703046235717956
    ],
    "17": [
        -4.815517707504853,
        2.7354651353991115
    ],
    "18": [
        -4.0159852588734095,
        4.281441110407099
    ],
    "19": [
        -5.5440932761034425,
        4.441612949533712
    ],
    "20": [
        -3.0342604783504674,
        4.638611193684402
    ],
    "21": [
        -3.9913837351363153,
        3.353133028919964
    ],
    "22": [
        2.0107234092570585,
        1.755945944214202
    ],
    "23": [
        -0.2825309626807852,
        3.8557486650847888
    ],
    "24": [
        0.842729009260603,
        -1.76448638241681
    ],
    "25": [
        -0.5546696599109365,
        -0.06926916365507865
    ],
    "26": [
        -0.842483684218343,
        -3.460914848381056
    ],
    "27": [
        -0.6154286910168771,
        -1.987252036082412
    ],
    "28": [
        1.7441152194404193,
        -3.583608560082615
    ],
    "29": [
        -1.925360420630332,
        -0.31175031803743425
    ],
    "30": [
        1.4843385323316438,
        -3.1519302842804287
    ],
    "31": [
        -3.0552399503537373,
        1.4950733314755351
    ],
    "32": [
        -0.4241015502919773,
        -1.5250998865984482
    ],
    "33": [
        3.588747861090459,
        5.4658681141087735
    ],
    "34": [
        1.0308058228894725,
        6.053251998437222
    ],
    "35": [
        -3.790998082140435,
        -6.523601597298714
    ],
    "36": [
        -4.243909562456585,
        -6.071470957649033
    ],
    "37": [
        -2.4054077550153807,
        -3.9346511615997106
    ],
    "38": [
        -3.0039410272559306,
        -5.63649099208829
    ],
    "39": [
        -1.850350087828642,
        -5.329302098712198
    ],
    "40": [
        -3.631431121720476,
        -8.448409681262369
    ],
    "41": [
        -4.789779780933361,
        -5.78229245944547
    ],
    "42": [
        -2.5307843203811586,
        -6.26050756233524
    ],
    "43": [
        -1.3918106804481343,
        -5.598479499366454
    ],
    "44": [
        -2.896400694695904,
        -6.893547538442363
    ],
    "45": [
        -2.387964573863498,
        -2.5565965211101864
    ],
    "46": [
        -1.51041720502982,
        -4.233100659838722
    ],
    "47": [
        -3.8603850802444026,
        -2.0765521464458443
    ],
    "48": [
        1.3936206917001506,
        -0.2844005650567177
    ],
    "49": [
        0.19370742752961811,
        -4.564470729169494
    ],
    "50": [
        0.6477299105365565,
        -3.0577012003349235
    ],
    "51": [
        -3.801542555026198,
        -9.413917331739489
    ],
    "52": [
        -0.5739082378703299,
        -6.9233211523608125
    ],
    "53": [
        -1.754706474991274,
        -6.541785968598714
    ],
    "54": [
        -0.05931296458601423,
        -5.660031576725357
    ],
    "55": [
        2.838708453415101,
        7.5593369840726234
    ],
    "56": [
        2.370290177842229,
        9.550704198779558
    ],
    "57": [
        2.3224712425768366,
        6.93796601055524
    ],
    "58": [
        2.2328974258958287,
        4.536092692533734
    ],
    "59": [
        3.6907081651635223,
        8.092476700402187
    ],
    "60": [
        1.8411105600253002,
        2.662267414394619
    ],
    "61": [
        0.6525344274292973,
        -8.800250128546198
    ],
    "62": [
        -2.4543182375617696,
        -8.12222971589578
    ],
    "63": [
        5.121876728007049,
        1.9031031387306907
    ],
    "64": [
        5.4825205970220505,
        7.997524235506816
    ],
    "65": [
        3.659755638296815,
        4.5284674533697356
    ],
    "66": [
        2.759110679139085,
        5.663552613705023
    ],
    "67": [
        4.1130420036676885,
        6.612060978460289
    ],
    "68": [
        3.0228844180047507,
        1.233381217396613
    ],
    "69": [
        5.566995628963834,
        9.501108894529516
    ],
    "70": [
        4.254275363866364,
        -2.865262132562809
    ],
    "71": [
        10.746184798724276,
        -7.442060574203274
    ],
    "72": [
        1.512897694249577,
        -2.1473528522871437
    ],
    "73": [
        5.344179589426708,
        -1.2920196302390703
    ],
    "74": [
        4.090325690836602,
        -4.8729637180206336
    ],
    "75": [
        4.947297510977852,
        4.136358674138668
    ],
    "76": [
        6.118430933911859,
        -0.30449884622479034
    ],
    "77": [
        7.541592722342352,
        3.7709452051911194
    ],
    "78": [
        8.167871300864157,
        1.7824284531272447
    ],
    "79": [
        9.14712376374093,
        3.0664751992383175
    ],
    "80": [
        8.478530672867159,
        2.655978590113988
    ],
    "81": [
        6.9535690563285835,
        0.3073711417024635
    ],
    "82": [
        5.834691805609055,
        2.2133896007755016
    ],
    "83": [
        5.216390714323882,
        2.9866774447631586
    ],
    "84": [
        4.121888262519619,
        0.6381099524491581
    ],
    "85": [
        2.053123510715413,
        0.01880546093314804
    ],
    "86": [
        10.301862805161925,
        2.768058520952729
    ],
    "87": [
        11.894807770388583,
        4.243555796719789
    ],
    "88": [
        -2.697619607926899,
        -9.736246768323218
    ],
    "89": [
        3.0996649345638083,
        -1.6901274434095954
    ],
    "90": [
        -1.5701230790724747,
        -1.8424449482394671
    ],
    "91": [
        0.5214769844901312,
        -5.012692038383365
    ],
    "92": [
        -1.0809332254192179,
        5.048299322781483
    ],
    "93": [
        -5.233555306212648,
        -0.08582856778165174
    ],
    "94": [
        -6.3795061204226995,
        2.538398144336864
    ],
    "95": [
        7.977038607242719,
        -2.795063511530076
    ],
    "96": [
        5.7370559708721816,
        -2.194992462851147
    ],
    "97": [
        8.350226663681093,
        -1.8816245833800842
    ],
    "98": [
        6.02253432126276,
        -1.7633712283501057
    ],
    "99": [
        -6.734723964249393,
        -0.6012023460126078
    ],
    "100": [
        13.637448379382906,
        -9.45173440259262
    ],
    "101": [
        11.788891440215357,
        -9.43696486849362
    ],
    "102": [
        14.000560165876687,
        -8.407841124525163
    ],
    "103": [
        14.412622151586953,
        -10.433035497053357
    ],
    "104": [
        13.071894359712473,
        -9.000644682567113
    ],
    "105": [
        3.27932958334674,
        8.951614708197901
    ],
    "106": [
        -5.247178397730688,
        -12.030972004018809
    ],
    "107": [
        -4.55899565060676,
        -3.138127451021318
    ],