{
    "0": [
        -0.6229377428254267,
        -2.3808841110004817
    ],
    "1": [
        -2.281930888165498,
        -1.64739099515162
    ],
    "2": [
        -0.40931447255679754,
        -2.879369005703941
    ],
    "3": [
        0.025216026495354652,
        -1.374799413328441
    ],
    "4": [
        -0.7704149036088537,
        -2.177479634808715
    ],
    "5": [
        -1.388332514354831,
        -1.3890486863180418
    ],
    "6": [
        -1.1888377764341642,
        -0.6067631489436525
    ],
    "7": [
        -2.181197458454126,
        -2.034898436558793
    ],
    "8": [
        2.08067891290833,
        1.1002352507360271
    ],
    "9": [
        0.2919538241618998,
        -2.2810371136848
    ],
    "10": [
        0.1522635596257997,
        -1.8465345938649922
    ],
    "11": [
        -2.3715593700127235,
        -3.50894314513318
    ],
    "12": [
        -1.0032973581462425,
        -2.7710252438062506
    ],
    "13": [
        -1.448549030455763,
        -4.065710088968153
    ],
    "14": [
        -2.189723182577903,
        -4.523690986701858
    ],
    "15": [
        -0.972507158239106,
        -1.5774103140514382
    ],
    "16": [
        -1.178715867175692,
        -3.213484310113303
    ],
    "17": [
        -3.1634906223766768,
        1.187183800918553
    ],
    "18": [
        -5.058325859550047,
        -0.6155927295479074
    ],
    "19": [
        -2.641643517720601,
        -4.274696550946354
    ],
    "20": [
        -4.566149489683401,
        -5.544452026835002
    ],
    "21": [
        -6.20858005528399,
        -7.986550613998124
    ],
    "22": [
        -2.8583457654062605,
        -2.085821814415991
    ],
    "23": [
        -5.590846084171411,
        -6.495540386308068
    ],
    "24": [
        -4.822612629382074,
        -6.813489916633638
    ],
    "25": [
        -1.1984686784431622,
        -5.332436185069733
    ],
    "26": [
        -1.5531461240700524,
        -6.082591415562869
    ],
    "27": [
        1.1725030523889517,
        0.09518514166233076
    ],
    "28": [
        6.607170760994888,
        -7.470105051950097
    ],
    "29": [
        5.7364700396488635,
        -7.138957631023298
    ],
    "30": [
        7.826411983698124,
        -9.193454282999486
    ],
    "31": [
        5.708244435614497,
        -7.896904582658261
    ],
    "32": [
        4.156300154062233,
        -4.123105526409208
    ],
    "33": [
        5.493736325988123,
        -8.468824483918572
    ],
    "34": [
        4.8041844934465,
        -8.20671759525565
    ],
    "35": [
        3.169428083502348,
        -5.403562286335047
    ],
    "36": [
        -1.4977924853001783,
        1.8252967741145643
    ],
    "37": [
        -5.307576788655619,
        -4.652145288775048
    ],
    "38": [
        -1.5884174565288909,
        0.8894042954565774
    ],
    "39": [
        -4.222691032355217,
        -3.1529345519998024
    ],
    "40": [
        1.0450018322371817,
        -1.9182417001220529
    ],
    "41": [
        1.366663589209782,
        4.079992635127033
    ],
    "42": [
        -1.686985615569593,
        2.7470943635763065
    ],
    "43": [
        -0.4638991445853929,
        2.4927682412735868
    ],
    "44": [
        4.811247828359751,
        -1.0804153384207156
    ],
    "45": [
        -1.8673614808381274,
        0.7475138831257938
    ],
    "46": [
        3.281255755058626,
        -2.0306086173428253
    ],
    "47": [
        1.8512574524967231,
        -1.5550748734000326
    ],
    "48": [
        -1.2147895711683545,
        1.4154809771014563
    ],
    "49": [
        6.381582625065339,
        -1.0937346354996618
    ],
    "50": [
        3.4083520211366096,
        -1.0859659697009318
    ],
    "51": [
        -1.0334415619778285,
        1.7846598376016904
    ],
    "52": [
        3.3593980076497822,
        4.061030112626048
    ],
    "53": [
        2.3954869104873167,
        2.5554135318352253
    ],
    "54": [
        2.6202934115574985,
        3.5864463521930574
    ],
    "55": [
        3.7042182212989125,
        0.3996100120415866
    ],
    "56": [
        1.2283620533145905,
        1.3985923177588564
    ],
    "57": [
        0.36732988877364603,
        3.158302771794292
    ],
    "58": [
        2.933056601046997,
        0.00673084878016557
    ],
    "59": [
        -0.744213157105039,
        3.142542646194276
    ],
    "60": [
        -0.8549560722282735,
        3.740742828406034
    ],
    "61": [
        5.228795300518859,
        2.3038153914641866
    ],
    "62": [
        5.733856424358586,
        0.8340620835319784
    ],
    "63": [
        0.0515869390011346,
        3.954324688288935
    ],
    "64": [
        5.5080700817764265,
        3.589065712639293
    ],
    "65": [
        -0.9402117381814269,
        2.6640902869590795
    ],
    "66": [
        -0.37842734046157767,
        2.88294449171676
    ],
    "67": [
        4.485203421782388,
        3.8490282977616017
    ],
    "68": [
        5.285697738052927,
        4.135830713650174
    ],
    "69": [
        -2.2678931542900727,
        2.077742772921602
    ],
    "70": [
        4.117920777460788,
        4.6794004688310915
    ],
    "71": [
        0.7233751716069307,
        2.3148547761964293
    ],
    "72": [
        5.899085858745927,
        2.486176938166046
    ],
    "73": [
        -0.4984404430989535,
        -0.7236028577622361
    ],
    "74": [
        5.868947047727868,
        1.565384365058482
    ],
    "75": [
        2.7554804004112086,
        -0.5521114730959694
    ],
    "76": [
        0.32708695388966585,
        4.5325897915473385
    ],
    "77": [
        4.443632503724947,
        -2.0641844314053546
    ],
    "78": [
        3.720871538055181,
        5.066952790023544
    ],
    "79": [
        6.557385511476153,
        1.6640265524674382
    ],
    "80": [
        1.5195596355500274,
        4.579842609803892
    ],
    "81": [
        -0.41777134288561785,
        6.607649212533454
    ],
    "82": [
        5.257225587305272,
        5.720740346373077
    ],
    "83": [
        -0.4513211058578325,
        1.6391324311997968
    ],
    "84": [
        4.119783026545959,
        3.2860922160118955
    ],
    "85": [
        6.539128234664268,
        1.0012441340048388
    ],
    "86": [
        2.9033656940267756,
        -2.8556030625986617
    ],
    "87": [
        5.583152560102021,
        0.07467281572570568
    ],
    "88": [
        2.448422991498407,
        5.503695675984767
    ],
    "89": [
        -0.9413296560618786,
        -0.042482787933576655
    ],
    "90": [
        4.886166959833951,
        1.6834018780721105
    ],
    "91": [
        1.5102773333790718,
        5.530709375596839
    ],
    "92": [
        3.07580965117991,
        4.57892506037965
    ],
    "93": [
        -2.5360672905546733,
        3.0032601495720295
    ],
    "94": [
        -0.040395633043289726,
        0.028019589284190318
    ],
    "95": [
        3.768561947190704,
        1.2416250295210205
    ],
    "96": [
        6.488458745687525,
        2.355595925941785
    ],
    "97": [
        6.112907811628621,
        3.1505935713440687
    ],
    "98": [
        0.5548252015593459,
        0.7364832501544896
    ],
    "99": [
        5.573088078066777,
        -0.9608229351689531
    ],
    "100": [
        6.427104989229894,
        0.3657738635287024
    ],
    "101": [
        2.2750256215115954,
        4.35038620501455
    ],
    "102": [
        6.116548532347222,
        -0.27151613282309095
    ],
    "103": [
        5.08403080219756,
        3.1465785525652445
    ],
    "104": [
        4.350833050080614,
        0.07377639874889912
    ],
    "105": [
        3.7665789803335965,
        -0.45438477165463376
    ],
    "106": [
        -2.3906676193089904,
        1.521156421032013
    ],
    "107": [
        -2.6599340438869814,
        -2.9234707152466273
    ],