{
    "0": [
        -5.178916682437846,
        -10.919405807032758
    ],
    "1": [
        -4.132200435105675,
        -10.26702904008746
    ],
    "2": [
        -5.265047564747552,
        -12.273125496823955
    ],
    "3": [
        -4.2662053655558365,
        -8.59283596331843
    ],
    "4": [
        -4.411015499309391,
        -11.520563243592811
    ],
    "5": [
        -4.0194549407022135,
        -11.714161375626809
    ],
    "6": [
        -4.310592843612776,
        -12.593045018308633
    ],
    "7": [
        -2.0595841658429803,
        -6.900891857895791
    ],
    "8": [
        -4.1362512432264555,
        -9.239356176973754
    ],
    "9": [
        2.729446833635653,
        1.2630484221638254
    ],
    "10": [
        0.6923157094706501,
        -1.4124129523757738
    ],
    "11": [
        4.552295529166383,
        2.2086239289787986
    ],
    "12": [
        1.8383219041650556,
        2.9885445995534723
    ],
    "13": [
        3.0507339157868083,
        1.9299028720524467
    ],
    "14": [
        2.0914178023092824,
        3.4565733124955753
    ],
    "15": [
        2.5343532913439857,
        0.21021157136992905
    ],
    "16": [
        2.6829642375612406,
        3.176971819544021
    ],
    "17": [
        1.5804927862701432,
        -2.7434845725817847
    ],
    "18": [
        6.749358913328108,
        1.3377358239104402
    ],
    "19": [
        -0.34241282292680797,
        3.7731296136023893
    ],
    "20": [
        3.369318847241666,
        3.0831997731895253
    ],
    "21": [
        0.34409229346886167,
        -5.053692877691685
    ],
    "22": [
        0.47353157893903447,
        -2.376285559210392
    ],
    "23": [
        1.013100136319715,
        2.347746590105287
    ],
    "24": [
        -0.22205384902241654,
        -5.30637761688958
    ],
    "25": [
        0.2630683031517393,
        1.642058837274187
    ],
    "26": [
        1.104760578329884,
        0.20405589495921717
    ],
    "27": [
        -0.31316467289322714,
        1.2142867640956558
    ],
    "28": [
        3.477370765832596,
        -4.9641682643713585
    ],
    "29": [
        -0.9581894732077949,
        -3.3547652935721315
    ],
    "30": [
        -0.23078459712041957,
        -4.511108769414945
    ],
    "31": [
        0.16572699369125013,
        -4.119710635654928
    ],
    "32": [
        -0.6491273727540806,
        4.359656650001329
    ],
    "33": [
        -3.791164406967946,
        -6.161398038133168
    ],
    "34": [
        -2.6404006370719544,
        -1.7415899009080584
    ],
    "35": [
        -5.514290276076495,
        -2.0953429742445344
    ],
    "36": [
        -2.1852951737992052,
        1.758568401470745
    ],
    "37": [
        -5.585373643475225,
        -11.466152878790954
    ],
    "38": [
        -3.160439508441115,
        -10.102858543838298
    ],
    "39": [
        -2.2700058258429077,
        13.257769279991873
    ],
    "40": [
        -2.7046364565570076,
        15.084217257070431
    ],
    "41": [
        -1.7733768024036942,
        15.31511984726792
    ],
    "42": [
        -1.8178162276003218,
        9.238258488733855
    ],
    "43": [
        -2.1896406443917398,
        15.006735475427098
    ],
    "44": [
        -1.3093561592125376,
        13.37424545171579
    ],
    "45": [
        1.474837974359709,
        1.2806414337452907
    ],
    "46": [
        -1.5058279083706025,
        -3.964821538002499
    ],
    "47": [
        -1.8184192229303153,
        -2.5580867525156683
    ],
    "48": [
        -2.976575440086454,
        -2.5288397846585884
    ],
    "49": [
        -1.9408766417139967,
        -0.6361898079721025
    ],
    "50": [
        -2.497060483739427,
        -3.7837158464704204
    ],
    "51": [
        -1.1318087140325717,
        1.2072633323465927
    ],
    "52": [
        0.5629123408854756,
        -6.909907512889683
    ],
    "53": [
        0.8711678944310828,
        6.711939831199875
    ],
    "54": [
        3.1469189289051993,
        0.5941585061705007
    ],
    "55": [
        -1.3175673311862497,
        2.1631151537013187
    ],
    "56": [
        0.28900044618611276,
        8.2808166705408
    ],
    "57": [
        1.5181123237766903,
        9.895206145412338
    ],
    "58": [
        1.925859871429188,
        8.251384667005969
    ],
    "59": [
        -0.8200142018852873,
        7.827029850633385
    ],
    "60": [
        0.1082604258594879,
        6.084822013949967
    ],
    "61": [
        -2.4186583814565292,
        -9.34413346888548
    ],
    "62": [
        -5.405261445077292,
        -14.462382666888187
    ],
    "63": [
        1.9911493134422968,
        -5.9331009941004575
    ],
    "64": [
        -0.37159606331882056,
        -7.016335026566867
    ],
    "65": [
        0.6596216773884659,
        -6.159693371164436
    ],
    "66": [
        -1.451990945731429,
        -6.492265411525454
    ],
    "67": [
        1.729149802123774,
        -7.623824798540564
    ],
    "68": [
        3.488151292199374,
        -9.834944846568593
    ],
    "69": [
        -2.5402939647835243,
        2.755529603780881
    ],
    "70": [
        6.221226811045662,
        -11.563803702391922
    ],
    "71": [
        7.324307667050961,
        -13.848976441546714
    ],
    "72": [
        8.118834717109912,
        -13.247969620839266
    ],
    "73": [
        5.398473237655082,
        -8.545907432417716
    ],
    "74": [
        6.092813887894696,
        -5.805861273486784
    ],
    "75": [
        5.633163796753195,
        -6.600640320098535
    ],
    "76": [
        -1.6741111708304737,
        5.349405983771667
    ],
    "77": [
        2.4932950183834888,
        5.15127138364199
    ],
    "78": [
        -6.421643944142784,
        -16.812906026382926
    ],
    "79": [
        0.21688144675636367,
        9.442375272434818
    ],
    "80": [
        1.6128573170458511,
        12.221860884533744
    ],
    "81": [
        3.9871683271040212,
        3.699880446361243
    ],
    "82": [
        0.7368841697605268,
        4.006220020834798
    ],
    "83": [
        3.3688909540171017,
        6.164316672655275
    ],
    "84": [
        -1.1002749189566137,
        -0.20852677413407442
    ],
    "85": [
        2.5025903531402083,
        14.752431305382553
    ],
    "86": [
        -2.4352438593323487,
        4.280894389788411
    ],
    "87": [
        0.48248149135271484,
        5.290747860106913
    ],
    "88": [
        -2.363441962831529,
        5.047407511963298
    ],
    "89": [
        -1.5058090947845648,
        6.306130400932188
    ],
    "90": [
        -0.6911639223942286,
        5.445830901919435
    ],
    "91": [
        -1.9235645712417642,
        3.357458478788715
    ],
    "92": [
        -0.053137624760242454,
        5.179987923980285
    ],
    "93": [
        5.285883214192652,
        8.384647488702894
    ],
    "94": [
        5.886331527069462,
        7.664159374017679
    ],
    "95": [
        -3.7193771167891554,
        5.460879815367026
    ],
    "96": [
        -2.6251604671740147,
        6.903516054708524
    ],
    "97": [
        -3.2991632772883843,
        6.286207989633888
    ],
    "98": [
        9.514385249770386,
        1.4854491781535046
    ]
}