{
    "0": [
        -13.972267605127291,
        -12.206393332788018
    ],
    "1": [
        -17.632410238766177,
        -11.498039743511136
    ],
    "2": [
        -20.170505520909053,
        -14.755253531415537
    ],
    "3": [
        -6.714485563201818,
        -6.797194550849086
    ],
    "4": [
        -15.335383211630722,
        -17.40747280079417
    ],
    "5": [
        -20.442166383337607,
        -9.290488501484255
    ],
    "6": [
        -31.840966763991094,
        -17.312473655845857
    ],
    "7": [
        -32.641154644042494,
        -19.161112144500905
    ],
    "8": [
        -35.14743708022493,
        -18.268839901949118
    ],
    "9": [
        -33.85400777277584,
        -17.00561938902386
    ],
    "10": [
        -33.53789407180723,
        -19.29432603092388
    ],
    "11": [
        -34.880580857256504,
        -19.095178173094855
    ],
    "12": [
        -34.09901682909909,
        -16.133167192148402
    ],
    "13": [
        -35.18795436354576,
        -17.396557995768063
    ],
    "14": [
        -25.92838311930588,
        -13.314139284247322
    ],
    "15": [
        -34.82589917464875,
        -16.64477561417212
    ],
    "16": [
        -34.29843566676464,
        -19.706179717135136
    ],
    "17": [
        -33.497916191196545,
        -18.19963358289352
    ],
    "18": [
        -32.75058908441387,
        -20.205418939834868
    ],
    "19": [
        -33.56289355915311,
        -20.14071844443942
    ],
    "20": [
        -34.276073899073495,
        -18.67257535793294
    ],
    "21": [
        -34.4486718041625,
        -17.72000205879795
    ],
    "22": [
        -31.96916768258546,
        -19.807595591785233
    ],
    "23": [
        -25.10637713448021,
        -14.075379097099415
    ],
    "24": [
        14.201842633562201,
        2.1490765106632326
    ],
    "25": [
        10.53319619481535,
        0.8274813405823324
    ],
    "26": [
        14.448069926551462,
        1.3518918801851911
    ],
    "27": [
        3.624653261985129,
        -1.0241093324937705
    ],
    "28": [
        -23.14917191094938,
        -9.36832756081522
    ],
    "29": [
        -22.893230938089385,
        -10.804979027708
    ],
    "30": [
        -21.770094749067813,
        -13.01456624157415
    ],
    "31": [
        -16.372236044522367,
        -5.424998302861696
    ],
    "32": [
        -22.114540127813765,
        -11.109908705237284
    ],
    "33": [
        -22.942452829245724,
        -10.076552354224912
    ],
    "34": [
        -18.98844584470484,
        -4.275460831557135
    ],
    "35": [
        -13.705395207047737,
        -8.42534916536607
    ],
    "36": [
        -24.444121301155096,
        -6.381919371542807
    ],
    "37": [
        -11.433566023992645,
        -1.5933252104396303
    ],
    "38": [
        -10.386358793466279,
        0.563775764938357
    ],
    "39": [
        -18.61840907677803,
        0.5770737260049761
    ],
    "40": [
        -13.617321200686241,
        -0.39998067102405904
    ],
    "41": [
        -14.584772261021165,
        -0.733836965042094
    ],
    "42": [
        -14.394726880600114,
        -0.0799019744537844
    ],
    "43": [
        -13.047030489067634,
        0.3089606330116554
    ],
    "44": [
        -13.169126603097485,
        1.0658529772005665
    ],
    "45": [
        -7.5105405046976035,
        0.9736385862826592
    ],
    "46": [
        -15.73263287491182,
        -5.482462057606777
    ],
    "47": [
        -14.148666037145643,
        -2.461110942101055
    ],
    "48": [
        -13.932196360406042,
        0.6402232014283747
    ],
    "49": [
        -14.637469001586881,
        -1.756302337385998
    ],
    "50": [
        -13.550486192206117,
        -3.0124837603110404
    ],
    "51": [
        -13.965681653677908,
        -1.385576051661762
    ],
    "52": [
        -24.684824241152448,
        -3.6006980818698424
    ],
    "53": [
        -27.757967521577697,
        -3.2394943663824267
    ],
    "54": [
        -27.579401196191956,
        -3.9826281084336905
    ],
    "55": [
        -27.448919530715933,
        -2.5353202095113256
    ],
    "56": [
        -19.481141657488998,
        -9.21914211585021
    ],
    "57": [
        -13.969311619277686,
        -6.8360444062156525
    ],
    "58": [
        -2.5855355200677486,
        0.5404082030398758
    ],
    "59": [
        -9.885026252410713,
        3.0285724356287305
    ],
    "60": [
        -2.6604359578673984,
        0.07322901574564401
    ],
    "61": [
        -9.38132388215985,
        3.6381713182037334
    ],
    "62": [
        -24.890519513257544,
        1.289991963122394
    ],
    "63": [
        -25.558375948333904,
        -2.42006154494673
    ],
    "64": [
        -27.190548640662655,
        2.9840585218552693
    ],
    "65": [
        -27.63093068873413,
        2.106814265065101
    ],
    "66": [
        -28.682673830036478,
        3.1625222946726805
    ],
    "67": [
        -20.567830535269284,
        3.1206836889241027
    ],
    "68": [
        -8.09649819941735,
        -3.9932550595629
    ],
    "69": [
        -2.891157420491334,
        -2.418812829531982
    ],
    "70": [
        -10.461894509110728,
        -5.260686146172192
    ],
    "71": [
        -9.999024615941932,
        -6.10059768794892
    ],
    "72": [
        -2.7540469745824256,
        -2.837868008022544
    ],
    "73": [
        -12.876106752833156,
        -1.5568472919820056
    ],
    "74": [
        -3.045023953606897,
        -3.4634391339017396
    ],
    "75": [
        10.28208171660088,
        -4.308844948895075
    ],
    "76": [
        9.035318631526184,
        -3.714056826705484
    ],
    "77": [
        12.186092215285669,
        -5.278727120718782
    ],
    "78": [
        14.079694003273595,
        -5.678132465547404
    ],
    "79": [
        13.705259472454646,
        -6.445458922574003
    ],
    "80": [
        15.194165856353415,
        8.264892538362842
    ],
    "81": [
        12.469447357577481,
        6.389826493462091
    ],
    "82": [
        15.524860656191732,
        10.12413431892061
    ],
    "83": [
        14.697428055842883,
        8.832883116672916
    ],
    "84": [
        14.09061972132089,
        9.337365478612623
    ],
    "85": [
        15.606190604646002,
        7.576682832308157
    ],
    "86": [
        16.884362677165978,
        9.916111529980526
    ],
    "87": [
        16.721886589407692,
        8.65993648323088
    ],
    "88": [
        -21.589315440265633,
        -4.578660651796105
    ],
    "89": [
        -21.569866363304506,
        -3.6040725532970157
    ],
    "90": [
        -22.376661870408636,
        -18.805647806347547
    ],
    "91": [
        -23.06141458399628,
        4.690959263819976
    ],
    "92": [
        -22.535958549908162,
        5.362324833555591
    ],
    "93": [
        -17.15398831748618,
        1.0605320557788886
    ],
    "94": [
        17.674605212047588,
        12.635125944229735
    ],
    "95": [
        10.955616458256854,
        -8.280545724456994
    ],
    "96": [
        8.043303835766455,
        -5.444963980962845
    ],
    "97": [
        -24.073710610892036,
        -20.950881925523976
    ],
    "98": [
        -23.302388454684532,
        -21.39730548436721
    ],
    "99": [
        -5.51916542163202,
        -5.517408172026366
    ],
    "100": [
        22.76323928761427,
        14.53848126238852
    ],
    "101": [
        20.353156125004848,
        12.654130841704387
    ],
    "102": [
        5.09539368808615,
        5.100922405039051
    ],
    "103": [
        6.014018328203569,
        8.995853495520782
    ],
    "104": [
        -27.308600987363402,
        -6.769737581556445
    ],
    "105": [
        -23.502300973421193,
        -15.055520309361727
    ],
    "106": [
        -16.47531161978878,
        -21.943247180592163
    ],