{
    "0": [
        4.6586488831426545,
        6.149091140986463
    ],
    "1": [
        6.792451999026387,
        8.461297130448274
    ],
    "2": [
        -0.09122595289316178,
        2.4232956838910673
    ],
    "3": [
        7.798390205306922,
        8.392678409248703
    ],
    "4": [
        -10.18151869808411,
        -13.348886334183415
    ],
    "5": [
        -13.322257491574678,
        -16.40625366062152
    ],
    "6": [
        -5.5173212425186815,
        -9.205062250611695
    ],
    "7": [
        -12.584526606219985,
        -15.24577590678021
    ],
    "8": [
        -15.44936193428658,
        -18.545092381575067
    ],
    "9": [
        16.629686824525248,
        0.8994922362302317
    ],
    "10": [
        10.331652065369589,
        3.4775905217960417
    ],
    "11": [
        21.446708351170237,
        -2.313117320947314
    ],
    "12": [
        19.400403358479103,
        1.149879295493223
    ],
    "13": [
        15.673817042674193,
        5.0999083287401765
    ],
    "14": [
        15.103106596348436,
        6.51027230909907
    ],
    "15": [
        21.403064780579506,
        -18.260584759030714
    ],
    "16": [
        25.765935952772377,
        -21.7394592809024
    ],
    "17": [
        16.60719638259476,
        -14.420334523096338
    ],
    "18": [
        29.732384705929128,
        -24.89487251649009
    ],
    "19": [
        -0.25691370254445123,
        5.825303119538729
    ],
    "20": [
        -0.8744236077744397,
        5.81987449115283
    ],
    "21": [
        -19.80233227992051,
        4.228402827708077
    ],
    "22": [
        -16.94341430460843,
        3.4875907461508167
    ],
    "23": [
        -12.148712563393861,
        1.005932661958185
    ],
    "24": [
        -19.63225989372971,
        5.900826080093718
    ],
    "25": [
        -0.9637474548002004,
        7.411722788880273
    ],
    "26": [
        -1.6175583306035828,
        10.88925238143768
    ],
    "27": [
        -2.8963580420969195,
        -4.067602169903353
    ],
    "28": [
        -6.227113977117128,
        -9.827533838577933
    ],
    "29": [
        -1.055337039695136,
        -1.891983337419313
    ],
    "30": [
        -3.668650848553805,
        -6.664591768397829
    ],
    "31": [
        -8.158988672586212,
        -14.83651720259528
    ],
    "32": [
        -7.587123237098023,
        -12.09849541690519
    ],
    "33": [
        -3.557262076945524,
        -4.3340662501281635
    ],
    "34": [
        -7.559281905887104,
        -6.047627134890513
    ],
    "35": [
        -8.718004219299536,
        -13.338892579203234
    ],
    "36": [
        -8.138083404326482,
        -12.43345216165775
    ],
    "37": [
        -5.673928250990297,
        -12.497880994144875
    ],
    "38": [
        -6.9183034344515075,
        -12.637474104493473
    ],
    "39": [
        -6.294169435157457,
        -12.946421134815614
    ],
    "40": [
        -7.172706187047605,
        -1.691732853008943
    ],
    "41": [
        -5.050224711240776,
        0.4918320289940306
    ],
    "42": [
        -4.464418557506633,
        0.9870360783636161
    ],
    "43": [
        -1.0156785970431625,
        -2.613973863750148
    ],
    "44": [
        -11.204773518303396,
        -2.7930389628817314
    ],
    "45": [
        -10.412205068020796,
        2.810347434797663
    ],
    "46": [
        -13.264270178294623,
        3.6048912727619595
    ],
    "47": [
        -5.788409781855999,
        2.7650696640421364
    ],
    "48": [
        -0.23195904919413046,
        -8.788206301276889
    ],
    "49": [
        -7.958420925404061,
        -10.608182299320259
    ],
    "50": [
        -3.4047972044704786,
        -3.6320117814515256
    ],
    "51": [
        -7.048722986807333,
        -11.126060073454367
    ],
    "52": [
        -5.008821786429165,
        -7.2945309700199115
    ],
    "53": [
        5.925567382879364,
        -2.3303868092905002
    ],
    "54": [
        8.433640832448855,
        -3.741076845151831
    ],
    "55": [
        8.839483979773982,
        -2.9411675464323226
    ],
    "56": [
        9.800162582991316,
        -6.8350696377319
    ],
    "57": [
        18.126498289773178,
        -9.692484851338842
    ],
    "58": [
        20.69256897593995,
        -10.847952171048405
    ],
    "59": [
        21.34672122766846,
        -6.529652635152162
    ],
    "60": [
        12.884111565445698,
        -11.233704890164509
    ],
    "61": [
        4.681562703307502,
        -3.8089460657756278
    ],
    "62": [
        -1.364021247811607,
        -5.447345740814462
    ],
    "63": [
        -0.38424396914936815,
        -5.504757502507885
    ],
    "64": [
        8.829988515073618,
        -9.62502410574509
    ],
    "65": [
        4.33395572242097,
        2.4974338258221236
    ],
    "66": [
        8.700942393383555,
        -15.309808957436177
    ],
    "67": [
        10.29235444571633,
        -17.70457895861751
    ],
    "68": [
        8.723233660996994,
        -18.157748741580892
    ],
    "69": [
        9.529296718381392,
        -18.026059607535565
    ],
    "70": [
        4.219573817400406,
        -17.221976237796362
    ],
    "71": [
        5.962152101980914,
        -9.933067768978988
    ],
    "72": [
        10.076690996498547,
        -19.358142187996584
    ],
    "73": [
        12.99033020591141,
        16.239814661095867
    ],
    "74": [
        14.61060820400086,
        18.663891118741553
    ],
    "75": [
        10.68208636493612,
        12.769779700524044
    ],
    "76": [
        4.428268873092304,
        -5.587603125821852
    ],
    "77": [
        0.06873529454256956,
        -11.61980836724471
    ],
    "78": [
        20.265113355725,
        6.559473594611387
    ],
    "79": [
        22.837862491517885,
        7.830025609011212
    ],
    "80": [
        23.07573540384936,
        6.997789281365839
    ],
    "81": [
        -19.18883262779949,
        0.054901118350262554
    ],
    "82": [
        -16.18249715473629,
        0.4844635264692905
    ],
    "83": [
        -1.971135433938529,
        2.6884655616409017
    ],
    "84": [
        -1.5547216522973675,
        5.525314784075389
    ],
    "85": [
        -0.0031621515679086114,
        9.21242860504396
    ],
    "86": [
        -2.248193237691546,
        6.9806135647964105
    ],
    "87": [
        -3.247770573233417,
        2.537279560216968
    ],
    "88": [
        0.8757846277160446,
        7.393169618786469
    ],
    "89": [
        2.754683977638868,
        4.645504402491022
    ],
    "90": [
        -3.274305586239312,
        3.308440007464512
    ],
    "91": [
        -2.535291908137854,
        -0.8375111262886192
    ],
    "92": [
        -1.3249335174988797,
        3.625899261271451
    ],
    "93": [
        -3.196788556133481,
        4.083049648823459
    ],
    "94": [
        -1.2163103585875685,
        6.468731696845643e-05
    ],
    "95": [
        -3.7475012455683125,
        8.123279694455626
    ],
    "96": [
        2.994686278048914,
        1.791575182725384
    ],
    "97": [
        -0.5261683573838282,
        4.923905603262547
    ],
    "98": [
        2.050988281308814,
        4.316583776449166
    ],
    "99": [
        -2.603621062731896,
        1.982266004588519
    ],
    "100": [
        2.2110716354944824,
        0.27629726312874875
    ],
    "101": [
        1.1019979656687349,
        1.6481122628091507
    ],
    "102": [
        -1.7072165742356198,
        0.7002247785660215
    ],
    "103": [
        1.434025625943774,
        3.495926653715618
    ],
    "104": [
        2.162408310791962,
        1.4313421590312807
    ],
    "105": [
        -1.210594199756272,
        9.218799393772725
    ],
    "106": [
        -4.633801627545986,
        3.302367974478535
    ],
    "107": [
        -1.379191027371468,
        4.676152595071476
    ],