{
    "0": [
        0.030690891782248257,
        3.7784083786421423
    ],
    "1": [
        6.721342932807778,
        1.824334363915572
    ],
    "2": [
        2.217941538477665,
        0.4694110741650914
    ],
    "3": [
        -3.472151459101642,
        2.49503945633284
    ],
    "4": [
        -1.5644858469968792,
        2.4234909697320077
    ],
    "5": [
        -0.30155027501525705,
        7.214498213737496
    ],
    "6": [
        -1.3411808479748684,
        7.532175003675563
    ],
    "7": [
        0.8953393565802897,
        2.114569505730978
    ],
    "8": [
        -4.682362789050599,
        3.781027479081292
    ],
    "9": [
        -2.2155197850962898,
        7.078632092417208
    ],
    "10": [
        0.16834117674864316,
        -0.9009994493097505
    ],
    "11": [
        -2.6818151780480273,
        5.963301645402231
    ],
    "12": [
        0.8294478036351107,
        1.156234982821749
    ],
    "13": [
        2.838920204976177,
        0.8026793777701887
    ],
    "14": [
        -6.969456120594045,
        6.529467246046086
    ],
    "15": [
        -0.9323198271978871,
        6.779692467410608
    ],
    "16": [
        3.4480700610559984,
        4.615947064678714
    ],
    "17": [
        -1.633782497945043,
        6.7590887834102915
    ],
    "18": [
        3.8562011170269543,
        4.333976469073935
    ],
    "19": [
        -0.4541348536569752,
        7.768126291225489
    ],
    "20": [
        -2.0039632758999333,
        6.170090465311088
    ],
    "21": [
        0.5770027147225454,
        7.361550357131741
    ],
    "22": [
        5.240900301427427,
        -1.2477439787620797
    ],
    "23": [
        -0.2826739709560269,
        -0.9636913857076455
    ],
    "24": [
        1.8819357075588132,
        -3.1852468853157228
    ],
    "25": [
        10.097783505674068,
        3.3527983536581862
    ],
    "26": [
        13.699654536896814,
        2.315553058603317
    ],
    "27": [
        9.612243058154633,
        3.9614317783445676
    ],
    "28": [
        0.8058416329543239,
        -1.4056098256451572
    ],
    "29": [
        4.879531517174962,
        2.9387166842773733
    ],
    "30": [
        3.6149598422274085,
        0.768987906356213
    ],
    "31": [
        2.3801318922206907,
        -1.7798316950284552
    ],
    "32": [
        -0.8389752712564352,
        2.6243301522276674
    ],
    "33": [
        0.06819630571591176,
        2.581413239939212
    ],
    "34": [
        -3.7925688021484967,
        0.13430427131973974
    ],
    "35": [
        -2.7982216284845003,
        2.146037877066432
    ],
    "36": [
        -4.781575595501937,
        2.8221218543226394
    ],
    "37": [
        0.08002518167264781,
        5.6558163485599735
    ],
    "38": [
        4.460260798041115,
        5.4772372466843695
    ],
    "39": [
        1.210511938582656,
        -2.913528880013727
    ],
    "40": [
        2.719752107306389,
        4.59331630772138
    ],
    "41": [
        -2.4090218690541163,
        -3.085314266773294
    ],
    "42": [
        -1.8571717341625784,
        -1.783513449990813
    ],
    "43": [
        2.3277576476302757,
        -6.011990814330443
    ],
    "44": [
        -1.4853397158672086,
        -2.1906489127050643
    ],
    "45": [
        -2.3404856492800588,
        -3.6396475213605197
    ],
    "46": [
        1.1407652170521623,
        -6.460233936181431
    ],
    "47": [
        3.0465145964780973,
        -5.816160804841597
    ],
    "48": [
        2.1018446096710623,
        -6.734090531216107
    ],
    "49": [
        6.254358305595284,
        -3.10938836354378
    ],
    "50": [
        3.086273872193248,
        -6.660529170286119
    ],
    "51": [
        0.6603459730367761,
        -5.523957376505468
    ],
    "52": [
        9.169573937909945,
        5.3755900592411
    ],
    "53": [
        2.268657566163115,
        1.9325907134583076
    ],
    "54": [
        -2.9908694053622167,
        -6.719916732721843
    ],
    "55": [
        -6.788147441608829,
        -2.249675126808869
    ],
    "56": [
        -11.298886058810307,
        2.9894135549992367
    ],
    "57": [
        -0.695836545043539,
        0.3066499201485462
    ],
    "58": [
        -2.399132694605102,
        -5.670015903947803
    ],
    "59": [
        -7.368859573512602,
        -0.5489934177178026
    ],
    "60": [
        -7.170408607488356,
        0.35752628481027626
    ],
    "61": [
        -7.796938982072032,
        0.18676952541425587
    ],
    "62": [
        -7.407764266389126,
        1.0549699800032613
    ],
    "63": [
        1.412133434292696,
        -8.893275023442051
    ],
    "64": [
        -0.7334087667259412,
        -7.419111612539911
    ],
    "65": [
        1.8168971812947527,
        -4.052145385483755
    ],
    "66": [
        -2.0766192963428907,
        -11.114657918178393
    ],
    "67": [
        -8.814519780291016,
        -2.2189674747342694
    ],
    "68": [
        -10.808236551816766,
        -1.6567641366448134
    ],
    "69": [
        -4.909729923166388,
        -2.6017268965654416
    ],
    "70": [
        -4.253723588268592,
        -3.337478808960629
    ],
    "71": [
        -12.001164764113904,
        -4.130221568728602
    ],
    "72": [
        -12.46805155156784,
        -3.011022214288156
    ],
    "73": [
        -5.213667682289102,
        2.729336509072642
    ],
    "74": [
        -12.569250221646284,
        -2.3396976851740647
    ],
    "75": [
        -12.445795304883115,
        -3.6381602466920007
    ],
    "76": [
        -5.27720160552248,
        -3.300873877662966
    ],
    "77": [
        -14.569101398093592,
        -2.1394950300932476
    ],
    "78": [
        -5.996800151159435,
        -0.7179177245190664
    ],
    "79": [
        -8.318143112803009,
        4.44112120363395
    ],
    "80": [
        8.039993308856365,
        -9.562951494375888
    ],
    "81": [
        10.576097475776365,
        -13.997530925420035
    ],
    "82": [
        7.45129624220173,
        -3.510794839803091
    ],
    "83": [
        4.826021432813375,
        -11.61005924760728
    ],
    "84": [
        6.246433394631886,
        -7.865808879447298
    ],
    "85": [
        12.304813373701482,
        -17.041797071308043
    ],
    "86": [
        11.578468050100149,
        -1.4216043905167597
    ],
    "87": [
        9.331150432618127,
        -0.6590200846934327
    ],
    "88": [
        14.452375498453373,
        0.9454558758666124
    ],
    "89": [
        8.832317047682643,
        -4.355320951026354
    ],
    "90": [
        6.0244143121835805,
        2.3609320440263173
    ],
    "91": [
        9.14343793479244,
        0.9270323823695542
    ],
    "92": [
        5.5742808031371185,
        0.72674930748614
    ],
    "93": [
        7.182113390537618,
        0.33763568042414704
    ],
    "94": [
        10.119333050525624,
        -0.26104797088051773
    ],
    "95": [
        8.670986842916507,
        2.3918359329895624
    ],
    "96": [
        8.099093840992285,
        -1.2605269446233538
    ],
    "97": [
        7.270546577049643,
        4.009886158273402
    ],
    "98": [
        8.73329773211489,
        -3.3769966862739915
    ],
    "99": [
        4.519916703628601,
        -3.80358888169798
    ],
    "100": [
        3.463766396456632,
        -4.0733029710571005
    ],
    "101": [
        -1.864855196854959,
        1.2165329123570856
    ],
    "102": [
        5.022955626599878,
        -5.581566002199223
    ],
    "103": [
        0.3946665478558128,
        -8.523485653554527
    ],
    "104": [
        4.8596285069612275,
        -2.247257637402356
    ],
    "105": [
        -0.04725576814203619,
        -12.8708675411408
    ],
    "106": [
        -5.40324003467717,
        -5.414758652319706
    ],
    "107": [
        -7.6330049659267,
        5.1105555154605735
    ],