{
    "0": [
        36.39771555368296,
        2.7634351926580893
    ],
    "1": [
        32.89858581961118,
        4.125109918008697
    ],
    "2": [
        39.28915561862529,
        2.257579553348964
    ],
    "3": [
        0.9448687239821688,
        -11.737508659288379
    ],
    "4": [
        3.2205263288721677,
        -12.667114227022887
    ],
    "5": [
        -1.1086855392767827,
        -14.488162545325
    ],
    "6": [
        1.0511476279408953,
        -7.900086483165136
    ],
    "7": [
        0.18799771599767315,
        -11.873564825247149
    ],
    "8": [
        68.44003781624801,
        2.2527115018532666
    ],
    "9": [
        70.5186620719197,
        1.5736469875561896
    ],
    "10": [
        64.9154520852906,
        2.6127456541484952
    ],
    "11": [
        70.63237321855516,
        2.624327923707068
    ],
    "12": [
        -29.330088131469342,
        -3.1043159712908075
    ],
    "13": [
        -25.11594244757739,
        -4.553058340788639
    ],
    "14": [
        -33.43844576933061,
        -2.419085783146424
    ],
    "15": [
        18.780118700455603,
        1.3306227232499446
    ],
    "16": [
        23.05928101277119,
        5.033850069530615
    ],
    "17": [
        23.23078423020231,
        5.506980744896285
    ],
    "18": [
        19.096310382550598,
        -0.2862915392128545
    ],
    "19": [
        16.923179946204304,
        2.5679532084139987
    ],
    "20": [
        13.264419781657752,
        -2.3082466254231178
    ],
    "21": [
        20.082301949570784,
        -0.3908754435547457
    ],
    "22": [
        19.344128499154696,
        2.7165224065175875
    ],
    "23": [
        13.487692478222888,
        -2.6372262276588114
    ],
    "24": [
        20.326637345886844,
        1.5209074952904258
    ],
    "25": [
        22.39154197085064,
        3.022151744595931
    ],
    "26": [
        20.558012828539155,
        0.4419070594109655
    ],
    "27": [
        36.084175364610324,
        3.3801962236130936
    ],
    "28": [
        -8.936595649069297,
        -3.005523641741836
    ],
    "29": [
        -9.368625408710333,
        -5.369656749424277
    ],
    "30": [
        -11.071372407209694,
        2.2656765459066057
    ],
    "31": [
        2.9944347852877806,
        0.22112205252257158
    ],
    "32": [
        -8.971050163393674,
        -4.43081740493266
    ],
    "33": [
        -10.368249223087389,
        -3.4884404721578375
    ],
    "34": [
        -8.455118887132903,
        -0.9136800321396141
    ],
    "35": [
        -9.270718032944684,
        -0.7053985652835053
    ],
    "36": [
        -20.58116101719155,
        -5.898451377546281
    ],
    "37": [
        -11.399139734751724,
        -4.311782299093358
    ],
    "38": [
        -4.084432931639054,
        -9.159848074594532
    ],
    "39": [
        -11.221184832827173,
        -1.9553789384442397
    ],
    "40": [
        -10.902638757233703,
        -4.8906256517472055
    ],
    "41": [
        -11.186910269934907,
        -2.8145542548123
    ],
    "42": [
        -8.132286007121966,
        -1.8454451129225635
    ],
    "43": [
        -10.810335591514457,
        -1.1901883260638755
    ],
    "44": [
        -10.070158556716182,
        -0.7703992600991156
    ],
    "45": [
        -10.035249114611537,
        -1.9332317672745882
    ],
    "46": [
        -1.4951279448646428,
        -16.777609099160053
    ],
    "47": [
        1.8154578173195932,
        -23.031887056861713
    ],
    "48": [
        0.9490550096513598,
        -20.356322440678216
    ],
    "49": [
        -25.343546847688796,
        40.86738688687601
    ],
    "50": [
        -23.96968383731677,
        39.32363293683628
    ],
    "51": [
        41.373863081536356,
        0.29752083333776164
    ],
    "52": [
        42.50646955829452,
        1.041497169377555
    ],
    "53": [
        -42.19971929753458,
        -4.084502686868726
    ],
    "54": [
        -38.515955935416144,
        -3.92733750437831
    ],
    "55": [
        -44.25952658261159,
        -3.687594335869029
    ],
    "56": [
        36.69028425737707,
        3.1756964715281946
    ],
    "57": [
        42.21732187867341,
        3.626162148467023
    ],
    "58": [
        37.21660143909562,
        4.9274205510228715
    ],
    "59": [
        36.549139405466995,
        4.210606644211498
    ],
    "60": [
        36.74625771089381,
        3.7068163724751257
    ],
    "61": [
        42.655285010086345,
        1.8675610389538833
    ],
    "62": [
        40.26048566562439,
        4.246011358239765
    ],
    "63": [
        41.39246667555659,
        3.368117282742879
    ],
    "64": [
        39.57386359515817,
        -0.2737085140089909
    ],
    "65": [
        40.929839456278096,
        1.0950424395851364
    ],
    "66": [
        40.319476292951556,
        0.29628918624199047
    ],
    "67": [
        42.10315515010787,
        0.30359162316453875
    ],
    "68": [
        42.6310521177407,
        2.8753111233504596
    ],
    "69": [
        41.563126942572005,
        4.231099385343615
    ],
    "70": [
        41.22034739381116,
        -0.42869025692888485
    ],
    "71": [
        36.12936648215513,
        3.886432580520821
    ],
    "72": [
        42.07150069390494,
        2.456960112227282
    ],
    "73": [
        36.38334332708091,
        2.260355316419342
    ],
    "74": [
        35.814851561321696,
        2.94279985108562
    ],
    "75": [
        41.80840833264647,
        1.3725650974093568
    ],
    "76": [
        40.38828010627368,
        -0.6071405106736047
    ],
    "77": [
        41.25976472178955,
        2.288059278837653
    ],
    "78": [
        35.76383842609727,
        2.3992941103711742
    ],
    "79": [
        35.95092668097171,
        1.9072986389417934
    ],
    "80": [
        -0.875504297519219,
        -17.488937004690793
    ],
    "81": [
        -2.241482073605271,
        0.7303278870266479
    ],
    "82": [
        -2.4484312266522035,
        -4.721967309382066
    ],
    "83": [
        -2.0620998029569972,
        5.715989847449449
    ],
    "84": [
        -1.5797215568480656,
        8.117735496119197
    ],
    "85": [
        24.084886696611115,
        16.529774802633607
    ],
    "86": [
        26.653507548254808,
        20.828396073771607
    ],
    "87": [
        21.431705527276304,
        11.736559560078227
    ],
    "88": [
        60.85892398761444,
        3.062798803059222
    ],
    "89": [
        -30.64466499688069,
        -7.4503821354121715
    ],
    "90": [
        -28.19061179036675,
        -6.163194433202245
    ],
    "91": [
        27.28876580002105,
        4.03138131881052
    ],
    "92": [
        25.7484596428273,
        4.873349139917942
    ],
    "93": [
        -32.146779445776176,
        -19.788907853439206
    ],
    "94": [
        -30.22889510109864,
        -18.77625627459436
    ],
    "95": [
        -31.461530465080095,
        -18.43231678619456
    ],
    "96": [
        8.182892428071446,
        -8.253466042452592
    ],
    "97": [
        7.707402486965006,
        -6.206588166422812
    ],
    "98": [
        -41.24190666181855,
        -4.914848283820177
    ],
    "99": [
        -27.875197791996033,
        42.55844360122248
    ],
    "100": [
        -31.405681883199524,
        45.732382564374674
    ],
    "101": [
        32.69170850725958,
        2.198889416511414
    ],
    "102": [
        -28.033853141284094,
        -15.985217203397013
    ],
    "103": [
        -25.83786781956914,
        -12.445090221856026
    ],
    "104": [
        47.561488663135144,
        4.103378533513504
    ],
    "105": [
        39.702458136481795,
        5.894931204012544
    ],
    "106": [
        9.439195500800718,
        -5.058099062311832
    ],
    "107": [
        -15.72937229929413,
        12.899772753212481
    ],