{
    "0": [
        5.523939553883429,
        6.59474537144824
    ],
    "1": [
        7.699795447674436,
        9.31149881967726
    ],
    "2": [
        8.781667359775078,
        8.673220630005442
    ],
    "3": [
        7.278534862619095,
        9.982667553878002
    ],
    "4": [
        8.478797788915433,
        9.197047652188441
    ],
    "5": [
        -0.23947643127006676,
        0.0449042416868264
    ],
    "6": [
        5.68409266636823,
        3.9347223101507502
    ],
    "7": [
        2.490130339785925,
        6.553617613345068
    ],
    "8": [
        5.628934231552046,
        7.3355378816864505
    ],
    "9": [
        6.385728541229204,
        6.621195159613862
    ],
    "10": [
        8.156044295149696,
        9.82722563763776
    ],
    "11": [
        -5.199007698110552,
        3.4025115741537473
    ],
    "12": [
        -3.1051378115823636,
        -6.152639874316469
    ],
    "13": [
        -2.769772638387598,
        6.102146640168812
    ],
    "14": [
        3.081112176363687,
        -4.138196411044914
    ],
    "15": [
        2.2189043767833514,
        3.1742510249982008
    ],
    "16": [
        -0.49650893697109383,
        -0.0006286847782304428
    ],
    "17": [
        5.818898595554258,
        -2.7394505263936075
    ],
    "18": [
        -4.637384921899059,
        -6.771732888499104
    ],
    "19": [
        -3.7230567973556514,
        -4.765031152571373
    ],
    "20": [
        -0.5643498072712855,
        5.996256781340114
    ],
    "21": [
        7.702557287810824,
        1.0815138930570174
    ],
    "22": [
        3.4772859394347297,
        4.180715498129574
    ],
    "23": [
        4.842032130440828,
        3.695786647305285
    ],
    "24": [
        0.8827463238245921,
        9.735968759769206
    ],
    "25": [
        1.3296366346898731,
        1.9506538854643818
    ],
    "26": [
        -4.52740808376424,
        -1.7633064985335367
    ],
    "27": [
        -7.799783914139275,
        -1.8102242027156723
    ],
    "28": [
        -1.6887100252779903,
        -0.07888816232600587
    ],
    "29": [
        -1.6846601698584986,
        -3.273932200274746
    ],
    "30": [
        -1.5565849139265129,
        0.6458325091165731
    ],
    "31": [
        -4.051700916547416,
        5.213402881708823
    ],
    "32": [
        1.3300362752311456,
        -3.7340008939216927
    ],
    "33": [
        -3.1548700541035384,
        -10.011788998272007
    ],
    "34": [
        6.528841036008248,
        -0.2986390977955373
    ],
    "35": [
        3.280789540694862,
        -0.34606873862664655
    ],
    "36": [
        -0.20296162295568304,
        -6.100238829593371
    ],
    "37": [
        -12.494945031686425,
        6.366275669345684
    ],
    "38": [
        -1.2211999007938983,
        5.349100736128137
    ],
    "39": [
        -19.178035604699193,
        9.149619971429752
    ],
    "40": [
        1.177146829786178,
        9.095854527984935
    ],
    "41": [
        -2.1829183188004295,
        10.648478770998247
    ],
    "42": [
        -2.3632991198896733,
        -0.5308622269724987
    ],
    "43": [
        -5.472120864490577,
        -8.281305747481245
    ],
    "44": [
        0.41630277572405855,
        -7.717840614789262
    ],
    "45": [
        -8.060834518188798,
        -5.888171327845001
    ],
    "46": [
        -4.944363174667174,
        -5.733444266849142
    ],
    "47": [
        -7.310627670990368,
        -5.032913052471916
    ],
    "48": [
        -4.894421370327791,
        -8.663263072688114
    ],
    "49": [
        -8.178553538572489,
        -6.247222199355132
    ],
    "50": [
        -2.8588151741138743,
        -12.455963059190529
    ],
    "51": [
        3.8357911084488228,
        -6.171248788365761
    ],
    "52": [
        -5.249539849367848,
        -6.72936055280857
    ],
    "53": [
        -3.6475922578261106,
        -9.026167480495637
    ],
    "54": [
        -4.261234917809816,
        -9.271650319596707
    ],
    "55": [
        0.3541890299914653,
        -5.328816236205456
    ],
    "56": [
        -5.587072552668081,
        2.0183872820457474
    ],
    "57": [
        -5.570468425030473,
        0.9725746327796825
    ],
    "58": [
        4.219199361692848,
        -9.100271027988
    ],
    "59": [
        -6.468354391889148,
        -7.714378358843652
    ],
    "60": [
        -11.909133210606198,
        -4.227270332539873
    ],
    "61": [
        -4.626520775976731,
        -20.984758307652296
    ],
    "62": [
        10.123406199926194,
        -5.180311317871701
    ],
    "63": [
        0.995942677799515,
        -12.238187815345995
    ],
    "64": [
        -13.031476912488781,
        6.946772906835069
    ],
    "65": [
        -16.2943814212949,
        8.583166676633695
    ],
    "66": [
        -15.031739172280426,
        9.741707496958188
    ],
    "67": [
        -15.874597591271378,
        9.29521794562823
    ],
    "68": [
        -7.042111913579745,
        8.508871152248954
    ],
    "69": [
        -16.259102455128094,
        7.091715845599752
    ],
    "70": [
        -16.4451443430903,
        7.7825173913292325
    ],
    "71": [
        -7.033177106879324,
        3.7545597367378294
    ],
    "72": [
        -13.51326600271723,
        1.3682834860404975
    ],
    "73": [
        -15.666963231545068,
        8.163270301215773
    ],
    "74": [
        -15.214169815597002,
        9.000765273054052
    ],
    "75": [
        0.17585437935103473,
        -16.62565932989851
    ],
    "76": [
        0.0807701713711047,
        -10.465485915972883
    ],
    "77": [
        0.056676081878237895,
        -20.539901707905223
    ],
    "78": [
        -0.7148992376859074,
        -11.755611809290283
    ],
    "79": [
        -0.7395332559006075,
        -17.071635199122777
    ],
    "80": [
        0.7735728021895186,
        -19.862184571180258
    ],
    "81": [
        1.6487639662120552,
        -15.70131508859638
    ],
    "82": [
        1.4102183084856217,
        -19.796884450607656
    ],
    "83": [
        1.1947276468981691,
        -15.421583905495059
    ],
    "84": [
        0.013487288234754213,
        -19.680257013047488
    ],
    "85": [
        -0.8280861064035162,
        -19.691008872829464
    ],
    "86": [
        -0.38040154861840375,
        -22.108143886148603
    ],
    "87": [
        2.8301907284791037,
        -15.520887993744784
    ],
    "88": [
        -6.90876225366978,
        -23.92933880796619
    ],
    "89": [
        -6.256886874571512,
        -24.424268170868334
    ],
    "90": [
        -7.301165987091795,
        -23.103273562236936
    ],
    "91": [
        -5.491309856474793,
        -24.650350294563733
    ],
    "92": [
        -2.8135046413778833,
        -23.31399417279847
    ],
    "93": [
        -5.152006737979853,
        -23.908863889159672
    ],
    "94": [
        -5.944088035864472,
        -23.729893954804854
    ],
    "95": [
        -4.656511846892535,
        -24.478901538801164
    ],
    "96": [
        -6.566667146602111,
        -23.201717730310747
    ],
    "97": [
        -4.558421929664665,
        8.850831497328647
    ],
    "98": [
        -4.6360188723928335,
        7.361521665973374
    ],
    "99": [
        -4.111370372884382,
        9.513217873572469
    ],
    "100": [
        -5.241261347518042,
        9.77591453182705
    ],
    "101": [
        2.73008494188104,
        4.085693841901935
    ],
    "102": [
        -2.0769138893897976,
        3.1191181443730724
    ],
    "103": [
        -6.822055688882024,
        11.580815572222473
    ],
    "104": [
        2.844648127149731,
        -6.336546806972975
    ],
    "105": [
        6.20604730204225,
        -5.900532978564896
    ],
    "106": [
        5.816908017176024,
        -6.432067982618002
    ],
    "107": [
        5.089155669934009,
        -7.356123642769828
    ],