{
    "0": [
        -25.279519146648784,
        -0.3126851899187068
    ],
    "1": [
        -23.4043067019194,
        1.3266164186320846
    ],
    "2": [
        -20.745955992353995,
        3.2181428298060264
    ],
    "3": [
        36.0092163863692,
        13.578874631708146
    ],
    "4": [
        37.509323573451816,
        15.270437800669185
    ],
    "5": [
        34.149368196075855,
        11.111547864925932
    ],
    "6": [
        -2.866051054501251,
        -5.373847141691535
    ],
    "7": [
        -5.150537314941907,
        -4.7675883664625776
    ],
    "8": [
        -1.0006279343787245,
        -5.9245528305319315
    ],
    "9": [
        -5.102882093275434,
        -9.14012262252718
    ],
    "10": [
        -2.7362831097883955,
        -0.3281151361261832
    ],
    "11": [
        -7.638329084932762,
        -2.0981979671130597
    ],
    "12": [
        -4.971337765689065,
        -6.027924868635761
    ],
    "13": [
        -2.7551985282464297,
        -7.96541084137273
    ],
    "14": [
        -2.3864540430495143,
        -7.488383572195977
    ],
    "15": [
        -7.230594960717715,
        -1.7966782991482602
    ],
    "16": [
        -6.287855677112538,
        -6.334813463157348
    ],
    "17": [
        -7.2579701704202035,
        -5.905473863566353
    ],
    "18": [
        -8.359176024032266,
        -2.5411110926868723
    ],
    "19": [
        19.070451486286093,
        13.91402900121421
    ],
    "20": [
        17.65699856146336,
        12.252964791756837
    ],
    "21": [
        15.690188740127516,
        10.059023059078015
    ],
    "22": [
        -1.0113441583139637,
        9.712444060913263
    ],
    "23": [
        -1.0182329650116673,
        11.656899577642088
    ],
    "24": [
        -1.0551945572801975,
        5.503891794048382
    ],
    "25": [
        -0.8861702506793157,
        13.007785423249203
    ],
    "26": [
        -9.259284489061521,
        1.0609724022190128
    ],
    "27": [
        -11.077834142967673,
        0.014397602210032478
    ],
    "28": [
        -0.44041965268394084,
        0.26383349234298886
    ],
    "29": [
        -10.730231982777953,
        2.4357571737550443
    ],
    "30": [
        -17.444716378607033,
        5.401432303822958
    ],
    "31": [
        -11.317795248502314,
        1.671047574118038
    ],
    "32": [
        -11.517029139585096,
        0.7892371951473041
    ],
    "33": [
        -24.758154981876842,
        -0.8537463786595572
    ],
    "34": [
        -27.254021286409245,
        4.89816469647418
    ],
    "35": [
        -27.27360297673541,
        -0.8862274386741604
    ],
    "36": [
        -27.21771579695034,
        -1.765976388857804
    ],
    "37": [
        -26.63963798856995,
        -2.4496640990513514
    ],
    "38": [
        -19.380921162094893,
        -4.892577655411796
    ],
    "39": [
        -22.62773013731699,
        5.178803574703575
    ],
    "40": [
        -29.742932976464214,
        4.493976462267903
    ],
    "41": [
        -29.69348588062389,
        5.433597094411614
    ],
    "42": [
        -30.391438111752528,
        10.325966676628928
    ],
    "43": [
        -4.5580778927544765,
        -12.991736953309267
    ],
    "44": [
        67.35913816720327,
        -2.8742974475279617
    ],
    "45": [
        70.12749924621372,
        -2.591619879266335
    ],
    "46": [
        64.06020051028896,
        -3.4353705579103933
    ],
    "47": [
        72.15617670555977,
        -2.4544457770253967
    ],
    "48": [
        -5.801458869001414,
        -13.335641020827696
    ],
    "49": [
        -4.353312435742652,
        -11.09484268140083
    ],
    "50": [
        -21.018037436786067,
        9.031366796592941
    ],
    "51": [
        -22.720824474486438,
        10.562655715330788
    ],
    "52": [
        -23.342843532245666,
        9.051234375675596
    ],
    "53": [
        -23.34863986502608,
        9.929199938491019
    ],
    "54": [
        -20.96019575871981,
        12.394118136733935
    ],
    "55": [
        -8.314836008796966,
        3.3241628752341286
    ],
    "56": [
        -6.930838646971225,
        1.9435070245308617
    ],
    "57": [
        -7.419567628504923,
        3.869623462935864
    ],
    "58": [
        -5.346885156234359,
        -0.7445286440569787
    ],
    "59": [
        8.829771623546394,
        5.302925752730278
    ],
    "60": [
        4.756791226645379,
        2.688859778271269
    ],
    "61": [
        12.48907281575138,
        7.7650250737231685
    ],
    "62": [
        7.465870952918058,
        2.979997843958628
    ],
    "63": [
        4.098098166965063,
        21.838452811988017
    ],
    "64": [
        3.3583927347039837,
        19.436806189246873
    ],
    "65": [
        2.297387250197205,
        15.998978521468233
    ],
    "66": [
        2.284953387918849,
        -9.30323799541962
    ],
    "67": [
        -5.313462246263344,
        -11.688288814403807
    ],
    "68": [
        -2.4167634217232172,
        -10.38460985279474
    ],
    "69": [
        -3.3990794197936065,
        -14.077167581242856
    ],
    "70": [
        -2.456224485529168,
        -4.093218261784208
    ],
    "71": [
        -3.0479211751920503,
        -6.248694817381652
    ],
    "72": [
        -1.738070325710966,
        -1.234981729123472
    ],
    "73": [
        -4.072749233803579,
        -4.313514284474957
    ],
    "74": [
        -3.314999188046866,
        -10.040761081075699
    ],
    "75": [
        -1.6941395806861013,
        -9.81151503734179
    ],
    "76": [
        -26.783667626263174,
        21.86841942945305
    ],
    "77": [
        -27.723128878769415,
        23.856443609996962
    ],
    "78": [
        -28.485955466085976,
        23.03486117549135
    ],
    "79": [
        -21.94796293040754,
        19.21775071806641
    ],
    "80": [
        -30.867093160570764,
        23.41512521191448
    ],
    "81": [
        5.408341146740848,
        -5.682536400091501
    ],
    "82": [
        9.514563874520618,
        3.1687374054764996
    ],
    "83": [
        38.97390763381542,
        -1.432649975048231
    ],
    "84": [
        40.982541416700656,
        -1.040313571068644
    ],
    "85": [
        36.238432107733324,
        -1.7442584848736302
    ],
    "86": [
        -5.144784645544182,
        1.3528227798620078
    ],
    "87": [
        -4.995522677434053,
        3.06243867267878
    ],
    "88": [
        -0.3882606829830708,
        6.867334126008095
    ],
    "89": [
        0.7195171213443611,
        10.905376774739395
    ],
    "90": [
        -3.16947539524833,
        11.90716075125112
    ],
    "91": [
        1.4904673009823628,
        8.039631070027797
    ],
    "92": [
        1.2880039298713593,
        6.4607604960468565
    ],
    "93": [
        -1.6909011028046452,
        7.047265138035644
    ],
    "94": [
        3.1875493777366146,
        -12.742943527644929
    ],
    "95": [
        4.1724942102637534,
        -15.237354598441662
    ],
    "96": [
        1.7944342278083367,
        -11.913757609615741
    ],
    "97": [
        -0.08803487731580745,
        -10.041198039753981
    ],
    "98": [
        3.534081766801042,
        18.00405050439557
    ],
    "99": [
        2.411078962226463,
        18.330688464734827
    ],
    "100": [
        8.924737270494061,
        -7.420807583128957
    ],
    "101": [
        7.2441902416314345,
        -5.566750229617549
    ],
    "102": [
        15.467352335208021,
        -5.790017011865337
    ],
    "103": [
        7.603042996444214,
        -9.160766051910466
    ],
    "104": [
        7.5696642060832335,
        -7.406955285610446
    ],
    "105": [
        10.813201226292511,
        -9.059710095289113
    ],
    "106": [
        11.10582639803994,
        -8.199580598678967
    ],