{
    "0": [
        -52.76358147637327,
        17.04278552634165
    ],
    "1": [
        -51.047272894162916,
        16.243377426113934
    ],
    "2": [
        -47.314776584006836,
        15.293641875556506
    ],
    "3": [
        -53.95574445418743,
        16.855869227198408
    ],
    "4": [
        23.722972127533463,
        -18.70660127116626
    ],
    "5": [
        25.595670566492,
        -20.284572937152603
    ],
    "6": [
        26.02071210120456,
        -19.38971837465352
    ],
    "7": [
        20.090901400850406,
        -16.985877839854165
    ],
    "8": [
        36.111908382753526,
        9.780044749674698
    ],
    "9": [
        38.1338443897457,
        10.242405612621054
    ],
    "10": [
        40.594911359115684,
        10.557542821814499
    ],
    "11": [
        30.49707378156748,
        9.412393198375343
    ],
    "12": [
        38.10893331718251,
        9.10975541472505
    ],
    "13": [
        -7.874912907040713,
        -10.02623446413402
    ],
    "14": [
        -9.498593394287461,
        -11.846469082268719
    ],
    "15": [
        -7.094785594901516,
        -3.816572185092176
    ],
    "16": [
        -7.484246313673773,
        -15.51277351163913
    ],
    "17": [
        32.73973893876351,
        12.21943515535268
    ],
    "18": [
        30.45254127558976,
        11.042609192232666
    ],
    "19": [
        34.33545626888883,
        13.099985125646144
    ],
    "20": [
        24.608755557963395,
        9.22572631924461
    ],
    "21": [
        35.55338997524264,
        12.42737921413101
    ],
    "22": [
        -43.15097172732401,
        14.228452123679856
    ],
    "23": [
        -38.260058497067526,
        12.551423166936033
    ],
    "24": [
        -45.01107248755967,
        15.302276275036085
    ],
    "25": [
        28.075370817586453,
        11.266542160213861
    ],
    "26": [
        26.594344549098132,
        10.376074352085276
    ],
    "27": [
        -17.47725852316441,
        -11.482335118862443
    ],
    "28": [
        -19.49769593964635,
        -13.02431763618477
    ],
    "29": [
        -14.661803815464095,
        -9.339972321134285
    ],
    "30": [
        21.236843126539963,
        4.706036283620236
    ],
    "31": [
        14.42471259262833,
        2.7149087076296814
    ],
    "32": [
        26.051753526177897,
        2.608284045591878
    ],
    "33": [
        6.88458626290744,
        0.9372634872838275
    ],
    "34": [
        16.797368918881517,
        2.623516259475475
    ],
    "35": [
        2.5659303507000715,
        -8.380388257224743
    ],
    "36": [
        3.470293828211353,
        -10.070365992955516
    ],
    "37": [
        -0.9502793347656503,
        -1.0183719305059868
    ],
    "38": [
        5.43252284060732,
        -15.4201364969845
    ],
    "39": [
        4.280910630203336,
        -9.285805999206854
    ],
    "40": [
        37.97568049845912,
        -2.700950857371391
    ],
    "41": [
        40.8943036549031,
        -3.886642695059854
    ],
    "42": [
        34.46771082230304,
        -1.1935066281544682
    ],
    "43": [
        43.02950725346745,
        -4.684533534026264
    ],
    "44": [
        2.8417271915242868,
        -24.432257059074317
    ],
    "45": [
        3.0928159317165,
        -21.851292297113577
    ],
    "46": [
        4.294703140956757,
        -23.878969051522105
    ],
    "47": [
        2.140093587157702,
        -24.013351301361475
    ],
    "48": [
        1.6746821212867313,
        -17.423166463891977
    ],
    "49": [
        3.6313562738922065,
        -28.75895350100275
    ],
    "50": [
        4.454557662112599,
        -19.052446336145053
    ],
    "51": [
        3.6284672210289397,
        -24.35444690534533
    ],
    "52": [
        -1.2647309698145341,
        -21.65543574860534
    ],
    "53": [
        -32.41296030819942,
        11.432937880877166
    ],
    "54": [
        -39.9965385843113,
        13.760336416648915
    ],
    "55": [
        -39.43929078542481,
        10.22678243418041
    ],
    "56": [
        -26.23965424064214,
        10.09526983834202
    ],
    "57": [
        -28.179682381545813,
        12.568050891716071
    ],
    "58": [
        -28.882450140838294,
        11.519576438770002
    ],
    "59": [
        -18.944902813672268,
        7.321690043173024
    ],
    "60": [
        -2.108689229656815,
        8.479213082862406
    ],
    "61": [
        -2.689883142242436,
        10.841086673278683
    ],
    "62": [
        -1.2822466867021995,
        5.221475779350859
    ],
    "63": [
        -13.322331336156907,
        7.027185980283237
    ],
    "64": [
        -15.29633222217592,
        7.558627055900898
    ],
    "65": [
        -15.047815673031945,
        8.467025125876564
    ],
    "66": [
        -13.638001981348049,
        9.177597565125614
    ],
    "67": [
        -14.507244535240227,
        9.136267428056092
    ],
    "68": [
        -6.833351182919419,
        4.461911151190605
    ],
    "69": [
        27.549494364775953,
        13.320749026757225
    ],
    "70": [
        16.12867330449979,
        8.046030343353875
    ],
    "71": [
        40.267701794078874,
        13.673605574633457
    ],
    "72": [
        22.082506348125698,
        -17.66713239511559
    ],
    "73": [
        15.554400497886492,
        -15.18999929651573
    ],
    "74": [
        30.4722250808614,
        0.5997855513648981
    ],
    "75": [
        -0.2540760983900517,
        1.3079724762065932
    ],
    "76": [
        -5.276578475413537,
        0.4387923999810991
    ],
    "77": [
        7.597973611604379,
        6.517659240566581
    ],
    "78": [
        0.615177912275403,
        2.9978525961811138
    ],
    "79": [
        -0.45077115334680684,
        3.1255433420515946
    ],
    "80": [
        -1.3595215029991807,
        2.6908393026306365
    ],
    "81": [
        1.4192140502393487,
        2.5093676686493787
    ],
    "82": [
        -1.610581674003302,
        -1.5064944305324786
    ],
    "83": [
        -3.8811014232081633,
        -1.1550684174171348
    ],
    "84": [
        0.07324073034849948,
        -5.890268448635707
    ],
    "85": [
        6.646214556417528,
        -3.7201425648380377
    ],
    "86": [
        1.4405121185224479,
        1.4613490675587322
    ],
    "87": [
        1.6653275688516103,
        8.422855879351973
    ],
    "88": [
        0.21999853967102043,
        4.410341019949364
    ],
    "89": [
        30.137495584798717,
        16.756887027955703
    ],
    "90": [
        31.20354576635792,
        18.517965947970637
    ],
    "91": [
        32.1935134297861,
        19.262584973440156
    ],
    "92": [
        0.4585536069361742,
        -12.493317106851999
    ],
    "93": [
        -0.43756455138941647,
        -14.665801897226778
    ],
    "94": [
        1.290265054744098,
        -14.231569761656294
    ],
    "95": [
        0.44610977822005365,
        -14.701987861250846
    ],
    "96": [
        -0.9834068109614712,
        -13.965309912913005
    ],
    "97": [
        -35.34770861393025,
        9.297384950829182
    ],
    "98": [
        -30.737959789247807,
        8.430182843424664
    ],
    "99": [
        -42.40545011883682,
        10.606172665965046
    ],
    "100": [
        -42.25831820704088,
        9.276031704113192
    ],
    "101": [
        -8.915560802949818,
        -4.855673994197543
    ],
    "102": [
        -11.861255330661635,
        -5.369527130755882
    ],
    "103": [
        -9.04211874580779,
        -2.7115406788695213
    ],
    "104": [
        -8.918150643554577,
        -5.674587466605691
    ],
    "105": [
        -9.766037588585597,
        -3.42433317596583
    ],
    "106": [
        -5.700179153650714,
        -4.093293461155823
    ],
    "107": [
        -11.182116945414844,
        -6.773879518613975
    ],