{
    "0": [
        3.331157427002766,
        14.744471433980731
    ],
    "1": [
        2.611650817120297,
        10.932562623571872
    ],
    "2": [
        0.448681495969022,
        4.107208505026878
    ],
    "3": [
        2.025954680505476,
        14.344753606396853
    ],
    "4": [
        4.649306549104348,
        14.125789628769631
    ],
    "5": [
        3.037004230287829,
        14.021454228365602
    ],
    "6": [
        1.1553591433308985,
        3.5152590318956767
    ],
    "7": [
        3.9992078075835136,
        14.51875900138312
    ],
    "8": [
        0.5394288290561623,
        11.186934773255645
    ],
    "9": [
        3.938014922137922,
        13.730786948052778
    ],
    "10": [
        2.5889822168164005,
        14.734543154743543
    ],
    "11": [
        4.909075991831409,
        13.454365066130272
    ],
    "12": [
        -1.041368054582423,
        7.957611251350574
    ],
    "13": [
        -0.8398081847964172,
        -5.161686394505839
    ],
    "14": [
        9.92287808698016,
        -19.81466121126898
    ],
    "15": [
        7.536928965610969,
        -17.124041216021595
    ],
    "16": [
        3.876999427035088,
        -11.89558689853597
    ],
    "17": [
        9.231309434278145,
        -20.297073965336338
    ],
    "18": [
        -0.8038351337626815,
        2.3767250485928924
    ],
    "19": [
        -1.2597966211176703,
        2.375409698920497
    ],
    "20": [
        -2.0601540780383774,
        11.487282415065286
    ],
    "21": [
        -2.660222599620658,
        11.26314182542754
    ],
    "22": [
        -1.4943615203025247,
        11.713055856793924
    ],
    "23": [
        -0.8813213402955563,
        11.501725344901006
    ],
    "24": [
        2.5914520019314433,
        -9.17351661431602
    ],
    "25": [
        -3.2850710962122966,
        -0.1154167948555209
    ],
    "26": [
        -4.9714162589730595,
        -3.4711856259187175
    ],
    "27": [
        -3.753940794916593,
        -2.8838867456086725
    ],
    "28": [
        0.8009303068295243,
        -5.66741309557444
    ],
    "29": [
        -3.3405073192637285,
        -3.584448987850577
    ],
    "30": [
        1.9524374965853917,
        -9.029428249534407
    ],
    "31": [
        -0.4735218662318063,
        -2.435564031471163
    ],
    "32": [
        -2.3101188989519246,
        -9.696964679769058
    ],
    "33": [
        2.108860598288755,
        -1.0969727520275225
    ],
    "34": [
        1.441549681508011,
        -9.492155975879138
    ],
    "35": [
        0.0853931423746266,
        -10.089619996132736
    ],
    "36": [
        -1.147548119430057,
        -0.08057204318403301
    ],
    "37": [
        -2.0923863787633086,
        -8.927781496994292
    ],
    "38": [
        2.4919673876050115,
        -6.183182111804308
    ],
    "39": [
        -1.3076228904537084,
        -2.929446802954781
    ],
    "40": [
        3.478740388886549,
        -4.683133318735598
    ],
    "41": [
        -6.4946130239620885,
        -6.630627531472012
    ],
    "42": [
        -1.8986773698277082,
        -8.207064266535452
    ],
    "43": [
        2.5619192895194045,
        -3.629056245428559
    ],
    "44": [
        -2.997390266544422,
        -2.7383294252477057
    ],
    "45": [
        -1.8198951826936505,
        -3.9050824712604864
    ],
    "46": [
        -1.137971991925469,
        -0.7656476019381765
    ],
    "47": [
        4.40811126835235,
        -4.880212260133237
    ],
    "48": [
        -1.7639204359518381,
        -0.5490826618293426
    ],
    "49": [
        3.642350153588436,
        -2.1492485165705975
    ],
    "50": [
        -0.24021545646639486,
        -8.509109647606326
    ],
    "51": [
        -0.12153720446593486,
        -10.868013440899233
    ],
    "52": [
        -4.084508335825595,
        -10.012881233777144
    ],
    "53": [
        1.7387980736707143,
        -5.739651574520401
    ],
    "54": [
        -0.669194119457529,
        0.30669596006445704
    ],
    "55": [
        2.462477299530153,
        -7.779381165674019
    ],
    "56": [
        4.113067713812991,
        -5.367723038370912
    ],
    "57": [
        2.9632836182214857,
        -5.617754700100907
    ],
    "58": [
        -4.033468420038476,
        -5.299108986282626
    ],
    "59": [
        -0.9466053166678428,
        -9.710989832302218
    ],
    "60": [
        -1.7287867359299625,
        -10.355210332644681
    ],
    "61": [
        -1.5760375024814892,
        0.2874919732879457
    ],
    "62": [
        -1.600046390177038,
        -2.151620591496628
    ],
    "63": [
        -4.750194685422026,
        -4.2104515682366594
    ],
    "64": [
        -5.9576880589055685,
        -5.689346993753184
    ],
    "65": [
        -4.26020572039344,
        -6.732841815011232
    ],
    "66": [
        -0.8203017041477811,
        -6.720096523110217
    ],
    "67": [
        4.89091403391036,
        -5.9404098266949985
    ],
    "68": [
        -5.4714320521439035,
        -8.637802229206116
    ],
    "69": [
        -0.3528777498482086,
        -7.675975706419501
    ],
    "70": [
        -1.6943505492305977,
        -9.763285750373234
    ],
    "71": [
        -2.480797861404331,
        -7.639329883974021
    ],
    "72": [
        3.209624242226913,
        -3.2341653420687786
    ],
    "73": [
        -4.8850209857029805,
        -6.974835136540657
    ],
    "74": [
        -4.187551233857798,
        -3.68058036570065
    ],
    "75": [
        0.31797132275166773,
        -2.1668115248843614
    ],
    "76": [
        -5.45998521381352,
        -3.9666635949052624
    ],
    "77": [
        -1.450855502650185,
        -1.391927404468046
    ],
    "78": [
        3.188735626116152,
        -6.41433648340088
    ],
    "79": [
        -5.577030044906802,
        -1.7977375085561331
    ],
    "80": [
        -6.045271452855054,
        -4.514291503539013
    ],
    "81": [
        4.627304658319421,
        -3.5131614687941077
    ],
    "82": [
        1.8227611969947988,
        -3.1743898559662873
    ],
    "83": [
        0.10910291626418438,
        -9.380817682503036
    ],
    "84": [
        -4.09388760275685,
        -9.383450900826864
    ],
    "85": [
        3.604483750303189,
        -2.745711574637691
    ],
    "86": [
        -5.532235248568008,
        -7.19998654708583
    ],
    "87": [
        -4.168595685808413,
        -1.1927654024146006
    ],
    "88": [
        -4.30167920063965,
        -8.815444467951766
    ],
    "89": [
        -6.6078385883125454,
        -5.442474975810577
    ],
    "90": [
        -6.093822360733992,
        -3.861046630644238
    ],
    "91": [
        4.179707051405573,
        -2.3344471371955913
    ],
    "92": [
        -3.0976017673992726,
        -7.094736192693271
    ],
    "93": [
        2.6262376742474025,
        -2.8611653507052504
    ],
    "94": [
        -0.4546131735808664,
        -1.0427657897208462
    ],
    "95": [
        -4.5176242192525065,
        -7.5496716430184705
    ],
    "96": [
        4.435146458393057,
        -2.917765236012606
    ],
    "97": [
        -4.43745650111464,
        -1.727299115990929
    ],
    "98": [
        1.4508076939046235,
        -0.056642855204924375
    ],
    "99": [
        -5.897282799267527,
        -6.265157630016774
    ],
    "100": [
        0.6715598171824301,
        -10.095819036841519
    ],
    "101": [
        0.5421188359137306,
        -2.977340817031083
    ],
    "102": [
        2.0974293242284396,
        -2.426538128232321
    ],
    "103": [
        -2.984647006690338,
        -0.6835073801327479
    ],
    "104": [
        2.5904493500091075,
        -9.810181481878493
    ],
    "105": [
        -5.067002529958118,
        -6.016207520134399
    ],
    "106": [
        -3.016181073292925,
        -10.65647529748053
    ],