{
    "0": [
        17.883899254610455,
        -5.657220372868999
    ],
    "1": [
        14.418269186482865,
        -5.8167406173469605
    ],
    "2": [
        7.910597636415091,
        -2.8212825636968675
    ],
    "3": [
        16.958149615156085,
        -7.5459447219449745
    ],
    "4": [
        17.756647922025017,
        -7.577410959501863
    ],
    "5": [
        17.392169263547732,
        -8.22086256100201
    ],
    "6": [
        7.237635785860238,
        -3.4491251764432915
    ],
    "7": [
        18.135983136630262,
        -6.999962538877678
    ],
    "8": [
        14.931159659424615,
        -3.791866047097988
    ],
    "9": [
        16.662162974281337,
        -8.436287600374198
    ],
    "10": [
        17.419174370717307,
        -6.642836856399405
    ],
    "11": [
        18.178327400489522,
        -6.267645184825073
    ],
    "12": [
        11.914849437130794,
        -1.8300750075887104
    ],
    "13": [
        -1.1267437748622622,
        -0.3946758268128051
    ],
    "14": [
        -17.844735920106544,
        -7.538343676188831
    ],
    "15": [
        -14.683615083229467,
        -5.82449042092629
    ],
    "16": [
        -8.759006014465083,
        -3.451911383007267
    ],
    "17": [
        -18.157206792233346,
        -6.756622890445362
    ],
    "18": [
        6.4069524527140524,
        -0.9210141686170927
    ],
    "19": [
        6.348853610800332,
        -1.371395341653642
    ],
    "20": [
        15.563869741061746,
        -2.406880143306783
    ],
    "21": [
        15.805075924835958,
        -1.3242449319816407
    ],
    "22": [
        15.327029228070538,
        -1.750956342203272
    ],
    "23": [
        15.389745719047738,
        -0.697192601964124
    ],
    "24": [
        -2.698522736693829,
        2.2417285220459124
    ],
    "25": [
        0.3415200055790559,
        -5.911548686531208
    ],
    "26": [
        -4.377626227872284,
        -1.2505938108556525
    ],
    "27": [
        -5.987802349778932,
        2.4031629551395555
    ],
    "28": [
        -4.877392727766537,
        0.9766655545712627
    ],
    "29": [
        -1.5477262821223747,
        -5.453808137738441
    ],
    "30": [
        -4.409722559977625,
        -3.545833317974525
    ],
    "31": [
        2.942448565529104,
        -0.8163898252851062
    ],
    "32": [
        3.7136085263491,
        -2.7026533663023553
    ],
    "33": [
        4.160329509367044,
        1.5896106549290472
    ],
    "34": [
        0.7994416944429219,
        -4.226531879685433
    ],
    "35": [
        1.0161591837871693,
        -3.5236337439372427
    ],
    "36": [
        -1.2955382290969915,
        1.2081021294289962
    ],
    "37": [
        -3.1393870031417697,
        -4.075659549769488
    ],
    "38": [
        3.0684631782128537,
        -2.262519997304597
    ],
    "39": [
        1.283635311513903,
        3.0038868701473906
    ],
    "40": [
        -3.8567757233284223,
        -4.079258428751817
    ],
    "41": [
        -3.6845801653708867,
        -0.670337131058926
    ],
    "42": [
        -0.15510453341005984,
        1.0843559503685254
    ],
    "43": [
        -2.29053445908365,
        1.4790042016680451
    ],
    "44": [
        1.2724993537400595,
        -2.7877305138651916
    ],
    "45": [
        -3.1483626774008555,
        3.8666937708542513
    ],
    "46": [
        -0.2381628829297204,
        -1.7042889897448685
    ],
    "47": [
        -6.499941462998611,
        1.4056366633210018
    ],
    "48": [
        -1.2278868262140117,
        -4.0932382915436545
    ],
    "49": [
        -1.9714922927849496,
        -4.335402883256604
    ],
    "50": [
        0.9174942233807439,
        -5.766680957270196
    ],
    "51": [
        -4.136544958622007,
        3.485378482266241
    ],
    "52": [
        2.6201326136054246,
        -0.2239572463731462
    ],
    "53": [
        1.7424484894695182,
        -5.314383411601898
    ],
    "54": [
        -3.842766478743034,
        -5.373448896812502
    ],
    "55": [
        -2.3275600052944516,
        -2.8141410626778383
    ],
    "56": [
        -5.873526292719326,
        -2.1238096204737036
    ],
    "57": [
        2.3015015166833295,
        4.207168967928589
    ],
    "58": [
        -4.777589335394898,
        3.532240135417652
    ],
    "59": [
        -1.8915295422608536,
        -1.769839094163038
    ],
    "60": [
        3.593246284385854,
        2.8109871240602033
    ],
    "61": [
        0.6668479134871085,
        -4.926350606000395
    ],
    "62": [
        2.553745041176616,
        -2.720726723877046
    ],
    "63": [
        -1.9531402067896546,
        5.324892664853292
    ],
    "64": [
        -2.8031596084321486,
        -0.8609311404831558
    ],
    "65": [
        -2.3501995649002634,
        -5.965130024960595
    ],
    "66": [
        1.9613735583856573,
        -3.4930113978174364
    ],
    "67": [
        -5.3019379393788935,
        2.5540887039012574
    ],
    "68": [
        -3.7340694510363353,
        1.7951273090163467
    ],
    "69": [
        -3.719046864488129,
        -1.7107626240963376
    ],
    "70": [
        -1.597305095943376,
        4.718306146021775
    ],
    "71": [
        3.64281987984346,
        -1.0337049899733315
    ],
    "72": [
        2.280762832237201,
        -4.9655047027188095
    ],
    "73": [
        -3.8301485135171585,
        4.807533149839948
    ],
    "74": [
        -4.6120250922523205,
        1.6318535687622566
    ],
    "75": [
        -2.8820216767127014,
        -1.9726577664883231
    ],
    "76": [
        4.3013524867201,
        0.8813177491850391
    ],
    "77": [
        -2.40142994598646,
        -3.794227135018765
    ],
    "78": [
        1.5140096357684987,
        -0.9246251849334254
    ],
    "79": [
        -5.672891261664784,
        -3.858405795160193
    ],
    "80": [
        0.9617768905297607,
        0.09256213825173677
    ],
    "81": [
        1.3871336016773608,
        2.3044909285147313
    ],
    "82": [
        1.6167546261923778,
        1.4619100874237096
    ],
    "83": [
        2.7830756310591886,
        3.832251464415473
    ],
    "84": [
        -6.348516644589649,
        -2.8043751425488908
    ],
    "85": [
        -0.34489378882126964,
        -5.096170961636261
    ],
    "86": [
        3.9331729755808644,
        2.1510346784814587
    ],
    "87": [
        3.6280373572050584,
        -3.36446541882623
    ],
    "88": [
        -5.2572812617296005,
        1.9778909661360984
    ],
    "89": [
        -1.5864274835595449,
        -4.856785915413386
    ],
    "90": [
        -2.852733040151166,
        -5.837580629720753
    ],
    "91": [
        -4.741993880046464,
        -2.941031373393812
    ],
    "92": [
        0.02427613734338436,
        2.2677500090925062
    ],
    "93": [
        -2.2263748823029452,
        4.7137951047482
    ],
    "94": [
        2.464676727202487,
        -4.02683927829152
    ],
    "95": [
        0.19406807295269693,
        -5.3183772545046395
    ],
    "96": [
        0.7939155213551865,
        0.9719599866002672
    ],
    "97": [
        -6.83316434118345,
        0.9294562523270492
    ],
    "98": [
        2.384796503893597,
        -1.9407769686283092
    ],
    "99": [
        -0.9553701346649244,
        3.671663983563036
    ],
    "100": [
        1.174907228386,
        4.3846025929807
    ],
    "101": [
        -3.4520285785323934,
        3.2052212812947127
    ],
    "102": [
        -3.1615507008013704,
        1.1822643401663144
    ],
    "103": [
        -6.92592162130386,
        -0.7204470199756693
    ],
    "104": [
        3.798162002989299,
        0.41502298403537974
    ],
    "105": [
        -5.734832587838012,
        -2.7840060893267706
    ],
    "106": [
        2.260027905141138,
        -1.170570666257217
    ],