{
    "0": [
        -0.7364854006763075,
        0.05444156209684266
    ],
    "1": [
        -1.4941746439491457,
        0.9437000612825446
    ],
    "2": [
        0.10579293886174426,
        0.47143139322208144
    ],
    "3": [
        0.6953894294573276,
        -0.6719704742225758
    ],
    "4": [
        -3.4568445441896336,
        0.024232994063641124
    ],
    "5": [
        -0.1076087470010138,
        -0.5552316578974094
    ],
    "6": [
        0.5583247479558804,
        0.15178952660264772
    ],
    "7": [
        -0.3387645623471963,
        -0.28129254599829434
    ],
    "8": [
        -0.5436950025739881,
        1.2670641746706894
    ],
    "9": [
        -1.6409226921254894,
        1.5429170997794448
    ],
    "10": [
        1.4795472466010984,
        -0.04550926915010389
    ],
    "11": [
        1.6339046454276749,
        0.6160306564504108
    ],
    "12": [
        1.151238745882195,
        -0.4643665915498046
    ],
    "13": [
        -1.5445134433220644,
        -0.46274097583619805
    ],
    "14": [
        0.009172832362099242,
        -1.310488906963489
    ],
    "15": [
        1.2090564166915385,
        -1.6683166147873318
    ],
    "16": [
        -0.5626452104412124,
        -1.328531769747581
    ],
    "17": [
        1.6806331399176486,
        -1.3192771851739513
    ],
    "18": [
        0.3623593973380308,
        1.151766059665116
    ],
    "19": [
        0.6829583358891869,
        -1.9905433305910778
    ],
    "20": [
        0.08459529178013692,
        -2.224900202487289
    ],
    "21": [
        -2.2023417411326003,
        0.6289297034927003
    ],
    "22": [
        0.8766909781108462,
        1.3565305151057454
    ],
    "23": [
        -1.6582759937797953,
        -1.2961860498612443
    ],
    "24": [
        -0.6239761873011159,
        -1.8992694454174532
    ],
    "25": [
        1.1379644218108254,
        1.904335864859339
    ],
    "26": [
        2.72714879823298,
        -1.2248654907917942
    ],
    "27": [
        -0.21107952252119977,
        2.2828440269229455
    ]
}