{
    "0": [
        -0.2038351258346592,
        -0.33900774459023897
    ],
    "1": [
        0.5494514594597055,
        -1.0723452259092379
    ],
    "2": [
        -2.033477960778771,
        -2.555371682067716
    ],
    "3": [
        -1.749084985509633,
        -0.5501288055672523
    ],
    "4": [
        -0.2706304652658762,
        0.7725222413436627
    ],
    "5": [
        -0.392438315457822,
        0.03150428747997134
    ],
    "6": [
        -0.9355605149316841,
        -0.045022284242422314
    ],
    "7": [
        0.053712945541969814,
        -0.8064630320461523
    ],
    "8": [
        0.7657803411156867,
        0.6358215010106704
    ],
    "9": [
        0.3051865607584242,
        0.9223590882019854
    ],
    "10": [
        0.5883972729586501,
        0.032426764730664116
    ],
    "11": [
        1.0551139468508521,
        -0.08306324546645588
    ],
    "12": [
        -1.167676259534036,
        1.2941466663808638
    ],
    "13": [
        1.5648309841641759,
        -0.40909831912590494
    ],
    "14": [
        -1.6298965525694151,
        0.6965240489850432
    ],
    "15": [
        0.8116393086378598,
        1.6218123478580897
    ],
    "16": [
        -1.6603784799959473,
        1.2569728648423015
    ],
    "17": [
        -0.4338627483736763,
        1.347303633213515
    ],
    "18": [
        0.6376253342189263,
        2.4812690846487944
    ],
    "19": [
        -0.12523174299784823,
        -1.651811861795251
    ],
    "20": [
        -2.4892658113139303,
        0.3155226155571549
    ],
    "21": [
        -0.9098068205430458,
        -0.7995806724499437
    ],
    "22": [
        1.0387609550578527,
        -1.54905396998328
    ],
    "23": [
        1.6930141169710593,
        0.787531601499633
    ],
    "24": [
        0.6387580409317094,
        -2.0653235451918337
    ],
    "25": [
        2.1530133940732568,
        -0.19989374013549785
    ],
    "26": [
        2.615578391362887,
        0.7744961169402979
    ],
    "27": [
        0.31171880539921193,
        1.6430232642825393
    ],
    "28": [
        2.359750318621217,
        1.5246947812159606
    ],
    "29": [
        -1.0245372643458166,
        -1.8177364598401777
    ]
}