{
    "0": [
        0.10923354029583437,
        1.121433923854439
    ],
    "1": [
        1.4088255506456648,
        -0.13005306626429058
    ],
    "2": [
        -0.41024187632603615,
        0.09605105842903774
    ],
    "3": [
        -0.0769672743172589,
        1.6742587981707495
    ],
    "4": [
        -0.8062579732574305,
        3.7952296896402435
    ],
    "5": [
        -0.228368658834403,
        -0.3152635959169703
    ],
    "6": [
        -0.7895339193163987,
        1.1638362641003048
    ],
    "7": [
        0.4645426149682886,
        0.5343679766126234
    ],
    "8": [
        0.6344093543121943,
        -0.05713880241184264
    ],
    "9": [
        0.9327544558046702,
        0.16086676379302525
    ],
    "10": [
        0.0803000957391514,
        0.33146436671672336
    ],
    "11": [
        1.2995334367445115,
        -0.828484965865464
    ],
    "12": [
        0.2986471510905271,
        -1.166848455008682
    ],
    "13": [
        1.1729329475465748,
        2.024957725515938
    ],
    "14": [
        1.1556848325251425,
        -1.6599896658535385
    ],
    "15": [
        -1.0473429966000092,
        -0.33991428930873524
    ],
    "16": [
        -1.3696289695294628,
        0.841840978734716
    ],
    "17": [
        -0.9156672160968828,
        -1.523074103934326
    ],
    "18": [
        0.7617191219798589,
        -1.5963289270385703
    ],
    "19": [
        2.022166259864565,
        0.02859377579967031
    ],
    "20": [
        -0.3959153213875518,
        -1.0241708176655169
    ],
    "21": [
        -1.8542839955237946,
        0.2891496833535142
    ],
    "22": [
        -1.6845402543577326,
        -1.868779072892084
    ],
    "23": [
        2.3356864869737697,
        1.272671079632711
    ],
    "24": [
        1.7663773821058144,
        -1.7241386759451522
    ],
    "25": [
        1.4621985168629512,
        0.5894074381861264
    ],
    "26": [
        2.4336261535301777,
        -0.9241370990658614
    ],
    "27": [
        -1.8083649196779363,
        -0.6774038486055403
    ],
    "28": [
        2.9050446664431546,
        -1.4660401319989862
    ],
    "29": [
        1.6891016213066745,
        1.6961321044876183
    ],
    "30": [
        -0.28251811007584343,
        -2.229757140584368
    ],
    "31": [
        0.9536161828583014,
        1.3729671783027597
    ],
    "32": [
        0.48094817971781756,
        2.479765983832284
    ],
    "33": [
        -2.039507556547848,
        -1.0997410856711256
    ]
}