{
    "0": [
        0.6121269308820474,
        -0.47243615867552646
    ],
    "1": [
        -0.6728542325915106,
        1.1167882507079432
    ],
    "2": [
        -0.0008270755556922279,
        -2.367487423358861
    ],
    "3": [
        0.8277991187835774,
        -1.2175573195217808
    ],
    "4": [
        1.489145500068187,
        -0.2979673447596302
    ],
    "5": [
        0.9383573897206515,
        -0.01821013309990579
    ],
    "6": [
        0.6753931374625911,
        0.5143627946319408
    ],
    "7": [
        1.8323469925342601,
        0.1316588660432561
    ],
    "8": [
        0.45030641451808434,
        -0.774207342162965
    ],
    "9": [
        1.012225136325848,
        -1.7231221920331325
    ],
    "10": [
        2.1398812728852663,
        -0.415994842963978
    ],
    "11": [
        0.521028308082458,
        -1.975947483716475
    ],
    "12": [
        1.1097845622017735,
        -0.661725189663253
    ],
    "13": [
        0.0003792141527024905,
        0.6966792990957419
    ],
    "14": [
        -0.43509709146352665,
        -1.2391677639198002
    ],
    "15": [
        -1.0054501108468772,
        -1.7142824961307421
    ],
    "16": [
        0.461175657315751,
        1.3611763155488006
    ],
    "17": [
        3.3845669846111455,
        -0.15310941071938836
    ],
    "18": [
        1.7616238406097395,
        1.8873070203730136
    ],
    "19": [
        -0.6622378350667977,
        -0.21701015544081195
    ],
    "20": [
        -1.4829827073185298,
        0.07501605516724279
    ],
    "21": [
        2.6229543209831037,
        0.2047245113032335
    ],
    "22": [
        -1.6645949567356941,
        -1.356385181520223
    ],
    "23": [
        2.7211370062772637,
        1.2948980574048705
    ],
    "24": [
        1.5634626222359551,
        1.3867068941039318
    ],
    "25": [
        -0.2859363771141003,
        0.14816470564782902
    ],
    "26": [
        -0.6258723555277759,
        -2.4559411499574293
    ],
    "27": [
        -0.3904712409333136,
        1.6789332698625494
    ],
    "28": [
        -1.1841341565518466,
        0.5886815915371958
    ],
    "29": [
        -1.2355705313805978,
        1.28164586805565
    ],
    "30": [
        2.5089437569277124,
        -1.2664949107050487
    ],
    "31": [
        0.11236107301232907,
        2.2502567658895374
    ],
    "32": [
        -0.922631894810096,
        -0.7481537095835706
    ],
    "33": [
        0.5804099307247338,
        1.8548690152719292
    ],
    "34": [
        2.447434525445933,
        -1.8452614151506008
    ],
    "35": [
        -0.6013717341665211,
        2.816304043628904
    ],
    "36": [
        1.8751390800654273,
        -1.7549002700845082
    ],
    "37": [
        -2.493682334234483,
        0.5053224595881051
    ],
    "38": [
        -0.0012381518573676387,
        -1.6310931497806394
    ],
    "39": [
        1.315883734928733,
        2.1674432503859187
    ],
    "40": [
        1.6797815600521773,
        -2.4945683052190577
    ],
    "41": [
        2.7795063061341128,
        -0.5814487677548617
    ],
    "42": [
        1.6501163331045525,
        -3.001811128537586
    ]
}