{
    "0": [
        -0.38089741089749796,
        0.2796669707976999
    ],
    "1": [
        -0.2806549607938781,
        1.0815948521145187
    ],
    "2": [
        -1.2113711960706492,
        2.149642851167679
    ],
    "3": [
        -1.0761374289440997,
        -0.21711481761385706
    ],
    "4": [
        2.2609468654726492,
        -2.2789120826875253
    ],
    "5": [
        1.722330535935898,
        1.7926530256583355
    ],
    "6": [
        2.6707890289763494,
        -1.0858616573279523
    ],
    "7": [
        -1.4637936176620938,
        1.0081360661886167
    ],
    "8": [
        0.6799375887922465,
        -0.9104840370970607
    ],
    "9": [
        0.22051496932178152,
        -0.5979179274259204
    ],
    "10": [
        2.8371902057911234,
        2.9207677198819955
    ],
    "11": [
        1.3029999436218032,
        -0.4996133512260285
    ],
    "12": [
        0.24389128568722027,
        -0.03366454224959634
    ],
    "13": [
        1.952768721541405,
        -3.0466677265467585
    ],
    "14": [
        -0.41668102284963665,
        -0.21862274681093521
    ],
    "15": [
        1.8262774416210987,
        -0.7417637295345233
    ],
    "16": [
        -0.2720631726675803,
        -1.2422277187685609
    ],
    "17": [
        1.5215220593139567,
        4.845473335376685
    ],
    "18": [
        0.5937462395835674,
        1.8391154139804553
    ],
    "19": [
        0.7513751900793599,
        0.3576660388606518
    ],
    "20": [
        0.8392346693669531,
        -2.3529395322678246
    ],
    "21": [
        1.1380959830197332,
        2.6761201223731863
    ],
    "22": [
        0.5104877436640542,
        -1.3809200907139152
    ],
    "23": [
        1.5974074709350172,
        0.16257364929023618
    ],
    "24": [
        1.4443990219180405,
        -1.7442745527766665
    ],
    "25": [
        1.0410920165342004,
        -0.071488346695591
    ],
    "26": [
        2.7302908080218002,
        0.6989373408199425
    ],
    "27": [
        -0.38710353110272255,
        -1.9097848369644168
    ],
    "28": [
        -0.9975372510300374,
        -0.8119761902118966
    ],
    "29": [
        -0.8866832598401954,
        0.9948672883018461
    ],
    "30": [
        0.8648353327420486,
        0.7419527805782419
    ],
    "31": [
        2.9498164840043875,
        1.3314821567752126
    ],
    "32": [
        -0.09878394762524875,
        0.5486740168147023
    ],
    "33": [
        1.0540094090303278,
        2.069951901484718
    ],
    "34": [
        0.09409060666696129,
        1.6179374079856719
    ],
    "35": [
        1.6727122911908763,
        1.1365567573353297
    ],
    "36": [
        0.5457262258778292,
        0.9582657335362519
    ],
    "37": [
        -0.46406855623677556,
        2.976108473974793
    ]
}