{
    "0": [
        -0.49582047308914656,
        -0.23871856629191732
    ],
    "1": [
        -1.4123868198816942,
        0.2540287470496092
    ],
    "2": [
        -1.028296517294372,
        -1.5029825585308867
    ],
    "3": [
        -0.17904010952763919,
        0.872713976748848
    ],
    "4": [
        -0.9156131084618534,
        -0.3282795222259363
    ],
    "5": [
        3.1924345952527227,
        0.7879337720324342
    ],
    "6": [
        1.1626137999874087,
        1.0465797569244508
    ],
    "7": [
        -1.0071265467058221,
        1.0682908835953961
    ],
    "8": [
        0.31052089470052546,
        -2.9575825942452276
    ],
    "9": [
        0.9559640931078691,
        -1.2365148727937951
    ],
    "10": [
        -0.5120140005826669,
        -1.8030666562950615
    ],
    "11": [
        0.14006946984603502,
        -0.9939770945626183
    ],
    "12": [
        0.5082816942733674,
        -0.0138687681221003
    ],
    "13": [
        0.7446388200284751,
        1.5500530847171528
    ],
    "14": [
        0.6707458798401874,
        0.6252581704894232
    ],
    "15": [
        -0.3973338762860086,
        -0.7404106712796229
    ],
    "16": [
        1.0686791494168175,
        0.18608625653629643
    ],
    "17": [
        -1.5627995706507292,
        -0.9496307400478204
    ],
    "18": [
        0.27625216560019045,
        -0.356514872307414
    ],
    "19": [
        1.973238199802168,
        0.07279481081445148
    ],
    "20": [
        -0.7636781684963588,
        -1.0249460960026677
    ],
    "21": [
        -0.07866119353455943,
        0.0035083421984019735
    ],
    "22": [
        1.2687454048829123,
        -2.055724342586438
    ],
    "23": [
        1.5909404623307306,
        0.6614365963123776
    ],
    "24": [
        0.5130798381472347,
        -0.8703140199165055
    ],
    "25": [
        2.0696913989854715,
        -0.6438355293683622
    ],
    "26": [
        -0.06431757847221649,
        -2.18690172529755
    ],
    "27": [
        1.1765873292080764,
        -0.7371285670532325
    ]
}