{
    "0": [
        1.1817518469171846,
        1.9375903786224657
    ],
    "1": [
        -0.6302828868318132,
        -0.4744301886063741
    ],
    "2": [
        0.5328668404916906,
        0.2919325149619941
    ],
    "3": [
        -0.47426316702565063,
        0.32512301442633146
    ],
    "4": [
        -0.18654136709081107,
        0.8332292272905407
    ],
    "5": [
        -2.1140247414541924,
        1.7675085439296796
    ],
    "6": [
        -1.0405187274602494,
        0.798733866088936
    ],
    "7": [
        1.2461209069884336,
        0.03887960757289973
    ],
    "8": [
        0.9802492000989413,
        -1.6041228919550368
    ],
    "9": [
        -1.1724840737935531,
        -0.8193359293072981
    ],
    "10": [
        0.9510596761467214,
        -2.5244157039962842
    ],
    "11": [
        0.30159688465167483,
        -0.09376554373471713
    ],
    "12": [
        1.4718381970383336,
        -1.1654670734234656
    ],
    "13": [
        -0.025121317535714213,
        -0.23587413889769232
    ],
    "14": [
        1.6122289032154544,
        -0.14965907361300068
    ],
    "15": [
        -0.10222778064642014,
        -1.4757858681397122
    ],
    "16": [
        0.18779692056942743,
        1.0802505372134636
    ],
    "17": [
        -0.2042065107525478,
        -0.8275139831380254
    ],
    "18": [
        -1.2650045374900758,
        0.19647613460041646
    ],
    "19": [
        -1.4416205582736796,
        0.6212913643741977
    ],
    "20": [
        0.167389116564632,
        1.9431920929850588
    ],
    "21": [
        1.6687874362641357,
        0.8043969273126504
    ],
    "22": [
        1.9040697693689286,
        1.7737316773062406
    ],
    "23": [
        0.728399143441543,
        0.7565025595722732
    ],
    "24": [
        -2.1248438811887955,
        -1.5153472200060618
    ],
    "25": [
        -1.4547332976545841,
        -2.9078628809755167
    ],
    "26": [
        -1.0106362531507196,
        -1.5385262235601058
    ],
    "27": [
        0.7746262862279681,
        -0.6400093601718164
    ],
    "28": [
        -1.0531565045988558,
        2.0957966057757713
    ],
    "29": [
        -1.897147100764251,
        -0.6380010436927396
    ],
    "30": [
        0.6163826875689156,
        1.1783955473089256
    ],
    "31": [
        -0.3310127603025529,
        1.2927685771899642
    ],
    "32": [
        1.9572862042782657,
        -1.506658296380513
    ]
}