{
    "0": [
        2.1700927301637845,
        -1.069884679381903
    ],
    "1": [
        1.8904665947846773,
        -1.649779527409624
    ],
    "2": [
        1.1289521437561392,
        -1.2242143835465282
    ],
    "3": [
        0.47072176339671173,
        -2.2292956351905744
    ],
    "4": [
        -0.5641473400605986,
        -1.724192764091647
    ],
    "5": [
        -1.9894473531182226,
        -2.2766628529344106
    ],
    "6": [
        -2.1347083382280374,
        -0.10522061890997278
    ],
    "7": [
        -3.13745216798189,
        -1.135592187181008
    ],
    "8": [
        -2.7994993903173446,
        0.5095898132040899
    ],
    "9": [
        -2.6726166075823508,
        -0.5105095161054558
    ],
    "10": [
        -1.037462954632181,
        -0.1757745064868711
    ],
    "11": [
        -1.198730802597916,
        -1.4108101777764015
    ],
    "12": [
        -0.6076033152028862,
        -2.5835147320351974
    ],
    "13": [
        0.4233495389133273,
        -1.5269711646778752
    ],
    "14": [
        -0.039122994181013664,
        -2.925436786953682
    ],
    "15": [
        -1.1079978342664603,
        -2.681533320923883
    ],
    "16": [
        -0.09730343410583922,
        -1.1058894959324286
    ],
    "17": [
        -1.4698129529023272,
        -1.0611364432409318
    ],
    "18": [
        -0.858764111803585,
        -0.8508549849525251
    ],
    "19": [
        -1.4996196967825406,
        0.14566664705307517
    ],
    "20": [
        -2.056662667870727,
        1.081021050768325
    ],
    "21": [
        -0.5191350946757083,
        0.9334380788351355
    ],
    "22": [
        -1.6970584604725605,
        1.7379968811177688
    ],
    "23": [
        -0.0010869094553720604,
        0.533930587704264
    ],
    "24": [
        -0.07311755104649503,
        1.837855757768327
    ],
    "25": [
        -0.8404695758234686,
        1.2893401006122056
    ],
    "26": [
        -0.20056534376614218,
        2.615154894728343
    ],
    "27": [
        -1.145601586739449,
        0.7285705102089747
    ],
    "28": [
        0.6380968614513339,
        0.8306527913498291
    ],
    "29": [
        0.47458847293132417,
        -0.13182198745404866
    ],
    "30": [
        0.7764630800889716,
        0.2539800753398151
    ],
    "31": [
        2.105184553414717,
        0.4129679483315728
    ],
    "32": [
        1.267134497217363,
        0.429565267135743
    ]
}