{
    "0": [
        -0.3707206611345505,
        0.5396432782814831
    ],
    "1": [
        0.38268331721104143,
        -0.022921419984895365
    ],
    "2": [
        0.6156275917113148,
        -0.8870624514739602
    ],
    "3": [
        1.0203856522256574,
        -0.2288983497802788
    ],
    "4": [
        1.983475856638563,
        -0.8960637890137976
    ],
    "5": [
        1.9361451417129616,
        -1.8036713116400727
    ],
    "6": [
        1.3796131601087391,
        -1.3576176563464688
    ],
    "7": [
        3.2509291391023125,
        -1.3130481644605283
    ],
    "8": [
        3.2528845007218266,
        -0.4922278906712676
    ],
    "9": [
        2.6043254755055765,
        0.3714575457605847
    ],
    "10": [
        1.7929163409232667,
        0.3834346236198908
    ],
    "11": [
        1.0081113693299317,
        1.5633074026550082
    ],
    "12": [
        1.686691927581698,
        2.2188333281042847
    ],
    "13": [
        0.31390801864741924,
        1.7049127530126489
    ],
    "14": [
        0.580118077817944,
        0.5990464725179074
    ],
    "15": [
        -0.5883782435113504,
        -0.25225169445542095
    ],
    "16": [
        -1.3312716719535442,
        0.5643358544385843
    ],
    "17": [
        -1.6671875441744834,
        -1.0907844562471771
    ],
    "18": [
        -1.0203434885487357,
        -0.4843015537230891
    ],
    "19": [
        -2.2336144065764834,
        -1.3939528800753764
    ],
    "20": [
        -0.1237861861639384,
        -1.4961105773030066
    ],
    "21": [
        -1.2784992861097304,
        -2.0330523880778553
    ],
    "22": [
        0.3563850571013735,
        -2.3606357345347537
    ],
    "23": [
        -0.5977166224286425,
        -2.974528268464273
    ],
    "24": [
        -0.23313469130752862,
        -2.484332341126852
    ],
    "25": [
        -1.6723199638799882,
        -2.808821268613552
    ],
    "26": [
        -0.3095521437767498,
        -1.1365922711442351
    ],
    "27": [
        -0.9335372120727167,
        -1.524858867774626
    ],
    "28": [
        0.16145318698069497,
        -0.42406748085546353
    ],
    "29": [
        -1.2767732202849225,
        0.02995392447247664
    ],
    "30": [
        -0.5277008345760338,
        1.2945309626494252
    ],
    "31": [
        -1.328714366729707,
        1.6163680277884003
    ]
}