{
    "0": [
        -0.15510119104088393,
        -0.549517390794614
    ],
    "1": [
        -2.069422846829974,
        0.6245909470079636
    ],
    "2": [
        -1.4098232637113384,
        0.16151896675072522
    ],
    "3": [
        -1.0705141104169884,
        1.509041615706159
    ],
    "4": [
        -0.8225827398492468,
        0.41509083673308184
    ],
    "5": [
        -1.005874988267634,
        1.0447378158565241
    ],
    "6": [
        -1.34924926432807,
        -0.5362339726520431
    ],
    "7": [
        -1.5559585595472878,
        -0.9782766653327154
    ],
    "8": [
        -2.6657918260093973,
        -1.498623361947128
    ],
    "9": [
        -1.3577466432759744,
        -1.2792560906518147
    ],
    "10": [
        -2.9764790778810997,
        -0.5094113720882121
    ],
    "11": [
        -2.7213454447488568,
        0.1327861482882856
    ],
    "12": [
        -1.5979618543037495,
        0.8634019929124054
    ],
    "13": [
        -2.348228121360218,
        1.2885372572471967
    ],
    "14": [
        -0.29047845951478773,
        0.9858105762161413
    ],
    "15": [
        -1.2402124301253536,
        2.5091090001997793
    ],
    "16": [
        -0.44339225776566016,
        2.1165801651751566
    ],
    "17": [
        0.6288246366516228,
        2.81018479542591
    ],
    "18": [
        0.3113219288550364,
        2.2556155910678197
    ],
    "19": [
        2.072998071510472,
        1.9022669473719198
    ],
    "20": [
        1.890766376325157,
        0.9413345730528663
    ],
    "21": [
        1.0379694906191845,
        0.8294204029691481
    ],
    "22": [
        1.0109303907599498,
        1.5417555392158777
    ],
    "23": [
        1.5096688466989112,
        1.4889261292693556
    ],
    "24": [
        2.6898914378110335,
        0.8118201942797748
    ],
    "25": [
        2.169797700210056,
        -0.02479912596028288
    ],
    "26": [
        3.0037651332245168,
        0.1950982307987653
    ],
    "27": [
        2.57582421669989,
        -1.4263467535765069
    ],
    "28": [
        1.1190309424292542,
        -0.2624079495100379
    ],
    "29": [
        0.23167119089304872,
        -1.505735504861286
    ],
    "30": [
        1.3543521261159692,
        -1.0719007718407128
    ],
    "31": [
        0.8259054702677503,
        -1.637291296885546
    ],
    "32": [
        0.8888419389590883,
        -0.04052531710990565
    ],
    "33": [
        1.6887654329789914,
        -0.5833439681271001
    ],
    "34": [
        0.6043889070433286,
        -0.8138620915241206
    ],
    "35": [
        -0.20489599634510164,
        -0.02479318293460551
    ]
}