{
    "0": [
        -0.31100643996769184,
        1.3677494032547215
    ],
    "1": [
        -0.0624850077055352,
        1.971827540370794
    ],
    "2": [
        0.727356390770426,
        0.2561336071535116
    ],
    "3": [
        0.39403062791424415,
        0.6479932387470557
    ],
    "4": [
        0.7423069158390374,
        2.477636736748148
    ],
    "5": [
        1.6084621827618744,
        1.9608001064367062
    ],
    "6": [
        1.6626767225014314,
        1.352716094231302
    ],
    "7": [
        0.6205126216619502,
        1.919421005404022
    ],
    "8": [
        2.156406976925344,
        1.6426613803059331
    ],
    "9": [
        1.1192800944347296,
        0.8491988369893606
    ],
    "10": [
        2.959927997584626,
        0.6478022360366272
    ],
    "11": [
        1.972751908073791,
        0.7183459568827145
    ],
    "12": [
        1.6990633758332307,
        -0.2231224447114925
    ],
    "13": [
        2.07060243739565,
        -1.178407296314069
    ],
    "14": [
        2.719930719517992,
        -0.12201209376095543
    ],
    "15": [
        1.7227318484189678,
        -0.7798145743927442
    ],
    "16": [
        0.7829135625821776,
        -0.9800265486829702
    ],
    "17": [
        -0.2576737761856902,
        -1.4499033949314082
    ],
    "18": [
        0.24140491818611626,
        -3.0662347520611632
    ],
    "19": [
        1.002954641304463,
        -1.8628738768646245
    ],
    "20": [
        -0.421044560253389,
        -3.0358800445461607
    ],
    "21": [
        0.8641206271617718,
        -2.841945784664238
    ],
    "22": [
        0.4280105971216853,
        -1.8518922383506937
    ],
    "23": [
        -0.6300765341741742,
        -1.7069930646434872
    ],
    "24": [
        -1.050167886003995,
        -2.069775545029222
    ],
    "25": [
        -0.8317296441282876,
        -0.9616168965783229
    ],
    "26": [
        -2.5299353968288854,
        -1.5178404369676983
    ],
    "27": [
        -1.2499046871843533,
        0.3214952499745866
    ],
    "28": [
        -1.4742788886261815,
        -1.0720094455674232
    ],
    "29": [
        0.03347496449877623,
        -0.5801932425774939
    ],
    "30": [
        -1.0898484784622984,
        -0.29448347701985594
    ],
    "31": [
        -0.7905639038969612,
        0.9036774683554101
    ],
    "32": [
        -0.22301162670181465,
        0.6786986710569028
    ],
    "33": [
        -2.116326201812464,
        -0.010503212126842834
    ],
    "34": [
        -2.0835303005841594,
        0.5369331764213763
    ],
    "35": [
        -1.6360057108528538,
        1.216873541498652
    ],
    "36": [
        -1.099280012290376,
        1.6870890216231351
    ],
    "37": [
        -1.5148784621781513,
        2.88809593404966
    ]
}