{
    "0": [
        -4.214028165205405,
        1.5612445993457054
    ],
    "1": [
        -4.865153161101125,
        0.604759907449738
    ],
    "2": [
        -5.468656961059586,
        0.5600517670516443
    ],
    "3": [
        -5.206472968536453,
        1.234943802894903
    ],
    "4": [
        -4.6437136789391715,
        -0.06735748965999659
    ],
    "5": [
        -4.719046877377076,
        1.8608040466632474
    ],
    "6": [
        -3.6225097223359493,
        1.9278912073070489
    ],
    "7": [
        -3.7714789364153605,
        1.4262490513237127
    ],
    "8": [
        -4.385456664262396,
        0.9827261015935967
    ],
    "9": [
        -3.830427070488545,
        0.9800397057397593
    ],
    "10": [
        -3.882250217718754,
        0.37008544722627684
    ],
    "11": [
        -4.680239508745877,
        2.6598921816935808
    ],
    "12": [
        -1.9290405389039906,
        0.7810970275008042
    ],
    "13": [
        -4.0982911444208225,
        2.6659705239159015
    ],
    "14": [
        -5.3897362468086305,
        1.8094799191871118
    ],
    "15": [
        4.354550342507899,
        -1.3507930760990683
    ],
    "16": [
        6.445569942553975,
        -0.5682372702960502
    ],
    "17": [
        4.800768354199007,
        0.5890841234423657
    ],
    "18": [
        5.57996443459763,
        -0.6046544598183782
    ],
    "19": [
        5.047908811039192,
        0.14515952636786736
    ],
    "20": [
        4.20660939797445,
        -0.6233339482616727
    ],
    "21": [
        4.024337387846959,
        -0.059130930321379754
    ],
    "22": [
        2.836276626580402,
        -0.2340655810796241
    ],
    "23": [
        6.140459811908678,
        0.5406264651613912
    ],
    "24": [
        4.751004648174338,
        -1.374280661330032
    ],
    "25": [
        3.871635408783714,
        -1.5306342500041092
    ],
    "26": [
        5.675765919276985,
        -2.1833864331707082
    ],
    "27": [
        5.612000617341691,
        -1.2968541976644683
    ],
    "28": [
        4.576923605196262,
        -0.43780152673075834
    ],
    "29": [
        4.969890714065632,
        -0.9006520654914136
    ]
}