{
    "0": [
        -6.965055383539348,
        -3.468635511732591
    ],
    "1": [
        -4.4022535969502234,
        -2.4255391119653784
    ],
    "2": [
        -0.988700203035884,
        -0.6660570457051688
    ],
    "3": [
        -7.514530395699439,
        -3.191804469952137
    ],
    "4": [
        -5.262650385249105,
        -2.0490456920695133
    ],
    "5": [
        -5.744057354262996,
        -3.1017875932067684
    ],
    "6": [
        -6.115833389105045,
        -3.482465758394539
    ],
    "7": [
        -7.280484547949806,
        -2.3754888187806973
    ],
    "8": [
        -4.049955576505999,
        -1.8156538528750379
    ],
    "9": [
        -6.144388029858102,
        -4.277466406919704
    ],
    "10": [
        -5.674861474041124,
        -3.9117979888755716
    ],
    "11": [
        -5.1975766721580365,
        -2.55907065204977
    ],
    "12": [
        -8.055052356859806,
        -2.634883609858778
    ],
    "13": [
        -6.120593696062415,
        -1.4437845976710755
    ],
    "14": [
        -5.213923063304529,
        -3.4889751306618058
    ],
    "15": [
        -6.480082434469102,
        -2.5172521151339735
    ],
    "16": [
        -6.815704131220728,
        -1.956758239175129
    ],
    "17": [
        -6.1500472669957675,
        -2.864380077339988
    ],
    "18": [
        -4.539365815351882,
        -3.49135005343494
    ],
    "19": [
        -5.222022435871592,
        -4.450651882030759
    ],
    "20": [
        -5.940939721419556,
        -2.379562550627941
    ],
    "21": [
        8.770132579187377,
        3.306555164889952
    ],
    "22": [
        10.788562932855397,
        5.252720045160496
    ],
    "23": [
        9.66347919614435,
        4.235358333112433
    ],
    "24": [
        10.095293344562778,
        3.520467791322871
    ],
    "25": [
        9.858873410150519,
        3.069811722766431
    ],
    "26": [
        9.152858033341476,
        5.051181881380999
    ],
    "27": [
        9.466579218321902,
        3.633500534623532
    ],
    "28": [
        8.663806047477253,
        5.2228268848995825
    ],
    "29": [
        7.867226389204632,
        3.3553365411482283
    ],
    "30": [
        10.478444501734018,
        4.323523731672393
    ],
    "31": [
        9.6379828404269,
        4.767508636388785
    ],
    "32": [
        11.083595261403874,
        3.743461706004097
    ],
    "33": [
        9.471578455625208,
        2.6987649515295233
    ],
    "34": [
        10.36385857888667,
        5.843062878818885
    ],
    "35": [
        3.4147384446783167,
        1.3353842500322317
    ],
    "36": [
        10.478255838485644,
        6.5135623400766285
    ],
    "37": [
        10.799123050471515,
        2.9881285075374238
    ],
    "38": [
        11.36117428850753,
        4.4906233703621385
    ],
    "39": [
        11.890370445598311,
        6.420396122751779
    ],
    "40": [
        10.106417073087306,
        4.9263390735155905
    ]
}