{
    "0": [
        6.509831559291694,
        -9.100556499986626
    ],
    "1": [
        6.328562348182478,
        -8.649517915994766
    ],
    "2": [
        6.287932521394273,
        -9.12109571104626
    ],
    "3": [
        6.316236493962032,
        -8.059848158755722
    ],
    "4": [
        6.733136191848945,
        -9.798062754199037
    ],
    "5": [
        5.9112643275393975,
        -8.25742744015567
    ],
    "6": [
        -8.132940974802615,
        6.766118482753682
    ],
    "7": [
        -8.468544742048788,
        6.979017886909548
    ],
    "8": [
        -8.524463469099832,
        6.565063006162311
    ],
    "9": [
        -7.973688532377066,
        6.660244017513421
    ],
    "10": [
        -8.039116728321794,
        6.467720944459566
    ],
    "11": [
        -8.643065712236979,
        7.197863491937365
    ],
    "12": [
        -8.429390833552306,
        6.7845380481360404
    ],
    "13": [
        -8.31831022577744,
        7.094689206338592
    ],
    "14": [
        -2.6158676650721744,
        -6.862893268085896
    ],
    "15": [
        -8.091925095153709,
        6.976561636754143
    ],
    "16": [
        -8.314364209034043,
        6.641684299738452
    ],
    "17": [
        -8.190888948603465,
        7.084433616858854
    ],
    "18": [
        -8.07233321848597,
        6.857521483270232
    ],
    "19": [
        -8.256414538352459,
        6.447874698398789
    ],
    "20": [
        -8.74669362926945,
        6.551716279877948
    ],
    "21": [
        -8.027614092197558,
        6.811736438683199
    ],
    "22": [
        -8.361467748988984,
        6.902223295467893
    ],
    "23": [
        6.2803594056191505,
        -8.681346967663918
    ],
    "24": [
        -13.214754057841171,
        -7.418608856021487
    ],
    "25": [
        -13.20635927842564,
        -7.410302318052706
    ],
    "26": [
        -13.21487173563841,
        -7.418688805561478
    ],
    "27": [
        0.4301293032216449,
        2.756805001456217
    ],
    "28": [
        6.000208853239519,
        -8.257153708570474
    ],
    "29": [
        5.974320816750425,
        -8.311547815163236
    ],
    "30": [
        6.112624212390648,
        -8.930232389476132
    ],
    "31": [
        5.677069982260339,
        -7.790629821996143
    ],
    "32": [
        5.8361009355744,
        -8.426799267853555
    ],
    "33": [
        5.880708328649404,
        -8.253843879069914
    ],
    "34": [
        5.102396553515854,
        -7.143037100739772
    ],
    "35": [
        6.152757809852325,
        -8.10718887654156
    ],
    "36": [
        10.188576231804488,
        -8.553254478811153
    ],
    "37": [
        4.7537900025716935,
        -5.737723015959028
    ],
    "38": [
        4.6847310300995915,
        -5.017980831934971
    ],
    "39": [
        -9.214574273034584,
        -5.519798183850628
    ],
    "40": [
        4.746996615070357,
        -5.411836785340641
    ],
    "41": [
        4.3989209378156815,
        -5.699426717730932
    ],
    "42": [
        4.3343374487018504,
        -5.671935766739689
    ],
    "43": [
        4.624241251429443,
        -5.761263446427236
    ],
    "44": [
        4.751034016989192,
        -5.663902736943101
    ],
    "45": [
        4.659949480869719,
        -4.734463252028783
    ],
    "46": [
        -2.5040907472154563,
        -6.9398424681131266
    ],
    "47": [
        4.454081099390108,
        -5.83576212295347
    ],
    "48": [
        4.961152167330059,
        -5.393600045157069
    ],
    "49": [
        4.568896566411495,
        -5.556782030250546
    ],
    "50": [
        4.88037528728186,
        -5.535842143300283
    ],
    "51": [
        4.959074032989842,
        -5.44536647231827
    ],
    "52": [
        -1.752486117978441,
        10.334137843176725
    ],
    "53": [
        -1.8142243215482472,
        10.394268102489997
    ],
    "54": [
        -1.745523548598398,
        10.32859935771845
    ],
    "55": [
        -1.6552373471534652,
        10.237429367820218
    ],
    "56": [
        -2.5746214908232155,
        -6.9021334053575805
    ],
    "57": [
        -9.089141092779727,
        -3.7863829331715806
    ],
    "58": [
        4.883335248841653,
        -4.559681858048791
    ],
    "59": [
        4.7414847790402845,
        -4.659434466440205
    ],
    "60": [
        4.687678943325446,
        -4.3700098351048675
    ],
    "61": [
        4.590702278995667,
        -4.706146052495137
    ],
    "62": [
        10.773640324145228,
        -8.599344982293232
    ],
    "63": [
        10.503021487357627,
        -8.666978894071578
    ],
    "64": [
        10.845064079215096,
        -8.641904596811898
    ],
    "65": [
        10.703869450418171,
        -8.559161972076225
    ],
    "66": [
        11.061390939491273,
        -8.737152728784874
    ],
    "67": [
        -9.339516397249168,
        -5.326714297757373
    ],
    "68": [
        -9.062770917793651,
        -3.6802114372217956
    ],
    "69": [
        -8.889915070263479,
        -3.6346098631284818
    ],
    "70": [
        -9.078468314920073,
        -3.6739079744807244
    ],
    "71": [
        -9.045743598643002,
        -3.8167381042229147
    ],
    "72": [
        -9.031364623088239,
        -3.6223611363378865
    ],
    "73": [
        -9.255485883545012,
        -4.438072255912019
    ],
    "74": [
        -8.954796528426387,
        -3.085978471299958
    ],
    "75": [
        -2.7001160881684756,
        -8.745521312345922
    ],
    "76": [
        -2.74579533445917,
        -8.785669691254201
    ],
    "77": [
        -2.7760064328450804,
        -8.819109738115873
    ],
    "78": [
        -2.541259600566895,
        -8.586320944042694
    ],
    "79": [
        -2.648180910062346,
        -8.695362504068552
    ],
    "80": [
        3.0903478717156707,
        11.159366016025135
    ],
    "81": [
        2.981378741946193,
        11.13431494563267
    ],
    "82": [
        3.5819183524641183,
        11.020988998149676
    ],
    "83": [
        3.311171922712006,
        11.281997177311505
    ],
    "84": [
        2.8855422375478437,
        10.949638268107954
    ],
    "85": [
        3.0670741517482627,
        11.124040501092084
    ],
    "86": [
        3.2906024650818813,
        11.842782823384868
    ],
    "87": [
        2.8002329315821832,
        11.009919852707382
    ],
    "88": [
        5.17170669939124,
        -7.217981136097487
    ],
    "89": [
        5.136509659440529,
        -7.1841207994955525
    ],
    "90": [
        6.06962391851875,
        -9.397437890774572
    ],
    "91": [
        -9.36049612581329,
        -5.398668583563143
    ],
    "92": [
        -9.461382267207108,
        -5.251888429643497
    ],
    "93": [
        -9.330038876648308,
        -4.8758940018905665
    ],
    "94": [
        3.605872065995662,
        11.026292020716701
    ],
    "95": [
        -2.690156021119744,
        8.030941443042918
    ],
    "96": [
        -2.603469784342926,
        7.941577870771842
    ],
    "97": [
        6.010612885764784,
        -9.38798214435151
    ],
    "98": [
        6.0363426316263595,
        -9.408076986397614
    ],
    "99": [
        -8.94912358127726,
        -3.052444588394959
    ],
    "100": [
        3.350655730513499,
        11.957650805751001
    ],
    "101": [
        3.320743082220355,
        11.92284126538483
    ],
    "102": [
        -0.37838369336317423,
        -2.870362882475508
    ],
    "103": [
        -0.37867856347872886,
        -2.8727851082371085
    ],
    "104": [
        10.228280506164083,
        -8.579091930401901
    ],
    "105": [
        5.9409203159201045,
        -9.03448190015739
    ],
    "106": [
        6.802683133186524,
        -9.992171736403227
    ],
    "107": [
        6.963372606042249,
        -10.154964074542624
    ],