{
    "0": [
        -0.46334965969010244,
        5.0579066785410856
    ],
    "1": [
        -0.45806526913542933,
        5.25373649675053
    ],
    "2": [
        1.1910505933723758,
        -1.3929267448395408
    ],
    "3": [
        -0.4563008169109327,
        4.883430318653735
    ],
    "4": [
        6.894160903145804,
        13.41054257244702
    ],
    "5": [
        6.8849954824659605,
        13.401681843538263
    ],
    "6": [
        -6.39419735595369,
        -3.6195338379412263
    ],
    "7": [
        6.869223043323198,
        13.38564470425727
    ],
    "8": [
        6.847472994119685,
        13.364287803479435
    ],
    "9": [
        -4.701746149053089,
        6.757032028242029
    ],
    "10": [
        -4.554940017767149,
        6.586525531350525
    ],
    "11": [
        9.475635452985054,
        1.304590130619971
    ],
    "12": [
        -4.721925382693385,
        6.778286833617179
    ],
    "13": [
        3.143720817644903,
        -16.042763899083933
    ],
    "14": [
        -19.319452055065046,
        11.013198361806356
    ],
    "15": [
        -11.117696662964603,
        7.0177373667359175
    ],
    "16": [
        -11.039372285526191,
        7.144704198428392
    ],
    "17": [
        -11.158087001736481,
        6.9673059325786815
    ],
    "18": [
        -10.890805292481431,
        7.4925729589440335
    ],
    "19": [
        1.048212621091782,
        -1.720815426989104
    ],
    "20": [
        0.9592016169348857,
        -1.8199849100493357
    ],
    "21": [
        3.9486934168950656,
        1.6451661850816377
    ],
    "22": [
        3.841204669673834,
        1.581214574964961
    ],
    "23": [
        2.3653296167358944,
        1.9562848197286415
    ],
    "24": [
        3.718859628520033,
        1.427607374599606
    ],
    "25": [
        -1.7031619385247807,
        -4.191969786971103
    ],
    "26": [
        -1.742899536039403,
        -4.22806434059209
    ],
    "27": [
        -3.186103708847068,
        -3.1637683676873967
    ],
    "28": [
        -7.546406495696514,
        0.9309814497058282
    ],
    "29": [
        -3.2322562347477235,
        -3.1192519611336547
    ],
    "30": [
        -3.0538627177348805,
        -3.3153371488603316
    ],
    "31": [
        -8.116027778504266,
        0.886047887766074
    ],
    "32": [
        -7.618429678586723,
        0.6285238556618351
    ],
    "33": [
        -6.049771746806961,
        -2.7784211409322017
    ],
    "34": [
        1.9057090574349633,
        0.0014200217568820506
    ],
    "35": [
        -7.338074690065424,
        1.2459752021351798
    ],
    "36": [
        -7.477113934059034,
        1.1772208362017027
    ],
    "37": [
        -7.4781499133974245,
        0.7743522581889177
    ],
    "38": [
        -7.484993136926385,
        0.8915712742465685
    ],
    "39": [
        -7.592483179639091,
        0.8669403574317069
    ],
    "40": [
        1.8287090770536238,
        -0.050742449772181786
    ],
    "41": [
        2.0618440946116072,
        -0.2042715597693876
    ],
    "42": [
        1.5771566561054682,
        -0.7563449556476338
    ],
    "43": [
        0.8542125122644962,
        -0.2198442535653844
    ],
    "44": [
        1.7287543155747627,
        0.11244150271923115
    ],
    "45": [
        2.1791954051593856,
        1.7299695731023084
    ],
    "46": [
        2.1515453507920905,
        1.708468943010839
    ],
    "47": [
        1.9706092571089906,
        1.5075687397949955
    ],
    "48": [
        -6.027990044290378,
        -3.836482588399245
    ],
    "49": [
        -6.297786118161226,
        -3.6712533645686882
    ],
    "50": [
        -6.480989930776385,
        -3.6794384286275315
    ],
    "51": [
        -6.39238108665686,
        -3.8301994833494177
    ],
    "52": [
        -6.083478390463956,
        -2.867617863076885
    ],
    "53": [
        8.594129818219203,
        -1.1699772668553672
    ],
    "54": [
        8.648906859447235,
        -1.241349707752267
    ],
    "55": [
        8.582966509620656,
        -1.1837089745256923
    ],
    "56": [
        8.690694423161366,
        -0.8731314170318516
    ],
    "57": [
        9.26765656494966,
        0.37674251740955533
    ],
    "58": [
        9.274833548589012,
        0.3674374628019188
    ],
    "59": [
        9.371469049757547,
        0.9302869950325534
    ],
    "60": [
        8.745859379874322,
        -0.6148783263429232
    ],
    "61": [
        -0.9718804825223913,
        0.7147044989936964
    ],
    "62": [
        0.7463270941112439,
        -0.3149367487706578
    ],
    "63": [
        0.8475168149011514,
        -0.20688224869798466
    ],
    "64": [
        -4.569156365043603,
        -0.25704276983790963
    ],
    "65": [
        -1.1122070606133283,
        1.1606988441174155
    ],
    "66": [
        7.180623148313109,
        -1.1385350623063033
    ],
    "67": [
        7.255209528684513,
        -1.085962813568057
    ],
    "68": [
        7.204850366323247,
        -1.2061301511821299
    ],
    "69": [
        7.206990149938471,
        -1.1378478643774217
    ],
    "70": [
        -2.853700938062515,
        2.3710752967881543
    ],
    "71": [
        6.479308456023861,
        -1.7874467102501497
    ],
    "72": [
        6.854945289141705,
        -1.3544756628081787
    ],
    "73": [
        5.4833096095985905,
        6.136324690814823
    ],
    "74": [
        5.49864115405534,
        6.147610047939549
    ],
    "75": [
        5.405063139686105,
        6.07546188101817
    ],
    "76": [
        -3.4653150110000137,
        -12.562055805832973
    ],
    "77": [
        -6.034590900491424,
        -3.9039059944819927
    ],
    "78": [
        3.096348549906936,
        -16.096353208857167
    ],
    "79": [
        3.2478099152596767,
        -15.946561149231886
    ],
    "80": [
        3.1764324545800013,
        -16.018439864466608
    ],
    "81": [
        1.7759295259053944,
        1.965258653166349
    ],
    "82": [
        1.860874902826278,
        1.9783680963608887
    ],
    "83": [
        0.16219919652331416,
        -1.7962664158566228
    ],
    "84": [
        -0.522696005772618,
        -1.8255171073150502
    ],
    "85": [
        1.8815828676930724,
        -4.871993350250808
    ],
    "86": [
        2.876611951604976,
        -3.5879742484920234
    ],
    "87": [
        -0.15708122155844234,
        -2.071545387054629
    ],
    "88": [
        3.2362105829215757,
        -4.6336389186987885
    ],
    "89": [
        1.2675075619890537,
        -1.980797793394778
    ],
    "90": [
        0.8268900577494962,
        -1.285481683980634
    ],
    "91": [
        -0.27411888330767276,
        0.324906363655896
    ],
    "92": [
        0.7755095334942752,
        -1.1759093972382277
    ],
    "93": [
        0.4903849887794016,
        -1.0509093708286916
    ],
    "94": [
        0.49542942293925596,
        -1.1823143691265827
    ],
    "95": [
        0.9053480600744482,
        -7.293225031139657
    ],
    "96": [
        0.08894382074995175,
        -1.904443911567469
    ],
    "97": [
        0.23728230692191826,
        -3.0289038084862288
    ],
    "98": [
        -0.1840503812973358,
        -2.3671801269980075
    ],
    "99": [
        0.9235673672651513,
        -3.103269248355609
    ],
    "100": [
        -0.7440170922405839,
        -2.3486420580320075
    ],
    "101": [
        0.3118829929959719,
        -2.226217774868628
    ],
    "102": [
        -0.613350488268552,
        -2.3498027111043918
    ],
    "103": [
        -0.5071928391889639,
        -1.1969446324329904
    ],
    "104": [
        0.3737464817782028,
        -2.539667570461925
    ],
    "105": [
        1.6505396860158936,
        -4.483645226153374
    ],
    "106": [
        1.597191824678128,
        -0.9105323286178488
    ],