{
    "0": [
        -13.584470611609595,
        -0.29423997393061285
    ],
    "1": [
        -13.52754662322718,
        0.24594769603816447
    ],
    "2": [
        -13.298624027939004,
        -0.5924846380165487
    ],
    "3": [
        8.843110192862843,
        4.125105002676471
    ],
    "4": [
        8.336603332469627,
        4.509693382016844
    ],
    "5": [
        9.134415602677313,
        3.1265738297232852
    ],
    "6": [
        8.079621470109226,
        5.0129702493052255
    ],
    "7": [
        9.023775364994238,
        4.057558798330319
    ],
    "8": [
        3.414524766884828,
        -9.005574846368543
    ],
    "9": [
        3.463857076556365,
        -9.052277040287517
    ],
    "10": [
        3.166293460262548,
        -8.78654276706825
    ],
    "11": [
        3.4343588556159097,
        -9.025136112332513
    ],
    "12": [
        5.698182208136,
        -4.721757429880564
    ],
    "13": [
        5.5480187358623265,
        -4.503654366298757
    ],
    "14": [
        9.236113007795126,
        -5.91763037125007
    ],
    "15": [
        -5.796813577764114,
        4.868140493169672
    ],
    "16": [
        -6.227775930671426,
        5.586583185057862
    ],
    "17": [
        -6.217064320775078,
        5.272108080845584
    ],
    "18": [
        -5.963673113484774,
        5.014004959731055
    ],
    "19": [
        -6.303684396804302,
        4.887000256213395
    ],
    "20": [
        -5.483033682197554,
        4.8722082208449145
    ],
    "21": [
        -5.7624954371187105,
        4.8286938326519815
    ],
    "22": [
        -5.766117930880237,
        4.863223049790148
    ],
    "23": [
        -5.560244319437066,
        4.8478532605572395
    ],
    "24": [
        -5.621289907958921,
        4.581546712164245
    ],
    "25": [
        -6.228837543523601,
        4.801757933969978
    ],
    "26": [
        -5.896499538111904,
        4.737501217016653
    ],
    "27": [
        -13.295555836784185,
        0.038014865363617534
    ],
    "28": [
        3.069020836308065,
        -1.8773507886564684
    ],
    "29": [
        3.950277490161892,
        -1.7447167516368394
    ],
    "30": [
        0.9089311065282919,
        -2.406036319836173
    ],
    "31": [
        -6.352790280970935,
        5.124637152106575
    ],
    "32": [
        2.8052505265393894,
        -1.7869749480087354
    ],
    "33": [
        2.8954394165639163,
        -1.5602763796477765
    ],
    "34": [
        2.7660913648629917,
        -1.6963794567610846
    ],
    "35": [
        2.8006257581570475,
        -1.765572907110337
    ],
    "36": [
        5.66698690028963,
        -4.16731411789076
    ],
    "37": [
        3.4264347349875286,
        -1.680453231736072
    ],
    "38": [
        8.996732183216931,
        3.6812933426903856
    ],
    "39": [
        3.000110590067986,
        -1.5848849331902202
    ],
    "40": [
        3.6583812664949833,
        -1.4799436722696742
    ],
    "41": [
        2.8714088885162674,
        -1.5280716808253119
    ],
    "42": [
        3.1065672749761495,
        -1.8605442793340303
    ],
    "43": [
        2.9194046966221148,
        -2.083171140172961
    ],
    "44": [
        2.967440424420685,
        -2.055330982925577
    ],
    "45": [
        3.074203450167366,
        -1.9208071298921203
    ],
    "46": [
        9.219579724718772,
        2.975490097116377
    ],
    "47": [
        9.935229510621742,
        3.733416993061655
    ],
    "48": [
        9.944735143434986,
        3.719485161993945
    ],
    "49": [
        1.8664070737976506,
        13.07090003581726
    ],
    "50": [
        1.8439337518247858,
        13.18806634784546
    ],
    "51": [
        -13.129426476484083,
        -0.631321932719065
    ],
    "52": [
        -12.902331119643376,
        -0.7946872763972834
    ],
    "53": [
        10.647773678199759,
        -5.661778515714701
    ],
    "54": [
        10.300252272706043,
        -5.913786576780964
    ],
    "55": [
        10.755205221645149,
        -5.666757664160819
    ],
    "56": [
        -13.098237733907968,
        -0.09907736561223868
    ],
    "57": [
        -12.93384014088092,
        -0.6250476298326418
    ],
    "58": [
        -13.937988493456324,
        0.25369892145651907
    ],
    "59": [
        -13.120635737252762,
        -0.21291676497485523
    ],
    "60": [
        -13.201414113776066,
        0.1607877436164361
    ],
    "61": [
        -12.762202507060449,
        -0.35458315249675776
    ],
    "62": [
        -13.88935605997572,
        0.0074842540960985415
    ],
    "63": [
        -12.69068875980607,
        -1.1768825358894919
    ],
    "64": [
        -12.84245586529101,
        -0.2919680107379703
    ],
    "65": [
        -12.588783427770501,
        -0.43745820592648854
    ],
    "66": [
        -12.502366363924875,
        -0.26296440113207853
    ],
    "67": [
        -12.747255292206265,
        -0.3731869325264452
    ],
    "68": [
        -12.808124488641024,
        -0.8421126440953004
    ],
    "69": [
        -12.86306940317729,
        -0.6733808354132584
    ],
    "70": [
        -12.448539757573153,
        -0.5803360691213617
    ],
    "71": [
        -13.123872201107913,
        -0.031118962124014216
    ],
    "72": [
        -13.121143541798597,
        -0.756369827048201
    ],
    "73": [
        -13.289218759736428,
        -0.13843521608381626
    ],
    "74": [
        -12.960606722074903,
        0.11284916920518806
    ],
    "75": [
        -12.727204890199241,
        -0.48937743954261514
    ],
    "76": [
        -13.18321045139192,
        -1.0094289151253975
    ],
    "77": [
        -12.818471974750132,
        -0.6803326116207096
    ],
    "78": [
        -13.346151468768868,
        -0.3001477181617001
    ],
    "79": [
        -13.224820543197058,
        -0.2424503205841248
    ],
    "80": [
        9.361465568108652,
        3.147637598715672
    ],
    "81": [
        6.181480238373178,
        3.2125900924451765
    ],
    "82": [
        6.149911735808728,
        3.1754178892688723
    ],
    "83": [
        1.4567810746262688,
        -11.508244701213183
    ],
    "84": [
        1.4749929643814181,
        -11.4901488975605
    ],
    "85": [
        -2.831620591336112,
        -20.229891650862438
    ],
    "86": [
        -2.791791601086908,
        -20.271962654591242
    ],
    "87": [
        -5.874037938052052,
        6.091280343641271
    ],
    "88": [
        2.9920203429406524,
        -8.630080418969708
    ],
    "89": [
        7.804995220764079,
        -4.825294879856541
    ],
    "90": [
        7.807297703010445,
        -4.823118755307166
    ],
    "91": [
        -6.749620638779331,
        5.631640828032612
    ],
    "92": [
        -6.8716661214793,
        5.559167422920574
    ],
    "93": [
        -10.636878031207662,
        -14.84351286164492
    ],
    "94": [
        -10.684384635966587,
        -14.620534675042036
    ],
    "95": [
        -10.441101947362704,
        -14.83478353692698
    ],
    "96": [
        7.266955989477524,
        5.148156252294784
    ],
    "97": [
        7.492472524855348,
        4.942920288464777
    ],
    "98": [
        10.240957256899772,
        -6.052728805982045
    ],
    "99": [
        -0.5627845891358545,
        16.694758463794496
    ],
    "100": [
        -0.8657215352991448,
        17.01929580656036
    ],
    "101": [
        -13.491483734773064,
        0.28898361587353205
    ],
    "102": [
        -10.477515448085299,
        -14.324754641406326
    ],
    "103": [
        -10.347755199160767,
        -14.326871036032195
    ],
    "104": [
        -5.441990083536231,
        -2.757452362169345
    ],
    "105": [
        -13.97478756378911,
        0.06881185902978448
    ],
    "106": [
        6.8255897791051625,
        4.812369379697529
    ],