{
    "0": [
        6.227655636423667,
        -0.36688055259175245
    ],
    "1": [
        6.852954114953077,
        0.03007778155645724
    ],
    "2": [
        6.438939054372755,
        -0.16925544619784594
    ],
    "3": [
        6.09558882323007,
        -0.6726833313466534
    ],
    "4": [
        5.243832072941124,
        -0.8508456497234356
    ],
    "5": [
        6.75230619440805,
        0.47985370382721704
    ],
    "6": [
        6.786983648684396,
        -0.6253284783267548
    ],
    "7": [
        6.530119264201015,
        0.12648709368426836
    ],
    "8": [
        5.301076297319095,
        -0.7154081714347211
    ],
    "9": [
        6.066232847194574,
        -0.5577899837437541
    ],
    "10": [
        6.226036232797456,
        -0.1538988065554867
    ],
    "11": [
        6.314100723526349,
        0.023966048716355992
    ],
    "12": [
        6.7227988572705595,
        -0.39093533837461614
    ],
    "13": [
        6.3592857880448745,
        -0.36458025233183555
    ],
    "14": [
        0.6552406919718603,
        4.0487650028631155
    ],
    "15": [
        5.490470090269492,
        -0.6295372773234034
    ],
    "16": [
        5.985970529128019,
        -0.1538235635923404
    ],
    "17": [
        5.880410906038581,
        -0.11582544520289861
    ],
    "18": [
        11.862831211885789,
        8.509546221799962
    ],
    "19": [
        6.257698102679725,
        -0.48856688780808977
    ],
    "20": [
        6.337544351495335,
        -0.08311025698642682
    ],
    "21": [
        6.18867008519108,
        0.30421933440185556
    ],
    "22": [
        6.402676477202763,
        -0.21943862315732732
    ],
    "23": [
        5.428261634636498,
        -0.3553587778553049
    ],
    "24": [
        6.14092291753507,
        -0.2882897562756903
    ],
    "25": [
        6.415992279662213,
        -0.6373639650714207
    ],
    "26": [
        5.925475321681525,
        -0.37640082784640594
    ],
    "27": [
        5.952035634940686,
        -0.7351239692802984
    ],
    "28": [
        -7.143624062546415,
        -3.8801294314126595
    ],
    "29": [
        -6.7583422984929,
        -3.9022853640491677
    ],
    "30": [
        3.748501017570458,
        7.704163191877265
    ],
    "31": [
        3.654452013897208,
        8.231481402145903
    ],
    "32": [
        0.05486835682734814,
        4.755722995434962
    ],
    "33": [
        0.07602358978379753,
        6.04933449208605
    ],
    "34": [
        12.039486275870598,
        8.511916256516518
    ],
    "35": [
        11.907691100206945,
        8.879854721544945
    ],
    "36": [
        12.253188999553021,
        8.596245295953285
    ],
    "37": [
        12.556535030859887,
        8.893499229384577
    ],
    "38": [
        12.131448409525872,
        8.66671611915172
    ],
    "39": [
        11.949312602207696,
        8.703491990303682
    ],
    "40": [
        12.55846983246128,
        8.508582601744452
    ],
    "41": [
        12.07681523146407,
        8.841673644270415
    ],
    "42": [
        12.14932516550305,
        8.783534244114596
    ],
    "43": [
        12.13717948155237,
        8.83902032067844
    ],
    "44": [
        3.6526748808687772,
        7.990605862761246
    ],
    "45": [
        1.99922390494558,
        7.115478799003017
    ],
    "46": [
        -0.3812183006291273,
        5.053000423559275
    ],
    "47": [
        3.5031720962701014,
        7.2873442477486945
    ],
    "48": [
        4.004205646936782,
        8.228129826050223
    ],
    "49": [
        -6.039064321766092,
        -6.725948233954147
    ],
    "50": [
        -6.620614594634206,
        -7.123597379956713
    ],
    "51": [
        3.9244290124014194,
        7.871334283704512
    ],
    "52": [
        0.17701240867672124,
        6.228554372448814
    ],
    "53": [
        0.6960632814925711,
        6.255104802802303
    ],
    "54": [
        -9.092794384562447,
        -4.712694889935566
    ],
    "55": [
        -8.841919363479807,
        -5.279087090607338
    ],
    "56": [
        -0.21073080641715347,
        -13.93057903857526
    ],
    "57": [
        -0.1540648249021026,
        -13.924470739634536
    ],
    "58": [
        -6.192496140947587,
        -7.636488175758329
    ],
    "59": [
        -0.3023783631577347,
        -13.790612189564403
    ],
    "60": [
        3.2941905316335145,
        8.055597606298386
    ],
    "61": [
        -0.08745746171968771,
        6.286022003840874
    ],
    "62": [
        -0.38477868791876235,
        5.092796567752757
    ],
    "63": [
        -6.994917775999596,
        -7.659845516126875
    ],
    "64": [
        -6.741585628508405,
        -7.392030799229785
    ],
    "65": [
        -8.916118922505722,
        -4.949186969803529
    ],
    "66": [
        -0.48954003002989,
        5.67368588498525
    ],
    "67": [
        3.511631307142544,
        7.849491841183527
    ],
    "68": [
        -8.29545166401145,
        -6.205506166284742
    ],
    "69": [
        -8.16147063801613,
        -6.61682747624188
    ],
    "70": [
        0.6960685826944851,
        6.043804885022802
    ],
    "71": [
        0.41042535100134214,
        6.373800170413088
    ],
    "72": [
        -6.753325553373934,
        -4.251652091095695
    ],
    "73": [
        5.043417299595924,
        -0.40824869511865636
    ],
    "74": [
        -8.743367178555356,
        -4.940359562989428
    ],
    "75": [
        -7.880822205969016,
        -7.082821648648055
    ],
    "76": [
        5.146063653481617,
        -0.35906622655570297
    ],
    "77": [
        -6.447022891089002,
        -4.1983901446893155
    ],
    "78": [
        -7.240802921007308,
        -7.243928904990305
    ],
    "79": [
        -8.322253974242377,
        -5.353465178191697
    ],
    "80": [
        4.967650611445514,
        -0.31307722879040556
    ],
    "81": [
        -6.334545394809242,
        -6.4839081165865196
    ],
    "82": [
        -6.619611077602142,
        -7.297153179557684
    ],
    "83": [
        0.15295511887585844,
        6.233217848261775
    ],
    "84": [
        0.9155365977423606,
        4.820746997349861
    ],
    "85": [
        -5.858669869714635,
        -7.879270177047886
    ],
    "86": [
        -6.748508072510533,
        -7.462245446813281
    ],
    "87": [
        3.839543001085052,
        8.253426788430158
    ],
    "88": [
        5.535621805750488,
        8.028965732633436
    ],
    "89": [
        5.2573262600098385,
        8.036188892438194
    ],
    "90": [
        -8.92742961050387,
        -5.021864113929847
    ],
    "91": [
        -6.982066080382035,
        -4.195992754849839
    ],
    "92": [
        -7.1829115513702035,
        -7.595030075210024
    ],
    "93": [
        -8.57401891556665,
        -5.905849780345045
    ],
    "94": [
        -6.850454669064665,
        -7.267226004929892
    ],
    "95": [
        5.067474508428487,
        7.9965582581932555
    ],
    "96": [
        0.1418991989537019,
        5.407117019118629
    ],
    "97": [
        0.7063921231819955,
        5.887273783697104
    ],
    "98": [
        0.3979278939153462,
        6.031269204472153
    ],
    "99": [
        -0.9034418748655426,
        -3.0781083417365656
    ],
    "100": [
        -1.0427186557316317,
        -2.934415067228059
    ],
    "101": [
        0.0472765290942051,
        5.967658569178471
    ],
    "102": [
        0.8986788846981622,
        5.358569879984047
    ],
    "103": [
        0.08806549688365767,
        -13.631480235352653
    ],
    "104": [
        0.2892317183728055,
        -13.338046887483605
    ],
    "105": [
        0.15904193437032887,
        5.540716450847688
    ],
    "106": [
        0.6471556430162606,
        5.8059165150002165
    ],
    "107": [
        -8.671302578237773,
        -5.128249231456271
    ],