{
    "0": [
        2.9300914656299835,
        1.6152482000330841
    ],
    "1": [
        2.738929431094591,
        1.9651646596846488
    ],
    "2": [
        -2.4003420813557224,
        2.521985744959095
    ],
    "3": [
        2.8724958541690433,
        1.1594542252542896
    ],
    "4": [
        3.0462295374643027,
        1.6898117832388082
    ],
    "5": [
        2.321272299458631,
        3.0061014223892855
    ],
    "6": [
        -3.2205356222435317,
        2.8977548637925796
    ],
    "7": [
        -1.920008279769787,
        2.129917713742503
    ],
    "8": [
        2.7885328818775243,
        0.9396018834103015
    ],
    "9": [
        1.9337753790493286,
        -0.06503078937778461
    ],
    "10": [
        1.358705351140483,
        -3.925923345472242
    ],
    "11": [
        0.7999295880199978,
        1.3566322254945233
    ],
    "12": [
        -1.463697576304667,
        3.0563230034820377
    ],
    "13": [
        -3.170562559913999,
        -2.346278868489972
    ],
    "14": [
        1.7393510006897324,
        -2.765682481878915
    ],
    "15": [
        1.1981432829453285,
        -1.4729251030501227
    ],
    "16": [
        7.0840675891634515,
        -0.8497770756258503
    ],
    "17": [
        -5.163507074929293,
        -0.28134491087616986
    ],
    "18": [
        -1.6355088715155723,
        3.1245465846081713
    ],
    "19": [
        2.2980999637107926,
        -0.7200701379611525
    ],
    "20": [
        -5.399842961570598,
        0.2962738753511531
    ],
    "21": [
        -4.996466156368903,
        -0.6172417659889726
    ],
    "22": [
        -5.197681026660588,
        -0.2480834921180204
    ],
    "23": [
        -5.203517815017734,
        -0.24832436695419968
    ],
    "24": [
        2.2765896900985365,
        -0.8241502580903575
    ],
    "25": [
        -5.488623745857541,
        1.153891552966618
    ],
    "26": [
        0.20711359645645455,
        -4.748854257700243
    ],
    "27": [
        0.18124818583813562,
        -4.786226278882676
    ],
    "28": [
        0.1454768863431446,
        -4.822650026851516
    ],
    "29": [
        0.0492222898616681,
        -4.320970637830532
    ],
    "30": [
        0.33951872347134526,
        -4.747219872816797
    ],
    "31": [
        -0.10718720834965834,
        -2.8748827524533564
    ],
    "32": [
        -4.033067828575086,
        1.501597044166302
    ],
    "33": [
        -3.831944713515038,
        1.678053609083225
    ],
    "34": [
        -2.390317871916806,
        0.6232644751580194
    ],
    "35": [
        -3.8084051589446206,
        1.0999319785391166
    ],
    "36": [
        -4.115836496824858,
        1.4035284893007356
    ],
    "37": [
        -4.913655358143796,
        1.7161936279248278
    ],
    "38": [
        -4.265785989453308,
        1.5695590276948357
    ],
    "39": [
        -3.737437829210137,
        2.0992632173332986
    ],
    "40": [
        -2.2160459823396335,
        -0.21078994775596516
    ],
    "41": [
        -3.35781718681572,
        0.6558585217440833
    ],
    "42": [
        -4.77033926175248,
        2.6226598231739686
    ],
    "43": [
        -1.4952133094743547,
        11.843730348187288
    ],
    "44": [
        -1.3232305149042967,
        12.240025891945152
    ],
    "45": [
        -1.4899937971996748,
        11.879271019350789
    ],
    "46": [
        -1.2428571582807124,
        12.125706641169728
    ],
    "47": [
        -1.604835986451268,
        11.635704998063135
    ],
    "48": [
        -1.0508896156439627,
        12.604007388927794
    ],
    "49": [
        2.212012382549503,
        -0.9042157970050761
    ],
    "50": [
        2.3725430656060196,
        -0.8848417603352781
    ],
    "51": [
        1.5795614776188778,
        -0.6713378606966509
    ],
    "52": [
        0.5448531054134668,
        -0.6918919742338818
    ],
    "53": [
        1.35084420279997,
        -3.683142125253688
    ],
    "54": [
        1.5468418227101202,
        -3.620333168348549
    ],
    "55": [
        1.4479967632262243,
        -3.8235628656186478
    ],
    "56": [
        1.7228009370710278,
        -2.9495430405562733
    ],
    "57": [
        1.534463204300669,
        -3.845152278499543
    ],
    "58": [
        1.647566722062166,
        -4.089747574496722
    ],
    "59": [
        0.2965816355145787,
        -3.5004642244902553
    ],
    "60": [
        1.6369520993027962,
        -3.325964198854967
    ],
    "61": [
        0.5285807152475904,
        0.5432732623473795
    ],
    "62": [
        1.1145411485865537,
        -1.6400119067855143
    ],
    "63": [
        1.4159140192939965,
        -3.8587299927729592
    ],
    "64": [
        0.6940889712572617,
        -3.519154497277767
    ],
    "65": [
        1.5852690232976703,
        -3.766097250838907
    ],
    "66": [
        2.1364237016925474,
        -4.015318143687582
    ],
    "67": [
        -1.3937562799309333,
        -1.8066688699908016
    ],
    "68": [
        5.6279076915396065,
        -7.632460055160861
    ],
    "69": [
        5.856031464918204,
        -12.8122284160192
    ],
    "70": [
        6.890973631241071,
        -0.9916501442264596
    ],
    "71": [
        5.892935884171723,
        -12.851813700324868
    ],
    "72": [
        5.892678896930576,
        -12.855039435536083
    ],
    "73": [
        1.3249227284073188,
        5.945123417650981
    ],
    "74": [
        1.2777411863735355,
        5.8682718598615935
    ],
    "75": [
        1.350599400950807,
        5.726646386441392
    ],
    "76": [
        1.3270975025482672,
        6.05555130485237
    ],
    "77": [
        1.0303282315111213,
        5.3302034012812785
    ],
    "78": [
        0.7074131076846152,
        0.8941369938078698
    ],
    "79": [
        -2.2740520041065424,
        -3.383054598510274
    ],
    "80": [
        1.2401474671473864,
        0.652038905840151
    ],
    "81": [
        0.940724872969806,
        0.943766761385183
    ],
    "82": [
        0.7118138113430831,
        1.1950240559629135
    ],
    "83": [
        0.520150225506346,
        -0.047394786147010315
    ],
    "84": [
        1.3846853647970834,
        2.034707483551057
    ],
    "85": [
        1.0692381563804751,
        2.380377654998485
    ],
    "86": [
        0.9688436526346441,
        1.2688590121687846
    ],
    "87": [
        0.6917118163522474,
        1.1362651995255586
    ],
    "88": [
        0.7446541089324022,
        0.7957468695413734
    ],
    "89": [
        0.6704185207567831,
        -0.15966677987452815
    ],
    "90": [
        -1.0432017016818715,
        3.296379772596591
    ],
    "91": [
        1.6159661703103634,
        1.6299431265730906
    ],
    "92": [
        0.6479374461206212,
        0.06865456170523476
    ],
    "93": [
        0.7482763633916932,
        0.610255112932899
    ],
    "94": [
        1.3006669262653117,
        0.7479448948452943
    ],
    "95": [
        -1.5862752309132078,
        2.5419830247250292
    ],
    "96": [
        0.29711930207172477,
        1.6239716511205762
    ],
    "97": [
        0.7838332010482575,
        1.0301142077325527
    ],
    "98": [
        -2.514660804105378,
        -3.200537017335929
    ],
    "99": [
        -3.0374633531731177,
        1.1911143289614872
    ],
    "100": [
        1.6598731004899494,
        1.626695745767524
    ],
    "101": [
        19.909994990549848,
        -9.885186185163029
    ],
    "102": [
        19.798685898224683,
        -9.773320790839024
    ],
    "103": [
        -1.5104957909575543,
        3.1826409858199964
    ],
    "104": [
        20.16129368346872,
        -10.133394876818315
    ],
    "105": [
        19.889348987180874,
        -9.863575251734758
    ],
    "106": [
        20.047629687870813,
        -10.019823714165053
    ],