{
    "0": [
        4.326291288110853,
        -7.707467979640621
    ],
    "1": [
        4.591271311927316,
        -7.463043501016905
    ],
    "2": [
        4.995909299770054,
        -6.6588196458437965
    ],
    "3": [
        4.470623691602329,
        -7.688986904252696
    ],
    "4": [
        4.252241414191861,
        -7.577976497976276
    ],
    "5": [
        4.552190527538144,
        -7.493786224294144
    ],
    "6": [
        4.190965787434993,
        -7.286730284105038
    ],
    "7": [
        4.523218629013445,
        -7.849420907998819
    ],
    "8": [
        4.852056283933016,
        -6.813046335628004
    ],
    "9": [
        4.665020156100174,
        -7.567319381256589
    ],
    "10": [
        4.395001210601939,
        -7.406746890005554
    ],
    "11": [
        4.547342241308786,
        -7.665014798179752
    ],
    "12": [
        5.017491242778173,
        -6.401914918198885
    ],
    "13": [
        -0.7576156830569651,
        -0.11644724649547489
    ],
    "14": [
        -6.641419541021346,
        -9.114857423307917
    ],
    "15": [
        -6.468883288786049,
        -8.941050047570933
    ],
    "16": [
        -6.457180352757023,
        -8.927490557031971
    ],
    "17": [
        -6.461087576585664,
        -8.9336391355744
    ],
    "18": [
        5.231596526577411,
        -6.256439937665502
    ],
    "19": [
        5.114230253311149,
        -6.175194521566554
    ],
    "20": [
        5.159918754221664,
        -6.335242771396335
    ],
    "21": [
        5.0811476850427795,
        -6.45155172859045
    ],
    "22": [
        4.968482900907484,
        -6.175725238304232
    ],
    "23": [
        4.967784811260944,
        -6.502748559771484
    ],
    "24": [
        -2.5922031364259333,
        2.701414918147707
    ],
    "25": [
        1.6913385370170817,
        1.3190760689215335
    ],
    "26": [
        1.8408538088680189,
        3.001238773483479
    ],
    "27": [
        -1.5862347390368925,
        3.2519736652511524
    ],
    "28": [
        -2.6370968250581672,
        4.686505488231652
    ],
    "29": [
        2.3134221976560916,
        1.6291443113833683
    ],
    "30": [
        -1.3640799873385092,
        6.0153489498036725
    ],
    "31": [
        2.586350515772766,
        3.1452880803046863
    ],
    "32": [
        1.9131652802181527,
        2.2182128314380405
    ],
    "33": [
        1.0745403586643463,
        1.0293118812461504
    ],
    "34": [
        -2.2056897413686674,
        3.8383380065361505
    ],
    "35": [
        -0.4920987273152808,
        4.522519363325973
    ],
    "36": [
        1.1043803808169967,
        1.2350235624741914
    ],
    "37": [
        0.7521997257755741,
        0.7361727040772581
    ],
    "38": [
        0.3507501678580678,
        5.209538731467874
    ],
    "39": [
        1.0232375748547053,
        1.9218172317940907
    ],
    "40": [
        0.9803599378617064,
        0.8991662318660085
    ],
    "41": [
        1.6689345200897687,
        1.6199882911009331
    ],
    "42": [
        0.9426966778833803,
        4.532284288847678
    ],
    "43": [
        2.074519931452512,
        3.2707053368072545
    ],
    "44": [
        1.1218691604057465,
        2.8337981621427693
    ],
    "45": [
        1.6749662649934522,
        2.2278119859086782
    ],
    "46": [
        -1.6782668999067945,
        2.700266421774689
    ],
    "47": [
        -2.524197259514205,
        2.453590959288685
    ],
    "48": [
        1.684088896524951,
        2.5687270568717464
    ],
    "49": [
        -3.193891799848223,
        1.960596476318868
    ],
    "50": [
        1.1412679146567408,
        3.67358762484428
    ],
    "51": [
        0.5029502988437214,
        3.1286563588814724
    ],
    "52": [
        0.5963947500269927,
        3.646116780751239
    ],
    "53": [
        0.25538561488773803,
        4.156444881826138
    ],
    "54": [
        -2.4693349037889014,
        3.165543114057254
    ],
    "55": [
        -1.0839839347464857,
        3.8494948458479943
    ],
    "56": [
        1.0632107921425322,
        3.5350472483599766
    ],
    "57": [
        1.3313522972812002,
        2.3779422831256607
    ],
    "58": [
        1.123874120765025,
        2.920101723666024
    ],
    "59": [
        -3.7664425098246586,
        1.3466453691129538
    ],
    "60": [
        0.3319848099409851,
        2.484517169437309
    ],
    "61": [
        -1.1429218429173231,
        -4.341135958031778
    ],
    "62": [
        -3.0058817792070807,
        1.62265871178166
    ],
    "63": [
        1.1045699035723255,
        1.7228698983770727
    ],
    "64": [
        -0.4656726293814293,
        3.3924971455220527
    ],
    "65": [
        -0.4372835977711311,
        -3.5560677616056875
    ],
    "66": [
        0.220450710345094,
        0.41128558122025605
    ],
    "67": [
        -0.19993987202698826,
        3.9026690457921305
    ],
    "68": [
        0.4585276277392214,
        3.116468900901114
    ],
    "69": [
        0.7053213566866818,
        1.7382805544785505
    ],
    "70": [
        -1.7705592117661697,
        -3.653084777777716
    ],
    "71": [
        -4.415595648481521,
        -0.338593174752407
    ],
    "72": [
        0.013880709176691486,
        3.2387633391179733
    ],
    "73": [
        0.674196085628341,
        2.328230000239383
    ],
    "74": [
        0.8936306426567815,
        1.2773497595960401
    ],
    "75": [
        0.7067296103294141,
        1.3588051947735085
    ],
    "76": [
        -3.559734930654643,
        -1.0580895308900828
    ],
    "77": [
        -0.5981401510035511,
        2.8174391429041803
    ],
    "78": [
        -2.858978584651531,
        -3.358688343819213
    ],
    "79": [
        -3.36000712871844,
        0.6284117937994094
    ],
    "80": [
        -0.0550875582732151,
        2.9140169661329196
    ],
    "81": [
        0.17566109025162635,
        2.0062565867720554
    ],
    "82": [
        0.2940447541770742,
        1.8281470260817014
    ],
    "83": [
        -3.0083592645764936,
        1.346490052849876
    ],
    "84": [
        -0.06660004647232642,
        2.405525877505717
    ],
    "85": [
        -2.0928489525848146,
        -1.912576565835471
    ],
    "86": [
        -0.19183982180153691,
        2.6295684205193766
    ],
    "87": [
        -0.9976010774960151,
        2.1814898766694286
    ],
    "88": [
        0.43735532423846935,
        1.5359049684944888
    ],
    "89": [
        1.3824577447479045,
        -3.497219164326143
    ],
    "90": [
        -3.347772982098004,
        -0.35566551337943275
    ],
    "91": [
        -1.0136866876828219,
        2.7221710627045477
    ],
    "92": [
        -0.09469193806359755,
        2.2065226461174436
    ],
    "93": [
        -0.7190049929624669,
        2.273836609023313
    ],
    "94": [
        -1.8976143971780652,
        -2.3981196003459644
    ],
    "95": [
        0.5167166131307951,
        1.7509133379739612
    ],
    "96": [
        -2.0218030162165173,
        2.361644667221351
    ],
    "97": [
        -0.5190308815444356,
        2.035132728871102
    ],
    "98": [
        -1.0978514985630972,
        2.5804091021414504
    ],
    "99": [
        3.157152183103726,
        -0.43880500633897723
    ],
    "100": [
        -2.7951366487432416,
        -1.7011982437278186
    ],
    "101": [
        -1.2332474005025882,
        -2.7460889640177344
    ],
    "102": [
        -0.303433424557884,
        1.8548490858463256
    ],
    "103": [
        0.32248872380529914,
        1.6425113205413748
    ],
    "104": [
        -1.3627819486425328,
        2.206119124770071
    ],
    "105": [
        0.157514995826177,
        1.6297798921108424
    ],
    "106": [
        -1.8609612948308267,
        1.6958474475904495
    ],
    "107": [
        -2.222125244557251,
        1.7078815970627732
    ],