{
    "0": [
        -0.8285608796461927,
        0.2547621181442198
    ],
    "1": [
        0.262222497736059,
        -0.46942957353939524
    ],
    "2": [
        -2.1111522874581476,
        -1.0575631754140296
    ],
    "3": [
        2.410989106601579,
        0.5533242562116213
    ],
    "4": [
        1.124679115165697,
        -0.7980907113734373
    ],
    "5": [
        -1.5739141061453727,
        -1.696734034233142
    ],
    "6": [
        1.5571294346882905,
        0.8570916890257743
    ],
    "7": [
        -1.8013268921424652,
        -1.306205636861724
    ],
    "8": [
        -0.8996970766034007,
        0.09484858058681556
    ],
    "9": [
        -0.5676469214654594,
        -0.1019030230511358
    ],
    "10": [
        0.42869021456586776,
        0.24833148645412273
    ],
    "11": [
        0.25999812745323325,
        -1.1203787223235466
    ],
    "12": [
        -3.2921927456528683,
        0.7738268495010643
    ],
    "13": [
        1.2888336834563408,
        -1.9398549199253552
    ],
    "14": [
        -1.3103603857951258,
        1.4327427951900165
    ],
    "15": [
        -2.018500634880895,
        2.2328876479669963
    ],
    "16": [
        1.1763087716146705,
        -1.500103947352483
    ],
    "17": [
        0.14397052959073608,
        -1.409762969605167
    ],
    "18": [
        4.361640433620908,
        -0.2232794438397035
    ],
    "19": [
        0.03059607568451561,
        2.071309048198013
    ],
    "20": [
        -2.412291532222681,
        0.18938678979589046
    ],
    "21": [
        -2.99931565839461,
        -0.2969704261667606
    ],
    "22": [
        0.9050980995492175,
        -2.2731830456094793
    ],
    "23": [
        2.9003896267482787,
        -1.1596714988055725
    ],
    "24": [
        1.264304808638797,
        2.2030451982885104
    ],
    "25": [
        -0.6633146531781469,
        0.8660752536054732
    ],
    "26": [
        -0.6439248548100283,
        -1.3365196518184113
    ],
    "27": [
        0.3332994131022424,
        0.1875886346466955
    ],
    "28": [
        -0.5057945525546437,
        1.2324984856991616
    ],
    "29": [
        1.5909613178295379,
        -1.3357375709955785
    ],
    "30": [
        -1.1509987871936946,
        -0.3764209783210234
    ],
    "31": [
        1.189712695203755,
        -1.7540210430828493
    ],
    "32": [
        -2.828101288467299,
        -1.977262887840615
    ],
    "33": [
        1.3385605222507566,
        -1.2794806526067348
    ],
    "34": [
        -1.747547457497336,
        1.1092146904342857
    ],
    "35": [
        1.6473918414089779,
        -0.9329727524275883
    ],
    "36": [
        0.8982939803232899,
        0.48535245621616163
    ],
    "37": [
        -1.1335912475719772,
        0.10208566820953452
    ],
    "38": [
        -0.8065043042570545,
        -2.1579221486053424
    ],
    "39": [
        -0.43337018666553195,
        2.6947191369065893
    ],
    "40": [
        -0.9126948236601997,
        2.857212750508986
    ],
    "41": [
        -0.06207313156126304,
        1.3028678634388802
    ],
    "42": [
        0.6174744981523004,
        1.123679671621375
    ],
    "43": [
        1.5132777554036032,
        0.7398138658678035
    ],
    "44": [
        1.6164404589752204,
        -1.8593146485701322
    ],
    "45": [
        -1.8838413233915903,
        2.153303239254364
    ],
    "46": [
        1.7692962919630135,
        1.1681506400771684
    ],
    "47": [
        -0.9394106636600243,
        0.9679610601693265
    ],
    "48": [
        2.782209375878211,
        0.10460727196065894
    ],
    "49": [
        -0.5961782664680184,
        0.6178026219327079
    ],
    "50": [
        0.6404249294545208,
        -2.592429183086155
    ],
    "51": [
        -1.193698694668985,
        3.1347876741935465
    ],
    "52": [
        1.5787597854172164,
        0.1858701355399519
    ],
    "53": [
        2.920488167044128,
        -2.0901663339299654
    ],
    "54": [
        -0.6267587255117508,
        -1.8575217060890055
    ],
    "55": [
        2.2241601464575687,
        -2.3510232154692288
    ],
    "56": [
        -0.12301689433775298,
        -0.5338313546942874
    ],
    "57": [
        -1.6332807811676737,
        -2.4907841681452005
    ],
    "58": [
        2.013770109783146,
        0.9870238873222137
    ],
    "59": [
        1.0641661537123746,
        0.1968754747961559
    ],
    "60": [
        -0.47964206457810654,
        2.504791156685217
    ],
    "61": [
        0.35831994205798434,
        -0.9824408749840856
    ],
    "62": [
        -1.7933396307810474,
        2.7801983798929077
    ],
    "63": [
        2.1868708886114674,
        -1.3141129813798615
    ],
    "64": [
        -0.16595761745592252,
        0.39110657249233083
    ],
    "65": [
        0.9937371317003949,
        -0.6838478526560217
    ],
    "66": [
        -1.3335259269011202,
        1.924499583151564
    ],
    "67": [
        -1.714582536075664,
        -0.24955009247894686
    ],
    "68": [
        0.8187490652486122,
        -0.7061123220176843
    ],
    "69": [
        0.5193698857278024,
        2.1333647212501488
    ],
    "70": [
        0.9976929233003231,
        -1.4801587785227597
    ],
    "71": [
        3.1356584922568356,
        0.7591113107849752
    ],
    "72": [
        0.6640444797273455,
        -2.0003401156284344
    ],
    "73": [
        -1.017262412944656,
        2.037506555653806
    ],
    "74": [
        -3.2902237120118416,
        0.4371893573685902
    ],
    "75": [
        3.8019521032995343,
        -1.038357744372397
    ],
    "76": [
        2.918770752320364,
        -0.5016524321854801
    ],
    "77": [
        -0.3773850588613126,
        -3.1364152148975313
    ],
    "78": [
        2.4079073657895766,
        -2.1019014092648
    ],
    "79": [
        0.27491002615900584,
        -2.181133072991262
    ],
    "80": [
        3.709911382725737,
        -0.7950931136227173
    ],
    "81": [
        0.230926042449914,
        1.889872997300128
    ],
    "82": [
        0.21755592321711337,
        2.276965228504464
    ],
    "83": [
        -3.8475587452807636,
        -0.0703180744944858
    ],
    "84": [
        0.5158813020173856,
        -1.8684240642358312
    ],
    "85": [
        1.5435875726848396,
        1.678177173202403
    ],
    "86": [
        1.1351533663432214,
        2.870117001162252
    ],
    "87": [
        1.7577401769106258,
        -1.903286194584259
    ],
    "88": [
        0.941886650293867,
        2.3175901942438992
    ],
    "89": [
        2.3697699583965313,
        0.6475162181410398
    ],
    "90": [
        -1.6914289249968908,
        0.435266863258132
    ],
    "91": [
        -1.3898263506821724,
        0.8776790499440037
    ],
    "92": [
        -0.9957905456206033,
        2.8019620775800833
    ],
    "93": [
        -1.580319217313864,
        1.4766688433447042
    ],
    "94": [
        0.3727944631325615,
        3.034951006031392
    ],
    "95": [
        1.4671299273677016,
        2.622680595037364
    ],
    "96": [
        2.703491711103362,
        -1.266171239759361
    ],
    "97": [
        -0.9026606435417586,
        1.9778541927001074
    ],
    "98": [
        2.132641714615163,
        1.3866671723768138
    ],
    "99": [
        1.3868005733429136,
        -0.6888884487981938
    ],
    "100": [
        2.865184149502362,
        -0.7469761705834288
    ],
    "101": [
        3.7301881170587032,
        -0.33727829400589004
    ],
    "102": [
        -2.043352923378426,
        -2.309510777911779
    ],
    "103": [
        1.6976583140286756,
        -0.4650079121841886
    ],
    "104": [
        -3.111148072362645,
        -0.21331536468844914
    ],
    "105": [
        -1.9884633833630216,
        0.19586168418603528
    ],
    "106": [
        2.6549635169433783,
        0.7453698419319144
    ],