{
    "0": [
        -1.7572024697108,
        -0.25102619215593647
    ],
    "1": [
        0.9262469812962559,
        -1.18591229121636
    ],
    "2": [
        1.2680149368249158,
        -2.0237378459069455
    ],
    "3": [
        2.488852528009416,
        1.531101185929208
    ],
    "4": [
        -0.061773160269987026,
        -1.1826524680739383
    ],
    "5": [
        -0.2843895117556745,
        0.3112056501733891
    ],
    "6": [
        -0.6563046109508704,
        -0.5982105908302016
    ],
    "7": [
        1.3888443836551976,
        -0.8980108227252992
    ],
    "8": [
        2.54448341118603,
        1.2422757954764685
    ],
    "9": [
        -0.46282286256181304,
        1.3223516337089765
    ],
    "10": [
        0.7479302927496725,
        0.48479252925591654
    ],
    "11": [
        0.49824202681607566,
        -2.1143193540382934
    ],
    "12": [
        0.9070340687552223,
        3.0577111120365688
    ],
    "13": [
        -1.353693855146307,
        1.0324170113091375
    ],
    "14": [
        1.6559033600986002,
        0.20984544459040677
    ],
    "15": [
        1.3776564484673575,
        0.22365645350890917
    ],
    "16": [
        1.3033920122301828,
        -0.4598809927854659
    ],
    "17": [
        0.6110858655472997,
        2.905043386919367
    ],
    "18": [
        -0.5728152315698877,
        -0.9503264957082567
    ],
    "19": [
        0.21062942781371796,
        -2.285854342845426
    ],
    "20": [
        -1.2324632437712941,
        -0.013574157970464462
    ],
    "21": [
        0.7088147197464076,
        0.966650318872655
    ],
    "22": [
        0.9028701455785775,
        3.0814731360999157
    ],
    "23": [
        0.34865227893121165,
        -0.969253284424223
    ],
    "24": [
        1.6051663787130526,
        -1.5973282009072771
    ],
    "25": [
        1.671758215323091,
        0.802154664603346
    ],
    "26": [
        -0.799019534929941,
        1.4712252890319255
    ],
    "27": [
        -2.119752900496648,
        1.120894015349175
    ],
    "28": [
        1.0065127193387786,
        -0.41086163332469505
    ],
    "29": [
        -0.8897324697587974,
        -1.8544166194383416
    ],
    "30": [
        1.654589359668786,
        -1.5378935650070509
    ],
    "31": [
        3.3110427483304194,
        0.9327982328614657
    ],
    "32": [
        -3.0695956412785534,
        -1.2810285230862184
    ],
    "33": [
        -0.8926681564160359,
        0.36965250028773866
    ],
    "34": [
        -0.29262689769886985,
        -1.5478558925778523
    ],
    "35": [
        -1.9141818390427556,
        -1.4883213027917948
    ],
    "36": [
        0.9027061320028842,
        -2.6988197389160766
    ],
    "37": [
        -1.031904871641277,
        -2.7878365842737405
    ],
    "38": [
        -1.8164650518060688,
        -2.1343559428361796
    ],
    "39": [
        0.5998430489448896,
        -0.4357035718503157
    ],
    "40": [
        -1.3808000426813327,
        0.6828172165438531
    ],
    "41": [
        -3.195726057350359,
        -2.09809605180202
    ],
    "42": [
        -0.5669668073552243,
        -1.7420898425240963
    ],
    "43": [
        -0.8502715460794681,
        -2.705608876464028
    ],
    "44": [
        2.0160688992569544,
        -1.1015855348866421
    ],
    "45": [
        2.3419217210801113,
        -0.4129543864836389
    ],
    "46": [
        -2.21423332728616,
        1.6291446864319636
    ],
    "47": [
        0.36113949641203846,
        -1.9322631377375719
    ],
    "48": [
        1.771161250304285,
        -0.4686934545753991
    ],
    "49": [
        0.5068740460153505,
        -1.659472805490474
    ],
    "50": [
        -1.3962447832369933,
        -2.1535255663084896
    ],
    "51": [
        1.684629100874945,
        3.0648321984747833
    ],
    "52": [
        -0.25230061059215003,
        0.1726837975418425
    ],
    "53": [
        -1.8993331808767229,
        0.18817765063011915
    ],
    "54": [
        1.3455309303405003,
        2.640271726484334
    ],
    "55": [
        -2.624506302042629,
        0.8635344246457457
    ],
    "56": [
        0.7864060001387703,
        -0.7940072740951858
    ],
    "57": [
        -1.8893111406829575,
        -2.818303910881037
    ],
    "58": [
        1.3178660565344322,
        -2.9987136929179328
    ],
    "59": [
        1.121342722518333,
        2.0277375900206103
    ],
    "60": [
        2.54523077972613,
        1.4516260357297952
    ],
    "61": [
        -1.6037734518249174,
        1.3734034563597806
    ],
    "62": [
        -1.467534598132478,
        1.7036765214569614
    ],
    "63": [
        -1.1464570380475199,
        2.4580193508537658
    ],
    "64": [
        -0.5280798764160272,
        -1.211436143707226
    ],
    "65": [
        0.9916606977337781,
        -3.354886640398106
    ],
    "66": [
        -1.2071555142057415,
        -1.4642142149750907
    ],
    "67": [
        0.2505127029498775,
        0.7698802270446921
    ],
    "68": [
        -1.1453415427113125,
        -0.3211250710537228
    ],
    "69": [
        0.5293186281863393,
        -3.1348349600142735
    ],
    "70": [
        -0.0537568359427153,
        0.8196915751759626
    ],
    "71": [
        1.9519259387591954,
        -0.2747238729114181
    ],
    "72": [
        -2.246425155761404,
        1.9990530431787699
    ],
    "73": [
        -0.6944785183491187,
        0.30222491560019504
    ],
    "74": [
        1.5611817024020604,
        -1.5963458425917376
    ],
    "75": [
        -0.32972486437141435,
        -0.38642883557305163
    ],
    "76": [
        0.2999948604738738,
        -2.9640587297125305
    ],
    "77": [
        -1.22554637256786,
        -1.511094997701497
    ],
    "78": [
        -0.7702071533688717,
        0.6751454291760237
    ],
    "79": [
        -2.607054379527894,
        1.830274789062515
    ],
    "80": [
        -1.2517722956322082,
        1.42994892123116
    ],
    "81": [
        3.396506747587238,
        -0.13301242431267202
    ],
    "82": [
        -3.082388526748508,
        0.48462828188792484
    ],
    "83": [
        -3.125842569569495,
        -1.8505597340665472
    ],
    "84": [
        -1.7726759386118676,
        0.3791818667175302
    ],
    "85": [
        0.8842940836090347,
        -1.4166004873892892
    ],
    "86": [
        -0.6860348917150059,
        3.3195961889248027
    ],
    "87": [
        2.273210140400763,
        -0.7427331065194851
    ],
    "88": [
        -2.4602473861274143,
        -1.0365448129282688
    ],
    "89": [
        3.430423288761303,
        1.4665772573669882
    ],
    "90": [
        3.278930039814716,
        -1.3746757916448078
    ],
    "91": [
        2.001225042776363,
        0.9130643024223613
    ],
    "92": [
        -3.089279137824872,
        1.6529254814156118
    ],
    "93": [
        -1.3366543262145174,
        0.5909307438109295
    ],
    "94": [
        2.9827622862994834,
        1.1848575086604667
    ],
    "95": [
        0.341188482197587,
        -1.7368136808600716
    ],
    "96": [
        1.1897014448712309,
        2.804648890200667
    ],
    "97": [
        -2.8688679676649893,
        -1.4044828533533988
    ],
    "98": [
        0.38408280845623155,
        1.9822510424060997
    ],
    "99": [
        -0.8482273505880236,
        -1.8305310216271296
    ],
    "100": [
        -3.3189936220982603,
        -1.0320118631845179
    ],
    "101": [
        1.939634963231922,
        0.8334363604964805
    ],
    "102": [
        0.5703504195892333,
        2.0292296776827388
    ],
    "103": [
        2.747130597092192,
        0.6502354265226664
    ],
    "104": [
        -2.0646675391822065,
        -1.3205962278653707
    ],
    "105": [
        -0.25675102126471383,
        2.256791218843513
    ],
    "106": [
        1.3195788923846812,
        -0.8593276887718879
    ],