{
    "0": [
        13.554747339567363,
        -7.475476886130738
    ],
    "1": [
        12.15153273416024,
        -8.024197659922066
    ],
    "2": [
        13.744001932584402,
        -8.3677141028342
    ],
    "3": [
        14.164005599806785,
        -8.745347741281815
    ],
    "4": [
        13.971758726040854,
        -8.150537198289598
    ],
    "5": [
        13.106403724425498,
        -7.558485690718984
    ],
    "6": [
        12.388100155558666,
        -7.956367473253914
    ],
    "7": [
        13.738927808823885,
        -7.966825526283016
    ],
    "8": [
        13.962846251203604,
        -7.316193327442677
    ],
    "9": [
        12.817008841472944,
        -7.857438772169902
    ],
    "10": [
        13.93003654881561,
        -7.720302322769585
    ],
    "11": [
        15.101903846803557,
        -8.131571122163127
    ],
    "12": [
        13.249325866610128,
        -8.624823103557294
    ],
    "13": [
        13.250148894457283,
        -7.239277823397003
    ],
    "14": [
        12.437980683983811,
        -7.6092721771483385
    ],
    "15": [
        13.956259183959087,
        -7.7310212253585595
    ],
    "16": [
        14.961286420378357,
        -8.643576139848008
    ],
    "17": [
        15.08435244082028,
        -8.880760012329972
    ],
    "18": [
        13.391954673206044,
        -9.060020364149722
    ],
    "19": [
        12.274880180814357,
        -8.114654277260822
    ],
    "20": [
        14.374529595509193,
        -9.165203098862357
    ],
    "21": [
        13.718355488261826,
        -7.192140714109807
    ],
    "22": [
        12.968120136796456,
        -8.062128424428895
    ],
    "23": [
        14.26172505062092,
        -8.49675682349266
    ],
    "24": [
        12.435035266637588,
        -7.98251443469833
    ],
    "25": [
        15.154746070099455,
        -8.407339794900786
    ],
    "26": [
        14.145944888325136,
        -7.990277294374152
    ],
    "27": [
        15.087004465433068,
        -8.018951122694109
    ],
    "28": [
        15.03326422488829,
        -8.003762852601572
    ],
    "29": [
        13.707047547743892,
        -9.120005193176937
    ],
    "30": [
        12.937824456535395,
        -8.573364988659932
    ],
    "31": [
        14.897267804793774,
        -9.01030902562525
    ],
    "32": [
        13.63759679101743,
        -9.207867213551516
    ],
    "33": [
        13.682625288844825,
        -9.240516445193517
    ],
    "34": [
        14.344321920029646,
        -9.23709274100058
    ],
    "35": [
        12.21613848873135,
        -7.802126158444914
    ],
    "36": [
        12.983119223958784,
        -7.229946123276054
    ],
    "37": [
        14.133892143114746,
        -8.306516856122734
    ],
    "38": [
        12.96869670433279,
        -7.232223743514507
    ],
    "39": [
        14.949181163694764,
        -8.248950021125495
    ],
    "40": [
        12.659252056488715,
        -7.799375830501121
    ],
    "41": [
        14.88631710098476,
        -8.68897996539015
    ],
    "42": [
        13.77185666381311,
        -7.23974169791554
    ],
    "43": [
        14.838350232931688,
        -8.530107756895354
    ],
    "44": [
        14.843793962293297,
        -9.157339864236572
    ],
    "45": [
        13.181008082890932,
        -7.8033359608301724
    ],
    "46": [
        13.701330884113329,
        -7.391732130101203
    ],
    "47": [
        12.735795603922716,
        -7.4518911277469515
    ],
    "48": [
        12.59570418639101,
        -7.534578252579263
    ],
    "49": [
        14.120965970376881,
        -7.663602469227475
    ],
    "50": [
        14.97441823172122,
        -8.174522654498066
    ],
    "51": [
        -6.453037140739173,
        12.723431789770718
    ],
    "52": [
        -4.874361377701251,
        13.800776942247868
    ],
    "53": [
        -5.726698171849408,
        13.214882475943035
    ],
    "54": [
        -5.116721679585489,
        12.997331510927133
    ],
    "55": [
        -5.0303060768982135,
        13.090878447346388
    ],
    "56": [
        -6.570040682229,
        12.795958417804599
    ],
    "57": [
        -5.509038472847602,
        13.379708365437061
    ],
    "58": [
        -5.675626389809013,
        13.086353234703918
    ],
    "59": [
        -4.8971474665824495,
        13.730453552987917
    ],
    "60": [
        -4.707827345166435,
        12.447260754596332
    ],
    "61": [
        -6.358522322386192,
        13.423195676620573
    ],
    "62": [
        -4.956874347976066,
        13.092414684679081
    ],
    "63": [
        -4.92174583891617,
        12.339676160933731
    ],
    "64": [
        -5.725719847818401,
        12.611228988765248
    ],
    "65": [
        -6.478085965872881,
        13.003596921059664
    ],
    "66": [
        -5.503601721952751,
        12.896993851434207
    ],
    "67": [
        -5.76598803995813,
        13.84145531649855
    ],
    "68": [
        -5.926485908806016,
        12.754379329534832
    ],
    "69": [
        -5.906851215057676,
        12.16022880915025
    ],
    "70": [
        -6.042071648224499,
        13.138951476462985
    ],
    "71": [
        -5.676180827593064,
        12.209345735036923
    ],
    "72": [
        -6.000618046201535,
        12.31970788468066
    ],
    "73": [
        -4.920658406115816,
        12.317632429861025
    ],
    "74": [
        -5.037385530271634,
        13.556850779097875
    ],
    "75": [
        -4.575211265249582,
        12.942441853866143
    ],
    "76": [
        -5.409272449146769,
        13.422063598020504
    ],
    "77": [
        -5.647220533776621,
        13.947708910760166
    ],
    "78": [
        -6.255293880509678,
        12.869441432504114
    ],
    "79": [
        -6.093986503539982,
        13.552393702168935
    ],
    "80": [
        -5.688299801566536,
        12.448850318244048
    ],
    "81": [
        -6.472277607622246,
        13.626427811396272
    ],
    "82": [
        -5.393818076453049,
        12.53664632760702
    ],
    "83": [
        -4.5659011001754894,
        12.911952912825676
    ],
    "84": [
        -5.086238242257146,
        12.440878386269738
    ],
    "85": [
        -4.721523225981779,
        13.446126156580835
    ],
    "86": [
        -6.290960533322427,
        13.477663493379698
    ],
    "87": [
        -6.601253982162311,
        13.251784894249074
    ],
    "88": [
        -4.952894503546226,
        13.987256009065078
    ],
    "89": [
        -5.552156088264049,
        13.114784198466207
    ],
    "90": [
        -4.97966790345342,
        13.59094645741822
    ],
    "91": [
        -6.142324166431585,
        12.167996252882062
    ],
    "92": [
        -5.342398992297942,
        12.741276928219676
    ],
    "93": [
        -5.82260512531721,
        13.848114330982696
    ],
    "94": [
        -5.994551321402119,
        13.144560532082373
    ],
    "95": [
        -6.224946148513214,
        12.426152997861148
    ],
    "96": [
        -5.142622563069947,
        13.524423587354104
    ],
    "97": [
        -6.167022840952641,
        12.114779601537606
    ],
    "98": [
        -6.604016816006769,
        13.24729603104186
    ],
    "99": [
        -6.177345189860995,
        13.274387197730817
    ],
    "100": [
        -4.881468748876114,
        12.388209852400088
    ],
    "101": [
        -5.581454266085476,
        12.053099343209816
    ],
    "102": [
        -8.266261940002394,
        -7.509477454391257
    ],
    "103": [
        -10.043406425925422,
        -6.7523533220135565
    ],
    "104": [
        -8.041714371709807,
        -7.687117972043551
    ],
    "105": [
        -10.023221812490128,
        -7.893997122234539
    ],
    "106": [
        -8.25359592642021,
        -7.138172128532176
    ],
    "107": [
        -10.518346779005944,
        -7.4787224779905115
    ],