{
    "0": [
        -0.5800684680097268,
        -0.4527827142137997
    ],
    "1": [
        -0.46420807992755636,
        -1.9513578415108725
    ],
    "2": [
        -2.4772542187276323,
        -0.6569157287894695
    ],
    "3": [
        0.7055990151760051,
        0.5956675062239775
    ],
    "4": [
        -0.8136455893951722,
        0.8930512059788376
    ],
    "5": [
        -1.2095282753648167,
        -0.6038778390810915
    ],
    "6": [
        0.3962243347886781,
        -0.7599890557145502
    ],
    "7": [
        0.1106378356871258,
        0.21672528757996137
    ],
    "8": [
        -1.3899888450305948,
        0.5143146239701647
    ],
    "9": [
        1.052148744510138,
        -0.5472267914182314
    ],
    "10": [
        1.2400235915363682,
        0.3679991701122035
    ],
    "11": [
        -2.395463953476878,
        0.45497134524959226
    ],
    "12": [
        -0.18639874804506737,
        -1.1172694935886822
    ],
    "13": [
        -1.25726864547848,
        -1.9051777194632753
    ],
    "14": [
        -0.21835685429252835,
        0.7580655280939015
    ],
    "15": [
        0.2594406443274449,
        1.7535717245857345
    ]
}