{
    "0": [
        0.7449392062000415,
        0.18865179664396856
    ],
    "1": [
        -0.18124571465989664,
        1.303907941571476
    ],
    "2": [
        2.360787329737034,
        -1.1219850000444596
    ],
    "3": [
        1.4268021899033927,
        -0.5143243459058149
    ],
    "4": [
        0.1413565819679918,
        -0.23646758165148396
    ],
    "5": [
        0.7639152002238102,
        -0.2052437357344424
    ],
    "6": [
        0.7936107550892011,
        -1.0306339786384757
    ],
    "7": [
        -0.22240905990874563,
        -0.7761811232127751
    ],
    "8": [
        0.25661229850065875,
        0.5210282666545135
    ],
    "9": [
        -0.3002149640648186,
        -1.5522447407283781
    ],
    "10": [
        -1.019397313783171,
        0.5792457555729642
    ],
    "11": [
        0.8423433948407552,
        -1.7701240135147664
    ],
    "12": [
        0.9134281854858973,
        1.174110623702364
    ],
    "13": [
        -0.3499162388132662,
        0.16489512757364633
    ],
    "14": [
        -1.5481299599765,
        -0.7344810685313246
    ],
    "15": [
        1.1673702965080794,
        1.6418072869842992
    ],
    "16": [
        1.5734232141579219,
        0.3376202913764036
    ]
}