{
    "0": [
        0.9251968629662644,
        0.21503275216389975
    ],
    "1": [
        2.6177455999273795,
        0.24527419422865554
    ],
    "2": [
        0.15354065440857714,
        1.4179999119764517
    ],
    "3": [
        0.5255584011595826,
        -1.3184450588544043
    ],
    "4": [
        0.5344357213294854,
        1.9206963049284034
    ],
    "5": [
        0.5429362816219266,
        0.4036922760296961
    ],
    "6": [
        0.005539542282074774,
        -0.17687815295649648
    ],
    "7": [
        1.105909212057103,
        0.8425559185603306
    ],
    "8": [
        -0.4517476200604173,
        0.6438270323196658
    ],
    "9": [
        1.4217594848846407,
        1.9493556855226724
    ],
    "10": [
        1.136060630061408,
        -0.6909611139146639
    ],
    "11": [
        -0.04276772357307886,
        0.9132949282380513
    ],
    "12": [
        1.3870014813655271,
        -0.11627074885462282
    ],
    "13": [
        2.018340479671124,
        0.8481102274932812
    ],
    "14": [
        -0.24446551115478143,
        -0.8348496778373676
    ],
    "15": [
        2.178353241285511,
        -0.6505471256575032
    ],
    "16": [
        -1.2527222338212547,
        0.4918155850523686
    ],
    "17": [
        -1.0732745299064164,
        1.5620245993242894
    ]
}