{
    "0": [
        -0.029341109367602335,
        -0.9162547321655047
    ],
    "1": [
        0.5278914719553819,
        -0.5644995847157768
    ],
    "2": [
        -0.48756454325035603,
        -1.2797022511720344
    ],
    "3": [
        0.8806668419601746,
        -1.3492784254621468
    ],
    "4": [
        -0.9738840691527717,
        1.0399975649040025
    ],
    "5": [
        -0.3547351108935623,
        0.04848676534747492
    ],
    "6": [
        1.0684746389485906,
        0.6350733886108537
    ],
    "7": [
        0.8089919770517816,
        0.02631887130223379
    ],
    "8": [
        0.3005405247049443,
        0.44787144324096917
    ],
    "9": [
        -1.2697606641204353,
        -1.0504003964159645
    ],
    "10": [
        -1.7812657267252086,
        0.3617355432786406
    ],
    "11": [
        -0.26929279905035336,
        2.369554442177704
    ],
    "12": [
        1.3941428971667775,
        -0.40834636443187944
    ],
    "13": [
        0.015861924089184718,
        -0.20612769195314007
    ],
    "14": [
        -1.3853123907759863,
        -0.23366551410660077
    ],
    "15": [
        -0.2785319069744629,
        0.6282012725949503
    ],
    "16": [
        -0.8395726702400406,
        -0.24990343799489895
    ]
}