{
    "0": [
        0.942363977622829,
        0.5032143596769201
    ],
    "1": [
        0.8308461999564577,
        -0.7618672775358175
    ],
    "2": [
        0.17495502538788094,
        -0.2589089975023774
    ],
    "3": [
        0.41484174645777305,
        1.0398184656098644
    ],
    "4": [
        0.28257636223827004,
        0.3912944841781477
    ],
    "5": [
        -0.2832243220309182,
        0.3392236380815628
    ],
    "6": [
        -0.4016305717368359,
        1.0921463449152926
    ],
    "7": [
        -0.9122744011049055,
        0.8738611910073958
    ],
    "8": [
        -0.782261359070582,
        -0.5807905556438502
    ],
    "9": [
        -0.8368050384531838,
        -0.02335450635381878
    ],
    "10": [
        0.15423296351305738,
        -0.9893424129514539
    ],
    "11": [
        0.9192517366665443,
        -0.22095694244955727
    ],
    "12": [
        1.7397823866836144,
        -0.9008342416692656
    ]
}