{
    "0": [
        0.030863120753488606,
        -0.9272650475772419
    ],
    "1": [
        -0.7425362465485352,
        -1.51360369915695
    ],
    "2": [
        -1.6431064582000832,
        -1.3245328618367382
    ],
    "3": [
        -1.4281732933861533,
        -0.47794720133492813
    ],
    "4": [
        -0.9781676570773482,
        0.30946869915641423
    ],
    "5": [
        0.0006546544055070462,
        0.2663586063930793
    ],
    "6": [
        0.7434143979211354,
        -0.4925160823267766
    ],
    "7": [
        0.05468947687814223,
        -0.30304842058862813
    ],
    "8": [
        1.1993995885254614,
        0.04226135871472202
    ],
    "9": [
        0.2685850059619655,
        1.0244022664734793
    ],
    "10": [
        0.4960853910928387,
        0.328367234939497
    ],
    "11": [
        -0.7717875501289491,
        1.0832356431118608
    ],
    "12": [
        -0.6259094182071628,
        -0.08435627475131534
    ],
    "13": [
        -1.0421451093892007,
        -0.8324199049639277
    ],
    "14": [
        0.34788822943974496,
        -1.4984487068747931
    ],
    "15": [
        -0.19362352647018327,
        -1.6812659571218949
    ],
    "16": [
        0.7945168626677394,
        -2.9806504161851795
    ],
    "17": [
        1.1051754150381972,
        -2.167754240840981
    ],
    "18": [
        0.9574661738234795,
        -1.6204703170815073
    ]
}