{
    "0": [
        -0.16742495715877953,
        0.27824976293229003
    ],
    "1": [
        -0.6366215422311319,
        -0.8566072308911856
    ],
    "2": [
        -0.06382884082631045,
        -1.2304287544527686
    ],
    "3": [
        0.8733728325834942,
        -1.5872127074840394
    ],
    "4": [
        0.728963349604968,
        -0.5416909739398884
    ],
    "5": [
        1.277548903850873,
        0.11879926494408306
    ],
    "6": [
        0.5428786042940905,
        0.6287451723216203
    ],
    "7": [
        0.8041374536331312,
        1.5468481649946686
    ],
    "8": [
        0.341613382631744,
        1.409197977256758
    ],
    "9": [
        0.9449781699215348,
        0.905839575685102
    ],
    "10": [
        0.294924384018025,
        0.03953434805364097
    ],
    "11": [
        -0.21995965142009674,
        0.9651612451537684
    ],
    "12": [
        -0.571058181768415,
        0.788892868978424
    ],
    "13": [
        -0.845320407097059,
        -0.056908483831983596
    ],
    "14": [
        -1.5660699473654596,
        0.3214073072666026
    ]
}