{
    "0": [
        1.0698498105360192,
        -0.058569134686378525
    ],
    "1": [
        1.9488881389748625,
        0.7475026362254713
    ],
    "2": [
        2.032049780454328,
        -0.33084198086585426
    ],
    "3": [
        2.8311557705847945,
        1.361510235593324
    ],
    "4": [
        1.1849401923591312,
        -0.503425012244736
    ],
    "5": [
        0.6699784103030767,
        0.312714221399719
    ],
    "6": [
        1.2925584737585478,
        0.5855123635407675
    ],
    "7": [
        2.250132429665165,
        0.28277927727753027
    ],
    "8": [
        -1.9022507728713591,
        -0.8889009859594409
    ],
    "9": [
        -1.4555842722211605,
        -0.193415514446349
    ],
    "10": [
        -2.154548182062785,
        -0.39146403512220196
    ],
    "11": [
        -2.3463098725400613,
        0.30471587977925396
    ],
    "12": [
        -2.5584413455604413,
        -0.9499632451179826
    ],
    "13": [
        -2.693495911115801,
        -0.38934433786577427
    ],
    "14": [
        -1.9930783567273562,
        -1.457106037167436
    ],
    "15": [
        -0.8242176882690102,
        -0.382200188831387
    ]
}