{
    "0": [
        -0.042124711433079366,
        1.8469815009439945
    ],
    "1": [
        0.22406175402128092,
        0.6567247869020065
    ],
    "2": [
        0.3790309212458532,
        2.362720551365829
    ],
    "3": [
        0.43075505883244986,
        1.478827464212659
    ],
    "4": [
        -0.6230919799250675,
        1.6771769409964183
    ],
    "5": [
        1.0199735818897058,
        1.423679165231876
    ],
    "6": [
        -0.8756429003078768,
        2.4146874956277107
    ],
    "7": [
        -0.5403076038810867,
        0.5275366814092931
    ],
    "8": [
        -0.8941658232032884,
        -2.8746018506064877
    ],
    "9": [
        -0.5113599268767087,
        -2.5307755754395784
    ],
    "10": [
        -0.901113538327782,
        -1.5791929025409417
    ],
    "11": [
        -1.6503828240203944,
        -2.2891612531746066
    ],
    "12": [
        -0.37472882215358627,
        -1.6172188311697164
    ],
    "13": [
        -1.4155695803404846,
        -2.750264867802539
    ],
    "14": [
        -1.3511634025562997,
        -1.4880583860513739
    ]
}