{
    "0": [
        1.299806487931976,
        -1.6452429405398725
    ],
    "1": [
        1.9663292582402614,
        -0.7316427678193022
    ],
    "2": [
        1.3944357526698452,
        -0.33002568383021097
    ],
    "3": [
        2.0492297277136124,
        -1.6406077225388944
    ],
    "4": [
        1.1191308785121639,
        0.3876266182987295
    ],
    "5": [
        0.5751327150892547,
        -0.3139578028004324
    ],
    "6": [
        0.16430719596922638,
        -0.8636354792014937
    ],
    "7": [
        1.0367563882691417,
        -0.7106236080800432
    ],
    "8": [
        0.43495654123586036,
        -1.4495851292541726
    ],
    "9": [
        -1.5834080291049473,
        1.4928999349911625
    ],
    "10": [
        -1.251358196080128,
        0.7669433353104792
    ],
    "11": [
        -0.5125088670842294,
        0.9418951033454995
    ],
    "12": [
        -2.5700575900931213,
        0.7360762032832744
    ],
    "13": [
        -1.97040947829517,
        1.0223721075221361
    ],
    "14": [
        -2.027413777989855,
        1.63447927957861
    ],
    "15": [
        -1.580578864543079,
        -0.20391334050662363
    ],
    "16": [
        -2.0141743730607518,
        0.5169047845386742
    ],
    "17": [
        -0.9188116907248479,
        0.26043651793299366
    ]
}