{
    "0": [
        3.6455847622757083,
        -2.080622300898785
    ],
    "1": [
        4.769600101008127,
        -3.7622859017325694
    ],
    "2": [
        5.540821728541691,
        -2.8099193662002575
    ],
    "3": [
        1.0051035081467143,
        0.04669813119035155
    ],
    "4": [
        2.5763136191587654,
        0.5331616711445082
    ],
    "5": [
        4.697698001949423,
        1.0243470786684334
    ],
    "6": [
        0.7556986860717588,
        0.7527896569415735
    ],
    "7": [
        0.383249180953446,
        0.42403472519571295
    ],
    "8": [
        0.3791140088760343,
        2.0587188492463886
    ],
    "9": [
        0.8391428817553248,
        4.345621741193035
    ],
    "10": [
        0.1710986307806066,
        0.8268124022339136
    ],
    "11": [
        -0.492256260924583,
        0.7901045916045271
    ],
    "12": [
        -0.7276667917815701,
        1.5162083832890565
    ],
    "13": [
        -0.8607169100065596,
        1.0805231773292001
    ],
    "14": [
        -0.8754528152922442,
        -0.5252180850678604
    ],
    "15": [
        1.918557113334988,
        1.1475786377891426
    ],
    "16": [
        -0.41821323204822447,
        -0.18333317298940374
    ],
    "17": [
        0.07543901240919823,
        1.504672396373816
    ],
    "18": [
        -1.393334453725633,
        1.1550807701186014
    ],
    "19": [
        0.611845945150596,
        1.4277800999864236
    ],
    "20": [
        0.3085627148484144,
        -1.4584332637295028
    ],
    "21": [
        -1.9903945646974797,
        -2.698095294130597
    ],
    "22": [
        -2.933806720882296,
        -1.7697594908641194
    ],
    "23": [
        -1.0666285093687968,
        -1.9322685323236486
    ],
    "24": [
        -2.1653829640417332,
        -0.1743088267322566
    ],
    "25": [
        -3.6772704463754295,
        1.7456160248433996
    ],
    "26": [
        -3.027522648283732,
        2.8613723873036676
    ]
}