{
    "0": [
        0.42522602310735674,
        0.27493438239288237
    ],
    "1": [
        -0.5339709910275354,
        0.4500055316043368
    ],
    "2": [
        0.14962696539495024,
        -0.1343575889607314
    ],
    "3": [
        -0.3113518121926024,
        1.4912210075576937
    ],
    "4": [
        2.3402013335179492,
        1.1691322673065188
    ],
    "5": [
        -0.8259148201661537,
        -0.5426267644402669
    ],
    "6": [
        -0.22505492178515615,
        0.07247376876077082
    ],
    "7": [
        -0.06604830366871482,
        -0.5222539883106927
    ],
    "8": [
        0.7857914571265575,
        0.9227443698536782
    ],
    "9": [
        -0.376651162330431,
        -1.4649024664976447
    ],
    "10": [
        1.6992998285242473,
        -0.17756164516997952
    ],
    "11": [
        1.664571040737116,
        -0.8823861316505597
    ],
    "12": [
        -0.8606851350360202,
        0.9644490327938315
    ],
    "13": [
        0.3910039563416238,
        -1.1362727059518618
    ],
    "14": [
        0.15769524137783922,
        2.112008277969101
    ],
    "15": [
        -1.4011416151421632,
        -0.3629867767205893
    ],
    "16": [
        -2.284537578283743,
        1.5301284169650866
    ],
    "17": [
        -1.932656035453935,
        -0.30801371785313353
    ],
    "18": [
        1.1922603420752438,
        -2.508617674729292
    ],
    "19": [
        3.505363288894271,
        0.2451208464300771
    ],
    "20": [
        3.242535435464634,
        -1.1243867987420162
    ],
    "21": [
        -1.019678264486536,
        3.058415250753902
    ],
    "22": [
        2.4327556511521857,
        -2.868907842880883
    ]
}