{
    "0": [
        -0.8539221960686041,
        -1.4232912701356688
    ],
    "1": [
        0.5606013506912613,
        -0.006475595298252776
    ],
    "2": [
        -0.30748963024154985,
        -0.06562857630113875
    ],
    "3": [
        -0.42190999257369777,
        -1.3742254659592368
    ],
    "4": [
        -1.3190412434972811,
        -0.24655813598704476
    ],
    "5": [
        0.09064262933173908,
        -0.7084661202068818
    ],
    "6": [
        -1.8269788335672763,
        -1.3777996682870082
    ],
    "7": [
        -0.8411394298909575,
        -3.0672107816982397
    ],
    "8": [
        1.748013681189862,
        2.190936160624082
    ],
    "9": [
        2.695410530161929,
        0.2975543301231319
    ],
    "10": [
        0.2559990967672471,
        -1.2804286397787412
    ],
    "11": [
        -0.8255706931001117,
        -0.7266632978920716
    ],
    "12": [
        1.517301437121726,
        -1.3168851365115761
    ],
    "13": [
        -0.5359105412680123,
        1.294337018584458
    ],
    "14": [
        0.7246242314234517,
        -2.793558139854964
    ],
    "15": [
        -2.5333522032293265,
        -2.424296208334299
    ],
    "16": [
        -1.692007117392049,
        1.7555311558733415
    ],
    "17": [
        -3.282088950697954,
        -1.2786181957665088
    ],
    "18": [
        -2.260721577734304,
        1.2144262781794566
    ],
    "19": [
        1.7837494281131723,
        3.91281808059905
    ],
    "20": [
        0.3928831864090468,
        3.3832983321750483
    ]
}