{
    "0": [
        -2.0635278328962285,
        4.0327098751214665
    ],
    "1": [
        -1.681539564682977,
        6.594336545430435
    ],
    "2": [
        -3.088062258475591,
        6.149215215495422
    ],
    "3": [
        -3.3968287093206175,
        4.2246164102352415
    ],
    "4": [
        -1.3002686838741457,
        0.5715533393674962
    ],
    "5": [
        -0.8322100839090099,
        8.965709242834418
    ],
    "6": [
        -0.04340475482951702,
        -2.7140110467348784
    ],
    "7": [
        0.7858028026071594,
        -3.0191721165937437
    ],
    "8": [
        -0.5268714401599182,
        -2.292851823851279
    ],
    "9": [
        -0.6027922425206547,
        -3.1961054784607197
    ],
    "10": [
        0.5359371576871605,
        -2.434416168560858
    ],
    "11": [
        -0.4407438368662126,
        -3.6034814686793597
    ],
    "12": [
        0.5226309367029309,
        -3.721305350691444
    ],
    "13": [
        0.08959936334710657,
        -3.2732231504338145
    ],
    "14": [
        -1.1958463055606572,
        -2.6627831014230035
    ],
    "15": [
        0.14935554064517817,
        -1.7692804223802183
    ],
    "16": [
        -0.9544173169506126,
        -1.8490432714307505
    ],
    "17": [
        -1.689396478686155,
        -4.0103740450648875
    ],
    "18": [
        -2.9385886629401554,
        -1.7023621078738425
    ],
    "19": [
        0.08220641600980606,
        10.31010679307884
    ],
    "20": [
        -0.7185859128483364,
        10.602059200556404
    ],
    "21": [
        -4.682742643531116,
        7.625547624128238
    ],
    "22": [
        -5.896647737463382,
        8.758062413995418
    ]
}