{
    "0": [
        2.530338949254769,
        1.3575366386391063
    ],
    "1": [
        0.6634755388582997,
        0.7756723291545577
    ],
    "2": [
        0.8255130651765684,
        0.7201553564299162
    ],
    "3": [
        1.2104634572644206,
        1.2011119264145318
    ],
    "4": [
        0.6333088451751506,
        -1.4079376997160515
    ],
    "5": [
        0.22059932754467526,
        2.2191325301999165
    ],
    "6": [
        -1.2974387611200664,
        1.6204188563322557
    ],
    "7": [
        1.9698673065810466,
        -0.5111165131926402
    ],
    "8": [
        1.2536288463666705,
        2.715310657715435
    ],
    "9": [
        1.855242055724012,
        1.8096410127356564
    ],
    "10": [
        2.441960837412089,
        1.9651346141508657
    ],
    "11": [
        0.9662530923327505,
        2.1768634939028675
    ],
    "12": [
        -1.2135214004146901,
        -0.12681467431616253
    ],
    "13": [
        0.35651021462592586,
        -0.3256624159428208
    ],
    "14": [
        -0.29391265123920307,
        1.6464188536853286
    ],
    "15": [
        1.8536785669795357,
        2.4567933316499744
    ],
    "16": [
        -0.2915715774691544,
        0.28525882121784474
    ],
    "17": [
        1.796951572715618,
        0.04486403459272812
    ],
    "18": [
        2.7916348692818755,
        0.7861763929186883
    ],
    "19": [
        -0.1407703592340835,
        -1.2023881683824744
    ],
    "20": [
        0.5092355216057212,
        2.736444467824973
    ],
    "21": [
        2.5246669434840383,
        0.011179040855141336
    ],
    "22": [
        -0.35178274103580787,
        2.2660492133184253
    ],
    "23": [
        2.2420323217714557,
        0.6455483184657007
    ],
    "24": [
        -0.5189105630306514,
        1.0400903239852257
    ],
    "25": [
        -0.7615794130623924,
        -0.7549894488587683
    ],
    "26": [
        -1.422751814763367,
        0.6706600975362388
    ],
    "27": [
        1.1441555438950832,
        -0.4908453876453299
    ],
    "28": [
        1.536271916172351,
        -1.3286270198875232
    ]
}