{
    "0": [
        2.2592993177394116,
        -0.35122801981099055
    ],
    "1": [
        0.42279241703230663,
        0.392165131587537
    ],
    "2": [
        0.4398774798543221,
        -0.37681888085327614
    ],
    "3": [
        0.467870439336678,
        0.5400012221392047
    ],
    "4": [
        2.658263654295701,
        1.1675674779405616
    ],
    "5": [
        2.2197134015994573,
        1.8543772804211653
    ],
    "6": [
        -1.5922724490811966,
        0.7142832345044556
    ],
    "7": [
        -0.9854328121889345,
        -0.9781035565926723
    ],
    "8": [
        -0.7843856767154381,
        0.6233066783189766
    ],
    "9": [
        1.6820437855840933,
        2.308868949838202
    ],
    "10": [
        0.13601818702465276,
        -1.305903473271757
    ],
    "11": [
        -1.3380263348292465,
        1.7822429431064895
    ],
    "12": [
        -0.19265868891537852,
        2.5661464646453855
    ],
    "13": [
        2.273523593438262,
        0.28238461379537233
    ],
    "14": [
        1.2745360549868294,
        1.268101858253187
    ],
    "15": [
        1.6574635337715764,
        0.03949186569480478
    ],
    "16": [
        2.0113514818484832,
        -0.9154100536016313
    ],
    "17": [
        -0.8066962786609124,
        -0.19904845007470082
    ],
    "18": [
        1.4310700289410794,
        -0.6709914907221661
    ],
    "19": [
        -0.4244211713145832,
        1.2564145961054394
    ],
    "20": [
        -0.7976761594153386,
        2.285080749115696
    ],
    "21": [
        -0.4827414000412016,
        -0.7872873578609243
    ],
    "22": [
        1.0810599531777765,
        2.5714377771624597
    ],
    "23": [
        -1.665036812644615,
        0.20699373391478174
    ],
    "24": [
        1.520019311888408,
        -1.393782543885395
    ],
    "25": [
        0.5542305912703628,
        -1.6965813343894847
    ],
    "26": [
        0.9484509657409648,
        -1.25528872853773
    ],
    "27": [
        -1.680792216635691,
        -0.46737026178329044
    ],
    "28": [
        -0.44509110853634276,
        -1.4437932864983911
    ],
    "29": [
        0.43089561927047104,
        1.520629523322156
    ],
    "30": [
        1.7924123585779181,
        0.7919278358746779
    ],
    "31": [
        0.4455454874006415,
        2.6717295806965837
    ],
    "32": [
        0.673902158241613,
        -3.323744288664527
    ],
    "33": [
        -3.6076879035705427,
        0.6319799365031404
    ]
}