{
    "0": [
        -2.246507281279047,
        0.3535434700880362
    ],
    "1": [
        -0.7799153364713687,
        1.4872892197377179
    ],
    "2": [
        -1.0828229748411788,
        0.9448319159211237
    ],
    "3": [
        -1.2333136361698516,
        0.9758727058638941
    ],
    "4": [
        -0.20611522071943453,
        -0.9306496995270628
    ],
    "5": [
        0.09472342279493987,
        0.3930512446599122
    ],
    "6": [
        -1.1077052966199772,
        -7.585104646189849
    ],
    "7": [
        -2.312282438263625,
        -9.027035541154152
    ],
    "8": [
        -1.1315505110995985,
        -9.36416329909771
    ],
    "9": [
        -1.147446264900422,
        -2.858390658425011
    ],
    "10": [
        -1.0261617410282806,
        -11.042323741897606
    ],
    "11": [
        0.07752231483217097,
        -9.020487974852145
    ],
    "12": [
        -1.895420167701421,
        -1.0627096248097516
    ],
    "13": [
        -0.9575630566888295,
        -13.917078980450988
    ],
    "14": [
        -0.9016459268025605,
        -16.28550542616517
    ],
    "15": [
        0.2114276734504118,
        1.5997834138129126
    ],
    "16": [
        0.8678429226363564,
        0.8058401110570155
    ],
    "17": [
        -2.115392961701072,
        1.9547278513779927
    ],
    "18": [
        -2.487583285859634,
        0.9869226743565105
    ],
    "19": [
        -2.6149882376527214,
        1.6128891968314836
    ],
    "20": [
        0.10886035309513636,
        3.0764608886103884
    ],
    "21": [
        0.6350746932271758,
        5.042926172647781
    ],
    "22": [
        -1.949772849532088,
        2.8700172226058935
    ],
    "23": [
        -1.6933038618322278,
        -0.15790497290912936
    ],
    "24": [
        -0.4737067338775388,
        -0.015472100659742872
    ],
    "25": [
        -0.43472304702007264,
        3.3066944885632483
    ],
    "26": [
        -3.3554555975133824,
        1.9219854414434199
    ],
    "27": [
        0.5845499921482585,
        2.189008103476452
    ],
    "28": [
        0.8152958598545709,
        1.4034405697235945
    ],
    "29": [
        -2.4476410312089936,
        2.461431692272293
    ],
    "30": [
        -0.794861169078047,
        2.606362248148125
    ],
    "31": [
        0.6742065571712542,
        0.2192509483125523
    ],
    "32": [
        -3.2467183265718047,
        0.11100504118025879
    ],
    "33": [
        0.15232646828573712,
        -0.23354814449471653
    ],
    "34": [
        -0.904425863492527,
        -0.34163540139464627
    ],
    "35": [
        -2.7296092339671874,
        -0.5823102293454656
    ],
    "36": [
        -1.3135981035314817,
        3.029368708742356
    ],
    "37": [
        -1.5306567647925318,
        2.381270270784068
    ],
    "38": [
        -0.1012405643504801,
        2.371824284081712
    ],
    "39": [
        0.26583757112450207,
        0.9975023231707228
    ],
    "40": [
        -3.470829095271183,
        0.9390373465324705
    ],
    "41": [
        -0.8612716371191452,
        -18.05286538957757
    ]
}