{
    "0": [
        1.5735936039300304,
        2.355442259004752
    ],
    "1": [
        0.04052936297929407,
        1.0135419821562108
    ],
    "2": [
        -0.051310168784776594,
        0.7769052267633988
    ],
    "3": [
        -1.1155553085698455,
        1.2056123004183321
    ],
    "4": [
        0.9727516961490802,
        2.5740040327903464
    ],
    "5": [
        1.7876241962934984,
        0.19684656463653216
    ],
    "6": [
        0.06428856196208088,
        -1.1807797710372654
    ],
    "7": [
        1.9740241093319282,
        1.8109902629442465
    ],
    "8": [
        1.4203363778076108,
        0.736983467876855
    ],
    "9": [
        -1.7586740420856202,
        2.2381823366141615
    ],
    "10": [
        2.2720377374508884,
        1.1103411909990781
    ],
    "11": [
        0.6691093358929464,
        -1.2041543091035616
    ],
    "12": [
        -1.253120864262242,
        -0.9377277972668052
    ],
    "13": [
        -1.5096643564585552,
        0.7383556615402713
    ],
    "14": [
        1.062499344588849,
        0.10634173900906803
    ],
    "15": [
        -0.7383596238752559,
        2.984771815085035
    ],
    "16": [
        -0.4465234581929155,
        1.6662915395027555
    ],
    "17": [
        0.9683110575669752,
        1.2754993294573105
    ],
    "18": [
        -2.139251043400401,
        1.6447582524649016
    ],
    "19": [
        -1.5677621185369188,
        0.13722231745843413
    ],
    "20": [
        -0.7648965730889258,
        -0.6542392630416735
    ],
    "21": [
        -1.2582782524466432,
        2.6260210667415564
    ],
    "22": [
        1.6215477959765519,
        -0.3789302103568536
    ],
    "23": [
        0.46499883267162145,
        2.960606136808137
    ],
    "24": [
        -0.01968184031944088,
        -0.2521935703442785
    ],
    "25": [
        1.2745762170207204,
        -0.8691262555820339
    ],
    "26": [
        -0.9360408520134083,
        0.04310600436389113
    ],
    "27": [
        -2.3094442140852642,
        0.6004207421608605
    ],
    "28": [
        -0.5359885530006973,
        -1.2388531185252942
    ],
    "29": [
        0.7209654034446389,
        -0.5522107669859053
    ],
    "30": [
        -1.758530540230153,
        -0.3156412745182322
    ],
    "31": [
        -0.14338951706756117,
        2.8347028622365116
    ],
    "32": [
        1.3057084748797552,
        4.447548823515381
    ],
    "33": [
        2.1293527780516888,
        6.665260745069464
    ],
    "34": [
        -0.1011585465275475,
        -3.1553100986089033
    ]
}