{
    "0": [
        0.7871400885685778,
        -0.599388643507356
    ],
    "1": [
        0.0707654985503289,
        0.5493215827594045
    ],
    "2": [
        -0.08391952094252456,
        1.08258239599893
    ],
    "3": [
        -0.07729790265981293,
        0.7189893736826437
    ],
    "4": [
        1.8094947874743788,
        -1.993068451757882
    ],
    "5": [
        1.275340155529697,
        -0.2593450729899329
    ],
    "6": [
        0.19532397928040318,
        -0.6937856830876438
    ],
    "7": [
        -1.5275080790331244,
        1.9931102979007833
    ],
    "8": [
        0.5516792646339502,
        -1.5722700761872923
    ],
    "9": [
        -1.120881634077866,
        0.15357008164061461
    ],
    "10": [
        -1.6265095143035055,
        -0.2456637256264211
    ],
    "11": [
        -1.337161872075152,
        0.9817538612980621
    ],
    "12": [
        2.033368732037988,
        -0.52503097682504
    ],
    "13": [
        -1.8033970321544466,
        1.4835363030668516
    ],
    "14": [
        1.8896828871412428,
        1.1233583096302544
    ],
    "15": [
        -0.4486478608017333,
        2.541943928364114
    ],
    "16": [
        1.2790862630491822,
        1.133742605409918
    ],
    "17": [
        -0.9879381430093853,
        -0.5435925169385494
    ],
    "18": [
        -0.9091971467112476,
        1.757070995144504
    ],
    "19": [
        -0.40393734759383115,
        -0.6964317223695037
    ],
    "20": [
        0.5841441475923571,
        2.4638436380459097
    ],
    "21": [
        -1.4631396895089226,
        -1.238943811916428
    ],
    "22": [
        -1.86286175671586,
        0.3192007177282365
    ],
    "23": [
        0.011656204091169488,
        2.1640348732484753
    ],
    "24": [
        -0.45568383102176857,
        -1.6383749849843765
    ],
    "25": [
        1.8228248551129411,
        0.4696030043796942
    ],
    "26": [
        1.6303427472240883,
        1.745267438572097
    ],
    "27": [
        -1.9833999299070175,
        0.8944806134613761
    ],
    "28": [
        0.8454539223768005,
        1.775775487058481
    ],
    "29": [
        1.2209992256094113,
        2.2631563555487224
    ],
    "30": [
        -1.0345675859524688,
        2.4020725357143236
    ],
    "31": [
        1.2111244110387407,
        0.3504324298302479
    ],
    "32": [
        0.1598401147259989,
        3.1977448501865418
    ],
    "33": [
        0.35379332717696876,
        5.7494059100989485
    ]
}