{
    "0": [
        -0.476114808270797,
        -0.3646022469556006
    ],
    "1": [
        -0.5074457255153875,
        -0.2059301365894847
    ],
    "2": [
        -1.1191247876158714,
        -0.297311922541398
    ],
    "3": [
        -2.5362098409453657,
        -0.11184465090259442
    ],
    "4": [
        -1.9570067326663112,
        -0.5295200467190934
    ],
    "5": [
        -0.6136758559478537,
        -2.198543222626418
    ],
    "6": [
        1.4827348868487125,
        0.7731373109677535
    ],
    "7": [
        0.5527971779216744,
        0.36487240732524623
    ],
    "8": [
        0.8902865145022651,
        1.583154587266731
    ],
    "9": [
        -0.16169999170637497,
        -1.466063554743482
    ],
    "10": [
        -1.1502000182092234,
        1.1957215221475488
    ],
    "11": [
        -1.7071442290257266,
        -1.2985304517078313
    ],
    "12": [
        -2.152999545222679,
        0.98974184649666
    ],
    "13": [
        -2.338407747928517,
        0.42022269087989794
    ],
    "14": [
        -1.0070935530639955,
        -1.5226987888370271
    ],
    "15": [
        -2.447090518915718,
        -0.8441464588605048
    ],
    "16": [
        -0.0010919778607145637,
        -2.0295892041211747
    ],
    "17": [
        -1.796986948678831,
        -1.8913770247523631
    ],
    "18": [
        -1.6284228111835772,
        0.6174109913883024
    ],
    "19": [
        -2.2725498845259735,
        -1.413377201807066
    ],
    "20": [
        1.5651083841502904,
        -1.1705202109208084
    ],
    "21": [
        -1.6593461374379392,
        1.4307617263915604
    ],
    "22": [
        1.0666555885505975,
        -0.1635336932517918
    ],
    "23": [
        0.2765212626136986,
        0.9553098176980198
    ],
    "24": [
        -0.4776430651162206,
        0.952791056940521
    ],
    "25": [
        -0.158037030855625,
        1.5036778654485379
    ],
    "26": [
        1.0078776440136132,
        -2.0684978851409546
    ],
    "27": [
        2.210646380517303,
        -0.17737488217534386
    ],
    "28": [
        -1.2560311899966112,
        -2.0779649827458995
    ],
    "29": [
        -0.8153869778019502,
        1.6711745530982807
    ],
    "30": [
        0.5133602277708688,
        -1.3390993535733926
    ],
    "31": [
        0.6292713155978948,
        -0.6741843707502277
    ],
    "32": [
        4.710699122195607,
        -0.09629692903758648
    ],
    "33": [
        -4.135667921075445,
        -0.26459126908846614
    ]
}