{
    "0": [
        1.0,
        0.0
    ],
    "1": [
        0.9870502626379128,
        0.16041128085776024
    ],
    "2": [
        0.9485364419471455,
        0.3166679938014725
    ],
    "3": [
        0.8854560256532099,
        0.4647231720437685
    ],
    "4": [
        0.7994427634035012,
        0.6007422642379788
    ],
    "5": [
        0.6927243535095995,
        0.7212024473438144
    ],
    "6": [
        0.5680647467311559,
        0.8229838658936564
    ],
    "7": [
        0.42869256140305423,
        0.9034504346103822
    ],
    "8": [
        0.27821746391645275,
        0.9605181116313722
    ],
    "9": [
        0.12053668025532323,
        0.992708874098054
    ],
    "10": [
        -0.0402659401094149,
        0.9991889981715697
    ],
    "11": [
        -0.20002569377604434,
        0.9797906520422677
    ],
    "12": [
        -0.35460488704253545,
        0.9350162426854148
    ],
    "13": [
        -0.4999999999999998,
        0.8660254037844387
    ],
    "14": [
        -0.6324453755953772,
        0.7746049618276546
    ],
    "15": [
        -0.7485107481711009,
        0.6631226582407955
    ],
    "16": [
        -0.8451900855437946,
        0.5344658261278012
    ],
    "17": [
        -0.9199794436588242,
        0.39196660986007514
    ],
    "18": [
        -0.9709418174260519,
        0.2393156642875581
    ],
    "19": [
        -0.9967573081342099,
        0.08046656871672608
    ],
    "20": [
        -0.99675730813421,
        -0.08046656871672539
    ],
    "21": [
        -0.9709418174260521,
        -0.23931566428755743
    ],
    "22": [
        -0.9199794436588242,
        -0.3919666098600749
    ],
    "23": [
        -0.845190085543795,
        -0.5344658261278007
    ],
    "24": [
        -0.7485107481711013,
        -0.663122658240795
    ],
    "25": [
        -0.6324453755953777,
        -0.7746049618276541
    ],
    "26": [
        -0.5000000000000004,
        -0.8660254037844384
    ],
    "27": [
        -0.3546048870425359,
        -0.9350162426854147
    ],
    "28": [
        -0.20002569377604457,
        -0.9797906520422677
    ],
    "29": [
        -0.040265940109415144,
        -0.9991889981715696
    ],
    "30": [
        0.12053668025532233,
        -0.9927088740980541
    ],
    "31": [
        0.2782174639164521,
        -0.9605181116313725
    ],
    "32": [
        0.4286925614030538,
        -0.9034504346103824
    ],
    "33": [
        0.5680647467311556,
        -0.8229838658936566
    ],
    "34": [
        0.6927243535095993,
        -0.7212024473438147
    ],
    "35": [
        0.7994427634035006,
        -0.6007422642379796
    ],
    "36": [
        0.8854560256532096,
        -0.4647231720437692
    ],
    "37": [
        0.9485364419471454,
        -0.31666799380147304
    ],
    "38": [
        0.9870502626379128,
        -0.16041128085776063
    ]
}