{
    "0": [
        1.0,
        0.0
    ],
    "1": [
        0.9555728057861407,
        0.2947551744109042
    ],
    "2": [
        0.8262387743159949,
        0.5633200580636221
    ],
    "3": [
        0.6234898018587336,
        0.7818314824680298
    ],
    "4": [
        0.365341024366395,
        0.9308737486442042
    ],
    "5": [
        0.07473009358642417,
        0.9972037971811801
    ],
    "6": [
        -0.22252093395631434,
        0.9749279121818236
    ],
    "7": [
        -0.5000000000000002,
        0.8660254037844385
    ],
    "8": [
        -0.7330518718298263,
        0.6801727377709194
    ],
    "9": [
        -0.900968867902419,
        0.43388373911755823
    ],
    "10": [
        -0.9888308262251285,
        0.14904226617617428
    ],
    "11": [
        -0.9888308262251285,
        -0.14904226617617447
    ],
    "12": [
        -0.9009688679024191,
        -0.433883739117558
    ],
    "13": [
        -0.7330518718298262,
        -0.6801727377709195
    ],
    "14": [
        -0.4999999999999996,
        -0.8660254037844388
    ],
    "15": [
        -0.2225209339563146,
        -0.9749279121818236
    ],
    "16": [
        0.07473009358642436,
        -0.9972037971811801
    ],
    "17": [
        0.3653410243663954,
        -0.9308737486442041
    ],
    "18": [
        0.6234898018587334,
        -0.7818314824680299
    ],
    "19": [
        0.8262387743159949,
        -0.563320058063622
    ],
    "20": [
        0.9555728057861408,
        -0.2947551744109039
    ]
}