{
    "0": [
        1.0,
        0.0
    ],
    "1": [
        0.9876883405951378,
        0.15643446504023087
    ],
    "2": [
        0.9510565162951535,
        0.3090169943749474
    ],
    "3": [
        0.8910065241883679,
        0.45399049973954675
    ],
    "4": [
        0.8090169943749475,
        0.5877852522924731
    ],
    "5": [
        0.7071067811865476,
        0.7071067811865475
    ],
    "6": [
        0.5877852522924731,
        0.8090169943749475
    ],
    "7": [
        0.4539904997395468,
        0.8910065241883678
    ],
    "8": [
        0.30901699437494745,
        0.9510565162951535
    ],
    "9": [
        0.15643446504023092,
        0.9876883405951378
    ],
    "10": [
        6.123233995736766e-17,
        1.0
    ],
    "11": [
        -0.1564344650402308,
        0.9876883405951378
    ],
    "12": [
        -0.30901699437494734,
        0.9510565162951536
    ],
    "13": [
        -0.4539904997395467,
        0.8910065241883679
    ],
    "14": [
        -0.587785252292473,
        0.8090169943749475
    ],
    "15": [
        -0.7071067811865475,
        0.7071067811865476
    ],
    "16": [
        -0.8090169943749473,
        0.5877852522924732
    ],
    "17": [
        -0.8910065241883678,
        0.45399049973954686
    ],
    "18": [
        -0.9510565162951535,
        0.3090169943749475
    ],
    "19": [
        -0.9876883405951377,
        0.15643446504023098
    ],
    "20": [
        -1.0,
        1.2246467991473532e-16
    ],
    "21": [
        -0.9876883405951378,
        -0.15643446504023073
    ],
    "22": [
        -0.9510565162951536,
        -0.3090169943749473
    ],
    "23": [
        -0.8910065241883679,
        -0.4539904997395467
    ],
    "24": [
        -0.8090169943749476,
        -0.587785252292473
    ],
    "25": [
        -0.7071067811865477,
        -0.7071067811865475
    ],
    "26": [
        -0.5877852522924732,
        -0.8090169943749473
    ],
    "27": [
        -0.4539904997395469,
        -0.8910065241883678
    ],
    "28": [
        -0.30901699437494756,
        -0.9510565162951535
    ],
    "29": [
        -0.15643446504023104,
        -0.9876883405951377
    ],
    "30": [
        -1.8369701987210297e-16,
        -1.0
    ],
    "31": [
        0.15643446504023067,
        -0.9876883405951378
    ],
    "32": [
        0.30901699437494723,
        -0.9510565162951536
    ],
    "33": [
        0.45399049973954664,
        -0.891006524188368
    ],
    "34": [
        0.5877852522924729,
        -0.8090169943749476
    ],
    "35": [
        0.7071067811865474,
        -0.7071067811865477
    ],
    "36": [
        0.8090169943749473,
        -0.5877852522924734
    ],
    "37": [
        0.8910065241883678,
        -0.45399049973954697
    ],
    "38": [
        0.9510565162951535,
        -0.3090169943749476
    ],
    "39": [
        0.9876883405951377,
        -0.15643446504023112
    ]
}