{
    "0": [
        1.0,
        0.0
    ],
    "1": [
        0.9766205557100867,
        0.21497044021102407
    ],
    "2": [
        0.907575419670957,
        0.4198891015602646
    ],
    "3": [
        0.7960930657056438,
        0.6051742151937652
    ],
    "4": [
        0.6473862847818277,
        0.7621620551276365
    ],
    "5": [
        0.46840844069979015,
        0.8835120444460229
    ],
    "6": [
        0.26752833852922075,
        0.963549992519223
    ],
    "7": [
        0.05413890858541761,
        0.9985334138511238
    ],
    "8": [
        -0.16178199655276473,
        0.9868265225415261
    ],
    "9": [
        -0.37013815533991445,
        0.9289767198167914
    ],
    "10": [
        -0.5611870653623823,
        0.8276889981568906
    ],
    "11": [
        -0.7259954919231308,
        0.6876994588534233
    ],
    "12": [
        -0.8568571761675893,
        0.5155538571770216
    ],
    "13": [
        -0.9476531711828025,
        0.3193015301359798
    ],
    "14": [
        -0.9941379571543596,
        0.10811901842394192
    ],
    "15": [
        -0.9941379571543596,
        -0.10811901842394168
    ],
    "16": [
        -0.9476531711828025,
        -0.31930153013597995
    ],
    "17": [
        -0.8568571761675892,
        -0.5155538571770218
    ],
    "18": [
        -0.7259954919231307,
        -0.6876994588534234
    ],
    "19": [
        -0.5611870653623825,
        -0.8276889981568905
    ],
    "20": [
        -0.37013815533991445,
        -0.9289767198167914
    ],
    "21": [
        -0.16178199655276476,
        -0.9868265225415261
    ],
    "22": [
        0.05413890858541758,
        -0.9985334138511238
    ],
    "23": [
        0.267528338529221,
        -0.9635499925192229
    ],
    "24": [
        0.4684084406997903,
        -0.8835120444460228
    ],
    "25": [
        0.6473862847818279,
        -0.7621620551276362
    ],
    "26": [
        0.796093065705644,
        -0.6051742151937649
    ],
    "27": [
        0.9075754196709569,
        -0.41988910156026493
    ],
    "28": [
        0.9766205557100867,
        -0.21497044021102438
    ]
}