{
    "0": [
        1.0,
        0.0
    ],
    "1": [
        0.9917900138232462,
        0.127877161684506
    ],
    "2": [
        0.9672948630390295,
        0.25365458390950735
    ],
    "3": [
        0.9269167573460217,
        0.3752670048793741
    ],
    "4": [
        0.8713187041233894,
        0.49071755200393785
    ],
    "5": [
        0.8014136218679567,
        0.5981105304912159
    ],
    "6": [
        0.7183493500977276,
        0.6956825506034864
    ],
    "7": [
        0.6234898018587336,
        0.7818314824680298
    ],
    "8": [
        0.5183925683105252,
        0.8551427630053461
    ],
    "9": [
        0.404783343122394,
        0.9144126230158124
    ],
    "10": [
        0.28452758663103267,
        0.9586678530366606
    ],
    "11": [
        0.15959989503337932,
        0.9871817834144501
    ],
    "12": [
        0.03205157757165533,
        0.9994862162006879
    ],
    "13": [
        -0.09602302590768154,
        0.9953791129491982
    ],
    "14": [
        -0.22252093395631434,
        0.9749279121818236
    ],
    "15": [
        -0.3453650544213075,
        0.9384684220497604
    ],
    "16": [
        -0.4625382902408351,
        0.8865993063730001
    ],
    "17": [
        -0.5721166601221694,
        0.8201722545969561
    ],
    "18": [
        -0.6723008902613166,
        0.7402779970753157
    ],
    "19": [
        -0.7614459583691342,
        0.6482283953077888
    ],
    "20": [
        -0.8380881048918404,
        0.545534901210549
    ],
    "21": [
        -0.900968867902419,
        0.43388373911755823
    ],
    "22": [
        -0.9490557470106686,
        0.3151082180236209
    ],
    "23": [
        -0.9815591569910653,
        0.19115862870137254
    ],
    "24": [
        -0.9979453927503363,
        0.06407021998071323
    ],
    "25": [
        -0.9979453927503363,
        -0.06407021998071255
    ],
    "26": [
        -0.9815591569910654,
        -0.19115862870137187
    ],
    "27": [
        -0.9490557470106689,
        -0.3151082180236202
    ],
    "28": [
        -0.9009688679024191,
        -0.433883739117558
    ],
    "29": [
        -0.8380881048918408,
        -0.5455349012105485
    ],
    "30": [
        -0.7614459583691346,
        -0.6482283953077882
    ],
    "31": [
        -0.672300890261317,
        -0.7402779970753153
    ],
    "32": [
        -0.57211666012217,
        -0.8201722545969556
    ],
    "33": [
        -0.4625382902408353,
        -0.886599306373
    ],
    "34": [
        -0.34536505442130816,
        -0.9384684220497602
    ],
    "35": [
        -0.2225209339563146,
        -0.9749279121818236
    ],
    "36": [
        -0.09602302590768244,
        -0.9953791129491981
    ],
    "37": [
        0.03205157757165486,
        -0.9994862162006879
    ],
    "38": [
        0.1595998950333784,
        -0.9871817834144503
    ],
    "39": [
        0.284527586631032,
        -0.9586678530366608
    ],
    "40": [
        0.40478334312239295,
        -0.9144126230158128
    ],
    "41": [
        0.5183925683105245,
        -0.8551427630053464
    ],
    "42": [
        0.6234898018587334,
        -0.7818314824680299
    ],
    "43": [
        0.718349350097727,
        -0.6956825506034869
    ],
    "44": [
        0.8014136218679565,
        -0.5981105304912162
    ],
    "45": [
        0.871318704123389,
        -0.49071755200393863
    ],
    "46": [
        0.9269167573460216,
        -0.3752670048793746
    ],
    "47": [
        0.9672948630390291,
        -0.25365458390950835
    ],
    "48": [
        0.991790013823246,
        -0.12787716168450664
    ]
}