{
    "0": [
        1.4109437584048865,
        -0.4305838696358929
    ],
    "1": [
        2.791517849897472,
        2.424878541389566
    ],
    "2": [
        0.48429721964049455,
        0.40184352751027974
    ],
    "3": [
        1.0927685546485457,
        2.3253305887942255
    ],
    "4": [
        0.15979605579744371,
        2.4014583721985265
    ],
    "5": [
        -0.8274901852285834,
        -4.0143511359926505
    ],
    "6": [
        3.3326182842103984,
        -0.7565755699724753
    ],
    "7": [
        0.08747790575548009,
        -1.1844049438762259
    ],
    "8": [
        -1.5704886910466467,
        -0.3509886972066765
    ],
    "9": [
        2.6078164953988945,
        1.411389788101146
    ],
    "10": [
        -1.228402902456878,
        -0.023430939776099058
    ],
    "11": [
        -1.003284962278965,
        0.8746807269016171
    ],
    "12": [
        -2.8516741319687076,
        1.2641514804263616
    ],
    "13": [
        1.4758062048401097,
        2.294124151191113
    ],
    "14": [
        2.9682013331650103,
        1.0020196720383796
    ],
    "15": [
        -0.5058130683849599,
        1.0810515734404658
    ],
    "16": [
        -4.358841314433823,
        0.3210397583120217
    ],
    "17": [
        0.5809410928089406,
        -2.763597324197961
    ],
    "18": [
        2.1271637674628296,
        -1.3680824253604544
    ],
    "19": [
        -3.280105665473124,
        -1.3175564738925662
    ],
    "20": [
        0.5905234019943498,
        2.3260909082648418
    ],
    "21": [
        -1.6751095660201116,
        -3.496821849951156
    ],
    "22": [
        1.6508514262713225,
        -1.3225334613562507
    ],
    "23": [
        -0.42343344001445216,
        0.08817049969248589
    ],
    "24": [
        -3.0206861703529158,
        -3.079107039072428
    ],
    "25": [
        -2.424222588199198,
        -0.09785903029838333
    ],
    "26": [
        0.9105038877893382,
        3.57465391885563
    ],
    "27": [
        -3.6892616227503714,
        -0.379876360186137
    ],
    "28": [
        2.9730834428850446,
        2.728180102005304
    ],
    "29": [
        1.8240811414014475,
        3.6427298706639544
    ],
    "30": [
        2.3608521113904906,
        0.6575252335316953
    ],
    "31": [
        -0.06592349561278998,
        -0.059250779106101686
    ],
    "32": [
        0.05284339039025332,
        1.2997258699676297
    ],
    "33": [
        0.7587121744967474,
        3.660595859150101
    ],
    "34": [
        -1.971142706350601,
        -2.2298640133733643
    ],
    "35": [
        1.549470141329206,
        0.7138106446572399
    ],
    "36": [
        -0.2848277488992428,
        0.38107812642362804
    ],
    "37": [
        3.3000447504749726,
        -0.7242047137217215
    ],
    "38": [
        -0.8182292701180964,
        0.3949646038684852
    ],
    "39": [
        2.067163580105527,
        1.4536974356460517
    ],
    "40": [
        0.14482964077126226,
        0.1741121058596332
    ],
    "41": [
        0.841940839651493,
        -0.9151241851799959
    ],
    "42": [
        -1.8275785145851149,
        -3.592490013361548
    ],
    "43": [
        -0.6679198120645975,
        -0.18704952791275692
    ],
    "44": [
        0.8402355259249613,
        3.4634702151444268
    ],
    "45": [
        1.0238063869896057,
        1.7016808401901333
    ],
    "46": [
        -4.631606971793111,
        -0.3670720781391945
    ],
    "47": [
        2.079462658249368,
        -2.2184784895805567
    ],
    "48": [
        -1.5539845663569942,
        -0.6454208199416754
    ],
    "49": [
        -0.7768636403501605,
        -1.0832563398377524
    ],
    "50": [
        -0.002635826182316947,
        2.9490818822620697
    ],
    "51": [
        -0.3995854430469987,
        -2.274956413645191
    ],
    "52": [
        2.6962584554634677,
        1.9012423511340315
    ],
    "53": [
        -0.8272215752569635,
        -3.0099192466509157
    ],
    "54": [
        0.8949658968906679,
        3.262913677276387
    ],
    "55": [
        -0.972797178056677,
        -4.376999120966084
    ],
    "56": [
        -2.8305368119672942,
        -1.212436259604143
    ],
    "57": [
        -1.816509150596938,
        -3.5933210488927396
    ],
    "58": [
        -2.898833346506983,
        -3.007571200491978
    ],
    "59": [
        0.7101754410791398,
        -0.02392741210597704
    ],
    "60": [
        -3.430749556774716,
        2.575394316936215
    ],
    "61": [
        1.308840340542289,
        1.8771964133475514
    ],
    "62": [
        3.9569943808878874,
        -0.23267374433801177
    ],
    "63": [
        -2.7841032145346136,
        -3.1541535708193438
    ],
    "64": [
        1.3418606432401265,
        4.016029417769175
    ],
    "65": [
        0.33007409166030655,
        1.161897058250566
    ],
    "66": [
        2.8467838375186214,
        -0.9981128696967674
    ],
    "67": [
        -0.7127018089859973,
        0.41477306000082426
    ],
    "68": [
        -4.784670844310413,
        -0.2782506741241215
    ],
    "69": [
        0.33192114757494673,
        1.1472100166457266
    ],
    "70": [
        0.4752060983484129,
        -2.7186115078240856
    ],
    "71": [
        2.146889424934306,
        3.44447049818753
    ],
    "72": [
        2.203259945637459,
        -1.8670618666524592
    ],
    "73": [
        1.5080246543662201,
        -0.265395038925429
    ],
    "74": [
        -2.483014265012236,
        2.6804443254252512
    ],
    "75": [
        0.8529010561195952,
        -2.7755272902251638
    ],
    "76": [
        -0.992836716950392,
        -0.9073155519006536
    ],
    "77": [
        1.8792717560299854,
        -1.9664252402186166
    ],
    "78": [
        1.2883873621295123,
        2.0018981740744195
    ],
    "79": [
        -3.501889952194332,
        -1.4002352694989508
    ],
    "80": [
        -1.501823113345212,
        0.2005536835358793
    ],
    "81": [
        -0.9333176435979383,
        -4.755361166046191
    ],
    "82": [
        -1.359916218577146,
        -2.3567530566131665
    ],
    "83": [
        1.9161881723651386,
        0.30772033398380516
    ],
    "84": [
        -1.4752527041211636,
        -3.345595179566303
    ],
    "85": [
        0.9365497215422055,
        0.5714530023299698
    ],
    "86": [
        4.040638487769576,
        0.03741303586449998
    ],
    "87": [
        -0.24332827907033616,
        2.22211740175913
    ],
    "88": [
        3.1913254913730738,
        2.28849603841353
    ],
    "89": [
        -1.674422036260145,
        -0.530668630513078
    ],
    "90": [
        1.8480031081173562,
        2.5557439840551535
    ],
    "91": [
        1.318611088336965,
        -2.7224041713758615
    ],
    "92": [
        1.913839970210148,
        -0.08269009976418554
    ],
    "93": [
        -3.590472472013814,
        -0.5285200111658432
    ],
    "94": [
        -0.35867493626750013,
        1.1839406160425796
    ],
    "95": [
        -1.2234508254758454,
        -2.2852047725593847
    ],
    "96": [
        3.2117130376700853,
        2.0668768335151686
    ],
    "97": [
        -0.5768699274496414,
        -0.8684999885449142
    ],
    "98": [
        2.2434744634033366,
        2.39329224404744
    ],
    "99": [
        -3.4950255253231957,
        2.6606790150413224
    ],
    "100": [
        -1.2567078400456047,
        0.5625334531397591
    ],
    "101": [
        2.8693248066625525,
        2.8309761461736738
    ],
    "102": [
        -0.8581086711446517,
        -3.049561176911373
    ],
    "103": [
        -4.386901703373546,
        0.37314951425544607
    ],
    "104": [
        -3.7109747285250116,
        1.5551532694129289
    ],
    "105": [
        -0.7198324640188942,
        0.7426934716978129
    ],
    "106": [
        4.197154160264141,
        -0.9136595552881779
    ],