{
    "0": [
        -1.6664322916284942,
        -0.7879316335534432
    ],
    "1": [
        -1.2866413488262887,
        -1.7951057568538868
    ],
    "2": [
        0.1914986826120828,
        1.3832549354322266
    ],
    "3": [
        -2.511126146568147,
        0.6273766385998363
    ],
    "4": [
        -0.0773740392746386,
        -1.1602473962169626
    ],
    "5": [
        -0.004495012724123393,
        0.30898384009398705
    ],
    "6": [
        -1.0257305820227018,
        0.10357833904540148
    ],
    "7": [
        0.5580758513280667,
        0.3613710178963745
    ],
    "8": [
        0.9956035399591326,
        -1.2566962778973976
    ],
    "9": [
        -0.6958861965095081,
        2.712700066273152
    ],
    "10": [
        -1.2519819210690653,
        -1.0528927934135563
    ],
    "11": [
        -0.5437910161120177,
        1.082003189944092
    ],
    "12": [
        -1.488981733825253,
        1.3129568969632972
    ],
    "13": [
        -0.7178696631283533,
        1.9297059287100689
    ],
    "14": [
        -1.213504513556697,
        1.814934425097622
    ],
    "15": [
        3.4365759280335046,
        -1.554251139279621
    ],
    "16": [
        -0.8892748747738698,
        -3.145404112311285
    ],
    "17": [
        -1.8739621227451932,
        3.6028154516799917
    ],
    "18": [
        2.2972262537534482,
        1.3596982934136648
    ],
    "19": [
        1.9831024642680526,
        1.58258479349465
    ],
    "20": [
        1.648087821872382,
        2.0550541455937106
    ],
    "21": [
        -0.2806423368154153,
        2.2422258784160327
    ],
    "22": [
        1.73889916490872,
        0.8733805943289614
    ],
    "23": [
        1.5182215433680075,
        -0.5158489250089494
    ],
    "24": [
        -0.6874685907049499,
        -0.010802071932185409
    ],
    "25": [
        4.340230521154747,
        -0.9740709274929757
    ],
    "26": [
        2.7327086311662114,
        -1.0767155737816938
    ],
    "27": [
        1.2565402291629832,
        2.5434064118142707
    ],
    "28": [
        2.767879159984718,
        -0.9299086258241369
    ],
    "29": [
        -1.2130355270765767,
        -1.5377879825901082
    ],
    "30": [
        2.1490916621043477,
        1.463854059216021
    ],
    "31": [
        -2.2560161287814684,
        3.58268238132914
    ],
    "32": [
        -0.5498328029099301,
        -2.7069866504980187
    ],
    "33": [
        1.4453818504792384,
        -0.9472820970455278
    ],
    "34": [
        2.4218457357348417,
        1.8276586699255986
    ],
    "35": [
        -2.3848083210237627,
        -0.6242838842682543
    ],
    "36": [
        1.1954259290439322,
        0.9537640798954405
    ],
    "37": [
        3.8009905158210495,
        -2.512490132760079
    ],
    "38": [
        0.9302945342450266,
        -4.141142312467472
    ],
    "39": [
        -2.064337075061415,
        1.7344120165644605
    ],
    "40": [
        -0.43260282657751437,
        -1.0274253628820862
    ],
    "41": [
        -2.481204981455888,
        1.7433783202975226
    ],
    "42": [
        3.4379142477244606,
        -2.019871335379146
    ],
    "43": [
        3.4993113312959188,
        -1.6863110870452755
    ],
    "44": [
        0.6399771679103787,
        -3.6821527498726603
    ],
    "45": [
        0.08445595165881675,
        -2.7706076792575827
    ],
    "46": [
        -0.7262042291267862,
        -1.3262691246688456
    ],
    "47": [
        3.8988546453403665,
        -0.09418276878998622
    ],
    "48": [
        0.8887696520354802,
        -0.7722650033684173
    ],
    "49": [
        -2.3475401365102737,
        -0.7020482441462954
    ],
    "50": [
        1.8162748150062784,
        0.02185482323737764
    ],
    "51": [
        3.732364891198412,
        -0.925905006041706
    ],
    "52": [
        3.7510834652183807,
        -2.678094739521373
    ],
    "53": [
        -0.24895888019811785,
        1.763117954541803
    ],
    "54": [
        0.8643934201983791,
        -1.2972495003011144
    ],
    "55": [
        1.0298801012189236,
        0.767232133701031
    ],
    "56": [
        -3.690620570434919,
        -0.9389629994344235
    ],
    "57": [
        0.16103263118296485,
        2.4299069265702604
    ],
    "58": [
        3.647736752918263,
        -1.5017017334130762
    ],
    "59": [
        -3.188066583674296,
        1.504495176824807
    ],
    "60": [
        -1.4772626864366938,
        -1.9876694940283135
    ],
    "61": [
        -0.15248557277222097,
        0.8096354067117217
    ],
    "62": [
        -3.3309345336615115,
        2.569274414628649
    ],
    "63": [
        -0.38317004935126575,
        3.1002360393642494
    ],
    "64": [
        -3.3323129212757316,
        2.5631829044942522
    ],
    "65": [
        1.969992360955985,
        -0.7177725188732138
    ],
    "66": [
        -2.9950228629553157,
        1.030389208158784
    ],
    "67": [
        4.502046081710592,
        -0.44892176774890835
    ],
    "68": [
        -2.224458284362549,
        -0.2715622979229123
    ],
    "69": [
        1.1715820107497668,
        2.5218424817276803
    ],
    "70": [
        -3.2036184049778074,
        -0.9495828919692197
    ],
    "71": [
        -0.5149746681891992,
        3.003260948446904
    ],
    "72": [
        0.557874260578329,
        -0.8273075429247878
    ],
    "73": [
        -1.9986058947734122,
        -1.4584385274729728
    ],
    "74": [
        0.15750384639748105,
        -0.12274840315434654
    ],
    "75": [
        2.330542369335132,
        0.448221281078055
    ],
    "76": [
        0.5673883125670794,
        2.626924536674137
    ],
    "77": [
        -3.2532615402595737,
        1.3661761390984957
    ],
    "78": [
        4.00166563735212,
        0.12133158754609824
    ],
    "79": [
        -1.563206558491152,
        -1.3701551164836856
    ],
    "80": [
        -3.6073870240143604,
        -1.11853780730495
    ],
    "81": [
        1.3514687166683563,
        2.6772696195380616
    ],
    "82": [
        -3.1832052927714622,
        2.8327336833945758
    ],
    "83": [
        0.24617782992896198,
        0.9135096472783604
    ],
    "84": [
        -1.400765580291056,
        0.5068769506485664
    ],
    "85": [
        3.1243435838277422,
        -0.05125525322784363
    ],
    "86": [
        3.063608361965604,
        -1.3860654230404046
    ],
    "87": [
        -0.6438992521984251,
        -2.5570137506216737
    ],
    "88": [
        3.480956648914509,
        0.017413015297567946
    ],
    "89": [
        0.45853160816012795,
        -3.3956055926256186
    ],
    "90": [
        -1.5622929804853207,
        1.0351124647398176
    ],
    "91": [
        -2.926446231432097,
        3.2169270516839266
    ],
    "92": [
        -0.8721030955631192,
        0.8751580304476977
    ],
    "93": [
        0.7824342640415551,
        1.9529375672581462
    ],
    "94": [
        -0.6908679932729233,
        -0.5606131015510594
    ],
    "95": [
        -0.43107728192494854,
        -2.0078582309304
    ],
    "96": [
        -0.1836279441839408,
        -0.15585738289232742
    ],
    "97": [
        4.671076440524702,
        -0.29950488360404126
    ],
    "98": [
        -0.2139253432426218,
        3.2470918498860017
    ],
    "99": [
        -0.7800140111173378,
        -3.337986335618255
    ],
    "100": [
        0.8516879809151287,
        -4.223186461033733
    ],
    "101": [
        1.0723972903990204,
        -3.9949656339760597
    ],
    "102": [
        2.304605514474401,
        2.0404974754754326
    ],
    "103": [
        -2.4712296935290246,
        0.20682574763851633
    ],
    "104": [
        -1.3031823761530652,
        1.8691073222487793
    ],
    "105": [
        1.1912894636183227,
        -0.6210655221410439
    ],
    "106": [
        -4.2299254125930075,
        -0.9126806776902991
    ],