{
    "0": [
        0.10510049811651656,
        3.456583685356055
    ],
    "1": [
        1.642009092975172,
        -0.11407820680893677
    ],
    "2": [
        -1.7850425597972102,
        -1.3204974312840032
    ],
    "3": [
        -2.286998683477495,
        1.0591205954308889
    ],
    "4": [
        -0.9726432461052621,
        0.705222151750565
    ],
    "5": [
        1.0253813607549038,
        1.3623006499064347
    ],
    "6": [
        1.4594816543858573,
        3.3636472031173854
    ],
    "7": [
        -0.44461955730080693,
        -0.9634734567189835
    ],
    "8": [
        -3.1330913586160336,
        -1.0392013138182619
    ],
    "9": [
        2.9215464227168004,
        0.5942253230593217
    ],
    "10": [
        -0.18831292881592088,
        3.1481849795741566
    ],
    "11": [
        -2.9174174807863555,
        -1.2804991043127196
    ],
    "12": [
        2.1805639040982885,
        3.090833807034915
    ],
    "13": [
        1.723835962100423,
        -0.4666825296321315
    ],
    "14": [
        2.563893028531802,
        -1.1779989071530887
    ],
    "15": [
        0.6094699610054597,
        2.051074652472692
    ],
    "16": [
        -0.24671455613319115,
        3.5871603588706753
    ],
    "17": [
        1.3409770275173671,
        1.6488320967271746
    ],
    "18": [
        1.2866618398613785,
        -2.016882866544273
    ],
    "19": [
        2.2303989236002577,
        3.077955784781809
    ],
    "20": [
        -2.3221614028985567,
        -0.6626640138235085
    ],
    "21": [
        -2.167041134685466,
        -1.5087052552349163
    ],
    "22": [
        -1.2046403858894867,
        -0.013258553988040767
    ],
    "23": [
        0.8564305950087039,
        1.099884750852009
    ],
    "24": [
        0.7034804924068725,
        -0.9473019921783807
    ],
    "25": [
        -2.7090362759790096,
        -1.8805980227356085
    ],
    "26": [
        -2.691761149448509,
        -2.504603241751075
    ],
    "27": [
        1.561091617293732,
        3.422102093646431
    ],
    "28": [
        -0.7941752970784925,
        -2.9913510078879715
    ],
    "29": [
        1.9637486676170484,
        3.4970515640803113
    ],
    "30": [
        -2.0191721110793712,
        -3.358919146216136
    ],
    "31": [
        -0.18958134186192,
        1.6838017390149653
    ],
    "32": [
        0.2751825605364357,
        -0.5975086038573045
    ],
    "33": [
        2.86431446874265,
        0.8122699487567
    ],
    "34": [
        0.8050099946089645,
        -1.1459678537578006
    ],
    "35": [
        -1.4956996854337006,
        -3.5626329055803327
    ],
    "36": [
        2.041587634901001,
        3.596850011993012
    ],
    "37": [
        -2.0746430369168807,
        -1.5147433652733748
    ],
    "38": [
        0.9892680531235787,
        -2.104504259379419
    ],
    "39": [
        -0.06202228079413241,
        3.4824448038385634
    ],
    "40": [
        -2.502367641567575,
        -3.106160115610565
    ],
    "41": [
        -0.46575729298670665,
        -2.7212964809513474
    ],
    "42": [
        -0.7940519534015973,
        -2.930594699565454
    ],
    "43": [
        1.965156031285312,
        -0.7939355751717647
    ],
    "44": [
        -1.4295483082491418,
        -3.4409682633987395
    ],
    "45": [
        -1.183463595705317,
        -0.004792909222827824
    ],
    "46": [
        -2.3553533580037187,
        -2.149871539806527
    ],
    "47": [
        2.52004912747235,
        0.203602184795443
    ],
    "48": [
        -0.8083103373907419,
        -1.1969433222002634
    ],
    "49": [
        -0.7412255853935124,
        -1.763289999302676
    ],
    "50": [
        2.65256608587321,
        -1.2414050962747711
    ],
    "51": [
        1.2142113560139656,
        1.6266350672236056
    ],
    "52": [
        2.379026986423926,
        -0.917269419829458
    ],
    "53": [
        -0.8060685539206249,
        -3.06503414664313
    ],
    "54": [
        -0.7824648040429234,
        -1.0398600695450049
    ],
    "55": [
        -2.47988225410918,
        -1.2340379437519293
    ],
    "56": [
        -2.3185915656633855,
        1.0733204480296097
    ],
    "57": [
        2.1691201152958577,
        2.1404720611781625
    ],
    "58": [
        -0.7308667414684393,
        -1.4948284177119855
    ],
    "59": [
        -1.326112250680808,
        -3.2375466476913517
    ],
    "60": [
        -2.55827359968662,
        -2.22743270178557
    ],
    "61": [
        0.5002613194010319,
        1.889708966039665
    ],
    "62": [
        -0.45791912769135057,
        1.6969481361847034
    ],
    "63": [
        -2.680154602764276,
        -2.6660250968482138
    ],
    "64": [
        0.824985195708777,
        -1.1972620299945462
    ],
    "65": [
        2.733176840717812,
        0.48180662839313104
    ],
    "66": [
        0.8005137711323939,
        1.0314015798362404
    ],
    "67": [
        -3.2025056623302297,
        -0.9981033022605432
    ],
    "68": [
        1.2716521608530504,
        -1.9905937749533877
    ],
    "69": [
        0.5912657051995096,
        2.0449921108358984
    ],
    "70": [
        2.134309762385084,
        3.7304913356754845
    ],
    "71": [
        3.0765447026416077,
        0.03162339521551205
    ],
    "72": [
        0.06745223034107184,
        -0.7440082724966302
    ],
    "73": [
        -0.24337762712999333,
        3.7154356783240297
    ],
    "74": [
        -0.15370243221381452,
        3.2653546400318145
    ],
    "75": [
        2.4729199906534465,
        -1.0074570458125307
    ],
    "76": [
        1.8810595709548794,
        2.1539486316082033
    ],
    "77": [
        0.35949326141980076,
        -0.20737750596284465
    ],
    "78": [
        0.20846352147339992,
        1.6299647019428674
    ],
    "79": [
        -2.07565583898874,
        -0.4531545680557776
    ],
    "80": [
        1.6597521138301492,
        -0.08759898747403261
    ],
    "81": [
        -0.9697272688004313,
        0.724052539614576
    ],
    "82": [
        -1.8432485223402635,
        -0.023554135291669276
    ],
    "83": [
        -2.421291429288437,
        -3.2082174196497504
    ],
    "84": [
        0.29221795809243195,
        -0.42170729534513507
    ],
    "85": [
        -0.5838703953932991,
        1.5491271661234245
    ],
    "86": [
        0.08586296946422567,
        -0.7821030581058745
    ],
    "87": [
        2.51456859376205,
        2.4084490327985044
    ],
    "88": [
        -1.829539439404345,
        -0.06662601522942602
    ],
    "89": [
        2.557522230348834,
        2.4042045272597132
    ],
    "90": [
        -0.633480698934116,
        -0.949957137494668
    ]
}