{
    "0": [
        -2.6385595869591767,
        2.378531432149494
    ],
    "1": [
        -1.8610175970061515,
        3.164117120797124
    ],
    "2": [
        1.5552013257589197,
        -0.9508629784197562
    ],
    "3": [
        3.0729229800368127,
        -0.043426099215938985
    ],
    "4": [
        -3.612959687209992,
        1.6571404690209515
    ],
    "5": [
        3.870740308011303,
        1.0979645697311922
    ],
    "6": [
        -3.3503755076148347,
        2.1517053302600404
    ],
    "7": [
        2.7624442187707166,
        0.5018521280631076
    ],
    "8": [
        -2.5030733307659565,
        2.5657016891929434
    ],
    "9": [
        -2.6973549060600908,
        0.6743291796007325
    ],
    "10": [
        -1.2239181861784445,
        -0.35720300395811133
    ],
    "11": [
        3.6656302248416184,
        1.3286711047397104
    ],
    "12": [
        2.302635897148134,
        -0.584795362095901
    ],
    "13": [
        3.3845947607085938,
        2.039756715422978
    ],
    "14": [
        1.672150627606837,
        -0.9026060535510574
    ],
    "15": [
        -3.5520467765601316,
        -0.6347409143452105
    ],
    "16": [
        2.3973517016216546,
        -1.5212330392003008
    ],
    "17": [
        2.3468573929574212,
        -1.6549724229989207
    ],
    "18": [
        3.1058771357860904,
        0.4470576301734015
    ],
    "19": [
        5.064329665667042,
        -2.321232874448083
    ],
    "20": [
        -3.6040138940641078,
        0.8435738689214175
    ],
    "21": [
        0.5900513383249582,
        2.302212983158914
    ],
    "22": [
        -1.1594273714682877,
        -0.4437647842860475
    ],
    "23": [
        -3.407130403622518,
        -1.036865738202604
    ],
    "24": [
        3.6328656798343584,
        1.8218146782584717
    ],
    "25": [
        -3.9666575535055135,
        -0.4130776936749627
    ],
    "26": [
        -0.7941729152203663,
        2.7440569709758496
    ],
    "27": [
        -0.9529636999318614,
        0.22515001396127632
    ],
    "28": [
        -0.7436605683483255,
        0.629515482022933
    ],
    "29": [
        3.567794210296406,
        1.8270826834436171
    ],
    "30": [
        2.3102894414160033,
        -1.8870041510684352
    ],
    "31": [
        -2.1549008475821685,
        -1.9020102420754306
    ],
    "32": [
        2.7393253121260157,
        -0.10281674613746317
    ],
    "33": [
        3.6796542316251015,
        -2.701070330411583
    ],
    "34": [
        3.3876091099481016,
        -1.8344789493183389
    ],
    "35": [
        -2.0122008874868356,
        -1.827602755234687
    ],
    "36": [
        -2.42543586267968,
        2.6117603749051543
    ],
    "37": [
        0.852841637950851,
        -0.7699243043762092
    ],
    "38": [
        0.7761138889120005,
        -0.6885474594128378
    ],
    "39": [
        -2.691136928981196,
        0.6771367525055885
    ],
    "40": [
        -1.5809425873936216,
        2.9248514582235856
    ],
    "41": [
        -3.5563648675888215,
        0.8430372370271996
    ],
    "42": [
        0.6236126523869716,
        -0.41983945999060923
    ],
    "43": [
        3.1950819930259238,
        -0.22147159426842
    ],
    "44": [
        4.576648269826201,
        -2.530638527259356
    ],
    "45": [
        2.0769774375866454,
        -0.5946597743879845
    ],
    "46": [
        4.428572843178285,
        -2.5624752517964637
    ],
    "47": [
        -2.575825476985779,
        0.04160734325412996
    ],
    "48": [
        -0.7448853050954409,
        -1.317962095996939
    ],
    "49": [
        -2.061437359923334,
        3.1811646129596065
    ],
    "50": [
        -3.1123467153076874,
        -1.3395031195936675
    ],
    "51": [
        5.103215630800234,
        -2.29465493549084
    ],
    "52": [
        -0.60694905776035,
        1.3289077952150206
    ],
    "53": [
        -0.8121203916341853,
        -1.321124634324529
    ],
    "54": [
        -4.312506848584434,
        0.07586914610591822
    ],
    "55": [
        4.454762638482956,
        -2.5817084549595917
    ],
    "56": [
        -0.746901510817322,
        1.0729459019809957
    ],
    "57": [
        -0.9065673565766628,
        0.461289398086451
    ],
    "58": [
        -4.9417898047072395,
        -0.05524869202100602
    ],
    "59": [
        2.702654696661985,
        0.5482645545861125
    ],
    "60": [
        -5.0402522095802285,
        -0.09440661975237385
    ],
    "61": [
        -0.6224794263889506,
        1.2925425006007922
    ],
    "62": [
        -2.288681169899667,
        3.0698025199671157
    ],
    "63": [
        0.30117999233820125,
        2.7358385687532936
    ],
    "64": [
        0.7028891333114835,
        2.247010116887785
    ],
    "65": [
        -0.552004118950518,
        1.3586766663371845
    ],
    "66": [
        -1.9722556232964532,
        -1.897492689841405
    ],
    "67": [
        -1.3184846659165999,
        -1.2699643102598435
    ],
    "68": [
        1.362975211205213,
        -2.3299833924748192
    ],
    "69": [
        -0.8104869750921146,
        0.011984029263993667
    ],
    "70": [
        -1.302132117131857,
        2.783053979790864
    ],
    "71": [
        -2.8820854679251138,
        0.7956292792252232
    ],
    "72": [
        4.1468120852232975,
        -2.637086304899227
    ],
    "73": [
        3.2172570335347226,
        -1.4625481780139373
    ],
    "74": [
        2.2121132199931273,
        -2.057093846926672
    ],
    "75": [
        -1.9710609140029698,
        -1.9056992326267492
    ],
    "76": [
        0.2725706135800232,
        2.718914604729007
    ],
    "77": [
        3.58007907658276,
        -1.3521187763551397
    ],
    "78": [
        -3.049925288832971,
        -0.08114954146706999
    ],
    "79": [
        -2.952230750165269,
        -1.508953216087194
    ],
    "80": [
        -0.43221785699014026,
        0.12478527741385559
    ],
    "81": [
        -1.44965318507053,
        -1.2075284714479757
    ],
    "82": [
        -4.784325300539532,
        -0.0027903210220581176
    ],
    "83": [
        3.818069375968337,
        1.1327338010348138
    ],
    "84": [
        -3.5092001064683553,
        1.9707708704722178
    ],
    "85": [
        -4.097350638133979,
        0.31836885391639824
    ],
    "86": [
        -3.257427347440069,
        0.763923371062836
    ],
    "87": [
        3.775664316882513,
        -2.610626430821215
    ],
    "88": [
        -0.5729396586444371,
        2.7761989119969046
    ],
    "89": [
        1.4945546406503576,
        -2.4659257192743596
    ],
    "90": [
        1.420745456816693,
        -2.371167959838881
    ],
    "91": [
        -0.3535385967396465,
        0.25511754791221986
    ],
    "92": [
        -2.6137142680150345,
        -0.05804299394237833
    ],
    "93": [
        3.4746126772505104,
        -1.3503401348516926
    ],
    "94": [
        3.463759394209551,
        -2.041978941684157
    ]
}