{
    "0": [
        2.019454643502154,
        1.2233348040797005
    ],
    "1": [
        1.7418526486167543,
        -3.8854156982870958
    ],
    "2": [
        -1.6594478213084654,
        -0.9142380540889699
    ],
    "3": [
        2.31088109878301,
        -2.022001382684752
    ],
    "4": [
        0.6982489443550599,
        -3.49456947428935
    ],
    "5": [
        0.9544435758179017,
        0.3248431343795972
    ],
    "6": [
        -1.1169169443255829,
        -0.7806618306494326
    ],
    "7": [
        -0.876291262982333,
        2.468805637239615
    ],
    "8": [
        1.020969500904847,
        0.3048669623066975
    ],
    "9": [
        0.9762379472091998,
        0.344695187926495
    ],
    "10": [
        -2.3400880001606814,
        2.679502645028727
    ],
    "11": [
        -2.5131502153461183,
        -0.07625420837742469
    ],
    "12": [
        2.084594567406325,
        -2.2909995033410833
    ],
    "13": [
        0.002704895169330701,
        3.1872477011403615
    ],
    "14": [
        -0.3835695273277939,
        -0.003848039933112002
    ],
    "15": [
        -1.2011342859167242,
        -1.484358976196675
    ],
    "16": [
        1.7075379473869705,
        -3.8541388799935983
    ],
    "17": [
        2.064356590237239,
        -2.335605498954801
    ],
    "18": [
        -2.6896153616457785,
        0.8035976360016366
    ],
    "19": [
        -0.6052876275022232,
        -0.45580411363474527
    ],
    "20": [
        -0.6556431383632995,
        -0.009006252411088322
    ],
    "21": [
        0.5169713012162629,
        2.3405084238291898
    ],
    "22": [
        -0.9095320611416571,
        -2.7563444684665637
    ],
    "23": [
        1.4779318289710184,
        2.872147361180845
    ],
    "24": [
        2.9186416649216382,
        -1.3158721820748007
    ],
    "25": [
        -2.8581318053988336,
        0.3952494310684851
    ],
    "26": [
        -1.6161581190549206,
        1.952498923813605
    ],
    "27": [
        -0.8520460167017117,
        2.426118725045377
    ],
    "28": [
        0.8745523355194282,
        -0.37816165460332485
    ],
    "29": [
        0.12568387357991684,
        -1.4816949313133696
    ],
    "30": [
        0.2904535447474452,
        -3.6884259989504375
    ],
    "31": [
        -1.3356050397608037,
        2.0022751341688827
    ],
    "32": [
        -2.782197682217615,
        0.4090459584198487
    ],
    "33": [
        2.915961170831722,
        -1.2902203701926145
    ],
    "34": [
        0.4163081364291572,
        -1.2425919979586921
    ],
    "35": [
        2.2804081183100746,
        0.6260872873662593
    ],
    "36": [
        -2.142162870042113,
        -0.5424843861094337
    ],
    "37": [
        -0.11227516686665817,
        -1.6699080002329731
    ],
    "38": [
        -0.6072948265127063,
        -0.024543669113581856
    ],
    "39": [
        0.9202934950983237,
        -3.348727936249048
    ],
    "40": [
        2.2692700160475403,
        0.559439162378736
    ],
    "41": [
        -1.258487893492405,
        -1.4606471991029846
    ],
    "42": [
        -1.0192479359585342,
        2.432268184460329
    ],
    "43": [
        1.3583102284899575,
        2.9210791003379915
    ],
    "44": [
        -0.5372460892380482,
        1.0724781376710637
    ],
    "45": [
        0.5298302596932669,
        2.2419276482805617
    ],
    "46": [
        -0.49714786911841413,
        3.473101595252769
    ],
    "47": [
        -1.076036470320155,
        -1.3043189743149672
    ],
    "48": [
        -2.316278797573791,
        2.6742416183771334
    ],
    "49": [
        -1.3450172577062416,
        -2.3776088852649524
    ],
    "50": [
        0.1277695499050977,
        3.081545503517576
    ],
    "51": [
        2.8885482724529417,
        -1.3358589058788901
    ],
    "52": [
        -0.5449069735444612,
        1.0300470448790287
    ],
    "53": [
        -1.1818347820338158,
        -2.6468851245260803
    ],
    "54": [
        -2.3027189957435565,
        2.6485290641107126
    ],
    "55": [
        -2.1238153357738776,
        -0.5443936140354713
    ],
    "56": [
        -0.4631760849025537,
        3.4023637449592345
    ],
    "57": [
        0.8692610473861975,
        -0.35435498874799665
    ],
    "58": [
        -0.556051560076499,
        -2.4554827147524643
    ],
    "59": [
        0.7928155797671566,
        3.281898734886552
    ],
    "60": [
        0.6827127006658844,
        -3.4562535167764983
    ],
    "61": [
        2.0397217556454517,
        0.9289060565419951
    ],
    "62": [
        -0.3444935143218979,
        -2.2552071508714704
    ],
    "63": [
        2.1038531896568373,
        1.0062765765030535
    ],
    "64": [
        -0.6191143409601416,
        -0.4770571351095274
    ],
    "65": [
        1.4615412446162597,
        2.8990185923362417
    ]
}