{
    "0": [
        3.853113773396577,
        -1.4718868350439267
    ],
    "1": [
        0.7764989814073071,
        0.17096062385905741
    ],
    "2": [
        -2.2098555533708226,
        -3.450452537345514
    ],
    "3": [
        0.5884256582031,
        -0.7783948967786124
    ],
    "4": [
        -5.059809372862029,
        -2.83488601976134
    ],
    "5": [
        -1.360106297126193,
        -1.0794324515599416
    ],
    "6": [
        2.253773943776419,
        2.860707872386411
    ],
    "7": [
        1.814758802929163,
        3.206983103970994
    ],
    "8": [
        3.521574707376781,
        1.9274342613758582
    ],
    "9": [
        -3.6551345762927463,
        0.07808917823429484
    ],
    "10": [
        3.5975257133565353,
        0.20319826165705912
    ],
    "11": [
        3.387388293777026,
        2.806038669218908
    ],
    "12": [
        -2.5284283192029444,
        1.1967009569439129
    ],
    "13": [
        -4.594978449101401,
        -0.5032389386394469
    ],
    "14": [
        2.9777781240810595,
        1.2675682207868446
    ],
    "15": [
        -0.10071920544024726,
        0.007521481258967677
    ],
    "16": [
        -1.1032144189709283,
        0.7597360854913286
    ],
    "17": [
        -0.974413388134221,
        0.764163780484977
    ],
    "18": [
        1.0669643587987112,
        2.3655149064070615
    ],
    "19": [
        -2.969080482022616,
        -2.4314067429463626
    ],
    "20": [
        -3.2791331967537554,
        -2.9616951219061485
    ],
    "21": [
        1.643951475369323,
        2.242980171238993
    ],
    "22": [
        -0.9116021403261474,
        -3.111181926868314
    ],
    "23": [
        -2.3188567486057665,
        0.047892005167712526
    ],
    "24": [
        0.805650038011064,
        -2.035882249620494
    ],
    "25": [
        2.108164306464283,
        1.3244324513171404
    ],
    "26": [
        -5.016786641702073,
        -1.1705633004625224
    ],
    "27": [
        2.8508010813571087,
        -1.2955963168381757
    ],
    "28": [
        -3.963029444802232,
        -2.419028350651927
    ],
    "29": [
        -1.2257454932583705,
        -0.9406991113943243
    ],
    "30": [
        1.5937887779442659,
        2.2056729681146203
    ],
    "31": [
        0.39840837967756837,
        -1.7029080445414806
    ],
    "32": [
        2.9290906592455266,
        0.3333607547107107
    ],
    "33": [
        -4.923673207003841,
        -1.2028700160947114
    ],
    "34": [
        -1.775280439917123,
        0.9666562087071691
    ],
    "35": [
        2.9275986066915274,
        0.9033754360840407
    ],
    "36": [
        -0.32904099904348527,
        -0.19591396476765566
    ],
    "37": [
        0.7686578376118094,
        -1.0393301623232705
    ],
    "38": [
        3.3840897989127066,
        0.09845059402821221
    ],
    "39": [
        -0.37281559819111587,
        0.8626772190750347
    ],
    "40": [
        0.48646745790013224,
        3.7115104260361105
    ],
    "41": [
        4.045137316813749,
        -1.2994836200478144
    ],
    "42": [
        0.48252033949746886,
        3.761327199753931
    ],
    "43": [
        2.1648361990971483,
        2.926636775004485
    ],
    "44": [
        -4.109817671694576,
        -2.7104540591190087
    ],
    "45": [
        1.5343385700995937,
        -0.6254370897401464
    ],
    "46": [
        1.2543317033397625,
        0.668623737607134
    ],
    "47": [
        1.2884972113585822,
        3.031328778391849
    ],
    "48": [
        -1.337607879272008,
        0.11208137235850435
    ],
    "49": [
        2.0621351215398493,
        -0.46348972902536995
    ],
    "50": [
        2.896895544089943,
        2.210161747620515
    ],
    "51": [
        -0.7623654211836781,
        3.268990086386491
    ],
    "52": [
        2.5866379646253184,
        -1.084789864616328
    ],
    "53": [
        -4.646295252653452,
        -3.0799882595813712
    ],
    "54": [
        4.438876008402174,
        -0.9699978494607513
    ],
    "55": [
        -2.5286591914594236,
        -3.6514477572113972
    ],
    "56": [
        0.7688564495395527,
        2.3972192875802754
    ],
    "57": [
        3.5406269056072817,
        2.3248562308437513
    ],
    "58": [
        -0.8827375337375061,
        -0.628665663792652
    ],
    "59": [
        -0.9484223710855575,
        -3.1039049617072205
    ],
    "60": [
        -3.802911242439458,
        -3.0724896943200273
    ],
    "61": [
        2.7149622658736656,
        1.4194673345102156
    ],
    "62": [
        0.5705973884900017,
        0.641629399218562
    ],
    "63": [
        -1.1811561219887516,
        -1.2387216777770973
    ],
    "64": [
        1.0321420001858943,
        -2.2501063683397398
    ],
    "65": [
        -0.8486704061209207,
        3.227005184106224
    ],
    "66": [
        3.579274837833611,
        -0.31698724628231645
    ],
    "67": [
        2.8688463696745248,
        2.7825810916242633
    ],
    "68": [
        4.629943999488692,
        -0.9971115392729726
    ],
    "69": [
        1.7575015222983437,
        0.9586686395188044
    ],
    "70": [
        0.3060234012555645,
        2.1773788640038703
    ],
    "71": [
        -3.2831745175647358,
        -0.14541162531732588
    ],
    "72": [
        3.4397563346314093,
        -0.6480524717319955
    ],
    "73": [
        1.1786706688784765,
        -0.5764065334182502
    ],
    "74": [
        -2.504842392614643,
        0.6073479970155822
    ],
    "75": [
        -0.04357953033770112,
        1.299294626417586
    ],
    "76": [
        -0.9343326462892738,
        -3.4228946439335166
    ],
    "77": [
        1.7097589280381125,
        3.466836247328691
    ],
    "78": [
        -3.4761922415012103,
        -0.9188567043564713
    ],
    "79": [
        -0.6596323359586951,
        2.651005796520369
    ],
    "80": [
        3.396281091095345,
        2.3413090767538276
    ],
    "81": [
        -1.476190141247225,
        0.6845216622472106
    ],
    "82": [
        2.1695839078130468,
        2.9395114640256277
    ],
    "83": [
        2.914409795080872,
        2.2593524064265305
    ],
    "84": [
        -2.493130268960615,
        -3.6980579953684143
    ],
    "85": [
        2.7495674001844237,
        -1.3570668391160385
    ],
    "86": [
        -1.1224656143911895,
        1.4773247828320524
    ],
    "87": [
        1.3148788299651217,
        -2.266438986869127
    ],
    "88": [
        -3.405398897820866,
        -0.8631453462955414
    ],
    "89": [
        0.4001180753651199,
        1.7613321071568238
    ],
    "90": [
        4.738537865152713,
        -1.4407593578677873
    ],
    "91": [
        2.5894091875887786,
        1.674406305549355
    ],
    "92": [
        0.19584708812254448,
        1.6844626190159984
    ],
    "93": [
        -0.6327517266425977,
        3.411732333022163
    ],
    "94": [
        4.37323345236025,
        -1.5049637644411669
    ],
    "95": [
        3.5073944297438424,
        0.1535429855977265
    ],
    "96": [
        3.621985459827654,
        -1.5093941103093114
    ],
    "97": [
        -2.237555891697168,
        1.2725105154452727
    ],
    "98": [
        -1.3213170736621938,
        -3.4587914550585586
    ],
    "99": [
        -3.2949170353424444,
        -1.633035162458615
    ],
    "100": [
        -5.1983069396167725,
        -2.114948081071816
    ],
    "101": [
        -1.7225520893986541,
        -2.861400738669031
    ],
    "102": [
        0.42743565180200216,
        -1.587291399853171
    ],
    "103": [
        -2.717139710159471,
        0.9454495225290462
    ],
    "104": [
        -1.307209442387382,
        -2.8443102526260824
    ],
    "105": [
        -2.982839543751853,
        -0.583869689830494
    ],
    "106": [
        1.08246431653967,
        0.7954325137660909
    ],