{
    "0": [
        1.1103093660189227,
        -0.8086396125364146
    ],
    "1": [
        -0.49989416384887075,
        -2.7016649738338816
    ],
    "2": [
        -1.119293110238449,
        2.400414758427195
    ],
    "3": [
        -0.5807366222931618,
        -2.542939152567502
    ],
    "4": [
        -2.4612878077483837,
        -3.811948490176545
    ],
    "5": [
        2.4685771929470732,
        0.3482986091350068
    ],
    "6": [
        1.3971363310898546,
        -4.143330883407558
    ],
    "7": [
        1.4114897026336373,
        -1.140344446295592
    ],
    "8": [
        0.6784995829731936,
        -3.2530159704866497
    ],
    "9": [
        -1.6402241409517289,
        -1.697884504875356
    ],
    "10": [
        0.8796050685384152,
        -2.532902175458863
    ],
    "11": [
        0.06906421780846195,
        -2.4394522719372467
    ],
    "12": [
        0.08601024918484734,
        -0.591865468741426
    ],
    "13": [
        0.0756348531202744,
        1.0171636070847156
    ],
    "14": [
        1.9011942086877838,
        3.332402323047847
    ],
    "15": [
        -3.6666041541724828,
        -0.03411701234899844
    ],
    "16": [
        -1.1034941180282636,
        2.703573997947312
    ],
    "17": [
        0.8371321984318353,
        2.3819089781695153
    ],
    "18": [
        0.7587498139938018,
        -0.6829118736645174
    ],
    "19": [
        -1.2116451798325611,
        1.6271410882795754
    ],
    "20": [
        1.1118608793518847,
        -3.530641949519534
    ],
    "21": [
        -2.303748733217249,
        1.1211662108417706
    ],
    "22": [
        -3.2742405330545297,
        0.1436603889112638
    ],
    "23": [
        0.7931813261261972,
        1.4397025812362394
    ],
    "24": [
        2.384183167647069,
        0.3175746015424196
    ],
    "25": [
        2.681987361243987,
        3.2539762562842
    ],
    "26": [
        -3.348033081916007,
        -0.0077267335798550385
    ],
    "27": [
        -0.8737910186582809,
        1.9885157276323315
    ],
    "28": [
        0.8540434334867912,
        -2.559110529373045
    ],
    "29": [
        2.0367994254386823,
        2.9100125125111305
    ],
    "30": [
        1.1091457808258305,
        -0.2723009478857255
    ],
    "31": [
        0.14767394583817062,
        -0.7550510967756661
    ],
    "32": [
        1.3107835414935844,
        -1.0372327673126438
    ],
    "33": [
        1.5264375896764792,
        -4.629154442083139
    ],
    "34": [
        1.6635440748850314,
        -4.676063552321697
    ],
    "35": [
        -2.760321236584979,
        -3.484731158130348
    ],
    "36": [
        -2.0208637383933374,
        1.1964725472507702
    ],
    "37": [
        -2.763020849689816,
        2.3365158472771776
    ],
    "38": [
        -2.2252735068697174,
        -1.7841127712551126
    ],
    "39": [
        1.9019255587130546,
        3.5281017925436706
    ],
    "40": [
        0.03357976315772393,
        -5.222470202286191
    ],
    "41": [
        -1.8942633409887786,
        2.000537308316566
    ],
    "42": [
        0.9905604683899504,
        -5.122904250188294
    ],
    "43": [
        3.19945519007884,
        3.953559494190741
    ],
    "44": [
        -0.11138381621321858,
        -2.6923885450573772
    ],
    "45": [
        2.3910782071017582,
        1.5213448967799947
    ],
    "46": [
        3.518904574921632,
        3.04434640873245
    ],
    "47": [
        3.665061669297687,
        2.8941777079603788
    ],
    "48": [
        -1.502321207169317,
        -3.6425454782313205
    ],
    "49": [
        0.6891955333026583,
        -5.267961311578255
    ],
    "50": [
        -2.16370328069151,
        1.6320328546850038
    ],
    "51": [
        -2.727347338988771,
        -1.757914016984804
    ],
    "52": [
        0.7464005385731984,
        -2.9429525468181517
    ],
    "53": [
        1.1956530052235386,
        1.929741949844928
    ],
    "54": [
        -2.0198164159048972,
        2.3215731460745728
    ],
    "55": [
        -0.48325818369520634,
        -1.2441858846502905
    ],
    "56": [
        -0.7753196894263241,
        0.945793370451848
    ],
    "57": [
        3.2123379505787284,
        4.1292732963194725
    ],
    "58": [
        -0.33561906695064847,
        1.4875469847004872
    ],
    "59": [
        0.7708359709528426,
        -3.032162073930408
    ],
    "60": [
        -3.010388007073488,
        -3.906272010935779
    ],
    "61": [
        1.1187952838698267,
        0.3757028849933026
    ],
    "62": [
        1.4088044841170728,
        2.0828678796775395
    ],
    "63": [
        3.166625149189144,
        5.097784529133029
    ],
    "64": [
        2.2781428090931213,
        4.8471070456669185
    ],
    "65": [
        1.4542806436076834,
        0.6721901579479688
    ],
    "66": [
        -1.842810926542784,
        2.0786030496592787
    ],
    "67": [
        -2.9907504595119954,
        0.759621579492685
    ],
    "68": [
        0.11608318735556389,
        1.6987536884412435
    ],
    "69": [
        -2.717621156030329,
        -1.7593128916942966
    ],
    "70": [
        -0.5170043894164635,
        0.16113459228272334
    ],
    "71": [
        0.8144892685922818,
        2.4474098197471563
    ],
    "72": [
        -3.239251175740993,
        0.4553481499106239
    ],
    "73": [
        0.36802784426306134,
        2.4497469142760293
    ],
    "74": [
        -2.595813970004309,
        -4.145267934987677
    ],
    "75": [
        -0.9602479850411472,
        2.280190957630986
    ],
    "76": [
        1.9895338924760908,
        0.6611328106529519
    ],
    "77": [
        3.3454051030095644,
        4.7688534947206085
    ],
    "78": [
        -1.435573625673178,
        -1.4584511684434405
    ],
    "79": [
        -3.6367653853948263,
        -0.04572673292835741
    ],
    "80": [
        2.527706709077964,
        1.767783534774837
    ],
    "81": [
        -0.9494192571136906,
        -0.4756314341917192
    ],
    "82": [
        -1.6238787602601823,
        -3.877347402748934
    ],
    "83": [
        -0.5909635848955723,
        1.369199773837327
    ],
    "84": [
        -0.9988667744942075,
        -0.40546624677987503
    ],
    "85": [
        3.022241295764995,
        3.552939624607399
    ],
    "86": [
        2.054372470538511,
        1.122021555142531
    ],
    "87": [
        -2.6377277176671776,
        0.9516452309492347
    ],
    "88": [
        -0.701131803113634,
        -2.7728444135462613
    ],
    "89": [
        -1.863399033907661,
        -4.142358217701564
    ],
    "90": [
        -0.5615514610188197,
        0.7478754555306184
    ],
    "91": [
        2.4587462082410516,
        5.17414552294113
    ],
    "92": [
        -1.1800444639140535,
        2.8857658592394184
    ],
    "93": [
        -2.69202204396352,
        2.2815771718777205
    ],
    "94": [
        -0.40032755328548086,
        1.0834484315109434
    ],
    "95": [
        3.36542437409435,
        4.7965410138204
    ],
    "96": [
        0.3738410971450188,
        -0.9600739104751885
    ],
    "97": [
        0.17425507083277014,
        -5.322268999005297
    ],
    "98": [
        -1.8505345648437248,
        0.8012129404911887
    ],
    "99": [
        0.8558757850701137,
        0.9092739698321537
    ],
    "100": [
        -0.7031299328363247,
        -1.1084151415214332
    ],
    "101": [
        -0.6240835438107437,
        -0.10802000447022644
    ],
    "102": [
        1.1766725808719802,
        -3.4168778027107254
    ],
    "103": [
        2.0124735841074317,
        4.019661349557792
    ],
    "104": [
        0.8154946941330107,
        -1.7289560369389259
    ],
    "105": [
        -2.788508956395287,
        -4.3038551963125276
    ],
    "106": [
        2.7609597321721946,
        5.289902746451878
    ],