{
    "0": [
        3.233128907206365,
        1.3940810843194213
    ],
    "1": [
        3.2981916108183293,
        1.6834385918925614
    ],
    "2": [
        4.359255603249311,
        3.5315565736855214
    ],
    "3": [
        4.451677793171674,
        3.529606162259255
    ],
    "4": [
        4.769579967395309,
        3.367745755364532
    ],
    "5": [
        -4.042326359369792,
        2.0326353316569996
    ],
    "6": [
        -3.9322039187567075,
        1.924697382210136
    ],
    "7": [
        -3.573705858822372,
        1.986601497157526
    ],
    "8": [
        -3.218153042754632,
        1.854799533244407
    ],
    "9": [
        -2.1244566286996927,
        2.0747252257605613
    ],
    "10": [
        -1.9980987911477297,
        2.060249588993368
    ],
    "11": [
        -0.5631359557369073,
        1.308970839781941
    ],
    "12": [
        -0.8004398887298936,
        -0.06963413804968166
    ],
    "13": [
        -0.9022278578071838,
        -0.24871598943022688
    ],
    "14": [
        2.2681226522900912,
        0.5599429513350977
    ],
    "15": [
        2.460341853200467,
        0.5604484909111109
    ],
    "16": [
        2.6602848711940412,
        0.39940945429326424
    ],
    "17": [
        3.2582308757939376,
        0.42953474647465706
    ],
    "18": [
        3.43013638607378,
        0.4924331548258467
    ],
    "19": [
        0.035839922160434856,
        -3.6390187148783033
    ],
    "20": [
        -0.12307926051092033,
        -3.869311255160383
    ],
    "21": [
        -0.11104610634422984,
        -4.101760608026615
    ],
    "22": [
        -1.425924161177592,
        -1.7784039906598226
    ],
    "23": [
        -1.3734503601835262,
        -1.6452012864264383
    ],
    "24": [
        -1.1946251315867977,
        -1.09707746669373
    ],
    "25": [
        -1.069323303064314,
        -0.9861041094163943
    ],
    "26": [
        -1.0587474727506772,
        -4.475840307508632
    ],
    "27": [
        -0.9361685210397557,
        -4.532858730203676
    ],
    "28": [
        -0.6940083740966849,
        -4.915387204073605
    ],
    "29": [
        -2.490222679185107,
        -0.25863658545498236
    ],
    "30": [
        -2.4345318900195636,
        -0.09770449155501781
    ],
    "31": [
        -1.8042623981570265,
        -0.11382438480334711
    ],
    "32": [
        -1.8363306942978,
        -0.09978040232717467
    ],
    "33": [
        -2.4379973494076133,
        0.3362047493564724
    ],
    "34": [
        -3.259084228125693,
        1.715418515708775
    ],
    "35": [
        -3.946370135060061,
        1.7311731385226372
    ],
    "36": [
        -5.080803711020311,
        1.4789048961014344
    ],
    "37": [
        -5.323940552253612,
        1.2761250044449688
    ],
    "38": [
        -5.550303375711927,
        0.9290426442080126
    ],
    "39": [
        -5.643088377142764,
        0.6348804854558419
    ],
    "40": [
        -5.6366178814093475,
        0.573099440982237
    ],
    "41": [
        -2.5425723847383574,
        0.5162938953999789
    ],
    "42": [
        0.34923277704092115,
        1.9938259127697955
    ],
    "43": [
        -0.004464059756400074,
        1.568275338935768
    ],
    "44": [
        0.006978143313816743,
        1.5585718516132387
    ],
    "45": [
        -0.8063731298319214,
        -5.328195582259902
    ],
    "46": [
        -0.7250188553785404,
        -5.396674150708263
    ],
    "47": [
        -0.2543027091153409,
        -5.537569045069752
    ],
    "48": [
        -0.1566289586588272,
        -5.417244179104063
    ],
    "49": [
        -0.21980646913761004,
        -4.9091547457862585
    ],
    "50": [
        -0.058708220971305236,
        -4.471355466915863
    ],
    "51": [
        0.43763790699241345,
        2.050061487935931
    ],
    "52": [
        5.791310652173162,
        2.9562833894330813
    ],
    "53": [
        5.736863561356877,
        2.9095786022207193
    ],
    "54": [
        5.430140028984699,
        2.701059133698596
    ],
    "55": [
        5.24316343095043,
        2.619727531476243
    ],
    "56": [
        5.0722039989431025,
        1.765141024825523
    ],
    "57": [
        4.9399949347410494,
        1.531680394971011
    ],
    "58": [
        4.751823771894223,
        1.3438598169434643
    ],
    "59": [
        3.7264070564486924,
        0.7935253142300995
    ],
    "60": [
        3.6420023465654032,
        0.8158439011121694
    ]
}