{
    "0": [
        1.9259143024388343,
        0.34135034146318377
    ],
    "1": [
        2.1898829603931036,
        0.03682128907487103
    ],
    "2": [
        0.08485012918732537,
        -1.2446019596478037
    ],
    "3": [
        0.04353099788881387,
        -0.8371428632984979
    ],
    "4": [
        -0.509580210531912,
        -0.854855763259287
    ],
    "5": [
        -1.8451770938573677,
        -0.4370017693097634
    ],
    "6": [
        -1.5749472200768575,
        -0.25147066758317915
    ],
    "7": [
        -1.6504493620536116,
        0.04204948713352408
    ],
    "8": [
        -2.456744763037882,
        -4.076625905796098
    ],
    "9": [
        -2.0196495923041415,
        -3.86004120696943
    ],
    "10": [
        -0.6549421345448883,
        -3.3104094253698877
    ],
    "11": [
        -0.3766615677149385,
        -3.050501609406412
    ],
    "12": [
        0.4656882994688776,
        -3.058951166461191
    ],
    "13": [
        0.9903818621487442,
        0.4953393596330953
    ],
    "14": [
        2.7788463697297914,
        4.1927168010610885
    ],
    "15": [
        3.0204370462918284,
        3.8131617760931227
    ],
    "16": [
        2.89917147923797,
        3.6274200552674443
    ],
    "17": [
        2.446566886610669,
        3.6872014094476753
    ],
    "18": [
        1.978722733317089,
        3.9932659087634064
    ],
    "19": [
        2.098965982704682,
        4.005180341509323
    ],
    "20": [
        2.546016160321566,
        4.340403967329317
    ],
    "21": [
        2.518509774498496,
        4.209593938663495
    ],
    "22": [
        -1.9201065888594804,
        0.8371996624206051
    ],
    "23": [
        -2.4751178775958826,
        0.2920518029095712
    ],
    "24": [
        -2.8931887753306547,
        0.21934284516484692
    ],
    "25": [
        -3.23114410216461,
        0.6097892741883879
    ],
    "26": [
        -3.180881358901242,
        1.1400906445015802
    ],
    "27": [
        -4.733186522842484,
        -2.9339310717671925
    ],
    "28": [
        -4.80619058626713,
        -3.2331305978343567
    ],
    "29": [
        -2.3136207984010224,
        0.08525495307094533
    ],
    "30": [
        0.10401326034774394,
        0.6973248982704157
    ],
    "31": [
        0.6058926111150973,
        0.6475587680928543
    ],
    "32": [
        1.2230686415088863,
        -0.5770149075305463
    ],
    "33": [
        4.0653712662566885,
        -1.1048428817015066
    ],
    "34": [
        4.288109608583501,
        -0.7100589529486604
    ],
    "35": [
        4.299811016455951,
        -0.5907587748691148
    ],
    "36": [
        4.567417654307935,
        -0.3766639504599777
    ],
    "37": [
        3.690771506465066,
        -1.8037228735159507
    ],
    "38": [
        3.920172407734993,
        -1.5962839757167144
    ],
    "39": [
        3.896443232521602,
        -1.3155066794113681
    ],
    "40": [
        3.5359098992407607,
        -1.2100091775850559
    ],
    "41": [
        3.11114863018167,
        -1.1175559285217675
    ],
    "42": [
        2.8902580415268284,
        -1.4046910862286088
    ],
    "43": [
        2.9940513955120958,
        -1.7913744377110754
    ],
    "44": [
        2.547810546102951,
        -1.8128173663154465
    ],
    "45": [
        1.5611231173091198,
        -2.0923992581604614
    ],
    "46": [
        0.8063548214432283,
        -3.0404406732327987
    ],
    "47": [
        -2.0818156412682827,
        -3.836369105547051
    ],
    "48": [
        -4.886065255137476,
        -2.027150028335959
    ],
    "49": [
        -4.648298120579732,
        -2.139996118713558
    ],
    "50": [
        -4.15025399180241,
        -2.342295266292112
    ],
    "51": [
        -4.32640146478108,
        -2.086477577299778
    ],
    "52": [
        -1.5990358921348973,
        -1.5772042903142185
    ],
    "53": [
        -1.1506260759477094,
        -1.3276598091676197
    ],
    "54": [
        -1.269894060567979,
        -0.9327102044869524
    ],
    "55": [
        0.8245254082646262,
        1.241175270741946
    ],
    "56": [
        1.2795612559426237,
        1.4614090169637013
    ],
    "57": [
        1.7311671182114206,
        1.5604787904171364
    ],
    "58": [
        2.249349687438211,
        1.5619522236264078
    ],
    "59": [
        2.641108995592137,
        1.4134613047427602
    ],
    "60": [
        2.1515645726535024,
        -1.134662943546965
    ],
    "61": [
        1.9375308649998695,
        -1.0640900424017814
    ],
    "62": [
        3.8824966925690703,
        0.323287938324307
    ],
    "63": [
        4.194118874082244,
        0.5536332055079316
    ],
    "64": [
        4.582278262931945,
        0.3643227085072751
    ],
    "65": [
        4.749999511141532,
        0.15173961275720038
    ],
    "66": [
        0.0075144429748075225,
        -1.3065889773731378
    ],
    "67": [
        1.498470687757276,
        -1.799763294988075
    ],
    "68": [
        1.8042072415824493,
        -1.3385658678421897
    ],
    "69": [
        -0.12479090679076243,
        -1.6990981078861604
    ],
    "70": [
        -0.1977950258885688,
        -1.9120473139277268
    ],
    "71": [
        -0.537554895880759,
        -2.340596062340788
    ],
    "72": [
        -0.8156392979418223,
        -2.602213220315468
    ],
    "73": [
        -1.276043961097685,
        -2.2545177595330554
    ],
    "74": [
        -1.920535363596236,
        -1.7734433399988343
    ],
    "75": [
        -2.2994509547572357,
        -1.9541136410707807
    ],
    "76": [
        -2.653762217550081,
        -1.8552051204935962
    ],
    "77": [
        -2.5094040836125937,
        -1.2006508719344957
    ],
    "78": [
        -2.687645408549838,
        -1.4088110636313271
    ],
    "79": [
        -2.5702897440127734,
        -0.9658218508271341
    ],
    "80": [
        -2.654301404638931,
        -0.7223671261720535
    ],
    "81": [
        -0.6372221951753034,
        -1.1441179732276945
    ],
    "82": [
        -4.149638684912096,
        -4.341726961666
    ],
    "83": [
        -4.265681129838185,
        -4.43028874655327
    ],
    "84": [
        -3.7777796544623716,
        -4.587155347604925
    ],
    "85": [
        -3.5118394076997768,
        -4.530086911260939
    ],
    "86": [
        -3.385275643626366,
        -4.484080482751205
    ],
    "87": [
        -3.184306913124009,
        -4.266222999018658
    ],
    "88": [
        -2.785989343860939,
        -4.259342768049913
    ],
    "89": [
        -3.047621805841174,
        -4.047756362494052
    ],
    "90": [
        -3.476827491794569,
        -3.2279411034162773
    ],
    "91": [
        -3.1517550879531373,
        -2.1651062060483808
    ],
    "92": [
        -3.5185717557883343,
        -2.1895153153941753
    ],
    "93": [
        -3.740824480276397,
        -2.264585871247064
    ],
    "94": [
        0.5940556934845962,
        -0.08743849435857032
    ],
    "95": [
        0.406202237432282,
        -0.2623884038520308
    ],
    "96": [
        0.02726157495343906,
        0.22978705103052366
    ],
    "97": [
        -1.3780107862133169,
        -0.34033475731753726
    ],
    "98": [
        -1.7750428241441334,
        1.5518154835129772
    ],
    "99": [
        -0.890301652861611,
        3.1739975810491616
    ],
    "100": [
        -0.8237412968931768,
        3.5838482375077203
    ],
    "101": [
        1.394730588350976,
        4.8831279790466375
    ],
    "102": [
        1.3765512974259417,
        4.8113405374199605
    ],
    "103": [
        1.0264245741914797,
        4.417103270548397
    ],
    "104": [
        0.5102862422934928,
        4.257518367028965
    ],
    "105": [
        0.07707290951422885,
        4.020781122652803
    ],
    "106": [
        -3.640206454638576,
        -3.654991523276864
    ],