{
    "0": [
        -4.864497344292978,
        0.4690924898474277
    ],
    "1": [
        -4.093557829982382,
        1.6613715735896801
    ],
    "2": [
        -3.85456457823604,
        1.6072988399357295
    ],
    "3": [
        -3.0752313763870918,
        1.5202233105362102
    ],
    "4": [
        -2.2104409954686215,
        0.9880500157506588
    ],
    "5": [
        -2.012144296810581,
        0.8195590387247828
    ],
    "6": [
        -2.1073517196238094,
        0.47011085312151335
    ],
    "7": [
        -2.141319456329072,
        -0.013636113748412226
    ],
    "8": [
        -2.0349113219751294,
        -0.6433100339930776
    ],
    "9": [
        -1.8025790294046518,
        -0.9986017448458251
    ],
    "10": [
        -2.0770358714513346,
        -1.7020602507055576
    ],
    "11": [
        -1.7315615322314912,
        -2.3471201866873015
    ],
    "12": [
        -1.1270228480981124,
        -2.685722417947622
    ],
    "13": [
        -0.7811917589558564,
        -3.05405118612617
    ],
    "14": [
        -0.6422119013291179,
        -3.1380918318129685
    ],
    "15": [
        -2.056416187230674,
        -3.83112899854954
    ],
    "16": [
        -3.5444804494350444,
        1.0721990228514215
    ],
    "17": [
        -3.171110950760699,
        1.7929643576553356
    ],
    "18": [
        -3.071398764107758,
        2.326955889243574
    ],
    "19": [
        -1.2440677194338479,
        3.061401794434071
    ],
    "20": [
        -0.7607546574442648,
        3.0472459281338535
    ],
    "21": [
        -0.7749290553269078,
        3.3761927976522754
    ],
    "22": [
        -4.73909895470664,
        1.6851832475235824
    ],
    "23": [
        -4.379199820123747,
        1.9090187802078455
    ],
    "24": [
        -3.6752290785939317,
        2.335521304250301
    ],
    "25": [
        -3.1332874009469096,
        2.423434604565278
    ],
    "26": [
        -1.8589419251814607,
        2.1555185977008877
    ],
    "27": [
        1.014679883516854,
        -2.529388384139499
    ],
    "28": [
        0.9145358396135039,
        -2.700024550950673
    ],
    "29": [
        3.837179419291227,
        -0.11680317039582655
    ],
    "30": [
        4.022249857479478,
        -0.03256578132925858
    ],
    "31": [
        4.3896534373242595,
        0.2887078938322357
    ],
    "32": [
        4.440144767383742,
        0.4822235052039897
    ],
    "33": [
        3.792407411412982,
        0.7645236132895937
    ],
    "34": [
        3.2487853797728774,
        1.1433173474382632
    ],
    "35": [
        2.6963915518347235,
        2.3586868422196994
    ],
    "36": [
        -1.901026178070063,
        -1.7753746435850366
    ],
    "37": [
        -2.2603757512064018,
        -3.211809393788913
    ],
    "38": [
        -2.2908354596153675,
        -3.6879705676127914
    ],
    "39": [
        1.1150041901843286,
        1.2920990882343233
    ],
    "40": [
        1.2362918041337503,
        1.626050013641482
    ],
    "41": [
        0.5819193580357971,
        2.0909819371139866
    ],
    "42": [
        -0.07918841847539304,
        2.3163463209023845
    ],
    "43": [
        -0.15791095754645612,
        0.5597706649273969
    ],
    "44": [
        -0.4505542949644259,
        -0.10297681845908369
    ],
    "45": [
        -1.2250950308639554,
        0.19211169776458503
    ],
    "46": [
        -1.0677872636704795,
        0.39742611997508825
    ],
    "47": [
        -0.2796499140631987,
        1.2100582220891458
    ],
    "48": [
        -0.07451681956414435,
        0.9532651696792184
    ],
    "49": [
        -0.03777904486519845,
        0.9881398940931422
    ],
    "50": [
        2.4994176954483414,
        -2.90975213860229
    ],
    "51": [
        2.5887671433318427,
        -2.7950899740386843
    ],
    "52": [
        1.9268063587428639,
        -2.457857029356056
    ],
    "53": [
        1.8535611046648817,
        -2.3571548223709207
    ],
    "54": [
        3.58590184085477,
        2.1034601313682955
    ],
    "55": [
        3.5914155446768716,
        2.0013395454313354
    ],
    "56": [
        3.60494676129596,
        1.5619140839114731
    ],
    "57": [
        2.813784527524487,
        1.5985602096865419
    ],
    "58": [
        2.5625569461554663,
        1.3764438538590253
    ],
    "59": [
        2.3598252277496283,
        1.8777494004321644
    ],
    "60": [
        2.009411797846821,
        1.6583824758975134
    ],
    "61": [
        1.7622102692940245,
        1.459003337192947
    ],
    "62": [
        2.8950801024010473,
        -0.21085570906107953
    ],
    "63": [
        2.227535465223925,
        -1.90836058013939
    ],
    "64": [
        -0.8354070264110159,
        -1.0732410919367705
    ],
    "65": [
        -1.0837157035304537,
        -1.1852891319784278
    ],
    "66": [
        -0.966334775167931,
        3.7586188358845942
    ],
    "67": [
        -0.616539962590043,
        3.6617402583253322
    ],
    "68": [
        -0.2460789466950466,
        3.64155700269766
    ],
    "69": [
        3.2716062036927895,
        0.29377702570775577
    ],
    "70": [
        2.915342718184062,
        -0.02021088280950878
    ],
    "71": [
        2.418148183693171,
        0.17462363635416445
    ],
    "72": [
        1.2439399373494413,
        -0.7234887937036617
    ],
    "73": [
        1.410720812792226,
        -1.1500988572546524
    ],
    "74": [
        3.728188253151876,
        -3.924395138045999
    ],
    "75": [
        3.9568249114492686,
        -3.701477422554742
    ],
    "76": [
        3.5566989836486536,
        -3.895258605233696
    ],
    "77": [
        3.0309376653091173,
        -2.7898362628546214
    ],
    "78": [
        3.2285223216927235,
        -2.988529296719957
    ],
    "79": [
        3.5710642120093863,
        -3.2548371314652247
    ],
    "80": [
        3.7754565529048025,
        -3.2659976193605837
    ],
    "81": [
        3.9453287373494734,
        -3.3589045612427935
    ],
    "82": [
        2.537688455809698,
        -2.039592828455782
    ],
    "83": [
        -1.4600020725826242,
        2.1493463602996266
    ],
    "84": [
        -1.4943025548418583,
        -0.7605237731101708
    ],
    "85": [
        -2.4549369657669295,
        -0.13094729362822555
    ],
    "86": [
        -3.4180373822918133,
        0.18257843400916396
    ],
    "87": [
        -3.743687469085632,
        0.4003682848736262
    ],
    "88": [
        -4.023216522086452,
        0.6858443838995
    ],
    "89": [
        -4.275645833542397,
        0.6814096555309753
    ],
    "90": [
        -4.704341232918184,
        0.6328293915831457
    ],
    "91": [
        -5.096354285064609,
        0.9047792953421926
    ],
    "92": [
        -2.791961104267765,
        -1.9863440465502822
    ],
    "93": [
        -2.6971011952167734,
        -2.1259210026956503
    ],
    "94": [
        -3.4296554315478316,
        -1.8735336671120848
    ],
    "95": [
        -5.728251875447148,
        0.16263552670507164
    ],
    "96": [
        -5.485197061402298,
        0.44648276849300184
    ],
    "97": [
        -5.200790421086051,
        0.497207995550753
    ],
    "98": [
        -0.9718025979528835,
        2.3839013215814004
    ],
    "99": [
        -0.19079905484483173,
        2.2515105971726332
    ],
    "100": [
        -0.3889495259345608,
        1.8612702244750907
    ],
    "101": [
        4.17870782941387,
        1.98656458310986
    ],
    "102": [
        3.685303450252286,
        2.167778867892398
    ],
    "103": [
        1.7169373914046333,
        1.2994438536088375
    ],
    "104": [
        0.5027973847616556,
        0.40334264322578584
    ],
    "105": [
        0.4513295721202253,
        -0.04775304569344985
    ],
    "106": [
        0.4770157168751843,
        -0.49902834748853087
    ],