{
    "0": [
        -0.2688134588365547,
        -10.063867404434244
    ],
    "1": [
        0.07544930858389609,
        -10.94563463459055
    ],
    "2": [
        -0.6044015574919199,
        -11.941241867325813
    ],
    "3": [
        1.0003794747016066,
        -10.293734329741879
    ],
    "4": [
        1.2784217843519545,
        -9.336849852221679
    ],
    "5": [
        0.9549033475857609,
        -10.294090368045623
    ],
    "6": [
        1.2277190109757767,
        -10.089429306846702
    ],
    "7": [
        -0.7100676318654511,
        -10.707307174441876
    ],
    "8": [
        -0.08022771970493103,
        -11.147393976905366
    ],
    "9": [
        -0.7757368406820029,
        -10.789631690187544
    ],
    "10": [
        1.256814376003564,
        -9.358747847125443
    ],
    "11": [
        0.6202795239254515,
        -9.383757682259047
    ],
    "12": [
        -0.5364063012253486,
        -11.956461916901501
    ],
    "13": [
        -0.6035190989602808,
        -10.68443289248685
    ],
    "14": [
        -0.13705142763105504,
        -10.006209933769092
    ],
    "15": [
        -0.9100289228241558,
        -11.014791371952052
    ],
    "16": [
        -0.2788078986472855,
        -10.682280950575908
    ],
    "17": [
        0.5513885716179439,
        -10.403415537598566
    ],
    "18": [
        0.1566963919600739,
        -10.705421892451222
    ],
    "19": [
        1.211453265202841,
        -9.323251253602193
    ],
    "20": [
        2.9399515841338584,
        0.4094547006633644
    ],
    "21": [
        3.6339404120793004,
        -0.4170814092828996
    ],
    "22": [
        3.8383077486177584,
        0.06346933154711043
    ],
    "23": [
        3.253231824844257,
        0.3986638986081621
    ],
    "24": [
        2.2537461620663986,
        -0.9122994612783288
    ],
    "25": [
        4.174672446621749,
        -0.9802228524940895
    ],
    "26": [
        3.3280201294425993,
        0.38135415046078847
    ],
    "27": [
        2.309349285074999,
        -0.5775371510839076
    ],
    "28": [
        2.227198890515682,
        -0.4705469329065295
    ],
    "29": [
        3.8063869553740055,
        0.23271934371529635
    ],
    "30": [
        3.38113325718029,
        -0.56145375951168
    ],
    "31": [
        4.132059025470942,
        -0.993993767391645
    ],
    "32": [
        3.2729070000450378,
        0.3566330975163077
    ],
    "33": [
        2.1088183029042904,
        -1.1993202564392558
    ],
    "34": [
        3.654449043063771,
        0.4795145684322413
    ],
    "35": [
        3.3184779633622625,
        -0.5569709598972934
    ],
    "36": [
        3.52355749046271,
        -0.4486033496627906
    ],
    "37": [
        2.020503464552505,
        -1.2429799162624224
    ],
    "38": [
        3.86264204752102,
        -0.030455701360535548
    ],
    "39": [
        -4.191599190758175,
        12.469988410892507
    ],
    "40": [
        -2.595251851315898,
        12.733818242539463
    ],
    "41": [
        -4.376952438339485,
        13.169268157483645
    ],
    "42": [
        -2.6426624799450913,
        12.709174289171424
    ],
    "43": [
        -3.8606869775361083,
        13.251523329289174
    ],
    "44": [
        -3.550697242857872,
        11.669667849844455
    ],
    "45": [
        -3.5838452095644726,
        11.662675204871965
    ],
    "46": [
        -4.4008359946428115,
        13.214167867718379
    ],
    "47": [
        -3.1269991625987776,
        11.822750441577407
    ],
    "48": [
        -3.8011248742918253,
        13.162991197925493
    ],
    "49": [
        0.5487805130415937,
        -9.267906851684094
    ],
    "50": [
        -3.3894946248794238,
        12.959904154242652
    ],
    "51": [
        -2.815427867132251,
        12.292032819829975
    ],
    "52": [
        -3.1624744237240776,
        11.806429196976111
    ],
    "53": [
        -4.047222385408624,
        11.779799452519809
    ],
    "54": [
        -2.951907174990942,
        12.315511365995546
    ],
    "55": [
        -4.183287241868586,
        12.407975175606948
    ],
    "56": [
        -3.9454880184877155,
        11.83248091030079
    ],
    "57": [
        -4.390620585072763,
        13.20535709498959
    ]
}