{
    "0": [
        -7.795026837720421,
        -5.087267373865178
    ],
    "1": [
        -8.069492814837472,
        -6.072203310972718
    ],
    "2": [
        -7.642827123779119,
        -4.09780365286415
    ],
    "3": [
        -7.733935272298382,
        -4.730510384018761
    ],
    "4": [
        -7.791329316055366,
        -5.821234034317459
    ],
    "5": [
        -7.647362050633427,
        -4.218434995065757
    ],
    "6": [
        -7.962566802392239,
        -4.331184484927123
    ],
    "7": [
        -8.099758488972194,
        -6.131564185732023
    ],
    "8": [
        -7.777773333849389,
        -5.129762111000447
    ],
    "9": [
        -7.431858903952969,
        -5.766418643573536
    ],
    "10": [
        -7.770062438385873,
        -4.218814115329674
    ],
    "11": [
        -7.328664416950517,
        -5.804959228946676
    ],
    "12": [
        -7.822847234740545,
        -4.595578102697059
    ],
    "13": [
        2.463981670029726,
        -8.110150878248557
    ],
    "14": [
        2.4214572058508903,
        -6.832073623772324
    ],
    "15": [
        2.4693846685031238,
        -7.849633960326983
    ],
    "16": [
        2.205532345692734,
        -8.25127481223465
    ],
    "17": [
        1.6916657372624049,
        -8.568045882788805
    ],
    "18": [
        1.4523180604768078,
        -7.4458771001317885
    ],
    "19": [
        1.745122319179528,
        -7.758629102387832
    ],
    "20": [
        1.7251262079873553,
        -8.551902925003617
    ],
    "21": [
        1.4155723199049022,
        -7.517434101898375
    ],
    "22": [
        2.1083864917641226,
        -8.02278652428638
    ],
    "23": [
        2.5535633742102726,
        -7.5834307389987154
    ],
    "24": [
        1.7822182106601867,
        -7.717776373879676
    ],
    "25": [
        1.6887250591824743,
        -7.742790149788228
    ],
    "26": [
        2.4183912044431723,
        -6.785397086650389
    ],
    "27": [
        3.0167523025033325,
        -2.7883762898898325
    ],
    "28": [
        2.573200397865417,
        -2.4823132191313135
    ],
    "29": [
        1.5750122874772474,
        -4.167331796481955
    ],
    "30": [
        1.712001490156534,
        -3.557385920295191
    ],
    "31": [
        2.211389907557928,
        -2.7155185916312927
    ],
    "32": [
        3.0528438009844243,
        -2.774559317457777
    ],
    "33": [
        2.3554264524579436,
        -3.4777169582047462
    ],
    "34": [
        2.667018719109991,
        -2.5037786015681185
    ],
    "35": [
        1.6359038008549383,
        -3.560980964643243
    ],
    "36": [
        1.5730908604576985,
        -4.162023757856561
    ],
    "37": [
        2.7892530149788763,
        -2.60897999387917
    ],
    "38": [
        1.5537046004131831,
        -4.1653322002881135
    ],
    "39": [
        2.180842721042968,
        -2.8085399842240837
    ],
    "40": [
        2.0414050306913523,
        -3.4990800135102487
    ],
    "41": [
        3.0163867020747244,
        15.05830286537546
    ],
    "42": [
        3.6377083540220467,
        16.544622372703685
    ],
    "43": [
        2.7483259209484903,
        15.852090187169955
    ],
    "44": [
        2.85387571275291,
        15.873820662256275
    ],
    "45": [
        3.1865004429747112,
        16.153780859968776
    ],
    "46": [
        2.8506662249805217,
        15.883834380106196
    ],
    "47": [
        3.444742295081197,
        16.330141373611212
    ],
    "48": [
        3.4833406885107494,
        16.357943830775632
    ],
    "49": [
        2.3951763641581536,
        15.137725017308407
    ],
    "50": [
        2.998569602488499,
        15.036679927418188
    ],
    "51": [
        2.407561182400227,
        15.145330868930078
    ],
    "52": [
        3.4355414300767486,
        16.286613393330367
    ],
    "53": [
        2.410258012165192,
        15.136803711012993
    ],
    "54": [
        2.9255618402341357,
        15.217166042801244
    ]
}