{
    "0": [
        -13.358624674736035,
        -4.496225099816666
    ],
    "1": [
        -8.984167670475621,
        -4.736115931962779
    ],
    "2": [
        -14.380134388983851,
        -4.404850285508487
    ],
    "3": [
        -13.115252464552228,
        -4.527143076299839
    ],
    "4": [
        -14.309541836504835,
        -4.40953017088456
    ],
    "5": [
        -15.29446695337493,
        -4.355567334131978
    ],
    "6": [
        -10.848948519652524,
        -5.002118668281782
    ],
    "7": [
        10.370415945813434,
        4.979833263660055
    ],
    "8": [
        -8.928423768249719,
        -4.787541422221899
    ],
    "9": [
        -15.348421838810165,
        -4.352875441520371
    ],
    "10": [
        -10.669108920594523,
        -4.891077546235488
    ],
    "11": [
        10.40744464865162,
        5.022812785922536
    ],
    "12": [
        -15.365652445088031,
        -4.351770485107452
    ],
    "13": [
        -9.095431342556493,
        -4.837498508214089
    ],
    "14": [
        -8.65290062854721,
        -4.693912693819424
    ],
    "15": [
        -10.54797356445453,
        -4.835565383686142
    ],
    "16": [
        10.321731254135297,
        4.9179476625343685
    ],
    "17": [
        -15.361075599570587,
        -4.352027300387219
    ],
    "18": [
        -12.781926828788118,
        -4.574309829429211
    ],
    "19": [
        -9.115921129550191,
        -4.939568188372112
    ],
    "20": [
        -14.344226143639712,
        -4.407775311161395
    ],
    "21": [
        8.26716176742863,
        0.46869727627148894
    ],
    "22": [
        8.423852418477566,
        -0.027724391465222098
    ],
    "23": [
        8.662018710529264,
        -0.6357118621274909
    ],
    "24": [
        8.810554030590184,
        -0.9243342024881214
    ],
    "25": [
        8.479550851811442,
        -1.7096778616549608
    ],
    "26": [
        7.335439907118211,
        0.9385564275251594
    ],
    "27": [
        8.581629829189785,
        1.4672714621197462
    ],
    "28": [
        8.077365100213152,
        0.4419933111516823
    ],
    "29": [
        8.754025569487217,
        -2.0829664144437774
    ],
    "30": [
        8.705220041489879,
        1.2108666797200387
    ],
    "31": [
        8.906672720917097,
        -1.4763940379841665
    ],
    "32": [
        8.871115346406937,
        -1.3615054500497408
    ],
    "33": [
        8.714971575460119,
        1.3925759011706935
    ],
    "34": [
        8.746108184842514,
        -1.7286072297876678
    ],
    "35": [
        7.415618082255685,
        0.9920202059570045
    ],
    "36": [
        8.333575689311767,
        1.854393321349221
    ],
    "37": [
        8.566623796512287,
        0.1124316715562017
    ],
    "38": [
        8.77350531808503,
        0.10757017374383704
    ],
    "39": [
        8.898890126463352,
        -1.3689206464842232
    ],
    "40": [
        1.0223395436880909,
        4.496917307790477
    ],
    "41": [
        1.9129488565565658,
        4.34107781330394
    ],
    "42": [
        0.7522725524318452,
        3.9920562798261052
    ],
    "43": [
        1.4500567573943925,
        4.41886302354181
    ],
    "44": [
        2.0219687716280292,
        3.804714352413228
    ],
    "45": [
        2.135198478426479,
        3.966864371859364
    ],
    "46": [
        2.8921427162276863,
        4.0516487517472175
    ],
    "47": [
        1.099954648908436,
        4.52461788558684
    ],
    "48": [
        0.8493009879303908,
        4.146934707121545
    ],
    "49": [
        1.8386311329881961,
        4.3518621151751
    ],
    "50": [
        0.2767449472976131,
        2.950483361101713
    ],
    "51": [
        0.263581595439224,
        2.9389246317358317
    ],
    "52": [
        0.24336379016559917,
        2.931979174755001
    ],
    "53": [
        1.2013111370045821,
        3.196065352414535
    ],
    "54": [
        2.674012138335308,
        4.088527049834239
    ],
    "55": [
        1.2118695050547832,
        3.186575453141959
    ],
    "56": [
        1.9638894905853757,
        4.1358676298396855
    ],
    "57": [
        2.156754348971873,
        2.4004901122026308
    ],
    "58": [
        2.112366403904458,
        2.439875257452952
    ]
}