{
    "0": [
        -5.917682119614048,
        -6.979126653417889
    ],
    "1": [
        -4.0282185702264,
        -0.2480185798990759
    ],
    "2": [
        -6.108888343180428,
        -6.723555997772719
    ],
    "3": [
        -4.8580052955049995,
        -4.893479411902928
    ],
    "4": [
        -4.149520138854166,
        -4.904735467679447
    ],
    "5": [
        -4.045042418822179,
        -3.258967175645665
    ],
    "6": [
        -6.6079261870818184,
        -3.7836338272033676
    ],
    "7": [
        -5.477765678458439,
        -6.139218885485226
    ],
    "8": [
        -6.20530932802824,
        -5.35855804664322
    ],
    "9": [
        -5.139280140477202,
        -0.6691417440172794
    ],
    "10": [
        -5.644891117324838,
        -1.3879080692937074
    ],
    "11": [
        -3.3832841749800844,
        -3.1131355171598636
    ],
    "12": [
        -1.2321315157962778,
        -1.877112458646468
    ],
    "13": [
        -4.943025748224537,
        -3.854462921757707
    ],
    "14": [
        -4.922831584685428,
        -2.591910318230173
    ],
    "15": [
        -6.819574582478466,
        -6.332285328454915
    ],
    "16": [
        -4.889033803842739,
        -2.6361611219787426
    ],
    "17": [
        -3.9974135514575995,
        -4.191871190613523
    ],
    "18": [
        -4.681420740531216,
        -3.198249390156318
    ],
    "19": [
        -5.575845671332147,
        -6.28962544659469
    ],
    "20": [
        -5.431600429874348,
        -0.9326366741395827
    ],
    "21": [
        -4.867575788287871,
        -2.5648874195223064
    ],
    "22": [
        -3.2587606763502226,
        -3.417886601144825
    ],
    "23": [
        -6.203906726380067,
        -6.638099093021235
    ],
    "24": [
        -5.362821315537103,
        -3.366925771894949
    ],
    "25": [
        -4.469456088832003,
        -0.4710764183733741
    ],
    "26": [
        -4.0012716005595115,
        -3.190698667471928
    ],
    "27": [
        -6.323494273645303,
        -4.624422771828825
    ],
    "28": [
        -6.621194513395962,
        -5.668246600484223
    ],
    "29": [
        -4.963887576706779,
        -3.208257473987276
    ],
    "30": [
        -5.4359137727542315,
        -5.533335153281823
    ],
    "31": [
        -5.8947583668811045,
        -5.373635210053365
    ],
    "32": [
        -6.432287779568983,
        -4.958793173038817
    ],
    "33": [
        -6.7681674794780635,
        -4.959312726752143
    ],
    "34": [
        -4.145451835231242,
        -0.44104643079354755
    ],
    "35": [
        -4.83287462003632,
        -0.4906316660930343
    ],
    "36": [
        -5.722339897099223,
        -6.769884792426951
    ],
    "37": [
        1.4980969702730402,
        1.972396965092243
    ],
    "38": [
        -4.486176830146472,
        -4.265605283685285
    ],
    "39": [
        -6.859988373884177,
        -5.702199654331577
    ],
    "40": [
        1.4556230899447584,
        -3.542013658693504
    ],
    "41": [
        -5.373999977853956,
        -4.952270325692262
    ],
    "42": [
        -4.182650873473901,
        -2.394699199198566
    ],
    "43": [
        -6.330009420648605,
        -6.264298868435413
    ],
    "44": [
        -6.525265333327915,
        -4.863398486816446
    ],
    "45": [
        -6.6754838503550635,
        -4.124648117305802
    ],
    "46": [
        -4.828261143935158,
        -3.9367817355162233
    ],
    "47": [
        -4.188101540873126,
        -4.828034278729953
    ],
    "48": [
        -6.66215200471014,
        -6.576910607789471
    ],
    "49": [
        -3.766172631670771,
        -2.4347013746661874
    ],
    "50": [
        -1.6165085877638907,
        -2.2034790507740802
    ],
    "51": [
        1.4591983215010862,
        -3.5409591195165726
    ],
    "52": [
        -6.947317226395676,
        -3.400366028009104
    ],
    "53": [
        -6.837810991425353,
        -3.440796169637586
    ],
    "54": [
        -4.15065086185443,
        -0.5969396620741225
    ],
    "55": [
        -6.225275177077601,
        -6.29152200104344
    ],
    "56": [
        -5.384592419234869,
        -1.7777815395037708
    ],
    "57": [
        -5.655812534230277,
        -1.7357453311422149
    ],
    "58": [
        -4.321318089080911,
        -4.576855653310111
    ],
    "59": [
        -4.015048602193337,
        -2.0936157504866193
    ],
    "60": [
        3.94351447521362,
        4.7464668475248395
    ],
    "61": [
        6.441076565717086,
        4.461711591311552
    ],
    "62": [
        5.382927188716825,
        5.3249760889888975
    ],
    "63": [
        4.842202407134491,
        6.394817311375501
    ],
    "64": [
        6.866083884281774,
        3.583739709713965
    ],
    "65": [
        7.017904321554058,
        4.33959007997688
    ],
    "66": [
        5.782128362817155,
        2.451930477792055
    ],
    "67": [
        7.870113436031173,
        4.500040832096195
    ],
    "68": [
        3.97379359751407,
        3.2722829747422617
    ],
    "69": [
        7.673944072036701,
        4.362810162927053
    ],
    "70": [
        -0.6391741545753538,
        -1.344240386867242
    ],
    "71": [
        4.761556530591268,
        5.5491588854194855
    ],
    "72": [
        2.2641493818543252,
        1.9390308768620972
    ],
    "73": [
        6.033985215668806,
        3.6126366543317614
    ],
    "74": [
        4.854626673793605,
        4.631474619409974
    ],
    "75": [
        6.50634576557296,
        3.7007228637245277
    ],
    "76": [
        5.925328654892774,
        2.332943443078193
    ],
    "77": [
        4.232222747146904,
        3.843785387793769
    ],
    "78": [
        3.7342617594822096,
        4.414271450666658
    ],
    "79": [
        4.4256162664818595,
        2.261333734105513
    ],
    "80": [
        4.477062424955355,
        2.2608318851471703
    ],
    "81": [
        5.61112579423103,
        6.136956824769969
    ],
    "82": [
        4.7831212110713475,
        4.9751764285847715
    ],
    "83": [
        2.608358339079446,
        2.0630129028243256
    ],
    "84": [
        7.328658974338697,
        4.521705216173465
    ],
    "85": [
        4.150006014548744,
        5.063539064519924
    ],
    "86": [
        4.258666029868495,
        4.189294643889735
    ],
    "87": [
        3.2564499423128526,
        2.660178425506755
    ],
    "88": [
        7.050051490968804,
        4.117391066634629
    ],
    "89": [
        5.08250566707747,
        3.202428035834902
    ],
    "90": [
        3.587291660791178,
        3.212946116877479
    ],
    "91": [
        5.575454683621129,
        3.6653384101367585
    ],
    "92": [
        4.658618540271955,
        2.0043377503623843
    ],
    "93": [
        7.753307278827573,
        4.518933761825944
    ],
    "94": [
        4.990663451779769,
        6.46443659084393
    ],
    "95": [
        5.008084124618909,
        2.603800294286119
    ],
    "96": [
        4.248626278520202,
        5.201606241515443
    ],
    "97": [
        4.792164969265762,
        3.5369309803976683
    ],
    "98": [
        5.55185545997096,
        5.092976739030907
    ],
    "99": [
        3.537722913327694,
        4.179485531118741
    ],
    "100": [
        0.14961207264238618,
        -0.6717827678966243
    ],
    "101": [
        4.7189219581169235,
        5.0255952701682425
    ],
    "102": [
        5.345179166530956,
        1.9548440685109594
    ],
    "103": [
        5.809914408186773,
        5.85377750434582
    ],
    "104": [
        5.566617514398496,
        6.10017377634146
    ],
    "105": [
        1.6842464811205358,
        2.0303417991809933
    ],
    "106": [
        3.396463928898653,
        3.6926374771550288
    ],
    "107": [
        5.796733442467675,
        5.837208872335789
    ],