{
    "0": [
        6.817978729521029,
        5.606122500279788
    ],
    "1": [
        4.375129977314742,
        3.333984595139347
    ],
    "2": [
        1.8664212973594745,
        -1.6448498006748515
    ],
    "3": [
        5.85788692337787,
        6.747526730062116
    ],
    "4": [
        -1.2336571039616122,
        1.1890992869645851
    ],
    "5": [
        1.3100834446341008,
        5.303585960388761
    ],
    "6": [
        6.9215025811144635,
        6.3322219244375635
    ],
    "7": [
        7.439744697691598,
        5.35107765108854
    ],
    "8": [
        4.581692436153952,
        0.2471304182270978
    ],
    "9": [
        7.390243577809393,
        -0.029894216650586242
    ],
    "10": [
        2.151457628317281,
        3.6265610253702234
    ],
    "11": [
        6.209359248550731,
        6.18453513676333
    ],
    "12": [
        9.275822901682242,
        -1.1231986306710038
    ],
    "13": [
        12.353392804438158,
        -2.1691384029494842
    ],
    "14": [
        3.021263683681581,
        -3.2883210456836354
    ],
    "15": [
        13.00430740459427,
        -1.6890396189108066
    ],
    "16": [
        12.286910327483612,
        -2.8456799300839517
    ],
    "17": [
        12.755302939627837,
        0.12280485639431488
    ],
    "18": [
        14.054227884376786,
        -1.7852811153857404
    ],
    "19": [
        14.862752822592247,
        -0.5504864692882026
    ],
    "20": [
        0.3952972342545616,
        1.1784403826377687
    ],
    "21": [
        7.435785430248394,
        -3.898641495348697
    ],
    "22": [
        4.888886846660769,
        -1.874522017655521
    ],
    "23": [
        12.173864884782624,
        0.6788069155768648
    ],
    "24": [
        12.238490922025296,
        -1.311420555447936
    ],
    "25": [
        12.113079178461657,
        -0.26897778936750394
    ],
    "26": [
        12.816232502884386,
        -0.7357678306951221
    ],
    "27": [
        1.6862977193723174,
        -7.593353076449362
    ],
    "28": [
        4.527609025061365,
        -5.3186699159441355
    ],
    "29": [
        -2.1793372246000864,
        0.5737496443601033
    ],
    "30": [
        -1.3248867593209464,
        0.5425977822643147
    ],
    "31": [
        4.249638125163111,
        -2.878768631974118
    ],
    "32": [
        4.4292643875505195,
        -1.3855916683377891
    ],
    "33": [
        -1.9712266991522622,
        0.6592810462683689
    ],
    "34": [
        -0.6524472475224249,
        1.3388596987808254
    ],
    "35": [
        -0.9488178415073929,
        1.048976914388467
    ],
    "36": [
        -2.7633556624863496,
        2.2106762765592842
    ],
    "37": [
        -2.914871581891697,
        2.001553633090182
    ],
    "38": [
        -3.103747261718411,
        1.4706670957529049
    ],
    "39": [
        -3.0517890949506703,
        1.7782444267596855
    ],
    "40": [
        -3.1421777983773143,
        1.1404582579996367
    ],
    "41": [
        -1.8422528123858588,
        2.5954150721299523
    ],
    "42": [
        -1.001864782187509,
        1.6742514344097774
    ],
    "43": [
        -2.1444478766576944,
        -0.18742675205358922
    ],
    "44": [
        -2.591099511599446,
        -0.16470579166489321
    ],
    "45": [
        -2.8459547030738457,
        0.8318220731496367
    ],
    "46": [
        -2.684340872431428,
        1.356360720100035
    ],
    "47": [
        -2.8142104980563936,
        0.2185967917171776
    ],
    "48": [
        -2.532223400521606,
        0.18782060701167952
    ],
    "49": [
        -2.91425578799379,
        0.529964499086744
    ],
    "50": [
        -2.41851653515157,
        2.3628405323631396
    ],
    "51": [
        -0.8633396970392488,
        2.004284939324725
    ],
    "52": [
        -1.273878292029647,
        2.4525082608400615
    ],
    "53": [
        -2.5069327268390484,
        -5.065088304235198
    ],
    "54": [
        -10.50463030603558,
        2.7974327688989935
    ],
    "55": [
        -0.8555334441680609,
        -2.6123531365188315
    ],
    "56": [
        0.5633664829835496,
        5.519683290178695
    ],
    "57": [
        -1.907302093862182,
        5.333425361719929
    ],
    "58": [
        2.0801237299579007,
        -0.07383018179935713
    ],
    "59": [
        -4.55742201282819,
        -8.203739344749698
    ],
    "60": [
        -5.222215807660529,
        -7.671990369943746
    ],
    "61": [
        0.5018563526822243,
        -6.26507526221849
    ],
    "62": [
        0.29795838880781517,
        -5.718076146110159
    ],
    "63": [
        1.2930922782895367,
        -12.406990983034074
    ],
    "64": [
        -19.025018979416508,
        4.338282428445541
    ],
    "65": [
        -26.79412676780862,
        5.718989210544557
    ],
    "66": [
        -21.466593445277248,
        4.852400344339744
    ],
    "67": [
        -4.921724021155786,
        11.120400730383835
    ],
    "68": [
        -6.035222645994717,
        13.970467650142828
    ],
    "69": [
        -2.7075100339634215,
        5.2165731143685825
    ],
    "70": [
        -6.377865496397307,
        15.20666767255382
    ],
    "71": [
        -5.1260484024258535,
        2.626417310342087
    ],
    "72": [
        -2.10080421967686,
        8.85378824198869
    ],
    "73": [
        -1.2424109145655429,
        1.9498411846988748
    ],
    "74": [
        -2.4374738105841547,
        2.7417843344574058
    ],
    "75": [
        -4.220147865242911,
        8.531658433316844
    ],
    "76": [
        -7.3652253144516235,
        18.006385258422632
    ],
    "77": [
        -29.2506735572167,
        4.442655035712379
    ],
    "78": [
        -29.655983408533807,
        6.60639339549182
    ],
    "79": [
        -28.59955332168212,
        6.624255957144648
    ],
    "80": [
        -29.795816710188635,
        5.888627703374392
    ],
    "81": [
        -28.442876595808052,
        4.354944314184545
    ],
    "82": [
        -28.659285302411888,
        7.790996951274544
    ],
    "83": [
        -27.86147237124203,
        7.623263457464551
    ],
    "84": [
        -28.7832651845517,
        5.564496854307529
    ],
    "85": [
        -29.679057936263096,
        5.128398403116117
    ],
    "86": [
        -29.314463111093474,
        7.298772112874578
    ],
    "87": [
        8.281522439993669,
        -8.689368102713205
    ],
    "88": [
        10.840073440174125,
        -10.964878121736476
    ],
    "89": [
        6.080775677113039,
        -8.626807686327572
    ],
    "90": [
        -1.3982362426233208,
        -0.7866641419622705
    ],
    "91": [
        1.6872196140814297,
        -4.980292896386537
    ],
    "92": [
        7.269960522585379,
        -7.345377611044637
    ],
    "93": [
        5.308171319685903,
        -8.696891944489048
    ],
    "94": [
        7.056113255700472,
        -8.026359149623207
    ],
    "95": [
        5.787774643323315,
        -10.439055974358634
    ],
    "96": [
        6.374794523328862,
        -8.010514693272045
    ],
    "97": [
        6.427378688191141,
        -4.341535181828445
    ],
    "98": [
        5.915746473653922,
        -2.7431301041878213
    ],
    "99": [
        7.738409888810673,
        -6.83202665652551
    ],
    "100": [
        -1.7022335577867191,
        1.3229083097847576
    ],
    "101": [
        -3.9149131038295475,
        1.0955994789674357
    ],
    "102": [
        -1.927252446005046,
        1.2433540999830055
    ],
    "103": [
        -2.269550241477226,
        1.258622242592812
    ],
    "104": [
        -1.8218303362017012,
        1.525223176187001
    ],
    "105": [
        -2.1161423157331276,
        1.0877466603110022
    ],
    "106": [
        -2.0494038236666,
        1.4622569149269513
    ],
    "107": [
        -2.2571268865448513,
        1.5242266864727727
    ],