{
    "0": [
        -0.2299944124254108,
        1.8675212984073122
    ],
    "1": [
        0.6729126621525606,
        1.4828893697957233
    ],
    "2": [
        -1.0084707342565489,
        -0.7288754237259092
    ],
    "3": [
        0.09395497674087953,
        0.7466142379866408
    ],
    "4": [
        1.1213205191340918,
        1.418994952107417
    ],
    "5": [
        -1.489007209257647,
        1.0889177321853685
    ],
    "6": [
        -3.0065870656059115,
        0.49542614473027163
    ],
    "7": [
        0.4701790361457217,
        0.8038623567534091
    ],
    "8": [
        0.7017403531222781,
        0.3282124592594263
    ],
    "9": [
        -0.8092464579238199,
        1.3409791198400096
    ],
    "10": [
        0.8886150027448505,
        0.8613544382717676
    ],
    "11": [
        0.806055318473812,
        2.3236221666181534
    ],
    "12": [
        0.44816758048866273,
        1.9672346720304614
    ],
    "13": [
        1.7374131958383225,
        1.0232931985558815
    ],
    "14": [
        0.8892861878371462,
        0.6339550491158052
    ],
    "15": [
        1.3525295261520662,
        3.7308966181910317
    ],
    "16": [
        -0.5236172792907675,
        -1.1738401800160032
    ],
    "17": [
        -0.14375048608737623,
        -1.1913522501694862
    ],
    "18": [
        -0.681650600412704,
        0.5696833990766048
    ],
    "19": [
        2.0750485154081266,
        3.337143351669248
    ],
    "20": [
        -1.1091664492266857,
        0.2056033960550925
    ],
    "21": [
        -0.5357652784093736,
        -0.15716773681801582
    ],
    "22": [
        1.7001611801347059,
        1.6856017222856199
    ],
    "23": [
        0.7510023984597434,
        -0.5349190881121332
    ],
    "24": [
        1.5348814778148625,
        0.08329574481529456
    ],
    "25": [
        0.08686295359404379,
        0.3797794517329422
    ],
    "26": [
        1.1797231325842379,
        2.016219345737599
    ],
    "27": [
        1.3669945500727108,
        0.7622612011238343
    ],
    "28": [
        0.4678471528995932,
        2.4286945695894846
    ],
    "29": [
        -0.5475501212746506,
        1.144200210810626
    ],
    "30": [
        1.2973625688164852,
        1.1868258737967492
    ],
    "31": [
        -1.6010990157500686,
        -0.8473068150612205
    ],
    "32": [
        1.2406099043536036,
        -0.16430639588991744
    ],
    "33": [
        1.1505794720353777,
        2.602998138895512
    ],
    "34": [
        -1.0241152769632018,
        6.018774361971937
    ],
    "35": [
        -0.018999460820781484,
        6.792003520304536
    ],
    "36": [
        -1.9957748512352007,
        5.64791896678028
    ],
    "37": [
        -2.25226375581777,
        1.7596487066142878
    ],
    "38": [
        -2.6817328588465195,
        5.262859319917653
    ],
    "39": [
        -2.0817424241961424,
        -0.23645159682391897
    ],
    "40": [
        0.9601904960647666,
        2.965685281632128
    ],
    "41": [
        1.9061066460609921,
        -1.3305746901594726
    ],
    "42": [
        2.4624669295899686,
        1.464279396639389
    ],
    "43": [
        1.1460511273978837,
        -0.5268234877705222
    ],
    "44": [
        0.5565790876310285,
        4.386204976560363
    ],
    "45": [
        3.4772671568233435,
        2.3624343791515106
    ],
    "46": [
        2.347897797799948,
        -0.12161152406402839
    ],
    "47": [
        1.6880599782288384,
        -0.6490607435060866
    ],
    "48": [
        2.4812561588534203,
        -0.48411545156495145
    ],
    "49": [
        5.478643067834605,
        4.519825082390909
    ],
    "50": [
        2.5562426328813,
        0.26583834359095
    ],
    "51": [
        2.612951135522175,
        -3.3246629508216143
    ],
    "52": [
        2.5901395978266217,
        -1.6814239769337938
    ],
    "53": [
        1.788862986204537,
        -2.71894497478862
    ],
    "54": [
        1.8799197979996658,
        -2.015042445076717
    ],
    "55": [
        0.7003725740144346,
        -1.9167890572498516
    ],
    "56": [
        2.7427344389842743,
        -2.6687106068929314
    ],
    "57": [
        4.471448125494776,
        0.4304234947991566
    ],
    "58": [
        2.283981493523706,
        0.6232849182372538
    ],
    "59": [
        3.807166735716806,
        0.7409174494082919
    ],
    "60": [
        4.13049055651803,
        0.15599376751449343
    ],
    "61": [
        5.661724919968272,
        0.3315488841044764
    ],
    "62": [
        5.608453143814552,
        0.942403444044241
    ],
    "63": [
        3.4771512692856876,
        1.7990170035408755
    ],
    "64": [
        5.367723502676725,
        -1.3956681365863939
    ],
    "65": [
        6.18320551112253,
        0.22757915390467892
    ],
    "66": [
        5.5696590816852725,
        1.470428038757572
    ],
    "67": [
        5.073243732161649,
        1.903169240441156
    ],
    "68": [
        4.155270040935864,
        1.7864337592497548
    ],
    "69": [
        4.793911358807315,
        2.664801814457265
    ],
    "70": [
        -1.4749106620872,
        0.1004658383339618
    ],
    "71": [
        -1.6242022692353277,
        1.4705358732998979
    ],
    "72": [
        -2.126200887878661,
        -0.828375362351056
    ],
    "73": [
        6.012530095878148,
        1.2207929941668432
    ],
    "74": [
        -0.31854259526240897,
        2.4537682882757568
    ],
    "75": [
        -1.3794514999654588,
        1.9910295337187462
    ],
    "76": [
        2.0350586474571095,
        -1.7154033401405537
    ],
    "77": [
        2.936878015414027,
        -2.091551982506057
    ],
    "78": [
        -0.9664558219768088,
        -1.7303215321147736
    ],
    "79": [
        1.7964234314293372,
        2.4217522216287417
    ],
    "80": [
        -0.17099415593191053,
        -3.5811382515912475
    ],
    "81": [
        3.727993931458906,
        -2.0570014836087283
    ],
    "82": [
        0.46482304603090796,
        -1.2930846404897023
    ],
    "83": [
        -0.33092404843863715,
        -1.601945698940303
    ],
    "84": [
        -0.07165846380224869,
        -0.6374619235504152
    ],
    "85": [
        2.244507033160532,
        2.7068528910085337
    ],
    "86": [
        -0.9191871785936961,
        -2.758775157886194
    ],
    "87": [
        -1.2944810689313206,
        -4.499788129213738
    ],
    "88": [
        -0.254483995203983,
        -2.702663670441583
    ],
    "89": [
        -0.13917055571027434,
        -4.545229932766255
    ],
    "90": [
        -1.394961904614928,
        -3.671022332363095
    ],
    "91": [
        -0.9065532013007646,
        -2.172947145962264
    ],
    "92": [
        0.5737842473278041,
        -2.6955836515457827
    ],
    "93": [
        -2.260548775102387,
        -1.474421332228923
    ],
    "94": [
        -2.864901771169551,
        -1.0444626458709316
    ],
    "95": [
        -1.4549825987556002,
        -3.007935743650121
    ],
    "96": [
        -2.533733718482053,
        -2.2365959361074736
    ],
    "97": [
        -1.8106690809297907,
        -2.0855415683781846
    ],
    "98": [
        3.1836911529639926,
        -1.358671903202883
    ],
    "99": [
        0.9098461671289149,
        -2.9867459696128855
    ],
    "100": [
        2.066066957052593,
        -0.14634223466459662
    ],
    "101": [
        1.4983812747027891,
        0.4250826160028525
    ],
    "102": [
        6.58993103212045,
        -1.3436562140322574
    ],
    "103": [
        1.2229024050861674,
        -1.7616556155545902
    ],
    "104": [
        1.4823436642386152,
        -4.100554062429186
    ],
    "105": [
        2.7262601267756317,
        3.1399610954428407
    ],
    "106": [
        -3.8515634500678724,
        -1.0159796455085448
    ],