{
    "0": [
        -0.09363344404037309,
        -1.1344092393001088
    ],
    "1": [
        0.3646343645165694,
        -0.3141660349682827
    ],
    "2": [
        1.1616142790434418,
        -2.3020647771223723
    ],
    "3": [
        -1.1527086936130444,
        -0.3091697115921434
    ],
    "4": [
        -0.8854689611371127,
        -0.0237052123871352
    ],
    "5": [
        0.8300098734680246,
        -2.1643626827816207
    ],
    "6": [
        0.41536509155990425,
        -1.9265499948239129
    ],
    "7": [
        0.1013799770871486,
        -1.7553395807905419
    ],
    "8": [
        -0.07303125273654404,
        -0.5812251015295049
    ],
    "9": [
        -1.2933935750573644,
        1.4395164281338748
    ],
    "10": [
        -1.785780653527268,
        0.7231034775109442
    ],
    "11": [
        0.43303461447488495,
        -1.538465451639542
    ],
    "12": [
        -0.209397931151947,
        -3.941676685251757
    ],
    "13": [
        2.132715489355315,
        -1.1950055951699354
    ],
    "14": [
        -2.1402122545736324,
        -1.0554526414873422
    ],
    "15": [
        0.4319741963117055,
        0.7819125461452475
    ],
    "16": [
        0.9325480158991452,
        -0.5624424267900586
    ],
    "17": [
        -0.6316132960694596,
        -2.6554641491932625
    ],
    "18": [
        0.12619905161419362,
        -1.4550976115993541
    ],
    "19": [
        -0.385203522067483,
        -0.014970097798612522
    ],
    "20": [
        -1.1258598457263498,
        -2.385013291729693
    ],
    "21": [
        -0.5006930045585686,
        -1.6657446631945898
    ],
    "22": [
        -0.6105726311567248,
        0.8958768747779216
    ],
    "23": [
        1.5812218789968253,
        -2.488354253872299
    ],
    "24": [
        1.426908073619738,
        -1.2843523003286466
    ],
    "25": [
        0.15709651928008875,
        -2.2145221601296887
    ],
    "26": [
        -0.592736057570155,
        -1.9612281600429224
    ],
    "27": [
        0.735892585860179,
        -0.26020028994482564
    ],
    "28": [
        0.6540240589740545,
        -1.298421896352288
    ],
    "29": [
        0.08892817550640673,
        1.3054609469720462
    ],
    "30": [
        0.421731612369931,
        0.3316952857295913
    ],
    "31": [
        2.3929216367335795,
        -2.2580633998551742
    ],
    "32": [
        0.37458239530028403,
        0.1644887368847384
    ],
    "33": [
        0.4525443189074973,
        -2.7680769238431435
    ],
    "34": [
        0.7041679089683973,
        -2.4442314235873805
    ],
    "35": [
        -1.7589513993877117,
        0.46110635111442855
    ],
    "36": [
        0.8357661167357204,
        -1.6303533622706208
    ],
    "37": [
        -1.3318497650091077,
        -0.0028769952556121094
    ],
    "38": [
        1.7937920204481315,
        0.6396900137522555
    ],
    "39": [
        -1.5431827888254763,
        0.8595080360708638
    ],
    "40": [
        -0.9528422549135998,
        -1.9331421163510216
    ],
    "41": [
        -1.2776593159868614,
        0.3555673512118367
    ],
    "42": [
        -0.027089006392234303,
        1.1285352532900703
    ],
    "43": [
        2.125042020506383,
        0.600567336658966
    ],
    "44": [
        0.6107365522298447,
        -0.4426911442481551
    ],
    "45": [
        -0.6860439159183921,
        0.3774405123189958
    ],
    "46": [
        -2.5156453626987156,
        -0.3406953449642536
    ],
    "47": [
        -1.7940106895013201,
        -2.6283981317670126
    ],
    "48": [
        1.6264420273179405,
        -2.840921360696522
    ],
    "49": [
        1.828065430174001,
        -1.6404256689546082
    ],
    "50": [
        2.6381343684657526,
        -1.0451406529172398
    ],
    "51": [
        -1.1880421228613367,
        0.9583968445868973
    ],
    "52": [
        0.11571126826601272,
        -0.2842172896619789
    ],
    "53": [
        -1.5780731733464888,
        0.08981414208335933
    ],
    "54": [
        -1.5817091025083323,
        1.2644342020577137
    ],
    "55": [
        -1.8339968701211904,
        1.4132831347530608
    ],
    "56": [
        -2.180071842774033,
        1.10095198928179
    ],
    "57": [
        -2.3763945443053323,
        1.8389851785688676
    ],
    "58": [
        -2.0683295534258597,
        2.029451855523537
    ],
    "59": [
        -2.3807167130847113,
        0.7932842117993749
    ],
    "60": [
        1.874308412197886,
        1.8315807199258527
    ],
    "61": [
        -0.19446654958388027,
        2.101576840463763
    ],
    "62": [
        0.4465539978639265,
        2.170214273909224
    ],
    "63": [
        1.3367430111835235,
        2.616772104346899
    ],
    "64": [
        1.8014350907135295,
        -1.0675346090820976
    ],
    "65": [
        2.697667671407929,
        0.8522515829907976
    ],
    "66": [
        -0.24954629656081279,
        -4.569076450736258
    ],
    "67": [
        0.43194195352198406,
        -3.652072204349786
    ],
    "68": [
        1.6277610862574572,
        -0.16047415931882433
    ],
    "69": [
        2.3979731856781954,
        -0.6034465607301441
    ],
    "70": [
        1.5695697204366335,
        -1.9145327026445378
    ],
    "71": [
        -1.154929139123742,
        -4.435813954209561
    ],
    "72": [
        2.477879240427007,
        -1.8717224347115757
    ],
    "73": [
        1.5697898689376297,
        -0.9163535149487182
    ],
    "74": [
        -0.2538433200568716,
        -2.7685065242989926
    ],
    "75": [
        2.1099618320546267,
        1.484132514283829
    ],
    "76": [
        3.3704034787009602,
        -0.49328783977354745
    ],
    "77": [
        0.8201118180278756,
        1.8552921208781203
    ],
    "78": [
        0.8427961632107701,
        -3.58289926639788
    ],
    "79": [
        2.311723838083973,
        -3.8162963641546983
    ],
    "80": [
        1.142092237748206,
        3.6105410360541432
    ],
    "81": [
        1.2702609582130193,
        -1.903662270024477
    ],
    "82": [
        0.5664784147244646,
        2.917307371157335
    ],
    "83": [
        2.9418087232595536,
        2.539535219308278
    ],
    "84": [
        2.6125170820173755,
        -0.3564095719123543
    ],
    "85": [
        0.6028910275419187,
        -4.263656758485576
    ],
    "86": [
        1.6358897856906829,
        3.596086412278283
    ],
    "87": [
        1.3828539346715705,
        -3.372005813465644
    ],
    "88": [
        1.242830719638691,
        1.9376680246035742
    ],
    "89": [
        0.8936340124857065,
        2.757802264800141
    ],
    "90": [
        0.3063223934162141,
        3.2160010691541348
    ],
    "91": [
        -0.14038506743359178,
        -3.2839927917502143
    ],
    "92": [
        2.0999828518547305,
        -0.3738315817569383
    ],
    "93": [
        2.7657171752458183,
        -0.7383111749789927
    ],
    "94": [
        1.661858679556514,
        2.5312581395211224
    ],
    "95": [
        -1.1132252681320667,
        -2.707040571749981
    ],
    "96": [
        1.8484682368407481,
        -0.6296582071999669
    ],
    "97": [
        3.3742550296747673,
        -2.0719941944547147
    ],
    "98": [
        1.342424259176615,
        -0.527202829663446
    ],
    "99": [
        3.374414376393849,
        2.851806629539772
    ],
    "100": [
        1.039965753628205,
        -2.7340687950285596
    ],
    "101": [
        0.8884544012073823,
        0.9927348246116625
    ],
    "102": [
        -0.6948785279992057,
        1.5100287204751048
    ],
    "103": [
        -2.113621032342733,
        0.05845835482386237
    ],
    "104": [
        -0.2331063869233491,
        1.4681040489991042
    ],
    "105": [
        -1.0517228911342464,
        1.2015853782806554
    ],
    "106": [
        -0.8826327829005985,
        0.6619624326650578
    ],