{
    "0": [
        1.0,
        0.0
    ],
    "1": [
        0.8854560256532099,
        0.4647231720437685
    ],
    "2": [
        0.5680647467311559,
        0.8229838658936564
    ],
    "3": [
        0.12053668025532323,
        0.992708874098054
    ],
    "4": [
        -0.35460488704253545,
        0.9350162426854148
    ],
    "5": [
        -0.7485107481711009,
        0.6631226582407955
    ],
    "6": [
        -0.9709418174260519,
        0.2393156642875581
    ],
    "7": [
        -0.9709418174260521,
        -0.23931566428755743
    ],
    "8": [
        -0.7485107481711013,
        -0.663122658240795
    ],
    "9": [
        -0.3546048870425359,
        -0.9350162426854147
    ],
    "10": [
        0.12053668025532233,
        -0.9927088740980541
    ],
    "11": [
        0.5680647467311556,
        -0.8229838658936566
    ],
    "12": [
        0.8854560256532096,
        -0.4647231720437692
    ]
}