{
    "0": [
        1.0,
        0.0
    ],
    "1": [
        0.9510565162951535,
        0.3090169943749474
    ],
    "2": [
        0.8090169943749475,
        0.5877852522924731
    ],
    "3": [
        0.5877852522924731,
        0.8090169943749475
    ],
    "4": [
        0.30901699437494745,
        0.9510565162951535
    ],
    "5": [
        6.123233995736766e-17,
        1.0
    ],
    "6": [
        -0.30901699437494734,
        0.9510565162951536
    ],
    "7": [
        -0.587785252292473,
        0.8090169943749475
    ],
    "8": [
        -0.8090169943749473,
        0.5877852522924732
    ],
    "9": [
        -0.9510565162951535,
        0.3090169943749475
    ],
    "10": [
        -1.0,
        1.2246467991473532e-16
    ],
    "11": [
        -0.9510565162951536,
        -0.3090169943749473
    ],
    "12": [
        -0.8090169943749476,
        -0.587785252292473
    ],
    "13": [
        -0.5877852522924732,
        -0.8090169943749473
    ],
    "14": [
        -0.30901699437494756,
        -0.9510565162951535
    ],
    "15": [
        -1.8369701987210297e-16,
        -1.0
    ],
    "16": [
        0.30901699437494723,
        -0.9510565162951536
    ],
    "17": [
        0.5877852522924729,
        -0.8090169943749476
    ],
    "18": [
        0.8090169943749473,
        -0.5877852522924734
    ],
    "19": [
        0.9510565162951535,
        -0.3090169943749476
    ]
}