{
    "0": [
        1.0,
        0.0
    ],
    "1": [
        0.8412535328311812,
        0.5406408174555976
    ],
    "2": [
        0.41541501300188644,
        0.9096319953545183
    ],
    "3": [
        -0.142314838273285,
        0.9898214418809328
    ],
    "4": [
        -0.654860733945285,
        0.7557495743542583
    ],
    "5": [
        -0.9594929736144974,
        0.28173255684142967
    ],
    "6": [
        -0.9594929736144975,
        -0.2817325568414294
    ],
    "7": [
        -0.6548607339452852,
        -0.7557495743542582
    ],
    "8": [
        -0.14231483827328523,
        -0.9898214418809327
    ],
    "9": [
        0.41541501300188605,
        -0.9096319953545186
    ],
    "10": [
        0.8412535328311812,
        -0.5406408174555974
    ]
}