{
    "0": [
        1.0,
        0.0
    ],
    "1": [
        0.9995162822919881,
        0.031099862269836916
    ],
    "2": [
        0.9980655971335943,
        0.062169637431480525
    ],
    "3": [
        0.9956493479690186,
        0.09317926748407156
    ],
    "4": [
        0.9922698723632765,
        0.12409875261325934
    ],
    "5": [
        0.9879304397407567,
        0.15489818021408466
    ],
    "6": [
        0.9826352482222637,
        0.18554775382949326
    ],
    "7": [
        0.976389420563607,
        0.2160178219764835
    ],
    "8": [
        0.9691989991996661,
        0.24627890683200135
    ],
    "9": [
        0.9610709403987245,
        0.27630173275083025
    ],
    "10": [
        0.9520131075327299,
        0.3060572545878873
    ],
    "11": [
        0.9420342634699892,
        0.3355166857975249
    ],
    "12": [
        0.9311440620976595,
        0.3646515262826552
    ],
    "13": [
        0.9193530389822363,
        0.3934335899667523
    ],
    "14": [
        0.9066726011770726,
        0.42183503206206224
    ],
    "15": [
        0.8931150161867916,
        0.4498283760076358
    ],
    "16": [
        0.8786934000992688,
        0.477386540051127
    ],
    "17": [
        0.8634217048966635,
        0.5044828634486398
    ],
    "18": [
        0.8473147049577775,
        0.531091132257275
    ],
    "19": [
        0.8303879827647975,
        0.5571856046954285
    ],
    "20": [
        0.8126579138282503,
        0.5827410360463009
    ],
    "21": [
        0.7941416508447535,
        0.6077327030805316
    ],
    "22": [
        0.7748571071028899,
        0.6321364279743263
    ],
    "23": [
        0.754822939153257,
        0.6559286016999399
    ],
    "24": [
        0.7340585287594601,
        0.6790862068658859
    ],
    "25": [
        0.712583964147507,
        0.7015868399847766
    ],
    "26": [
        0.6904200205717468,
        0.7234087331472497
    ],
    "27": [
        0.6675881402161536,
        0.7445307750810152
    ],
    "28": [
        0.6441104114503978,
        0.7649325315746476
    ],
    "29": [
        0.6200095474607752,
        0.7845942652463659
    ],
    "30": [
        0.5953088642766661,
        0.8034969546386757
    ],
    "31": [
        0.5700322582137828,
        0.8216223126204005
    ],
    "32": [
        0.5442041827560273,
        0.8389528040783012
    ],
    "33": [
        0.5178496248983255,
        0.8554716628811638
    ],
    "34": [
        0.4909940809733222,
        0.8711629080999505
    ],
    "35": [
        0.46366353198532734,
        0.8860113594683148
    ],
    "36": [
        0.4358844184753712,
        0.90000265206853
    ],
    "37": [
        0.407683614941689,
        0.9131232502286187
    ],
    "38": [
        0.3790884038403794,
        0.9253604606172415
    ],
    "39": [
        0.3501264491913908,
        0.936702444523675
    ],
    "40": [
        0.3208257698153678,
        0.9471382293110001
    ],
    "41": [
        0.2912147122272521,
        0.9566577190314197
    ],
    "42": [
        0.26132192321286074,
        0.9652517041934356
    ],
    "43": [
        0.23117632211496977,
        0.9729118706714374
    ],
    "44": [
        0.20080707285571867,
        0.9796308077490816
    ],
    "45": [
        0.17024355572239863,
        0.9854020152886813
    ],
    "46": [
        0.13951533894392312,
        0.9902199100196695
    ],
    "47": [
        0.10865215008547471,
        0.9940798309400526
    ],
    "48": [
        0.07768384728900624,
        0.9969780438256293
    ],
    "49": [
        0.04664039038741761,
        0.9989117448426108
    ],
    "50": [
        0.015551811920351015,
        0.9998790632601495
    ],
    "51": [
        -0.01555181192035067,
        0.9998790632601495
    ],
    "52": [
        -0.046640390387417484,
        0.9989117448426108
    ],
    "53": [
        -0.07768384728900611,
        0.9969780438256293
    ],
    "54": [
        -0.10865215008547437,
        0.9940798309400526
    ],
    "55": [
        -0.1395153389439228,
        0.9902199100196695
    ],
    "56": [
        -0.1702435557223985,
        0.9854020152886813
    ],
    "57": [
        -0.20080707285571833,
        0.9796308077490817
    ],
    "58": [
        -0.23117632211496944,
        0.9729118706714375
    ],
    "59": [
        -0.2613219232128606,
        0.9652517041934356
    ],
    "60": [
        -0.2912147122272519,
        0.9566577190314197
    ],
    "61": [
        -0.3208257698153675,
        0.9471382293110002
    ],
    "62": [
        -0.35012644919139047,
        0.9367024445236751
    ],
    "63": [
        -0.37908840384037923,
        0.9253604606172416
    ],
    "64": [
        -0.4076836149416887,
        0.9131232502286188
    ],
    "65": [
        -0.43588441847537107,
        0.90000265206853
    ],
    "66": [
        -0.46366353198532706,
        0.8860113594683149
    ],
    "67": [
        -0.4909940809733221,
        0.8711629080999506
    ],
    "68": [
        -0.5178496248983254,
        0.8554716628811638
    ],
    "69": [
        -0.5442041827560271,
        0.8389528040783013
    ],
    "70": [
        -0.5700322582137827,
        0.8216223126204008
    ],
    "71": [
        -0.5953088642766657,
        0.8034969546386759
    ],
    "72": [
        -0.620009547460775,
        0.7845942652463661
    ],
    "73": [
        -0.6441104114503977,
        0.7649325315746477
    ],
    "74": [
        -0.6675881402161533,
        0.7445307750810155
    ],
    "75": [
        -0.6904200205717467,
        0.7234087331472498
    ],
    "76": [
        -0.7125839641475069,
        0.7015868399847767
    ],
    "77": [
        -0.7340585287594599,
        0.6790862068658863
    ],
    "78": [
        -0.7548229391532568,
        0.65592860169994
    ],
    "79": [
        -0.7748571071028898,
        0.6321364279743265
    ],
    "80": [
        -0.7941416508447533,
        0.607732703080532
    ],
    "81": [
        -0.8126579138282501,
        0.582741036046301
    ],
    "82": [
        -0.8303879827647975,
        0.5571856046954285
    ],
    "83": [
        -0.8473147049577774,
        0.5310911322572753
    ],
    "84": [
        -0.8634217048966635,
        0.5044828634486399
    ],
    "85": [
        -0.8786934000992686,
        0.4773865400511274
    ],
    "86": [
        -0.8931150161867915,
        0.44982837600763603
    ],
    "87": [
        -0.9066726011770725,
        0.42183503206206235
    ],
    "88": [
        -0.9193530389822362,
        0.3934335899667527
    ],
    "89": [
        -0.9311440620976594,
        0.3646515262826554
    ],
    "90": [
        -0.9420342634699891,
        0.335516685797525
    ],
    "91": [
        -0.9520131075327298,
        0.3060572545878877
    ],
    "92": [
        -0.9610709403987245,
        0.2763017327508305
    ],
    "93": [
        -0.9691989991996661,
        0.2462789068320014
    ],
    "94": [
        -0.976389420563607,
        0.21601782197648384
    ],
    "95": [
        -0.9826352482222637,
        0.18554775382949343
    ],
    "96": [
        -0.9879304397407567,
        0.1548981802140847
    ],
    "97": [
        -0.9922698723632765,
        0.12409875261325964
    ],
    "98": [
        -0.9956493479690186,
        0.09317926748407171
    ],
    "99": [
        -0.9980655971335943,
        0.06216963743148096
    ],
    "100": [
        -0.9995162822919881,
        0.031099862269837197
    ],
    "101": [
        -1.0,
        1.2246467991473532e-16
    ],
    "102": [
        -0.9995162822919881,
        -0.031099862269836506
    ],
    "103": [
        -0.9980655971335943,
        -0.062169637431480275
    ],
    "104": [
        -0.9956493479690186,
        -0.09317926748407147
    ],
    "105": [
        -0.9922698723632766,
        -0.12409875261325896
    ],
    "106": [
        -0.9879304397407568,
        -0.15489818021408444
    ],