{
    "0": [
        1.0,
        0.0
    ],
    "1": [
        0.9997011578430937,
        0.024445756424744464
    ],
    "2": [
        0.9988048099856441,
        0.04887690200433457
    ],
    "3": [
        0.9973114921607055,
        0.07327883462628892
    ],
    "4": [
        0.9952220969009173,
        0.09763696963825268
    ],
    "5": [
        0.9925378730050517,
        0.12193674856501543
    ],
    "6": [
        0.989260424791626,
        0.14616364780988358
    ],
    "7": [
        0.9853917111400267,
        0.17030318733520608
    ],
    "8": [
        0.9809340443197179,
        0.19434093931686605
    ],
    "9": [
        0.9758900886082343,
        0.21826253676756474
    ],
    "10": [
        0.9702628586987844,
        0.24205368212374442
    ],
    "11": [
        0.9640557178984152,
        0.2657001557910182
    ],
    "12": [
        0.9572723761178167,
        0.2891878246429981
    ],
    "13": [
        0.9499168876539663,
        0.3125026504684432
    ],
    "14": [
        0.9419936487669394,
        0.33563069836167847
    ],
    "15": [
        0.9335073950523334,
        0.358558145051269
    ],
    "16": [
        0.9244631986108763,
        0.38127128716197256
    ],
    "17": [
        0.9148664650169126,
        0.4037565494050323
    ],
    "18": [
        0.9047229300875749,
        0.4260004926919135
    ],
    "19": [
        0.8940386564545773,
        0.4479898221666362
    ],
    "20": [
        0.8828200299406745,
        0.46971139515190224
    ],
    "21": [
        0.8710737557429566,
        0.49115222900426697
    ],
    "22": [
        0.8588068544252573,
        0.5122995088736616
    ],
    "23": [
        0.8460266577220732,
        0.5331405953626285
    ],
    "24": [
        0.8327408041565012,
        0.5536630320806906
    ],
    "25": [
        0.8189572344748132,
        0.5738545530893399
    ],
    "26": [
        0.804684186900396,
        0.5937030902331978
    ],
    "27": [
        0.7899301922098955,
        0.6131967803529611
    ],
    "28": [
        0.774704068634504,
        0.632323972375827
    ],
    "29": [
        0.7590149165894428,
        0.6510732342791563
    ],
    "30": [
        0.7428721132347863,
        0.6694333599232136
    ],
    "31": [
        0.7262853068708804,
        0.6873933757489019
    ],
    "32": [
        0.7092644111717052,
        0.7049425473364863
    ],
    "33": [
        0.6918195992596272,
        0.7220703858213885
    ],
    "34": [
        0.6739612976250834,
        0.7387666541632166
    ],
    "35": [
        0.6557001798948323,
        0.7550213732642835
    ],
    "36": [
        0.6370471604524939,
        0.770824827933957
    ],
    "37": [
        0.6180133879151942,
        0.786167572695277
    ],
    "38": [
        0.5986102384702113,
        0.8010404374303689
    ],
    "39": [
        0.578849309075607,
        0.815434532861279
    ],
    "40": [
        0.558742410528907,
        0.8293412558629567
    ],
    "41": [
        0.5383015604079721,
        0.8427522946052074
    ],
    "42": [
        0.5175389758882802,
        0.8556596335205431
    ],
    "43": [
        0.4964670664409134,
        0.8680555580949607
    ],
    "44": [
        0.47509842641561023,
        0.8799326594787871
    ],
    "45": [
        0.45344582751332135,
        0.8912838389148314
    ],
    "46": [
        0.431522211152764,
        0.9021023119812017
    ],
    "47": [
        0.40934068073553864,
        0.9123816126462467
    ],
    "48": [
        0.3869144938144325,
        0.9221155971332019
    ],
    "49": [
        0.36425705416958665,
        0.9312984475922286
    ],
    "50": [
        0.34138190379726807,
        0.9399246755776511
    ],
    "51": [
        0.3183027148160303,
        0.9479891253283156
    ],
    "52": [
        0.2950332812951028,
        0.9554869768491063
    ],
    "53": [
        0.27158751100989276,
        0.9624137487917821
    ],
    "54": [
        0.24797941712952468,
        0.9687653011334072
    ],
    "55": [
        0.22422310984138985,
        0.974537837650779
    ],
    "56": [
        0.20033278791770856,
        0.97972790818937
    ],
    "57": [
        0.17632273022914624,
        0.9843324107254315
    ],
    "58": [
        0.15220728721055757,
        0.9883485932200252
    ],
    "59": [
        0.12800087228395518,
        0.9917740552638724
    ],
    "60": [
        0.1037179532438343,
        0.994606749512042
    ],
    "61": [
        0.07937304360999885,
        0.996844982907616
    ],
    "62": [
        0.0549806939530579,
        0.9984874176936033
    ],
    "63": [
        0.030555483197778895,
        0.9995330722124958
    ],
    "64": [
        0.006112009909491613,
        0.9999813214929898
    ],
    "65": [
        -0.01833511643124444,
        0.9998318976235219
    ],
    "66": [
        -0.042771284160497615,
        0.9990848899123947
    ],
    "67": [
        -0.06718188816412665,
        0.9977407448343998
    ],
    "68": [
        -0.09155233860702745,
        0.9958002657639654
    ],
    "69": [
        -0.11586806965324996,
        0.9932646124949935
    ],
    "70": [
        -0.14011454817176897,
        0.9901353005476681
    ],
    "71": [
        -0.16427728242270875,
        0.9864142002626531
    ],
    "72": [
        -0.18834183071882896,
        0.9821035356832191
    ],
    "73": [
        -0.2122938100570935,
        0.9772058832259672
    ],
    "74": [
        -0.23611890471516742,
        0.9717241701409458
    ],
    "75": [
        -0.2598028748076984,
        0.9656616727620784
    ],
    "76": [
        -0.28333156479727345,
        0.959022014548951
    ],
    "77": [
        -0.30669091195496134,
        0.9518091639211267
    ],
    "78": [
        -0.32986695476538463,
        0.9440274318862836
    ],
    "79": [
        -0.35284584127129953,
        0.9356814694635931
    ],
    "80": [
        -0.3756138373526925,
        0.9267762649038791
    ],
    "81": [
        -0.3981573349354488,
        0.9173171407082181
    ],
    "82": [
        -0.4204628601246847,
        0.9073097504467643
    ],
    "83": [
        -0.44251708125788347,
        0.8967600753796992
    ],
    "84": [
        -0.4643068168730203,
        0.8856744208823261
    ],
    "85": [
        -0.4858190435869153,
        0.8740594126764466
    ],
    "86": [
        -0.5070409038791074,
        0.86192199287027
    ],
    "87": [
        -0.5279597137765891,
        0.8492694158092249
    ],
    "88": [
        -0.5485629704348219,
        0.8361092437401494
    ],
    "89": [
        -0.5688383596104875,
        0.8224493422914567
    ],
    "90": [
        -0.5887737630215184,
        0.8082978757719711
    ],
    "91": [
        -0.6083572655900072,
        0.7936633022912483
    ],
    "92": [
        -0.6275771625636587,
        0.7785543687042974
    ],
    "93": [
        -0.6464219665115392,
        0.7629801053837214
    ],
    "94": [
        -0.6648804141899316,
        0.7469498208224064
    ],
    "95": [
        -0.6829414732742012,
        0.7304730960699809
    ],
    "96": [
        -0.7005943489526429,
        0.7135597790063719
    ],
    "97": [
        -0.7178284903783696,
        0.6962199784558835
    ],
    "98": [
        -0.7346335969753897,
        0.6784640581453086
    ],
    "99": [
        -0.7509996245950976,
        0.6603026305096947
    ],
    "100": [
        -0.7669167915195056,
        0.6417465503494562
    ],
    "101": [
        -0.7823755843076232,
        0.6228069083426301
    ],
    "102": [
        -0.7973667634814898,
        0.6034950244161537
    ],
    "103": [
        -0.8118813690484682,
        0.5838224409801195
    ],
    "104": [
        -0.8259107258564895,
        0.5638009160290596
    ],
    "105": [
        -0.8394464487790565,
        0.5434424161143763
    ],
    "106": [
        -0.8524804477269028,
        0.5227591091921205
    ],