{
    "0": [
        1.0,
        0.0
    ],
    "1": [
        0.9995730058628927,
        0.029219958080419803
    ],
    "2": [
        0.998292388099557,
        0.058414962659265886
    ],
    "3": [
        0.9961592403425467,
        0.08756008154496227
    ],
    "4": [
        0.9931753842750332,
        0.11663042514772998
    ],
    "5": [
        0.9893433680751103,
        0.14560116773500487
    ],
    "6": [
        0.9846664642396791,
        0.1744475686323221
    ],
    "7": [
        0.979148666789775,
        0.20314499335156208
    ],
    "8": [
        0.9727946878597195,
        0.23166893462851443
    ],
    "9": [
        0.9656099536730136,
        0.25999503335179425
    ],
    "10": [
        0.957600599908406,
        0.2880990993652376
    ],
    "11": [
        0.9487734664600956,
        0.3159571321260112
    ],
    "12": [
        0.9391360915965425,
        0.3435453412007947
    ],
    "13": [
        0.9286967055228742,
        0.3708401665825317
    ],
    "14": [
        0.9174642233523876,
        0.39781829881039943
    ],
    "15": [
        0.9054482374931466,
        0.42445669887581505
    ],
    "16": [
        0.8926590094561783,
        0.4507326178974789
    ],
    "17": [
        0.8791074610922622,
        0.47662361654865226
    ],
    "18": [
        0.8648051652647988,
        0.5021075842200793
    ],
    "19": [
        0.8497643359667191,
        0.5271627579021881
    ],
    "20": [
        0.8339978178898779,
        0.5517677407704459
    ],
    "21": [
        0.8175190754558384,
        0.5759015204579958
    ],
    "22": [
        0.8003421813174126,
        0.5995434869999722
    ],
    "23": [
        0.7824818043407825,
        0.6226734504341689
    ],
    "24": [
        0.7639531970784591,
        0.64527165804303
    ],
    "25": [
        0.7447721827437819,
        0.6673188112222393
    ],
    "26": [
        0.7249551416980803,
        0.6887960819615021
    ],
    "27": [
        0.7045189974620369,
        0.7096851289234448
    ],
    "28": [
        0.6834812022631995,
        0.7299681131069023
    ],
    "29": [
        0.6618597221319833,
        0.749627713081216
    ],
    "30": [
        0.6396730215588913,
        0.768647139778532
    ],
    "31": [
        0.6169400477260567,
        0.7870101508314685
    ],
    "32": [
        0.5936802143265706,
        0.8047010644439072
    ],
    "33": [
        0.5699133849854163,
        0.8217047727830626
    ],
    "34": [
        0.5456598562961666,
        0.8380067548813952
    ],
    "35": [
        0.5209403404879303,
        0.8535930890373464
    ],
    "36": [
        0.4957759477373519,
        0.8684504647043092
    ],
    "37": [
        0.47018816814076836,
        0.882566193857678
    ],
    "38": [
        0.444198853361918,
        0.8959282218302743
    ],
    "39": [
        0.41783019797087695,
        0.9085251376068897
    ],
    "40": [
        0.391104720490156,
        0.9203461835691594
    ],
    "41": [
        0.3640452441641467,
        0.931381264682443
    ],
    "42": [
        0.33667487746833735,
        0.9416209571168646
    ],
    "43": [
        0.30901699437494745,
        0.9510565162951535
    ],
    "44": [
        0.28109521439182833,
        0.9596798843604111
    ],
    "45": [
        0.2529333823916809,
        0.9674836970574252
    ],
    "46": [
        0.22455554824881335,
        0.9744612900216585
    ],
    "47": [
        0.19598594630083147,
        0.9806067044705372
    ],
    "48": [
        0.16724897465279784,
        0.985914692292182
    ],
    "49": [
        0.13836917434153628,
        0.9903807205272331
    ],
    "50": [
        0.10937120837787452,
        0.9940009752399459
    ],
    "51": [
        0.08027984068472116,
        0.9967723647752459
    ],
    "52": [
        0.05111991494896722,
        0.9986925223989666
    ],
    "53": [
        0.021916333405268017,
        0.9997598083190128
    ],
    "54": [
        -0.007305964430172842,
        0.9999733110857234
    ],
    "55": [
        -0.036522023057658726,
        0.9993328483702394
    ],
    "56": [
        -0.06570689230570277,
        0.9978389671202096
    ],
    "57": [
        -0.09483564863818267,
        0.9954929430927048
    ],
    "58": [
        -0.1238834164387478,
        0.9922967797647354
    ],
    "59": [
        -0.1528253892543048,
        0.988253206622306
    ],
    "60": [
        -0.18163685097943635,
        0.9833656768294662
    ],
    "61": [
        -0.21029319696366622,
        0.9776383642793488
    ],
    "62": [
        -0.23876995502354176,
        0.9710761600297145
    ],
    "63": [
        -0.26704280634159266,
        0.9636846681260456
    ],
    "64": [
        -0.2950876062343145,
        0.9554702008157565
    ],
    "65": [
        -0.3228804047714462,
        0.9464397731576094
    ],
    "66": [
        -0.35039746722892934,
        0.9366010970309352
    ],
    "67": [
        -0.37761529435808433,
        0.9259625745497803
    ],
    "68": [
        -0.4045106424536936,
        0.914533290887598
    ],
    "69": [
        -0.4310605432038524,
        0.902323006518619
    ],
    "70": [
        -0.4572423233046385,
        0.889342148882519
    ],
    "71": [
        -0.4830336238228478,
        0.8756018034795083
    ],
    "72": [
        -0.508412419290261,
        0.8611137044034451
    ],
    "73": [
        -0.5333570365131349,
        0.845890224321056
    ],
    "74": [
        -0.557846173080857,
        0.8299443639058238
    ],
    "75": [
        -0.5818589155579527,
        0.8132897407355655
    ],
    "76": [
        -0.6053747573439145,
        0.7959405776631799
    ],
    "77": [
        -0.6283736161855993,
        0.7779116906704984
    ],
    "78": [
        -0.6508358513272355,
        0.7592184762156099
    ],
    "79": [
        -0.6727422802834,
        0.739876898084466
    ],
    "80": [
        -0.694074195220634,
        0.7199034737579958
    ],
    "81": [
        -0.7148133789337145,
        0.6993152603063699
    ],
    "82": [
        -0.7349421204029336,
        0.6781298398224633
    ],
    "83": [
        -0.7544432299191026,
        0.6563653044069531
    ],
    "84": [
        -0.77330005376336,
        0.6340402407178779
    ],
    "85": [
        -0.791496488429254,
        0.6111737140978494
    ],
    "86": [
        -0.8090169943749473,
        0.5877852522924732
    ],
    "87": [
        -0.8258466092938042,
        0.563894828773883
    ],
    "88": [
        -0.8419709608920242,
        0.5395228456836295
    ],
    "89": [
        -0.8573762791624131,
        0.5146901164094914
    ],
    "90": [
        -0.8720494081438075,
        0.4894178478110858
    ],
    "91": [
        -0.8859778171561113,
        0.4637276221094578
    ],
    "92": [
        -0.8991496115013498,
        0.4376413784561189
    ],
    "93": [
        -0.9115535426216013,
        0.41118139419726735
    ],
    "94": [
        -0.9231790177051352,
        0.3843702658491961
    ],
    "95": [
        -0.9340161087325479,
        0.3572308898011329
    ],
    "96": [
        -0.9440555609551756,
        0.3297864427619922
    ],
    "97": [
        -0.9532888007985404,
        0.3020603619677379
    ],
    "98": [
        -0.961707943184083,
        0.27407632516625813
    ],
    "99": [
        -0.9693057982629274,
        0.24585823039684693
    ],
    "100": [
        -0.9760758775559271,
        0.21743017558155725
    ],
    "101": [
        -0.9820123994947503,
        0.18881643794586048
    ],
    "102": [
        -0.9871102943592716,
        0.160041453286179
    ],
    "103": [
        -0.9913652086070536,
        0.13112979510200284
    ],
    "104": [
        -0.9947735085912207,
        0.10210615361040942
    ],
    "105": [
        -0.9973322836635516,
        0.07299531466090756
    ],
    "106": [
        -0.9990393486601382,
        0.04382213856861266
    ],