{
    "0": [
        1.9952896544531054,
        -3.3086440345140993
    ],
    "1": [
        1.87717154740501,
        -3.287211341855974
    ],
    "2": [
        2.013325280744882,
        -1.9781884100827618
    ],
    "3": [
        1.6832709595906905,
        -3.0184575942997345
    ],
    "4": [
        -2.591337668356744,
        -9.102848663997495
    ],
    "5": [
        1.9659325246201862,
        -4.127272950308768
    ],
    "6": [
        1.8726440914061135,
        -2.9707716236343913
    ],
    "7": [
        1.844824648173074,
        -3.2014902726602656
    ],
    "8": [
        3.7553113697977762,
        -0.5000883198291373
    ],
    "9": [
        -4.522980014387461,
        16.108455764453772
    ],
    "10": [
        1.7168521026819783,
        -3.489066911626745
    ],
    "11": [
        2.050467805547429,
        -3.1465769789911118
    ],
    "12": [
        -4.258492173958164,
        16.335873883243902
    ],
    "13": [
        -4.463854437605344,
        16.612710806433157
    ],
    "14": [
        5.721618236672618,
        -1.533538303743688
    ],
    "15": [
        -3.881433012282667,
        16.679759407756144
    ],
    "16": [
        -4.123388115312822,
        16.52763054019696
    ],
    "17": [
        -4.214939219384962,
        16.996962583452007
    ],
    "18": [
        -3.802041324558666,
        16.800121173602758
    ],
    "19": [
        -5.219440755569735,
        17.298609250631376
    ],
    "20": [
        -1.076133786466936,
        -8.083743959541206
    ],
    "21": [
        -4.562554460014402,
        16.06343022887197
    ],
    "22": [
        5.260190279139748,
        3.6785361898288276
    ],
    "23": [
        -4.259982129271196,
        16.657084118084253
    ],
    "24": [
        -4.41029477035937,
        16.823303942636535
    ],
    "25": [
        -4.432174390224929,
        16.48804219645409
    ],
    "26": [
        -4.678113968625139,
        16.965952250944888
    ],
    "27": [
        1.730562591816889,
        -1.6291096219672454
    ],
    "28": [
        4.97897173348585,
        0.6995146797326033
    ],
    "29": [
        -2.2621750108331433,
        -8.342005897169681
    ],
    "30": [
        -1.5090880741844441,
        -7.065014344341922
    ],
    "31": [
        2.1493873335756493,
        -2.1137166145286255
    ],
    "32": [
        2.085240347697148,
        -1.9951181234221362
    ],
    "33": [
        -1.8988801884225388,
        -7.2246310254203365
    ],
    "34": [
        -1.4396492159877372,
        -8.014926725420256
    ],
    "35": [
        -1.8972724526215796,
        -7.62647179883545
    ],
    "36": [
        -1.8025868060812626,
        -7.965506611233003
    ],
    "37": [
        -1.8628754935202116,
        -7.949400612566084
    ],
    "38": [
        -2.4095262982274557,
        -7.7459089986898135
    ],
    "39": [
        -2.062484076449353,
        -8.129667728939832
    ],
    "40": [
        -2.254455747063124,
        -8.037631643484886
    ],
    "41": [
        -1.582810907578757,
        -8.360142179619416
    ],
    "42": [
        -1.4462520515529824,
        -7.789675207466235
    ],
    "43": [
        -2.6418647570739813,
        -8.366802242600418
    ],
    "44": [
        -2.256037833385346,
        -7.400814698086016
    ],
    "45": [
        -2.0676066445007573,
        -7.663917993072211
    ],
    "46": [
        -2.0327236202383996,
        -8.817343147358187
    ],
    "47": [
        -2.1380607058549326,
        -7.538806719163457
    ],
    "48": [
        -2.374931763968515,
        -8.72286384656369
    ],
    "49": [
        -1.6707611598878158,
        -8.92365660465969
    ],
    "50": [
        -1.327402407064961,
        -8.7188424312688
    ],
    "51": [
        -2.2243244756098557,
        -8.847339965277758
    ],
    "52": [
        -1.3382829923872859,
        -7.310929085880044
    ],
    "53": [
        6.386182395417554,
        -0.8208706555227696
    ],
    "54": [
        -14.236727656075207,
        5.2640934954909575
    ],
    "55": [
        5.724354672752062,
        -2.8070360451693475
    ],
    "56": [
        4.6680465215526175,
        -4.631582570896864
    ],
    "57": [
        -0.11146055776939376,
        -10.423007648367346
    ],
    "58": [
        5.6930965542608565,
        -3.820873217194091
    ],
    "59": [
        6.498788126975357,
        -0.6844180611521562
    ],
    "60": [
        6.40732421279787,
        -0.7623701125289433
    ],
    "61": [
        6.228282385559064,
        -1.3697735354152751
    ],
    "62": [
        6.243837416847147,
        -1.1631499712906344
    ],
    "63": [
        1.5489959434888958,
        -1.459632715993635
    ],
    "64": [
        -14.323919626526427,
        5.346156689275579
    ],
    "65": [
        -14.940684986567573,
        5.286886416300106
    ],
    "66": [
        -14.190541785838573,
        5.419710964371644
    ],
    "67": [
        2.0654520683292716,
        13.80686085411546
    ],
    "68": [
        2.0559919933735826,
        13.818280366762153
    ],
    "69": [
        0.1802648242650749,
        -8.055853242026426
    ],
    "70": [
        2.332249073554669,
        13.54649339354855
    ],
    "71": [
        7.7188631660930325,
        -2.6096939550426654
    ],
    "72": [
        2.0880056320945433,
        -4.627209797429831
    ],
    "73": [
        -0.9328870769759557,
        -8.505308398696556
    ],
    "74": [
        -1.1138744018989821,
        -8.29512362571461
    ],
    "75": [
        0.5232617856723794,
        -8.209155613410065
    ],
    "76": [
        2.299036309592585,
        13.58017641207287
    ],
    "77": [
        -14.903607257130199,
        5.553437709633916
    ],
    "78": [
        -14.974861818330327,
        5.380553520109936
    ],
    "79": [
        -15.10720327266978,
        5.389304319525569
    ],
    "80": [
        -15.202745217103978,
        5.181716855068786
    ],
    "81": [
        -14.978501927249784,
        5.169694703081761
    ],
    "82": [
        -15.248304741499311,
        5.499343699295752
    ],
    "83": [
        -15.058946392517923,
        5.605173987264263
    ],
    "84": [
        -15.22776549398114,
        5.503939551228033
    ],
    "85": [
        -15.036250989402548,
        5.66957072292005
    ],
    "86": [
        -15.40258992356955,
        5.809393822699118
    ],
    "87": [
        4.669426613221161,
        0.6414707490770457
    ],
    "88": [
        4.580373662734546,
        0.6086816248897566
    ],
    "89": [
        4.954942439652941,
        0.31424966163339185
    ],
    "90": [
        -0.5764102886830739,
        -7.880940753507346
    ],
    "91": [
        5.991651437905174,
        -2.3073092120635277
    ],
    "92": [
        4.994378345353608,
        0.2976352255975474
    ],
    "93": [
        5.1405344505459,
        0.5115704059790396
    ],
    "94": [
        5.134081564901536,
        0.5430164166073688
    ],
    "95": [
        -5.8038225061790545,
        13.726610656916145
    ],
    "96": [
        5.285285014856253,
        0.6197236934012125
    ],
    "97": [
        5.101718516710846,
        3.3504528066803516
    ],
    "98": [
        4.034745295903204,
        -0.3217872273261211
    ],
    "99": [
        5.223686561359708,
        0.6161201311016686
    ],
    "100": [
        -1.6708192953408618,
        -7.489647539003236
    ],
    "101": [
        -2.7001035717882873,
        -7.711757809761529
    ],
    "102": [
        -1.9282332357262357,
        -8.55251929462916
    ],
    "103": [
        -2.6308540595535788,
        -8.177653236073812
    ],
    "104": [
        -2.1244036547909535,
        -8.283557515301574
    ],
    "105": [
        -1.2014359983486498,
        -8.436623014445896
    ],
    "106": [
        -1.7842306214548969,
        -8.340198943885941
    ],
    "107": [
        -2.209319303443863,
        -7.989368891596698
    ],