{
    "0": [
        -0.8412079385682372,
        0.13516834044839376
    ],
    "1": [
        -1.2930145891323779,
        -0.4308176172624675
    ],
    "2": [
        -2.9463985833631945,
        -0.5429988785656842
    ],
    "3": [
        -1.6817017167226869,
        -1.734036116931506
    ],
    "4": [
        -1.4487672750211846,
        0.43000097308659224
    ],
    "5": [
        -0.7181442664579496,
        0.3886569868428795
    ],
    "6": [
        -0.6673967080190994,
        1.0440780500386553
    ],
    "7": [
        -0.6389578285017006,
        -1.1081025001447635
    ],
    "8": [
        -0.9502665872589446,
        0.6290145410970961
    ],
    "9": [
        -0.056675950002976094,
        2.024921694074675
    ],
    "10": [
        -1.1052782103883683,
        0.04227988024825324
    ],
    "11": [
        -0.47218583253815893,
        0.6496337669786776
    ],
    "12": [
        -0.4503119128151152,
        1.2126602999964504
    ],
    "13": [
        -0.202477845402111,
        0.21391060930135364
    ],
    "14": [
        -1.852007847869782,
        1.0226518201068362
    ],
    "15": [
        -1.3604105200289673,
        1.224265752923497
    ],
    "16": [
        -1.2632342845170559,
        0.3540059185115879
    ],
    "17": [
        -0.6910428473203591,
        -1.535827929124491
    ],
    "18": [
        -0.8804674885490709,
        0.8608956453651511
    ],
    "19": [
        -0.9580007372818375,
        -2.186932565682973
    ],
    "20": [
        -0.3166376670434534,
        1.110271868708472
    ],
    "21": [
        -0.5040756134627795,
        0.2746667987345207
    ],
    "22": [
        -0.232936885469341,
        -2.7021784664910053
    ],
    "23": [
        -1.6672754445911782,
        0.9916428476598548
    ],
    "24": [
        -1.136821286359428,
        -3.1611629438313233
    ],
    "25": [
        -2.8276925778100743,
        -1.7033022666664475
    ],
    "26": [
        -1.5569350088092158,
        -2.8200985075634124
    ],
    "27": [
        -2.00597726244073,
        -2.0318187908787957
    ],
    "28": [
        -1.6469866780863445,
        -0.5115335028685518
    ],
    "29": [
        -0.9038829114383802,
        -0.3366904735169166
    ],
    "30": [
        -2.2679101495373555,
        -1.1356878797939456
    ],
    "31": [
        0.3311327104482409,
        -2.84417669054893
    ],
    "32": [
        -2.9499509761004177,
        -1.518837267840886
    ],
    "33": [
        -2.7863960202363174,
        -1.4110921236251937
    ],
    "34": [
        -0.3850663672674539,
        -0.4162384302042007
    ],
    "35": [
        -3.491700662766858,
        -1.0912783093722411
    ],
    "36": [
        0.4906753950948719,
        2.9054676405640247
    ],
    "37": [
        0.2959186299564447,
        2.374363106680363
    ],
    "38": [
        0.41631532416722017,
        2.706354665374843
    ],
    "39": [
        0.5446896511416703,
        3.1125956552863787
    ],
    "40": [
        0.6991318448613555,
        3.0734661803321974
    ],
    "41": [
        -0.1031371631180491,
        2.5492100399870665
    ],
    "42": [
        0.48046620312200083,
        3.2010693886886115
    ],
    "43": [
        0.2504076851448964,
        3.063739567308982
    ],
    "44": [
        0.449655389059469,
        2.5863384520328387
    ],
    "45": [
        0.19323731346339024,
        3.4055544588957556
    ],
    "46": [
        -0.14366398530540891,
        1.6851588256612882
    ],
    "47": [
        -0.059180080030373006,
        2.2454062091075975
    ],
    "48": [
        -3.3685361684204445,
        -0.39022929868479694
    ],
    "49": [
        -4.050429470097276,
        -1.5339318107309263
    ],
    "50": [
        0.04660953451360683,
        1.038906455041966
    ],
    "51": [
        -0.6506558710739991,
        1.4827246986600875
    ],
    "52": [
        -3.7132519887074817,
        -0.5230745391621227
    ],
    "53": [
        -3.2967400666539906,
        0.2578044743007857
    ],
    "54": [
        -2.991124757319069,
        -1.984198381584887
    ],
    "55": [
        -3.3267929002639374,
        0.5366118950736971
    ],
    "56": [
        -3.0162614656986513,
        -1.142909935149067
    ],
    "57": [
        -3.6573034434140066,
        -0.4033021575982162
    ],
    "58": [
        -3.92023006496375,
        -1.0508801790108877
    ],
    "59": [
        -3.711152299343995,
        -1.172629318989137
    ],
    "60": [
        -3.7486175088195655,
        -1.6814809501897954
    ],
    "61": [
        -3.3166506312672936,
        1.210676921357815
    ],
    "62": [
        -3.022923077732523,
        1.026530940587738
    ],
    "63": [
        -3.3451690548366457,
        1.086147382665208
    ],
    "64": [
        -3.35666278608873,
        1.245364994149179
    ],
    "65": [
        -3.1476168675847376,
        0.8359169275764976
    ],
    "66": [
        -4.4967850046267,
        -1.6040950193504764
    ],
    "67": [
        -2.699713525228562,
        0.9438586899131209
    ],
    "68": [
        -2.304383474306592,
        1.2153838929651184
    ],
    "69": [
        13.414298781648718,
        6.225976703578927
    ],
    "70": [
        13.484424918008456,
        6.5393046158074
    ],
    "71": [
        13.363931040377928,
        6.730145939382621
    ],
    "72": [
        13.208356406177806,
        6.531411070820751
    ],
    "73": [
        13.41188909898467,
        6.6879740108354095
    ],
    "74": [
        12.828550515898161,
        5.9297997168539105
    ],
    "75": [
        13.040611878053348,
        6.18683903380801
    ],
    "76": [
        13.720282190903934,
        6.301015370368167
    ],
    "77": [
        13.16312940055438,
        6.14493728302487
    ],
    "78": [
        13.238296455067303,
        6.037258023594286
    ],
    "79": [
        -1.401987437271325,
        1.4830223426624665
    ],
    "80": [
        -1.3779757824183942,
        1.8089272958928109
    ],
    "81": [
        -1.3114364464704042,
        1.791688223696681
    ],
    "82": [
        -0.3648297731484398,
        3.0314355425284134
    ],
    "83": [
        -1.096333965052116,
        -1.8877805678719715
    ],
    "84": [
        -2.4186023086068236,
        1.0196068579202715
    ],
    "85": [
        0.00045150083269618335,
        3.2840819148987532
    ],
    "86": [
        -3.941531983891741,
        -2.0264565629437783
    ],
    "87": [
        -3.545442272727186,
        -1.5699403303224289
    ],
    "88": [
        -4.03135064690858,
        -1.859055431811286
    ],
    "89": [
        -0.6280961159829168,
        -2.00556406423556
    ],
    "90": [
        -0.9071276435344622,
        -2.2936483122702245
    ],
    "91": [
        -0.695778079740446,
        -1.772972560651629
    ],
    "92": [
        -3.4867005487799076,
        -1.993568257060252
    ],
    "93": [
        -3.651773191102004,
        -2.2609255185801813
    ],
    "94": [
        0.6593656852673657,
        -2.5546365719406694
    ],
    "95": [
        -2.437458372636673,
        -2.418169210992862
    ],
    "96": [
        -3.1922981211768136,
        -1.1200115988850357
    ],
    "97": [
        -1.8378922797623893,
        -2.328111755334309
    ],
    "98": [
        -0.9295150300277353,
        -2.898174684344982
    ],
    "99": [
        -3.0381703091587617,
        -2.237025100208409
    ],
    "100": [
        -0.6221388191336601,
        -2.365851343392109
    ],
    "101": [
        -0.7803669907946631,
        -3.982973842103412
    ],
    "102": [
        -1.047819878899821,
        -2.7180611273908615
    ],
    "103": [
        -0.6582720954228929,
        -3.3379857007244578
    ],
    "104": [
        -1.0581719613869254,
        -3.273132514238805
    ],
    "105": [
        -0.3639266545843576,
        -3.7970104226600903
    ],
    "106": [
        0.22324584010420523,
        3.5564377084075196
    ],