{
    "0": [
        0.11173088737669978,
        -0.2513297094576572
    ],
    "1": [
        -0.05423982863343291,
        0.2992534167086731
    ],
    "2": [
        -0.2044292698566288,
        -0.2432405964841493
    ],
    "3": [
        -1.8231080850173864,
        0.6269748583840169
    ],
    "4": [
        -2.017484704374292,
        0.7248814246560613
    ],
    "5": [
        0.6650537273626647,
        -0.582468557458057
    ],
    "6": [
        0.013967130956967111,
        -0.40284855756619464
    ],
    "7": [
        0.017952752108767456,
        -1.579235070408167
    ],
    "8": [
        -0.5009326116012431,
        0.14996685740338478
    ],
    "9": [
        -1.353178722487522,
        0.7243510479175512
    ],
    "10": [
        -2.537757494763829,
        0.9573127646828894
    ],
    "11": [
        -0.3757629943603753,
        -0.5806843546757889
    ],
    "12": [
        -0.044093964398378205,
        -0.8082759260723478
    ],
    "13": [
        0.36270184515313453,
        0.09246802848196722
    ],
    "14": [
        -3.255027690966651,
        -1.252408868882675
    ],
    "15": [
        -0.8990018612046029,
        0.12198894865770882
    ],
    "16": [
        3.4675685530092917,
        -0.07987844981850145
    ],
    "17": [
        0.10309641346741749,
        -1.3321166358235033
    ],
    "18": [
        -1.7233559648971326,
        -2.315009721590066
    ],
    "19": [
        -1.2265225252160032,
        -0.1200975286417929
    ],
    "20": [
        -2.126667248708104,
        -1.489532195279061
    ],
    "21": [
        -2.2177987688537417,
        -2.2759484780191883
    ],
    "22": [
        -2.4635237269984724,
        0.691845302610794
    ],
    "23": [
        0.47921553194954924,
        -0.6463962174956208
    ],
    "24": [
        0.838805484257076,
        -0.8189736229618347
    ],
    "25": [
        -0.6242062511412652,
        -1.4548796552909522
    ],
    "26": [
        -0.9700124185599446,
        -1.2915509519403585
    ],
    "27": [
        1.767542932067709,
        0.3339531771807174
    ],
    "28": [
        0.7823310473306098,
        0.10243522006978623
    ],
    "29": [
        -0.6494800392812436,
        1.3754768392692327
    ],
    "30": [
        -0.8511606775837404,
        1.0668684852483281
    ],
    "31": [
        0.7022718003239987,
        -1.3726321937383261
    ],
    "32": [
        0.7439830575329331,
        0.6036616828496264
    ],
    "33": [
        0.6205135772284223,
        -1.163175471425454
    ],
    "34": [
        0.4129493649452005,
        -0.9732321966119244
    ],
    "35": [
        -2.854424378951501,
        1.1284590204452698
    ],
    "36": [
        1.1405458410664764,
        -0.4624140068947895
    ],
    "37": [
        -1.9672868723889732,
        1.1708576079809134
    ],
    "38": [
        1.414657501218926,
        0.8859087481039012
    ],
    "39": [
        -2.3893150436295922,
        0.9527709488983547
    ],
    "40": [
        -0.9988787151510419,
        -0.6588264098305032
    ],
    "41": [
        -2.408097978354961,
        0.3209826495115635
    ],
    "42": [
        -1.2658340480530352,
        0.2974421359933288
    ],
    "43": [
        2.4481086187999885,
        -1.3733579970852716
    ],
    "44": [
        2.049863661144059,
        0.7590480348591058
    ],
    "45": [
        -1.5968208108686692,
        -0.08213977209634749
    ],
    "46": [
        -2.6229034720909166,
        -0.46029083727148645
    ],
    "47": [
        -1.6349261878134502,
        -1.2058464087916647
    ],
    "48": [
        0.928660892482501,
        -0.8957593922256208
    ],
    "49": [
        2.58968453147682,
        -0.0017498794570158793
    ],
    "50": [
        2.527064539335882,
        0.29645619685123137
    ],
    "51": [
        -1.7700483405646157,
        1.042831398366566
    ],
    "52": [
        1.8039837339409068,
        1.173684834744975
    ],
    "53": [
        -2.0278790604163657,
        -0.0963615158184652
    ],
    "54": [
        -2.128518312662118,
        0.4912824881454583
    ],
    "55": [
        -2.0915497037802684,
        1.6951453191221972
    ],
    "56": [
        -2.852386212859388,
        0.9232568490274744
    ],
    "57": [
        -2.6696806218379,
        2.2911585597838027
    ],
    "58": [
        -2.046672613312273,
        1.876229329608016
    ],
    "59": [
        -2.7787544186378934,
        1.2179304890808496
    ],
    "60": [
        3.749627194165104,
        -1.91895416901923
    ],
    "61": [
        -0.8296607972612726,
        0.656383055597928
    ],
    "62": [
        -0.31521939092571394,
        1.3678772791034604
    ],
    "63": [
        0.6272690348901406,
        1.0746963124969824
    ],
    "64": [
        2.3110510580179167,
        0.05191815094494956
    ],
    "65": [
        3.6817750515425978,
        -1.4172883987360123
    ],
    "66": [
        -1.0582660260434995,
        -0.7531148074614507
    ],
    "67": [
        1.1124983707202514,
        -0.14467598856013097
    ],
    "68": [
        2.090501940432791,
        0.29606202158692696
    ],
    "69": [
        3.1369650100727533,
        0.16135381406587612
    ],
    "70": [
        1.445402837341053,
        -0.21529695386609404
    ],
    "71": [
        -0.12419801005226105,
        -1.9873065333718927
    ],
    "72": [
        2.8692178395503696,
        0.1371810711921313
    ],
    "73": [
        2.740228255107027,
        -0.1953911931566097
    ],
    "74": [
        0.6613475920366945,
        -0.1230843346202235
    ],
    "75": [
        3.535441050958415,
        -1.6936449143909158
    ],
    "76": [
        3.1320721988185127,
        -0.19859483319062576
    ],
    "77": [
        -0.04718709692650691,
        1.4936555724138003
    ],
    "78": [
        0.2648927599908131,
        -0.9431738088318085
    ],
    "79": [
        1.30536349917214,
        -1.56756526730301
    ],
    "80": [
        1.0009590396179817,
        1.7504583166757754
    ],
    "81": [
        2.351329353073286,
        -0.6664929861464799
    ],
    "82": [
        0.3461545226272609,
        1.910934132871283
    ],
    "83": [
        3.7658839446378725,
        -2.464626888086542
    ],
    "84": [
        2.829372624988851,
        0.6196552338485759
    ],
    "85": [
        -0.3645196578957126,
        -1.1207154754047295
    ],
    "86": [
        0.6966179307277649,
        1.678792818931278
    ],
    "87": [
        0.9467730144709989,
        -1.3680129753763524
    ],
    "88": [
        0.3576565402895433,
        0.7371214465879774
    ],
    "89": [
        0.14382877771392444,
        1.3786530300988034
    ],
    "90": [
        0.616153830699167,
        2.2306376002826624
    ],
    "91": [
        -0.9194079617618396,
        -1.8001057556595654
    ],
    "92": [
        3.196169041030217,
        0.5108925429913285
    ],
    "93": [
        2.6436746631118737,
        -0.367825175046562
    ],
    "94": [
        0.6660397767847552,
        1.4386950455438239
    ],
    "95": [
        -2.247272736121557,
        -1.8672606693970621
    ],
    "96": [
        3.03041790189115,
        0.5290482872841054
    ],
    "97": [
        1.5677302274371119,
        -1.0345210253329782
    ],
    "98": [
        2.4468410554410234,
        0.27778156315809355
    ],
    "99": [
        4.453418651715737,
        -2.258273254642141
    ],
    "100": [
        1.2104962781542579,
        0.15551245944955383
    ],
    "101": [
        -0.022988877711691558,
        0.8102889755886054
    ],
    "102": [
        -1.306041780715729,
        1.7651969820383187
    ],
    "103": [
        -2.9559607585541894,
        0.3216062630463057
    ],
    "104": [
        -1.5245625288539504,
        1.2954617093143597
    ],
    "105": [
        -2.4464551876516847,
        1.3670946491970852
    ],
    "106": [
        -1.9699573086844726,
        1.3469279373493706
    ],