{
    "0": [
        1.6781152240319601,
        -3.278260434138793
    ],
    "1": [
        1.3099025855548045,
        -3.412358997679511
    ],
    "2": [
        1.6362127732363665,
        -3.3281560492378794
    ],
    "3": [
        1.9984021047254092,
        -3.3871438645459984
    ],
    "4": [
        0.9750485665554445,
        0.6846254851902158
    ],
    "5": [
        1.8883143009937786,
        -2.9785117586407175
    ],
    "6": [
        1.2675344056289246,
        -3.074395222886009
    ],
    "7": [
        1.7503974004664773,
        -3.076459042098831
    ],
    "8": [
        1.6448762929161163,
        -3.226587832043922
    ],
    "9": [
        1.7153562953776151,
        -3.316914555433212
    ],
    "10": [
        1.675142653247854,
        -3.685085676827761
    ],
    "11": [
        2.866023605145794,
        -3.115409985702173
    ],
    "12": [
        4.774846358031769,
        -0.8618838627932277
    ],
    "13": [
        0.7703472710727012,
        -5.074343480256324
    ],
    "14": [
        -2.363685648173907,
        -2.1538583739915573
    ],
    "15": [
        0.2881149338181227,
        1.5151770056291012
    ],
    "16": [
        1.1128567838786831,
        0.9338960060055292
    ],
    "17": [
        3.0934956109891214,
        -2.9956450187139616
    ],
    "18": [
        5.358360074377665,
        -0.20527405181761083
    ],
    "19": [
        0.47945548783510133,
        -5.326075352089607
    ],
    "20": [
        -2.5039906943432406,
        -2.1393144407355855
    ],
    "21": [
        5.083618930093179,
        -0.3512051032156931
    ],
    "22": [
        0.9323898025029804,
        2.381134222349064
    ],
    "23": [
        5.588614700457979,
        -0.5258105730183709
    ],
    "24": [
        5.454888631868458,
        -0.2363102160794046
    ],
    "25": [
        5.320010115105461,
        -0.07333105962375308
    ],
    "26": [
        5.2507628369101695,
        -0.052509214049249575
    ],
    "27": [
        5.7612752302291295,
        0.08700920146587765
    ],
    "28": [
        5.354387251209488,
        -0.21295684244698787
    ],
    "29": [
        1.2593347220776172,
        2.6442378769412613
    ],
    "30": [
        -3.314687994541817,
        2.4180024825835935
    ],
    "31": [
        -2.80401106557932,
        -2.373158296530274
    ],
    "32": [
        -3.0422318791587353,
        -1.4401640286330295
    ],
    "33": [
        -3.3326455913251705,
        -2.4781395338268846
    ],
    "34": [
        -3.3944205042973294,
        -0.31453541831921283
    ],
    "35": [
        -2.4746588815238884,
        0.9692210546472608
    ],
    "36": [
        -0.5843686607840877,
        -5.5582475669657985
    ],
    "37": [
        -3.0373865497114583,
        -1.178307447121774
    ],
    "38": [
        8.71103226797968,
        -0.19718478650369775
    ],
    "39": [
        8.574424524768414,
        -0.33238907884488755
    ],
    "40": [
        8.846144996716516,
        -0.057123878115289184
    ],
    "41": [
        8.719435403264011,
        -0.18753092727409726
    ],
    "42": [
        8.658703329735275,
        -0.24995463717510136
    ],
    "43": [
        0.03707655742949656,
        -5.4872546453201725
    ],
    "44": [
        -3.4162352263279665,
        -0.2089752822493538
    ],
    "45": [
        -3.509014754260619,
        2.3804586528203706
    ],
    "46": [
        -1.5164387644890474,
        2.569588910992401
    ],
    "47": [
        -3.3109992062512106,
        2.383311390797832
    ],
    "48": [
        -3.459951575834321,
        3.2712563688492873
    ],
    "49": [
        -3.35608263706224,
        2.451427016167337
    ],
    "50": [
        -3.250367525663674,
        2.5222110789026355
    ],
    "51": [
        -2.7437868130048493,
        1.1794880733557083
    ],
    "52": [
        -1.3699381504342243,
        2.541665524760192
    ],
    "53": [
        -5.990697676412465,
        6.57208043865427
    ],
    "54": [
        0.49908659103358577,
        -5.345299718100409
    ],
    "55": [
        -2.1321191982865555,
        1.0732231484059227
    ],
    "56": [
        -2.4723189524181253,
        0.937110282794603
    ],
    "57": [
        -0.6178731934526007,
        -5.562638737195227
    ],
    "58": [
        -0.587682660676814,
        -5.56104713536077
    ],
    "59": [
        0.15468562962337007,
        1.388114729935395
    ],
    "60": [
        3.1364875235455862,
        -2.9781647991647233
    ],
    "61": [
        -4.362325443528211,
        -2.4237960612668283
    ],
    "62": [
        -4.126165493689754,
        -2.4581292572491273
    ],
    "63": [
        -4.46800877958031,
        -2.400473737885651
    ],
    "64": [
        1.2680461600951634,
        2.8213912873367906
    ],
    "65": [
        1.3009490214258106,
        1.2893260647322182
    ],
    "66": [
        1.1815773526396272,
        2.7024733582735263
    ],
    "67": [
        1.5480405949362483,
        2.7712665986343716
    ],
    "68": [
        0.576871202188097,
        2.006392509238158
    ],
    "69": [
        1.3822787494635986,
        2.5885141311537216
    ],
    "70": [
        -5.7824812519219835,
        7.620197305184023
    ],
    "71": [
        -5.848805181090928,
        7.257538973319504
    ],
    "72": [
        -5.759699428805177,
        7.73853229894206
    ],
    "73": [
        0.3146389774391193,
        1.51803413467346
    ],
    "74": [
        -1.1728495325226114,
        2.466372164322976
    ],
    "75": [
        0.6936239795866082,
        1.1509436685822205
    ],
    "76": [
        0.16814956800189218,
        1.5822355290237087
    ],
    "77": [
        1.1809909403328445,
        0.8971378990528085
    ],
    "78": [
        -3.4005423892542677,
        -2.5355660969755673
    ],
    "79": [
        -3.3060805320065842,
        -2.415630727570986
    ],
    "80": [
        -3.3212452353638735,
        -2.5841332110971056
    ],
    "81": [
        -6.0553618217565655,
        6.41588679101072
    ],
    "82": [
        -5.910604334465871,
        6.575160712012045
    ],
    "83": [
        -6.147392435208574,
        6.477702408327541
    ],
    "84": [
        -5.958021758679064,
        6.759307485897384
    ],
    "85": [
        -3.035150896655672,
        -1.1260062541530838
    ]
}