{
    "0": [
        -3.3277749436343704,
        8.198818611257039
    ],
    "1": [
        -3.405210284266201,
        8.199811037262457
    ],
    "2": [
        -3.0847686826941336,
        8.920987350988451
    ],
    "3": [
        -3.1853551568110263,
        7.9257610583575975
    ],
    "4": [
        -6.328748905971138,
        -7.092729476942623
    ],
    "5": [
        -6.262371680856072,
        -7.095202278684811
    ],
    "6": [
        -6.529775098664969,
        -7.098998998046461
    ],
    "7": [
        13.33657118054074,
        -4.75192368000678
    ],
    "8": [
        13.275955353717126,
        -4.7813799987423256
    ],
    "9": [
        1.511155462529774,
        10.622304444182065
    ],
    "10": [
        1.5469060676862545,
        10.667820613704965
    ],
    "11": [
        1.1788153669245096,
        10.085260366897122
    ],
    "12": [
        1.5067717315298612,
        10.62212925795171
    ],
    "13": [
        -2.2841933703145028,
        0.9257969305468837
    ],
    "14": [
        -2.2736864827593806,
        0.9409096082803092
    ],
    "15": [
        -2.105182875713063,
        1.5950800409560328
    ],
    "16": [
        -2.3210261633673923,
        0.9728927622012759
    ],
    "17": [
        1.174949746662036,
        9.258118872307056
    ],
    "18": [
        -1.7320861572661141,
        0.7919595234099366
    ],
    "19": [
        -3.0469335935440003,
        0.9885521042001459
    ],
    "20": [
        0.37975706333404274,
        -0.03540792577117036
    ],
    "21": [
        -2.272674917744751,
        0.9001594353807656
    ],
    "22": [
        12.532200349067924,
        -4.85000290676294
    ],
    "23": [
        12.114338363538103,
        -4.871176226789165
    ],
    "24": [
        -9.296024507302846,
        -7.418894051221821
    ],
    "25": [
        -9.128295346840915,
        -7.548252740798963
    ],
    "26": [
        -10.797926508747551,
        0.2123745188814241
    ],
    "27": [
        -10.5658493720432,
        0.28810839616464545
    ],
    "28": [
        -11.04805225821558,
        0.30542581269710734
    ],
    "29": [
        14.175939585556456,
        -4.708448464194045
    ],
    "30": [
        -1.6135600071536516,
        9.597894255343757
    ],
    "31": [
        -1.690004877094001,
        9.524007692480248
    ],
    "32": [
        0.8439859875310993,
        9.414733286771849
    ],
    "33": [
        0.8230065125466262,
        9.238470784350953
    ],
    "34": [
        -7.219048414198937,
        -7.238875696397683
    ],
    "35": [
        14.579002014678078,
        -4.863962838757005
    ],
    "36": [
        14.845413521553251,
        -5.03732622781124
    ],
    "37": [
        15.426873444282858,
        -5.575365488964306
    ],
    "38": [
        15.419212238177064,
        -5.567914059963776
    ],
    "39": [
        15.527459312111052,
        -5.676986944479407
    ],
    "40": [
        15.435147475583399,
        -5.585339297176755
    ],
    "41": [
        -3.263072555852121,
        1.0351801667660576
    ],
    "42": [
        -3.284442038612964,
        1.0424399682912087
    ],
    "43": [
        0.41621111106064373,
        0.012455434827245204
    ],
    "44": [
        -2.8700906827710098,
        9.0730334657454
    ],
    "45": [
        -1.7693373148291198,
        9.435784662462693
    ],
    "46": [
        -1.6377968302231922,
        9.573433375532632
    ],
    "47": [
        -15.298248382259803,
        7.481249278186859
    ],
    "48": [
        -15.229801854798971,
        7.547225081029314
    ],
    "49": [
        0.3297095765262892,
        -0.08049905232875454
    ],
    "50": [
        -9.167358488641476,
        -7.52262885822044
    ],
    "51": [
        0.23430880281310051,
        8.917594415640966
    ],
    "52": [
        0.19391192495612808,
        8.893639506232002
    ],
    "53": [
        13.750560594118731,
        -4.7325758271187475
    ],
    "54": [
        14.18402421716593,
        -4.700161555417932
    ],
    "55": [
        -7.210012198039006,
        -7.197013466164567
    ],
    "56": [
        0.6954048265572919,
        9.323287467736732
    ],
    "57": [
        -3.0072629770594568,
        7.658250631691436
    ],
    "58": [
        -2.9534677288258715,
        7.5834906934438555
    ],
    "59": [
        -7.1126209901370485,
        -8.716009746548162
    ],
    "60": [
        -7.107482108664118,
        -8.664373503492376
    ],
    "61": [
        -7.144171480612408,
        -9.110625304120765
    ],
    "62": [
        -7.347181332271988,
        -7.5744420759426045
    ],
    "63": [
        -7.323255766588784,
        -7.505299182377348
    ],
    "64": [
        0.8318474193378209,
        9.06801273179006
    ],
    "65": [
        0.863086932284995,
        9.032402473655699
    ],
    "66": [
        8.684642011318836,
        -13.79041309591527
    ],
    "67": [
        8.762537406269043,
        -13.87019337553544
    ],
    "68": [
        8.651841335777654,
        -13.755365731081726
    ],
    "69": [
        4.534361049775276,
        -0.05772271303521315
    ],
    "70": [
        4.578055813663887,
        -0.03545649660611039
    ],
    "71": [
        11.653289806913456,
        -4.901051088968575
    ],
    "72": [
        11.696725949971807,
        -4.898112173818929
    ],
    "73": [
        -15.20723419395701,
        7.573840089964158
    ],
    "74": [
        -11.239477376914028,
        0.3662838181405593
    ],
    "75": [
        -11.1932502391556,
        0.3538446409036382
    ],
    "76": [
        -2.096856361466925,
        1.6286719339826647
    ],
    "77": [
        4.8186942823297825,
        0.1191473669257348
    ],
    "78": [
        12.115138611415308,
        -4.870874100963956
    ],
    "79": [
        -9.042163927668561,
        -7.646274936903621
    ],
    "80": [
        -7.150069202707909,
        -9.188574521696458
    ],
    "81": [
        0.14225854614164257,
        -0.4084863569344588
    ],
    "82": [
        0.14031458610778125,
        -0.41288005278053874
    ],
    "83": [
        5.59761423614048,
        0.3849881236073286
    ],
    "84": [
        5.590091073040414,
        0.38451510331634786
    ],
    "85": [
        13.271444235513602,
        -4.786046700293966
    ],
    "86": [
        -3.104456342141604,
        8.929090611510695
    ],
    "87": [
        5.628716493907701,
        0.4032091516985138
    ],
    "88": [
        -10.315634498635944,
        0.4215872143505026
    ],
    "89": [
        -10.36127406999137,
        0.3924063254906337
    ],
    "90": [
        -1.6941074348300362,
        0.7802643186138412
    ],
    "91": [
        -7.59663859950449,
        -6.738287832402407
    ],
    "92": [
        -7.568234995729008,
        -6.770746447155037
    ],
    "93": [
        4.815297957435778,
        0.11959668122411127
    ]
}