{
    "0": [
        -5.053980485717678,
        -3.8833887391078377
    ],
    "1": [
        -5.305786864759845,
        -3.6501695834547276
    ],
    "2": [
        -4.72705848634665,
        5.390730139024715
    ],
    "3": [
        -5.436231493986011,
        -3.8567988159742073
    ],
    "4": [
        -5.290127358915308,
        -3.614620033721605
    ],
    "5": [
        -5.019756840260252,
        -3.2568357849058374
    ],
    "6": [
        -5.484551853669377,
        -3.6715639103575186
    ],
    "7": [
        -2.3496538239485893,
        3.8338371027690306
    ],
    "8": [
        0.7052482412870058,
        2.2908280570311415
    ],
    "9": [
        -2.9854875842210973,
        4.188441730168683
    ],
    "10": [
        2.0637023327875,
        -9.652338279537934
    ],
    "11": [
        0.9100312380770661,
        2.103235461172913
    ],
    "12": [
        0.6937832708230847,
        2.302798606984581
    ],
    "13": [
        1.2843093740164695,
        1.3290608490199405
    ],
    "14": [
        0.38493454680789374,
        9.202408631720877
    ],
    "15": [
        0.5604963907929922,
        2.428268138492953
    ],
    "16": [
        0.8022984508551687,
        2.2001263009766587
    ],
    "17": [
        10.67753583753915,
        -4.87344877603024
    ],
    "18": [
        0.3537291253563035,
        2.6504027985631304
    ],
    "19": [
        2.3929238142295772,
        -9.251288295042208
    ],
    "20": [
        1.4808893742551754,
        -9.490092020116375
    ],
    "21": [
        1.82818601319901,
        -9.633834700468665
    ],
    "22": [
        1.9909679285688304,
        -9.730535517519032
    ],
    "23": [
        2.149388551190088,
        -9.579917044936904
    ],
    "24": [
        2.0017459861379363,
        -9.400232048782037
    ],
    "25": [
        2.5709941364450892,
        -9.63881537213827
    ],
    "26": [
        2.2168688611738565,
        -9.881083727970593
    ],
    "27": [
        2.3839506587040207,
        -10.10209351973136
    ],
    "28": [
        1.7113573799103703,
        -9.778319248604223
    ],
    "29": [
        -4.192314918647959,
        5.4739353557945885
    ],
    "30": [
        -3.4324787627525115,
        4.544044521464699
    ],
    "31": [
        -4.442844138582265,
        5.921605355854327
    ],
    "32": [
        -4.677547448402739,
        5.861316693588972
    ],
    "33": [
        -4.795220474579869,
        5.339576917951659
    ],
    "34": [
        -0.05377844673517007,
        9.290684028367364
    ],
    "35": [
        -4.491847006504015,
        5.411360703206615
    ],
    "36": [
        -4.615933807639377,
        5.220614021461381
    ],
    "37": [
        -5.297693350326853,
        5.007588680102216
    ],
    "38": [
        -4.980815075907043,
        5.46695197549935
    ],
    "39": [
        -4.753188115809603,
        5.628869166454358
    ],
    "40": [
        -4.798248583802395,
        4.941007381326171
    ],
    "41": [
        -5.258241527986749,
        5.397339161813623
    ],
    "42": [
        0.6111549507907273,
        9.5240165163058
    ],
    "43": [
        0.378239591839726,
        9.19083664549135
    ],
    "44": [
        0.7466548164391429,
        9.1195687619199
    ],
    "45": [
        0.13591718789703855,
        8.995942085593231
    ],
    "46": [
        1.302962376492579,
        1.2974732571048477
    ],
    "47": [
        -2.922019423076681,
        4.121710332647971
    ],
    "48": [
        -2.9385355369356123,
        4.13295102818541
    ],
    "49": [
        -3.1231311909255357,
        4.329654829092401
    ],
    "50": [
        10.62026687240123,
        -4.961698960832006
    ],
    "51": [
        10.569602908253193,
        -4.5169719256148095
    ],
    "52": [
        10.699975316248347,
        -4.786773718932123
    ],
    "53": [
        10.40595675940737,
        -5.116772229935253
    ],
    "54": [
        11.095334325763622,
        -4.816791470617199
    ],
    "55": [
        10.697065982749624,
        -4.992801510819873
    ]
}