{
    "0": [
        2.2880351240658316,
        -7.717996861484599
    ],
    "1": [
        2.214989940119142,
        -7.821644110768492
    ],
    "2": [
        2.46730758162126,
        -7.454548908552271
    ],
    "3": [
        1.1358309783174851,
        0.05659678073387209
    ],
    "4": [
        0.9618060779773153,
        -0.11443005434176579
    ],
    "5": [
        -0.666106026608037,
        8.22458368479064
    ],
    "6": [
        -2.190971941421554,
        8.027805084343706
    ],
    "7": [
        -0.6769285462643148,
        8.254735074938322
    ],
    "8": [
        -0.6320976063392222,
        8.212432499843029
    ],
    "9": [
        -4.654814402116231,
        6.483313858346191
    ],
    "10": [
        -4.562595932754142,
        6.466233144352213
    ],
    "11": [
        3.4429140762863697,
        -1.5063427956449273
    ],
    "12": [
        3.3269430599563696,
        -1.3735839358023914
    ],
    "13": [
        2.5136015421026316,
        -7.401420986735264
    ],
    "14": [
        5.670371275580047,
        0.6068449281008479
    ],
    "15": [
        -5.436844742444946,
        -9.639170724489336
    ],
    "16": [
        -5.510994403406896,
        -9.711818666629616
    ],
    "17": [
        5.949499761126225,
        1.6218160195057587
    ],
    "18": [
        6.034363547069786,
        1.6956510976617416
    ],
    "19": [
        -3.5897711981930884,
        -2.1265264623876474
    ],
    "20": [
        -3.496987752981627,
        -2.205849037829423
    ],
    "21": [
        -3.9029373898762634,
        -2.0035146278941633
    ],
    "22": [
        -3.5390760579793614,
        -2.2502585874816563
    ],
    "23": [
        -3.698672460696209,
        -2.0411024250375136
    ],
    "24": [
        -2.8882738541722093,
        -2.0441958634242967
    ],
    "25": [
        6.779267613924844,
        0.47511320877174246
    ],
    "26": [
        6.76394927412724,
        0.513468680376385
    ],
    "27": [
        6.814548036661507,
        0.47505871277014977
    ],
    "28": [
        6.9008715789632875,
        0.387677884742033
    ],
    "29": [
        5.966090799859722,
        0.5426060649174129
    ],
    "30": [
        4.943938732483289,
        -1.4888603180063018
    ],
    "31": [
        4.84439615167155,
        -1.3910880369864471
    ],
    "32": [
        1.7952904563606804,
        -1.7009297093772313
    ],
    "33": [
        -2.081407259695303,
        -1.977200937797612
    ],
    "34": [
        1.2893772317812142,
        -0.7705810619133913
    ],
    "35": [
        1.789324807305153,
        -2.3780542753830667
    ],
    "36": [
        1.7420937395718235,
        -1.7254409700382927
    ],
    "37": [
        4.066185712338958,
        -1.1048467805035398
    ],
    "38": [
        1.808135121037742,
        -1.6883832074267175
    ],
    "39": [
        -0.2769366567913507,
        -5.904904274773994
    ],
    "40": [
        -5.016557652127694,
        5.932131198574023
    ],
    "41": [
        -4.981434622576403,
        5.99473013512657
    ],
    "42": [
        -3.263532418111327,
        7.659936011905009
    ],
    "43": [
        -3.2553439772476573,
        7.659273258472622
    ],
    "44": [
        3.298171292354792,
        -1.3708701603918965
    ],
    "45": [
        1.788518624483372,
        -2.412843077551829
    ],
    "46": [
        4.90620157713068,
        -1.439367410630095
    ],
    "47": [
        4.844227332279712,
        -1.3692796353580068
    ],
    "48": [
        3.279037177690771,
        -1.3527324847636815
    ],
    "49": [
        -0.2749509201262773,
        -5.900988866245704
    ],
    "50": [
        0.8892144096251483,
        -0.18587265704814993
    ],
    "51": [
        0.7001071302364784,
        -0.18865009161802648
    ],
    "52": [
        0.9830265077293151,
        0.0029012644205734794
    ],
    "53": [
        -1.8617303745027516,
        -9.16202616674211
    ],
    "54": [
        6.095865466826269,
        1.7689171129828414
    ],
    "55": [
        -4.023305139934487,
        6.227259387262384
    ],
    "56": [
        -3.990175712112555,
        6.218930242659729
    ],
    "57": [
        -6.322625792620564,
        3.1753985964168128
    ],
    "58": [
        -6.319261101617044,
        3.1823634913234913
    ],
    "59": [
        -2.0303051078369485,
        8.19151132164236
    ],
    "60": [
        -5.453708400013289,
        -9.65334924874305
    ],
    "61": [
        -2.306889179808227,
        7.859630367281563
    ],
    "62": [
        -2.2269071892530414,
        8.003802858112639
    ],
    "63": [
        -2.1813812997108752,
        8.044120604547347
    ],
    "64": [
        -4.571336977972614,
        6.399599203230256
    ],
    "65": [
        -4.477731673036365,
        6.68923204907083
    ],
    "66": [
        -5.384736953312029,
        -9.582877463452185
    ],
    "67": [
        -2.099670187237753,
        -1.967919017056103
    ],
    "68": [
        5.616809509188201,
        0.6117888843808057
    ],
    "69": [
        -1.8650764893237999,
        -9.16882564914586
    ],
    "70": [
        -1.4407765189321102,
        -2.103149047789329
    ],
    "71": [
        -1.4468519453037776,
        -2.075851573746383
    ],
    "72": [
        -1.3106053833958629,
        -2.188166540611548
    ]
}