{
    "0": [
        8.871549580431058,
        7.073861449052949
    ],
    "1": [
        9.415060432036523,
        7.243714321222918
    ],
    "2": [
        8.795458457037222,
        7.114891018954637
    ],
    "3": [
        -8.940706216071636,
        -2.815748799031717
    ],
    "4": [
        -6.975727354544938,
        -5.024263259619124
    ],
    "5": [
        -7.6279898136339614,
        -4.97245659160296
    ],
    "6": [
        -9.051517419621476,
        -3.70297771316535
    ],
    "7": [
        10.104507744772668,
        7.0699802166671075
    ],
    "8": [
        -7.680681830427057,
        -2.664137045963989
    ],
    "9": [
        -8.171384531173908,
        -4.4962765694877325
    ],
    "10": [
        -8.453211764577723,
        -3.7834021162028164
    ],
    "11": [
        -8.129006808977868,
        -3.5225743942413605
    ],
    "12": [
        9.439266130517137,
        7.77079481315051
    ],
    "13": [
        3.068833009313192,
        -3.69484972366841
    ],
    "14": [
        3.1795293017704767,
        -3.6142265757206133
    ],
    "15": [
        -2.4811457213862145,
        1.3288994069113935
    ],
    "16": [
        -2.5088704837633293,
        1.1990749462601966
    ],
    "17": [
        9.245043533522857,
        7.157121393125936
    ],
    "18": [
        9.496179521374618,
        7.642660144725975
    ],
    "19": [
        3.3705877721048716,
        -3.442490145116221
    ],
    "20": [
        3.3160491631132603,
        -3.2484596230597007
    ],
    "21": [
        -2.5966492564985946,
        0.8992676486157043
    ],
    "22": [
        -7.0390319229848295,
        -3.2597272687104515
    ],
    "23": [
        -8.525990103248798,
        -4.173343330886978
    ],
    "24": [
        6.945747182865847,
        -0.07838356281127556
    ],
    "25": [
        7.342669096378065,
        -0.36638441858295645
    ],
    "26": [
        -7.62348136219221,
        1.0536133446866975
    ],
    "27": [
        -7.595419938272213,
        1.3325678998618435
    ],
    "28": [
        -7.610846158543051,
        0.7282508749141293
    ],
    "29": [
        2.4444894927474574,
        9.82984913874784
    ],
    "30": [
        2.219252955908814,
        10.05727025913789
    ],
    "31": [
        2.905154591784007,
        9.552160708924918
    ],
    "32": [
        7.318989038701809,
        1.5532697480877717
    ],
    "33": [
        7.3756793305908115,
        1.4627994814763974
    ],
    "34": [
        -4.031563967802478,
        -6.699687535727654
    ],
    "35": [
        -4.218946968038635,
        -6.524380248850577
    ],
    "36": [
        7.53588302243999,
        -3.863740506194869
    ],
    "37": [
        7.567870548887995,
        -3.196146960179778
    ],
    "38": [
        7.661967159339831,
        -3.797726558680225
    ],
    "39": [
        7.25503206463433,
        -4.193607064485516
    ],
    "40": [
        7.601371813931901,
        -3.871774783332639
    ],
    "41": [
        7.387984416616191,
        -4.05230295491517
    ],
    "42": [
        1.540746530729034,
        -2.935604421688146
    ],
    "43": [
        2.9528411815007605,
        -2.680605857230476
    ],
    "44": [
        1.1446126065145155,
        -3.0498002076382935
    ],
    "45": [
        0.8596857751933279,
        -2.83722473202203
    ],
    "46": [
        7.698619494399578,
        -0.4095430000841144
    ],
    "47": [
        7.1029285325226645,
        -0.15430493313817034
    ],
    "48": [
        7.568689513569145,
        -0.6319405786139967
    ],
    "49": [
        7.955164583458028,
        0.28968803113318786
    ],
    "50": [
        7.7492832458008065,
        -0.7592638459977191
    ],
    "51": [
        7.202090546154518,
        -0.9744662479944178
    ],
    "52": [
        7.410511092201038,
        -0.6879840512943707
    ],
    "53": [
        -0.21979981215782718,
        18.121560209954115
    ],
    "54": [
        7.226382037876164,
        -0.7345225736074776
    ],
    "55": [
        7.142780767084478,
        -0.4136829696359057
    ],
    "56": [
        7.421310018239509,
        -0.49765363283340436
    ],
    "57": [
        2.790131113051462,
        -2.8277403259948155
    ],
    "58": [
        3.0748115092624633,
        -2.475361005599382
    ],
    "59": [
        3.178212035520877,
        -2.580778880477557
    ],
    "60": [
        7.595076614908427,
        -3.2109398880209024
    ],
    "61": [
        -5.905599943883431,
        -1.4607081088962288
    ],
    "62": [
        -6.044505646057007,
        -1.635137610340061
    ],
    "63": [
        3.232235479337713,
        -2.3460980876909625
    ],
    "64": [
        7.967452194847402,
        0.2967950488911214
    ],
    "65": [
        -7.5026400010352585,
        0.4857513836558969
    ],
    "66": [
        -2.3672697936707934,
        1.1190533971238639
    ],
    "67": [
        -0.21995044916809026,
        18.121928615300565
    ],
    "68": [
        2.218143423018987,
        10.05898214834345
    ],
    "69": [
        3.2647327325524356,
        9.270575593177384
    ],
    "70": [
        3.539768397029127,
        9.02081948824959
    ],
    "71": [
        1.001132149184387,
        -2.9743147902023908
    ],
    "72": [
        3.554327633267894,
        9.007420050870921
    ],
    "73": [
        -7.706474492942856,
        -3.595975979534478
    ],
    "74": [
        -7.588711141067824,
        1.3968172955859108
    ],
    "75": [
        -7.219773086989669,
        -4.8008430601588366
    ],
    "76": [
        -9.178541017243125,
        -4.0158414467301675
    ],
    "77": [
        -7.982560994556771,
        -4.091532748748651
    ],
    "78": [
        -8.323260655351547,
        -5.195265222088636
    ],
    "79": [
        -7.176957822868997,
        -3.6348037533001385
    ],
    "80": [
        -8.957377460509466,
        -4.626762177749232
    ],
    "81": [
        -7.359618377607676,
        -4.073853130563862
    ],
    "82": [
        -7.576975428289144,
        -4.1401818218698665
    ],
    "83": [
        -7.609561393420771,
        -3.990066664108235
    ],
    "84": [
        -7.0253605694368115,
        -2.771191383973094
    ],
    "85": [
        -8.161098374662082,
        -4.909121660072738
    ],
    "86": [
        -7.552948942151062,
        -2.5297610818647116
    ],
    "87": [
        -7.5577421018946485,
        -3.4358772780240945
    ],
    "88": [
        -8.746332117759048,
        -3.4646921526417462
    ],
    "89": [
        -7.906413228726741,
        -3.0065621516057117
    ],
    "90": [
        -4.35697316932937,
        -6.403050172985432
    ],
    "91": [
        -8.631818284695097,
        -4.603934923206585
    ],
    "92": [
        -9.245517425283875,
        -3.4837001718590135
    ],
    "93": [
        -6.603841526377825,
        -3.376236243494426
    ],
    "94": [
        -7.573537818170706,
        -4.552295287310459
    ],
    "95": [
        -8.413083273874799,
        -2.431282751840157
    ],
    "96": [
        -6.262831079216397,
        -3.9935593599162726
    ],
    "97": [
        -8.366824411870619,
        -3.207463306295269
    ],
    "98": [
        -6.853238887145272,
        -4.459887847823107
    ],
    "99": [
        -7.758526289675446,
        -4.679407820312269
    ],
    "100": [
        -6.606168468149028,
        -3.9582777646172405
    ],
    "101": [
        2.8620291052936033,
        9.597396627327418
    ],
    "102": [
        -7.6442472983054035,
        0.6517560323029782
    ],
    "103": [
        10.47653833356833,
        6.2228996826666085
    ],
    "104": [
        10.4108921346408,
        6.281156510577418
    ],
    "105": [
        9.905753587077916,
        7.428526316989216
    ],
    "106": [
        9.312162206086061,
        6.747970302906978
    ],
    "107": [
        9.45917814737723,
        7.542950864582886
    ],