{
    "0": [
        2.6878732868408517,
        3.6846917298610413
    ],
    "1": [
        2.777348685437436,
        3.4944075506328303
    ],
    "2": [
        -8.771887785639622,
        4.903879141425945
    ],
    "3": [
        -8.915251738362116,
        5.025429484609894
    ],
    "4": [
        -8.627199891213776,
        4.787878675848635
    ],
    "5": [
        2.930126874962571,
        3.3249201147976666
    ],
    "6": [
        -9.00193213648713,
        -9.80944858775754
    ],
    "7": [
        -8.914120538346182,
        -9.71615450463546
    ],
    "8": [
        -9.036860412624884,
        -9.84250093505873
    ],
    "9": [
        -9.059950395762694,
        -9.859990798298012
    ],
    "10": [
        2.204585154825373,
        -11.143919621511266
    ],
    "11": [
        -1.1473935539679414,
        3.634251302677956
    ],
    "12": [
        -1.1497138903172281,
        3.6219514626963396
    ],
    "13": [
        -0.36599860461078215,
        3.559186636405703
    ],
    "14": [
        -1.1662431417729486,
        3.637622913576829
    ],
    "15": [
        1.3956843183286336,
        2.6834055864626944
    ],
    "16": [
        1.0645711780751614,
        2.7154609264950484
    ],
    "17": [
        9.501533818804017,
        -2.080134222807415
    ],
    "18": [
        9.287940046806487,
        -1.7616613196018645
    ],
    "19": [
        9.519822978259318,
        -2.0968957777619077
    ],
    "20": [
        1.9449194770474874,
        -1.904967685743035
    ],
    "21": [
        1.748353874348624,
        -2.0961072561358236
    ],
    "22": [
        2.203434012536082,
        -11.155966561672452
    ],
    "23": [
        0.3953837907195692,
        3.5288003911411816
    ],
    "24": [
        -0.7339840341977797,
        6.174354481519707
    ],
    "25": [
        0.8269990369143785,
        3.5951815661504924
    ],
    "26": [
        0.39560493206473124,
        3.5212224636104907
    ],
    "27": [
        3.100683665637201,
        0.6321962363739111
    ],
    "28": [
        3.1412278986457753,
        0.838315120921695
    ],
    "29": [
        1.314164032587363,
        -7.741403013116191
    ],
    "30": [
        1.4005300087875714,
        -7.798670676143335
    ],
    "31": [
        1.0358243758284809,
        2.700389654642811
    ],
    "32": [
        3.157454755289131,
        1.001007635416387
    ],
    "33": [
        3.2403676586688053,
        3.607058913452476
    ],
    "34": [
        2.9330909091362405,
        3.336843408371576
    ],
    "35": [
        1.4445987052965703,
        -7.839369181611277
    ],
    "36": [
        1.4036257075896326,
        -7.180999840405352
    ],
    "37": [
        1.946307310480622,
        -10.257006128604313
    ],
    "38": [
        1.3927242041536023,
        -7.802558888420386
    ],
    "39": [
        -0.8398716592164264,
        6.601444611574248
    ],
    "40": [
        -0.8199390658424415,
        6.519343771497184
    ],
    "41": [
        2.596689260777783,
        -11.884623359593531
    ],
    "42": [
        2.037761677986104,
        -10.56235114511007
    ],
    "43": [
        3.8535250653933937,
        4.346917955092186
    ],
    "44": [
        3.8629439483306474,
        4.355693509534225
    ],
    "45": [
        1.4378613723213638,
        -6.847263413853016
    ],
    "46": [
        1.427074709146519,
        -6.937791440348374
    ],
    "47": [
        2.52375219866808,
        -11.828431826306241
    ],
    "48": [
        2.733100801411045,
        -12.036947879006018
    ],
    "49": [
        2.426451433872453,
        3.3370657185086725
    ],
    "50": [
        -10.382010125390117,
        10.062163723002495
    ],
    "51": [
        -10.29360347222558,
        10.152434469107266
    ],
    "52": [
        1.9185918821361048,
        -1.9331021316470232
    ],
    "53": [
        2.1069468619204743,
        -1.7412753397265546
    ],
    "54": [
        1.2325114996638642,
        -2.647135663781163
    ],
    "55": [
        2.0150409709239407,
        -1.8228232156169635
    ],
    "56": [
        2.7473522136604,
        3.54844448850567
    ],
    "57": [
        1.2202077838992604,
        -2.66003265817118
    ],
    "58": [
        -2.7123644714852597,
        12.379286366014856
    ],
    "59": [
        -3.009646251447066,
        12.650587008043027
    ],
    "60": [
        -2.6869028540463233,
        12.356016667165537
    ],
    "61": [
        1.9216949880625624,
        -10.183009499042525
    ],
    "62": [
        9.27068197679581,
        -1.7363030459736781
    ],
    "63": [
        -3.0773126169257745,
        12.714846005753351
    ],
    "64": [
        -0.726861503747573,
        6.1360775699728745
    ],
    "65": [
        -10.35752765901402,
        10.087245612306893
    ],
    "66": [
        -10.469213231731164,
        9.977704056163706
    ],
    "67": [
        2.538819691333337,
        3.675118688127205
    ]
}