{
    "0": [
        2.5518462642230837,
        -3.5868166403597668
    ],
    "1": [
        2.0332147340072595,
        -3.672051006646121
    ],
    "2": [
        -3.213282261704862,
        -2.4220092452135016
    ],
    "3": [
        -3.134974234058231,
        -2.4065065348348647
    ],
    "4": [
        5.6151841566525915,
        8.6370565758745
    ],
    "5": [
        5.621502544368985,
        8.644868266952836
    ],
    "6": [
        1.1346686291643935,
        3.671111434353039
    ],
    "7": [
        1.0658315023845875,
        3.6330684590495514
    ],
    "8": [
        1.7982226403694117,
        -4.217069511048478
    ],
    "9": [
        -0.5691201702728583,
        -1.6637698160553012
    ],
    "10": [
        -0.14061087447918807,
        -2.3606530596541933
    ],
    "11": [
        1.5558869656324776,
        -3.7414249156086834
    ],
    "12": [
        5.945982042634563,
        9.016338852786554
    ],
    "13": [
        5.943948122002749,
        9.013621088087485
    ],
    "14": [
        6.4635341388703615,
        9.637212394408342
    ],
    "15": [
        -1.5091551300789303,
        6.306031923597271
    ],
    "16": [
        -1.4523631886045953,
        6.255871584316857
    ],
    "17": [
        6.443177502399047,
        9.617988295796994
    ],
    "18": [
        6.656186766798491,
        9.848486480953806
    ],
    "19": [
        -0.07323055681405322,
        -2.40960670426001
    ],
    "20": [
        -2.7669810233349974,
        -2.3426956463153714
    ],
    "21": [
        -2.7251798845805784,
        -2.331676954872471
    ],
    "22": [
        -7.851262871970332,
        5.7555200671012265
    ],
    "23": [
        -7.910346156453952,
        5.6967255664456165
    ],
    "24": [
        -7.903412731254301,
        5.707719191526444
    ],
    "25": [
        -7.685712716944667,
        5.9341527141768715
    ],
    "26": [
        -1.9477778513789255,
        -9.731335186305357
    ],
    "27": [
        -1.8293332026272706,
        -9.6023581561331
    ],
    "28": [
        1.3088377139159157,
        4.110079213160878
    ],
    "29": [
        -0.08544158285613856,
        -1.8928268856187485
    ],
    "30": [
        -0.09948079957137379,
        -1.7866993592649234
    ],
    "31": [
        4.146517104765346,
        -1.9670623204693138
    ],
    "32": [
        4.137607616637175,
        -1.9686394811669046
    ],
    "33": [
        -1.265141094955885,
        6.082458716059556
    ],
    "34": [
        0.5192562427886853,
        0.6071777034440133
    ],
    "35": [
        0.5191534333347991,
        0.6060590385768387
    ],
    "36": [
        -1.024306338541203,
        5.853978896249224
    ],
    "37": [
        -1.707400094078832,
        -9.462739236934208
    ],
    "38": [
        1.6954460888521115,
        -3.4709498188828256
    ],
    "39": [
        2.1905581529961093,
        -4.143316645413716
    ],
    "40": [
        2.1085559933774913,
        -3.37611675153228
    ],
    "41": [
        2.0516118992693033,
        -3.651820894539092
    ],
    "42": [
        2.336048355288439,
        -3.9122200988861318
    ],
    "43": [
        1.938690825115997,
        -3.71722057842356
    ],
    "44": [
        2.2782655283639612,
        -3.1868607939491325
    ],
    "45": [
        0.3246723096697861,
        -2.6611190511388303
    ],
    "46": [
        2.0540026164807,
        -3.739799491439468
    ],
    "47": [
        -3.3640940405937885,
        -6.295205377319823
    ],
    "48": [
        -3.6482636934461548,
        -6.981369172031551
    ],
    "49": [
        -3.5175976232913624,
        -6.172960296423023
    ],
    "50": [
        -3.06099228370034,
        -6.330749946538444
    ],
    "51": [
        -3.322765762560234,
        -6.373745386198878
    ],
    "52": [
        -3.3837591266124405,
        -6.24717762871253
    ],
    "53": [
        -0.6787429415029399,
        -2.4191077425118763
    ],
    "54": [
        -0.6278896420726048,
        -2.414779145444101
    ],
    "55": [
        1.0187574473813363,
        3.6067913781308643
    ],
    "56": [
        -0.6438070576063792,
        3.59437487165205
    ],
    "57": [
        -0.5738725049381255,
        3.5051819907008244
    ],
    "58": [
        -0.7758179599870662,
        3.693656903415208
    ],
    "59": [
        -3.745562776157388,
        -7.273522884055048
    ],
    "60": [
        -3.7714055983908983,
        -7.359605265727664
    ],
    "61": [
        -0.918540659051424,
        5.752094652553438
    ],
    "62": [
        0.8410885288262708,
        2.9729531060743875
    ],
    "63": [
        1.8849593768017106,
        3.299932402372298
    ],
    "64": [
        1.9138916824591465,
        3.281355632864573
    ],
    "65": [
        0.8305175086400203,
        2.9517202292477056
    ]
}