{
    "0": [
        -1.628276553619484,
        -0.38257963209363965
    ],
    "1": [
        -0.43314472698957,
        0.7589730120131911
    ],
    "2": [
        -0.9850659842137073,
        1.122047211235287
    ],
    "3": [
        -3.530855045281178,
        -0.9505577180680184
    ],
    "4": [
        -0.3239742522635281,
        0.25878191922121485
    ],
    "5": [
        -0.9695258650831162,
        -0.44555865133680056
    ],
    "6": [
        -0.5691067831793567,
        -1.2725197202936278
    ],
    "7": [
        -0.35877116769125417,
        -0.22175619809872615
    ],
    "8": [
        0.33394935768549344,
        -1.176190531584807
    ],
    "9": [
        1.0379476878588014,
        -0.038757046488942494
    ],
    "10": [
        -0.4557795083961429,
        2.0171444559556875
    ],
    "11": [
        -1.1137888934681173,
        -1.8535995776899414
    ],
    "12": [
        -1.8262286713697427,
        0.4685221552747151
    ],
    "13": [
        0.4304734362739544,
        1.2127839400386426
    ]
}