{
    "0": [
        -0.1527909214410829,
        -0.6511865691336168
    ],
    "1": [
        -0.11357109936005783,
        0.5776695721509458
    ],
    "2": [
        -0.15443779772049324,
        -2.4744807943007427
    ],
    "3": [
        1.1429131238157635,
        -0.9056587009434307
    ],
    "4": [
        0.40574849248363515,
        -1.2923905468569779
    ],
    "5": [
        0.5627518946240543,
        -0.01511693083462826
    ],
    "6": [
        -0.4559915358781212,
        -1.211018411499056
    ],
    "7": [
        1.2299392722669387,
        0.29687476868189816
    ],
    "8": [
        -1.1349302031067001,
        0.18754699867541227
    ],
    "9": [
        -1.106370634216248,
        -2.2075820952034486
    ],
    "10": [
        2.2267021803578704,
        -0.3058775349830989
    ],
    "11": [
        0.35627513583612747,
        1.401528158511433
    ],
    "12": [
        -0.9799060143919351,
        1.087959996282217
    ],
    "13": [
        1.0765522106010996,
        1.618922462418856
    ],
    "14": [
        -1.7977635464572028,
        1.3092154619707008
    ]
}