{
    "0": [
        0.2816125632784659,
        0.1261357528338676
    ],
    "1": [
        -0.0777494050005183,
        -1.5214002400682398
    ],
    "2": [
        0.8015444989596309,
        1.6167376100804096
    ],
    "3": [
        1.2246853712498345,
        0.3861291428846305
    ],
    "4": [
        -0.2097938474153498,
        0.7792470351774001
    ],
    "5": [
        -0.4298759326013937,
        -0.18157365679806808
    ],
    "6": [
        -0.20755728360113193,
        1.538734667392167
    ],
    "7": [
        -1.2886827084499446,
        -0.08925856562207327
    ],
    "8": [
        1.1100298311679864,
        -0.7150217937386336
    ],
    "9": [
        1.8713351007170358,
        0.9309960046151277
    ],
    "10": [
        -1.209258900941641,
        0.8545070402309487
    ],
    "11": [
        -1.1962911342157683,
        -0.9822484997322931
    ],
    "12": [
        2.0985847771759403,
        -0.2615954933074307
    ]
}