{
    "0": [
        0.37203316916018264,
        -2.0546974575739076
    ],
    "1": [
        1.5096777004168918,
        0.27876036400844495
    ],
    "2": [
        1.076510233827988,
        -0.625103218547957
    ],
    "3": [
        -2.012021084001373,
        1.8707087241924214
    ],
    "4": [
        0.6644838374741803,
        -0.20014399438563177
    ],
    "5": [
        0.1980293093651815,
        1.469453953209606
    ],
    "6": [
        -0.03261453280886029,
        0.1529096061641984
    ],
    "7": [
        1.5976999906623608,
        1.1095562915555892
    ],
    "8": [
        -0.6508035899851138,
        -0.8275556856729169
    ],
    "9": [
        2.3471147361463562,
        0.8368979211516404
    ],
    "10": [
        -0.2868891500595062,
        0.766592992928854
    ],
    "11": [
        0.5914305612381607,
        -1.135525459199404
    ],
    "12": [
        1.7575209229092796,
        -1.8164579939085084
    ],
    "13": [
        2.540367713037085,
        -0.48236576198304904
    ],
    "14": [
        0.9143222192784994,
        0.9600501297223781
    ],
    "15": [
        1.509775660824505,
        -0.2544437918224483
    ]
}