{
    "0": [
        -0.1954753473156969,
        0.10106688130460868
    ],
    "1": [
        1.5973181432689156,
        1.3147535586228463
    ],
    "2": [
        0.4728341524706856,
        -0.36885448015880656
    ],
    "3": [
        -0.43785260166903744,
        1.3208601353099954
    ],
    "4": [
        0.5793629944444195,
        -2.5268351494548402
    ],
    "5": [
        0.16471893426934014,
        -1.0288276472242543
    ],
    "6": [
        1.2372088446213048,
        -1.272668053957549
    ],
    "7": [
        0.9503683094983598,
        0.11507544592969131
    ],
    "8": [
        -0.07645009851924102,
        -0.5141047847479561
    ],
    "9": [
        0.6040020856442543,
        1.3574933395335391
    ],
    "10": [
        1.9855614238569712,
        0.21434847952560893
    ],
    "11": [
        -0.8009859963501689,
        0.29654224823088393
    ],
    "12": [
        1.3365433294508002,
        -0.36089040826532215
    ],
    "13": [
        -2.06218472558631,
        0.3319938465919733
    ],
    "14": [
        0.21833166835698173,
        0.7058915323429059
    ],
    "15": [
        -1.1443070466481913,
        1.7627192325545813
    ],
    "16": [
        0.8183370429434362,
        0.7152288672738961
    ],
    "17": [
        0.4353353183564228,
        2.731588079921317
    ],
    "18": [
        -1.4591573350540823,
        -0.6106195425702479
    ]
}