{
    "0": [
        -1.0208064134553987,
        0.027131697120197612
    ],
    "1": [
        2.381946856244362,
        0.8503966070167436
    ],
    "2": [
        0.978736852399243,
        -0.5108432183809778
    ],
    "3": [
        -1.8145248640616083,
        0.5394661362267532
    ],
    "4": [
        0.05492144419137867,
        0.5086165657425062
    ],
    "5": [
        1.5233939689134024,
        -0.7895864801004917
    ],
    "6": [
        0.5610027843841251,
        -2.3354799442679206
    ],
    "7": [
        -1.1543605388333493,
        -0.604590280755964
    ],
    "8": [
        0.9698192698439093,
        1.0183880704068078
    ],
    "9": [
        -0.9595021023354011,
        -1.5621665763659436
    ],
    "10": [
        0.2945134737773106,
        -0.026249458319516417
    ],
    "11": [
        0.24378543940252922,
        1.0266133747781807
    ],
    "12": [
        -0.03823978410137342,
        -0.5559357683151734
    ],
    "13": [
        -0.10830124448954662,
        -1.9360556109919584
    ],
    "14": [
        0.6261215178118762,
        -1.208325881858919
    ],
    "15": [
        -0.2925499298044044,
        -0.10682305096814147
    ],
    "16": [
        1.4221930688288664,
        0.36291030951117526
    ],
    "17": [
        -0.05264426917670766,
        -1.3568509752569495
    ]
}