{
    "0": [
        -1.401924865670983,
        0.053887709188829444
    ],
    "1": [
        0.3518434078585561,
        1.689048420190622
    ],
    "2": [
        0.1383323594328572,
        -1.6868151408695358
    ],
    "3": [
        -0.8074333494550725,
        -3.007701353598996
    ],
    "4": [
        -1.4403483326176767,
        1.9107380950391988
    ],
    "5": [
        -1.2507701819666395,
        -1.4188388299030417
    ],
    "6": [
        -0.9829848232374848,
        0.47105791840104133
    ],
    "7": [
        -0.3637466070305264,
        2.3371381412569416
    ],
    "8": [
        -2.1133846191883374,
        0.4665156869492102
    ],
    "9": [
        -0.1957971462013616,
        1.2591536241031018
    ],
    "10": [
        -0.5385742798466239,
        0.1430251209432993
    ],
    "11": [
        0.09249169849914698,
        0.43210328784898805
    ],
    "12": [
        -0.6640909168403558,
        1.8348472388782435
    ],
    "13": [
        -0.4120470037427411,
        -0.7703812053698885
    ],
    "14": [
        0.6487020078085015,
        0.1511373776382326
    ],
    "15": [
        0.54091390718118,
        -0.3469215339430262
    ],
    "16": [
        1.3843163462487613,
        -1.0467159846253649
    ]
}