{
    "0": [
        0.7167057363791624,
        -0.2756406867061359
    ],
    "1": [
        1.3490162798150442,
        -0.8595070823529242
    ],
    "2": [
        1.1697213454978808,
        0.37464226428803704
    ],
    "3": [
        1.6628048231573878,
        0.8705726166425473
    ],
    "4": [
        0.6283978453025261,
        1.7212713508604776
    ],
    "5": [
        1.3285608475815758,
        1.6467228297649967
    ],
    "6": [
        0.4900546480328543,
        2.765559230214553
    ],
    "7": [
        -0.19100573866771692,
        1.355664222339838
    ],
    "8": [
        -0.7512643719792058,
        2.0572496738058064
    ],
    "9": [
        -1.5493788439449783,
        1.3848974302261068
    ],
    "10": [
        -1.6457055798679638,
        1.984236107503446
    ],
    "11": [
        -0.5362570559926991,
        0.762513023134589
    ],
    "12": [
        -1.9093449639787319,
        0.648541488078182
    ],
    "13": [
        -1.4069300066189043,
        0.026671685385179104
    ],
    "14": [
        -1.9900521676328244,
        -0.9660938588315181
    ],
    "15": [
        -1.1486254822840096,
        -1.7306441336699494
    ],
    "16": [
        -0.3557932161080348,
        -0.7831551592699981
    ],
    "17": [
        0.37798444605577836,
        -1.8242699626784669
    ]
}