{
    "0": [
        2.25021404142944,
        0.7405677260051488
    ],
    "1": [
        1.1219185943043897,
        0.28573793446024354
    ],
    "2": [
        0.8691645994072572,
        1.3872629807944141
    ],
    "3": [
        -0.45845810140549126,
        1.015997452389615
    ],
    "4": [
        -0.09651549763484493,
        0.21769041380859297
    ],
    "5": [
        -1.7112870730835386,
        0.49770206898280206
    ],
    "6": [
        -1.4437706565327295,
        -0.19654316472789396
    ],
    "7": [
        -2.0630450349151817,
        -1.133665594065077
    ],
    "8": [
        -1.3086727718837483,
        -1.6390518263595821
    ],
    "9": [
        -0.6279114674159298,
        -2.283610618066291
    ],
    "10": [
        0.3291637684789459,
        -1.3092114457390334
    ],
    "11": [
        1.105190845419511,
        -2.2312657971546694
    ],
    "12": [
        1.8936936439755385,
        -1.6673994397642204
    ],
    "13": [
        2.2523115112621466,
        -0.7954921718855353
    ],
    "14": [
        1.727772842990711,
        -0.2125783584092889
    ]
}