{
    "0": [
        -1.3369386203713998,
        -0.8451065894521936
    ],
    "1": [
        -1.9028537656221363,
        -0.5576847949965911
    ],
    "2": [
        -2.18908478785606,
        0.48899884855162257
    ],
    "3": [
        -1.1846134388969298,
        1.3338941679233696
    ],
    "4": [
        -0.8420255265508303,
        0.7825232394391427
    ],
    "5": [
        -0.3653407083693879,
        2.390745344359376
    ],
    "6": [
        0.22755932014369615,
        1.5522550079957975
    ],
    "7": [
        1.1882856062191598,
        2.1527284706064407
    ],
    "8": [
        1.005087452315004,
        1.2972345160390177
    ],
    "9": [
        1.4699366344714213,
        0.19984576978304947
    ],
    "10": [
        2.106933832834141,
        0.1468020840372291
    ],
    "11": [
        1.5384268629460194,
        -0.9530617345118786
    ],
    "12": [
        0.34961774886025654,
        -0.29765350625391196
    ],
    "13": [
        -0.15896351588012636,
        -1.5122466925166063
    ],
    "14": [
        0.5098222722231347,
        -1.7852431955424213
    ],
    "15": [
        -0.5161204675322351,
        -2.950205140810975
    ],
    "16": [
        -1.070692082445989,
        -2.4673747782600737
    ],
    "17": [
        -1.9616560416202984,
        -2.1770354832334244
    ]
}