{
    "0": [
        0.9605896044227316,
        0.050495578046072534
    ],
    "1": [
        1.4333053463141339,
        1.3951893034747902
    ],
    "2": [
        0.5683943669352093,
        1.6373991846014373
    ],
    "3": [
        -0.35016292687873635,
        1.7181508986620264
    ],
    "4": [
        -0.6287991968953712,
        0.7764890628817296
    ],
    "5": [
        -1.672816331018095,
        1.412710187837573
    ],
    "6": [
        -1.9361640892801333,
        0.31142751664888924
    ],
    "7": [
        -0.9257698946469036,
        0.1481201851406745
    ],
    "8": [
        -0.7241554118439364,
        -0.8073939667857257
    ],
    "9": [
        -0.9710149166334097,
        -1.6565871256371034
    ],
    "10": [
        0.23447588133504033,
        -2.160845772189692
    ],
    "11": [
        0.2662551385200237,
        -1.2808619638659042
    ],
    "12": [
        1.5212073808941367,
        -2.26994870081338
    ],
    "13": [
        1.5055596883980529,
        -1.2644906958792357
    ],
    "14": [
        2.3912282377804375,
        -1.0673983927341704
    ],
    "15": [
        2.2972614085059733,
        0.0753013448422487
    ]
}