{
    "0": [
        -1.0911366058055854,
        0.4520289950602427
    ],
    "1": [
        -0.4026204726508562,
        1.312827739995106
    ],
    "2": [
        0.4059321485212521,
        0.7737942344341808
    ],
    "3": [
        0.8708785644465833,
        -0.05778561272226481
    ],
    "4": [
        1.2622538584728202,
        0.4942496966495509
    ],
    "5": [
        2.3356731435247,
        -0.33656588403190524
    ],
    "6": [
        1.3657011439852924,
        -0.3869098217374145
    ],
    "7": [
        1.4919540348470166,
        -1.338582821845859
    ],
    "8": [
        0.6788492547488909,
        -1.4393777577752966
    ],
    "9": [
        -0.2574434174919815,
        -1.1444394864049932
    ],
    "10": [
        -0.19698018960649008,
        -0.39837397471843417
    ],
    "11": [
        -0.24455198840307688,
        0.26576090100100824
    ],
    "12": [
        -1.7534270149931768,
        0.04776895664040499
    ],
    "13": [
        -1.64147332305815,
        1.2161522311313322
    ]
}