{
    "0": [
        -0.27449380131122025,
        0.798050248285241
    ],
    "1": [
        0.5664614085658294,
        1.4538897978666803
    ],
    "2": [
        1.2458574100325601,
        0.8450546545536425
    ],
    "3": [
        1.9855070795684138,
        0.9599723787100062
    ],
    "4": [
        1.0809177248213617,
        -0.08594403142398639
    ],
    "5": [
        0.611328351662842,
        0.5012737005045219
    ],
    "6": [
        -0.013256450628009765,
        -0.085318225778153
    ],
    "7": [
        0.20319463296691934,
        -0.980969058804753
    ],
    "8": [
        -0.4940863535671684,
        -0.49428760175268066
    ],
    "9": [
        -1.2374445812918184,
        -0.14701519118776019
    ],
    "10": [
        -1.0861183557879834,
        0.9863715637796999
    ],
    "11": [
        -2.2141681475383654,
        1.2185595600778958
    ],
    "12": [
        -1.583479492198697,
        0.7518529144510869
    ],
    "13": [
        -0.7549924752660009,
        1.6752360220956695
    ]
}