{
    "0": [
        -0.6371294939770852,
        2.3104233295227856
    ],
    "1": [
        -1.6144601584904998,
        1.6490957569729576
    ],
    "2": [
        -2.6204967684889113,
        2.1166422209609457
    ],
    "3": [
        -1.3692346853620203,
        0.6132935309049786
    ],
    "4": [
        -0.09127857568832788,
        0.9787969482739158
    ],
    "5": [
        -1.6796561566360995,
        2.3784431780107074
    ],
    "6": [
        -1.2090729232402722,
        1.2288138214614022
    ],
    "7": [
        -2.58320738950719,
        1.1088849166014392
    ],
    "8": [
        1.4571711211731877,
        -1.6647371601914676
    ],
    "9": [
        2.4920040689075953,
        -1.3967043744073417
    ],
    "10": [
        1.5980293047617293,
        -0.563594693286652
    ],
    "11": [
        -0.10207951090135835,
        -0.6626728352566591
    ],
    "12": [
        1.885345084784968,
        -3.1755275436383577
    ],
    "13": [
        1.1774487951061055,
        -2.207212812152369
    ],
    "14": [
        2.2308136224361874,
        -2.2326491282615506
    ]
}