{
    "0": [
        2.809084144322018,
        -0.8770782267202654
    ],
    "1": [
        2.2526453514119695,
        -1.0397302539854687
    ],
    "2": [
        2.85724504482252,
        -0.21466903215555982
    ],
    "3": [
        3.173625020617448,
        -1.6034657025319479
    ],
    "4": [
        1.7065455538633358,
        -1.5057538295441022
    ],
    "5": [
        2.259724396570295,
        -1.9123944226471126
    ],
    "6": [
        1.1059158032993097,
        -0.48302737714964467
    ],
    "7": [
        2.0426888359475854,
        -0.2008838568502183
    ],
    "8": [
        -3.9831250229319415,
        1.8402324911441066
    ],
    "9": [
        -4.480507471293581,
        1.1841234775206577
    ],
    "10": [
        -3.5915690841557306,
        0.5111550250781459
    ],
    "11": [
        -3.222643152761186,
        1.743790177300599
    ],
    "12": [
        -1.7349400821674477,
        0.6954457959607354
    ],
    "13": [
        -2.573775954524228,
        1.9734022518708347
    ],
    "14": [
        -3.206090734054532,
        1.1063348847868844
    ]
}