{
    "0": [
        -1.0257396187999832,
        0.8245346332218527
    ],
    "1": [
        -1.0430487212422,
        2.031595308086927
    ],
    "2": [
        -1.827996763942678,
        1.0384928069281556
    ],
    "3": [
        -0.20659885266579506,
        0.9401805027950072
    ],
    "4": [
        -1.44274252592201,
        1.6600030254040876
    ],
    "5": [
        -2.1775754900291093,
        1.9895260147100882
    ],
    "6": [
        -2.5203952257643025,
        0.10792001142587915
    ],
    "7": [
        2.9852830550457035,
        -1.5580894531589198
    ],
    "8": [
        2.7254211285081875,
        -0.8019033051316469
    ],
    "9": [
        1.15610652088234,
        0.24409094997523095
    ],
    "10": [
        2.412753114482561,
        0.81982960520553
    ],
    "11": [
        4.007031204964859,
        -1.7684417715052023
    ],
    "12": [
        1.771109827611749,
        -0.22287989834130328
    ]
}