{
    "0": [
        0.49377079287792136,
        -1.2936718137277126
    ],
    "1": [
        0.20690530757429798,
        -1.1958482263196526
    ],
    "2": [
        0.21168021889096314,
        -1.3943218116016962
    ],
    "3": [
        -0.10662208525502537,
        -1.1101581744887015
    ],
    "4": [
        -0.06763206528123755,
        -1.685412593754164
    ],
    "5": [
        -0.55283859051513,
        -1.4492791332242732
    ],
    "6": [
        -0.7983494479930073,
        -1.5573034923275308
    ],
    "7": [
        -0.7752112468864334,
        -1.3068804522788273
    ],
    "8": [
        -0.9934955937481373,
        -1.039538062646176
    ],
    "9": [
        -0.9401645866402515,
        -1.1084762682551683
    ],
    "10": [
        -1.1873951133116938,
        -0.49155437937482205
    ],
    "11": [
        -1.111076215749006,
        -0.4097402160870214
    ],
    "12": [
        -0.6709885532618097,
        -0.010949491369233844
    ],
    "13": [
        0.10674457684277622,
        0.5319590141775613
    ],
    "14": [
        0.16962047845892286,
        0.47020210909395554
    ],
    "15": [
        0.2724808527622147,
        0.7791883608953137
    ],
    "16": [
        0.16308184638227818,
        1.0147672391395393
    ],
    "17": [
        0.2274683582248081,
        1.2638248907488678
    ],
    "18": [
        0.02690753566897114,
        1.5135366027780686
    ],
    "19": [
        0.15547835606262697,
        1.6570126997286065
    ],
    "20": [
        -0.05823955111197643,
        1.728321332954089
    ],
    "21": [
        -0.5700973845514063,
        2.1583403724185555
    ],
    "22": [
        -1.1355605153525812,
        2.278953659501904
    ],
    "23": [
        -1.216384515350322,
        3.1482077126958536
    ],
    "24": [
        -1.353433627367446,
        3.5947412279978934
    ],
    "25": [
        -1.2294140485148086,
        3.7928971513045213
    ],
    "26": [
        -1.2522741140036666,
        4.105470992846641
    ],
    "27": [
        -1.053136130190946,
        4.265131363501745
    ],
    "28": [
        -0.7790478032358759,
        4.479956695093968
    ],
    "29": [
        -0.7159924408188544,
        4.51444452014252
    ],
    "30": [
        -0.5479156273325795,
        4.494556388501948
    ],
    "31": [
        -0.44868582453549877,
        4.166749784085605
    ],
    "32": [
        -0.34313232564961726,
        3.847539260559841
    ],
    "33": [
        -0.21313580726342402,
        4.022115204715732
    ],
    "34": [
        -0.02892774429345324,
        4.1579358891367875
    ],
    "35": [
        0.20479782474275204,
        4.452060894090725
    ],
    "36": [
        0.24578289141826806,
        4.487835773114269
    ],
    "37": [
        0.4907513456559503,
        4.612382373751574
    ],
    "38": [
        0.53278338929579,
        4.788129923587999
    ],
    "39": [
        0.6729163640171478,
        4.916782604161321
    ],
    "40": [
        0.9233101002816787,
        5.047584006939282
    ],
    "41": [
        0.8730950828208986,
        5.442092564047529
    ],
    "42": [
        0.9143998551183415,
        5.412596635880851
    ],
    "43": [
        0.8717598670062687,
        5.66636585109815
    ],
    "44": [
        0.7804500239354175,
        5.808041408954769
    ],
    "45": [
        0.8224908607157704,
        6.136559022276214
    ],
    "46": [
        0.6551459529116287,
        6.2812051979097285
    ],
    "47": [
        0.8476959350228352,
        6.562081852150428
    ],
    "48": [
        4.211748701535019,
        -0.7386573842993922
    ],
    "49": [
        3.98887018334067,
        -1.151557155976791
    ],
    "50": [
        4.311990824015959,
        -1.22266208397566
    ],
    "51": [
        4.171888627104315,
        -1.5528925676039682
    ],
    "52": [
        4.43556110181221,
        -1.731034618279471
    ],
    "53": [
        4.324622056836729,
        -1.8701431875689858
    ],
    "54": [
        4.3916318772660565,
        -2.1197799638420096
    ],
    "55": [
        4.284264327168944,
        -2.1867552085246516
    ],
    "56": [
        4.361602513384207,
        -2.4615294781749233
    ],
    "57": [
        4.092846296429665,
        -2.713839591667501
    ],
    "58": [
        3.9386353988548226,
        -2.8571389058937786
    ],
    "59": [
        3.837271207102794,
        -2.902939551447587
    ],
    "60": [
        3.643551057912835,
        -2.9922880918222354
    ],
    "61": [
        3.3462041376865823,
        -3.056974839553547
    ],
    "62": [
        3.3236848129003738,
        -2.9756579072999454
    ],
    "63": [
        3.0720984181232858,
        -2.806250657030816
    ],
    "64": [
        0.3391417631779125,
        -3.1880835348964034
    ],
    "65": [
        0.15714345871665628,
        -3.028201271787765
    ],
    "66": [
        0.10539845572597392,
        -2.8823741944235275
    ],
    "67": [
        0.09738955486881112,
        -2.7840628829558334
    ],
    "68": [
        0.12370216308443308,
        -2.451644872816212
    ],
    "69": [
        -0.2957013045915603,
        -2.5716709896679895
    ],
    "70": [
        -0.713806157286138,
        -2.562643024082613
    ],
    "71": [
        -0.9070081654358204,
        -2.5738026068989166
    ],
    "72": [
        -1.0468866260580367,
        -2.324548188995855
    ],
    "73": [
        -1.3905688487768855,
        -2.398708395424054
    ],
    "74": [
        -1.4325311464905788,
        -2.143824090810223
    ],
    "75": [
        -1.6827980974980699,
        -1.9668657426014686
    ],
    "76": [
        -1.877644684444996,
        -1.906818952249559
    ],
    "77": [
        -1.9126979974430351,
        -1.6743931494031008
    ],
    "78": [
        -2.2189078674614846,
        -1.842699504307752
    ],
    "79": [
        -2.35452396787477,
        -1.7099198433371665
    ],
    "80": [
        -2.5822971361550815,
        -1.407851490451903
    ],
    "81": [
        -2.5340185848150645,
        -1.3354561610225808
    ],
    "82": [
        -2.6395099574536376,
        -1.2129868885180932
    ],
    "83": [
        -2.5654587830255897,
        -1.1281002809452918
    ],
    "84": [
        -2.4386641319465445,
        -0.9483293704039015
    ],
    "85": [
        -2.336908772971193,
        -0.9207912606396764
    ],
    "86": [
        -2.1942664391211055,
        -0.6647487491765682
    ],
    "87": [
        -1.9626394224912456,
        -0.35767347708084873
    ],
    "88": [
        -1.732707449469734,
        -0.3528999358489231
    ],
    "89": [
        -1.9292090511693616,
        0.00015453494263084622
    ],
    "90": [
        -1.5551940016935937,
        1.500057284781614
    ],
    "91": [
        -1.590864223444068,
        1.1831122825757368
    ],
    "92": [
        -1.6888622620714144,
        1.5219806781260576
    ],
    "93": [
        -2.100356764678539,
        1.6302597683101725
    ],
    "94": [
        -2.0124383340293397,
        1.7017940586877844
    ],
    "95": [
        -2.357474224401167,
        1.4040200922926753
    ],
    "96": [
        -2.4875856061015247,
        1.1840109344455287
    ],
    "97": [
        -2.58629322654643,
        1.013488912777369
    ],
    "98": [
        -2.9091342987564195,
        0.834901470403137
    ],
    "99": [
        -3.0568369199183536,
        0.6804538120658152
    ],
    "100": [
        -3.130984081553433,
        0.6232808445947733
    ],
    "101": [
        -3.325192475618028,
        0.32803506849430897
    ],
    "102": [
        -3.512038924861071,
        0.010737802336453273
    ],
    "103": [
        -3.6743498412878113,
        -0.21085218920344517
    ],
    "104": [
        -3.7020762721570035,
        -0.5554758573308809
    ],
    "105": [
        -3.909239346222142,
        -0.570428499012249
    ],
    "106": [
        -4.156095492643779,
        -0.777572071025451
    ],