{
    "0": [
        10.463200501814878,
        -3.244716439030476
    ],
    "1": [
        11.709873138508785,
        -2.9928924605167198
    ],
    "2": [
        9.896376080416657,
        -2.3923639355845148
    ],
    "3": [
        11.882820975781963,
        -2.195913739707302
    ],
    "4": [
        10.258209861100198,
        -2.9189038365066726
    ],
    "5": [
        11.65482114416079,
        -4.703649550393978
    ],
    "6": [
        11.184756001125315,
        -3.5470126172517706
    ],
    "7": [
        11.761158647341771,
        -3.7338936103023284
    ],
    "8": [
        10.304493822663494,
        -4.705059571008164
    ],
    "9": [
        12.551212534122488,
        -4.443895676067564
    ],
    "10": [
        9.972380096055494,
        -1.1886731989235932
    ],
    "11": [
        12.772993627256557,
        -2.106629559330735
    ],
    "12": [
        11.072378352589263,
        -4.243155874164485
    ],
    "13": [
        11.318130161868458,
        -4.723693321271151
    ],
    "14": [
        11.708639782883616,
        -2.887815617679317
    ],
    "15": [
        12.584801610565655,
        -3.4917943293227967
    ],
    "16": [
        9.444500716490033,
        -4.087305575949975
    ],
    "17": [
        12.790567433563885,
        -2.9489475096881113
    ],
    "18": [
        12.24515793604758,
        -4.216011746378314
    ],
    "19": [
        11.39905928615262,
        -2.3333585999094963
    ],
    "20": [
        9.569818965315541,
        -2.8024707050132256
    ],
    "21": [
        11.153418154562006,
        -3.6075559836180484
    ],
    "22": [
        11.225584399760407,
        -1.3131708806496918
    ],
    "23": [
        12.052476081797897,
        -2.8080992586261613
    ],
    "24": [
        11.037396045296953,
        -1.1736181593809865
    ],
    "25": [
        10.883848535017696,
        -1.779083586889596
    ],
    "26": [
        10.285329453969052,
        -0.48583483717397336
    ],
    "27": [
        11.20717305309756,
        -2.371597544204803
    ],
    "28": [
        12.083903970248981,
        -3.0130834725286397
    ],
    "29": [
        10.564952589260356,
        -2.87436237263922
    ],
    "30": [
        10.391424619831687,
        -2.5854643124421295
    ],
    "31": [
        10.395572500246297,
        -4.716573589924126
    ],
    "32": [
        10.459101858580576,
        -1.0487485578163995
    ],
    "33": [
        10.843612114989822,
        -2.4467857499617867
    ],
    "34": [
        11.900560259401482,
        -2.1964017463036485
    ],
    "35": [
        10.18023746696133,
        -2.327036343075783
    ],
    "36": [
        12.29843395810196,
        -2.663003328168157
    ],
    "37": [
        12.25139508016545,
        -3.4291006586105266
    ],
    "38": [
        9.105286549137679,
        -2.5190404755808165
    ],
    "39": [
        12.818159613698176,
        -3.514567140943195
    ],
    "40": [
        9.94800090582225,
        -2.07897203475884
    ],
    "41": [
        10.500898681842061,
        -2.2296572253505382
    ],
    "42": [
        9.677446862045516,
        -1.8060095943650007
    ],
    "43": [
        9.756503535383253,
        -4.220006150944652
    ],
    "44": [
        11.392095062203207,
        -2.4528502701603103
    ],
    "45": [
        10.341895292851273,
        -3.595922727031994
    ],
    "46": [
        13.198390360827698,
        -2.6934654900816093
    ],
    "47": [
        9.633960103669725,
        -3.037606385209449
    ],
    "48": [
        12.487553187716102,
        -4.058068847450521
    ],
    "49": [
        10.958665087531166,
        -3.104376740417669
    ],
    "50": [
        10.528513078447096,
        -4.19312322626541
    ],
    "51": [
        9.75677597869361,
        -2.665419288312505
    ],
    "52": [
        9.942204640477451,
        -2.5152066490525065
    ],
    "53": [
        10.67933226370547,
        -2.393258709462
    ],
    "54": [
        9.954222639750485,
        -3.4253524263079034
    ],
    "55": [
        8.916142209006487,
        -3.01343353706917
    ],
    "56": [
        9.251687779479132,
        -2.1982805447115674
    ],
    "57": [
        12.232175521922816,
        -3.29051508096795
    ],
    "58": [
        9.753281077788667,
        -1.9130792757210213
    ],
    "59": [
        10.100642044429426,
        -3.9372781163681414
    ],
    "60": [
        11.825791295596726,
        -2.982344866970561
    ],
    "61": [
        13.00217941381914,
        -2.4799926080424686
    ],
    "62": [
        9.227997208157579,
        -3.139900022985716
    ],
    "63": [
        10.399963219897387,
        -3.2519761491923256
    ],
    "64": [
        10.764888421439318,
        -2.0874180455777105
    ],
    "65": [
        11.129954188345899,
        -1.681068567138564
    ],
    "66": [
        9.238668855500977,
        -2.9506272110416245
    ],
    "67": [
        9.056130378671806,
        -2.2330641688922284
    ],
    "68": [
        10.595360959021901,
        -4.043251275506385
    ],
    "69": [
        12.660971005598913,
        -2.178528013922388
    ],
    "70": [
        13.366201700255566,
        -3.7617949070480727
    ],
    "71": [
        9.549508592058144,
        -1.6870368060183414
    ],
    "72": [
        10.857812295787944,
        -3.2908713377112275
    ],
    "73": [
        12.181144269004365,
        -2.3122394673568647
    ],
    "74": [
        13.113594372447336,
        -2.8685556485398362
    ],
    "75": [
        11.331144649260413,
        -3.2170582886812924
    ],
    "76": [
        10.041198176839572,
        -4.407306875183782
    ],
    "77": [
        12.65857661784141,
        -2.7720463488885474
    ],
    "78": [
        10.769889115142833,
        -3.2846027678894436
    ],
    "79": [
        11.6063140608614,
        -3.9095593905133827
    ],
    "80": [
        13.338347258138796,
        -2.9256587890179158
    ],
    "81": [
        8.92202495218529,
        -2.544524904877892
    ],
    "82": [
        10.522053950645166,
        -1.5532016384927592
    ],
    "83": [
        10.029415797593071,
        -1.4985602760580368
    ],
    "84": [
        11.452690950734306,
        -1.8371271415479362
    ],
    "85": [
        9.373446967906121,
        -2.4037193162646084
    ],
    "86": [
        9.931469622640886,
        -1.4601950237448622
    ],
    "87": [
        9.153292036202501,
        -3.8228822039564556
    ],
    "88": [
        12.387579551271685,
        -4.540605282510159
    ],
    "89": [
        11.88143041354193,
        -4.3318462338933585
    ],
    "90": [
        10.814080615341032,
        -3.85410174743484
    ],
    "91": [
        12.501138872856464,
        -3.01859960944855
    ],
    "92": [
        12.130675456110744,
        -4.060095408062013
    ],
    "93": [
        13.33077115997549,
        -2.8592872123872186
    ],
    "94": [
        10.916819341122485,
        -1.3916216961806236
    ],
    "95": [
        11.046680270511972,
        -4.350295825748548
    ],
    "96": [
        12.016466178001238,
        -2.4063830884788406
    ],
    "97": [
        9.033587535117464,
        -2.9440570595819193
    ],
    "98": [
        11.369776543787655,
        -3.572768468248126
    ],
    "99": [
        11.938464260440561,
        -3.39126321971345
    ],
    "100": [
        10.181439613038782,
        -3.0236115038836666
    ],
    "101": [
        12.827259211899182,
        -3.701130051464584
    ],
    "102": [
        12.58021600420525,
        -4.318686541602606
    ],
    "103": [
        10.950839231119398,
        -4.494991654891537
    ],
    "104": [
        10.088993849396843,
        -4.242591182380416
    ],
    "105": [
        12.878354453983684,
        -3.9034306281167015
    ],
    "106": [
        12.008898821422651,
        -3.8827329168776106
    ],
    "107": [
        13.200407519901825,
        -4.010381974924476
    ],