{
    "0": [
        -5.011609704497574,
        -6.336196169552486
    ],
    "1": [
        -25.731119617443987,
        -8.340126403740976
    ],
    "2": [
        -13.186036374619945,
        -1.2295237963408185
    ],
    "3": [
        -17.24429839841382,
        -0.8414165368494367
    ],
    "4": [
        -9.062710299677667,
        -5.318284143416143
    ],
    "5": [
        -10.005936531020135,
        -8.186088326634119
    ],
    "6": [
        -15.56332375615798,
        -4.383738800146187
    ],
    "7": [
        -9.265458112996313,
        0.7312339258710402
    ],
    "8": [
        -18.573620946195255,
        -2.0496481909816593
    ],
    "9": [
        -13.009779313117361,
        -3.8387769064146124
    ],
    "10": [
        -9.843132079969642,
        -6.817612852442879
    ],
    "11": [
        -12.994364203836959,
        -4.974983975710186
    ],
    "12": [
        -11.603873603746367,
        -3.626848112512166
    ],
    "13": [
        -4.326035554751429,
        2.0431190392150618
    ],
    "14": [
        -22.927402751137826,
        -7.236099250777199
    ],
    "15": [
        -12.286601798020358,
        6.831762853536694
    ],
    "16": [
        -6.595762361901179,
        -1.40454174784356
    ],
    "17": [
        -11.952923004122436,
        1.783540732999471
    ],
    "18": [
        -15.317274398556608,
        -1.9486003908854395
    ],
    "19": [
        -12.988556581355619,
        -5.692767106512469
    ],
    "20": [
        -15.716890188181962,
        0.31255614275518445
    ],
    "21": [
        -13.911886740460494,
        -0.10647136004394701
    ],
    "22": [
        -8.410091833996276,
        -2.567839097601605
    ],
    "23": [
        -21.722812484302253,
        -6.770238268601239
    ],
    "24": [
        -15.777310326427417,
        2.8954552118568615
    ],
    "25": [
        -16.10560741727377,
        -12.55919501189587
    ],
    "26": [
        -17.766580229309298,
        -3.946980748972882
    ],
    "27": [
        -19.07659381806747,
        3.0459242224961383
    ],
    "28": [
        -16.5137085435632,
        -6.613429285880916
    ],
    "29": [
        -9.730017559437313,
        -2.99325818174103
    ],
    "30": [
        -17.462415098415104,
        -3.24511343618839
    ],
    "31": [
        -13.908372749027617,
        -3.565260840633398
    ],
    "32": [
        -13.082812236754119,
        -10.337637719763856
    ],
    "33": [
        -16.033887030997814,
        -0.48652240028825067
    ],
    "34": [
        -11.6886222181971,
        -2.8457973248425126
    ],
    "35": [
        -21.79724457448152,
        0.2866921362131754
    ],
    "36": [
        -11.256392319846414,
        -2.0851706045098037
    ],
    "37": [
        -15.08084977464232,
        -5.856425311359137
    ],
    "38": [
        -13.890310453053571,
        -6.963354627531697
    ],
    "39": [
        -18.518099662525824,
        -0.10742117982423227
    ],
    "40": [
        -17.105363965656483,
        -5.593264119012873
    ],
    "41": [
        -10.901074298935603,
        -4.868361329269221
    ],
    "42": [
        -19.711844915559155,
        -2.4236881569163216
    ],
    "43": [
        -12.745848561885817,
        -2.8981247242185932
    ],
    "44": [
        -18.46185461882319,
        -10.091742258132218
    ],
    "45": [
        -16.012237200375164,
        -5.124784302697527
    ],
    "46": [
        -18.828740678523214,
        -5.619184778996876
    ],
    "47": [
        -5.600803509664901,
        -3.79878011470256
    ],
    "48": [
        -17.503974408089782,
        -8.077733889322145
    ],
    "49": [
        -19.876220342913523,
        1.1741471291041026
    ],
    "50": [
        -9.306999863090745,
        -1.4273813552924315
    ],
    "51": [
        -9.604150160879284,
        -3.88892413702686
    ],
    "52": [
        -14.599370798248822,
        -1.945165127044245
    ],
    "53": [
        -18.59969804132088,
        -12.720285795172314
    ],
    "54": [
        -15.43506677859088,
        -3.181337440528854
    ],
    "55": [
        -14.288278391468804,
        3.419931752560466
    ],
    "56": [
        -6.234219983359025,
        2.2464990284742155
    ],
    "57": [
        8.399294580176806,
        3.812904998869319
    ],
    "58": [
        15.737540267325011,
        2.7995327178201466
    ],
    "59": [
        16.35196707190909,
        4.308169164120787
    ],
    "60": [
        15.425858812486728,
        6.664213699435074
    ],
    "61": [
        10.131054496974855,
        1.9880921330834318
    ],
    "62": [
        15.317252127434811,
        9.709702841863924
    ],
    "63": [
        14.732462737126504,
        1.1203726912549135
    ],
    "64": [
        12.780429614172103,
        0.3064546619952646
    ],
    "65": [
        11.170215147691112,
        6.935547621765201
    ],
    "66": [
        3.4021864206955175,
        2.171359710858765
    ],
    "67": [
        12.47893446249408,
        6.378732363163595
    ],
    "68": [
        13.722354075531587,
        1.8770023643875386
    ],
    "69": [
        13.862500998148553,
        12.640241625977934
    ],
    "70": [
        7.15695713519096,
        1.858745701054548
    ],
    "71": [
        1.180216793666671,
        3.3051862587101497
    ],
    "72": [
        6.06545980380097,
        7.952177110050212
    ],
    "73": [
        10.040878826281686,
        10.388142634412006
    ],
    "74": [
        14.617158516459803,
        5.4152599740460445
    ],
    "75": [
        8.365195552243566,
        0.7781907144007231
    ],
    "76": [
        17.740436442883215,
        5.567222968540138
    ],
    "77": [
        11.698788040604173,
        11.929104778520541
    ],
    "78": [
        9.543041104054966,
        1.0509937314016056
    ],
    "79": [
        13.926878580127795,
        1.0568819877621436
    ],
    "80": [
        13.854555189738566,
        5.870930912377509
    ],
    "81": [
        7.917954827589597,
        6.631163806489186
    ],
    "82": [
        10.203212837835265,
        -4.854374534038291
    ],
    "83": [
        13.573373941836762,
        -1.579079218474132
    ],
    "84": [
        14.13341989439422,
        4.7817892445365215
    ],
    "85": [
        8.334405751232408,
        7.131775306131287
    ],
    "86": [
        8.994604430687328,
        8.247778886533066
    ],
    "87": [
        13.25035291455828,
        7.975953790743562
    ],
    "88": [
        12.067114531135354,
        5.9904892008909645
    ],
    "89": [
        11.628946901976047,
        13.154331475162978
    ],
    "90": [
        16.856353395913953,
        15.679379901003538
    ],
    "91": [
        21.62341288784334,
        -0.056323189300589244
    ],
    "92": [
        10.539310007470455,
        8.012999941520444
    ],
    "93": [
        13.219396806106973,
        8.823899661586907
    ],
    "94": [
        8.232219958672331,
        3.063094871518317
    ],
    "95": [
        13.446032948923973,
        3.178358726709199
    ],
    "96": [
        12.46729636008971,
        3.407427850603242
    ],
    "97": [
        11.081023177819885,
        9.271738701448733
    ],
    "98": [
        18.96531537250637,
        17.779720300474704
    ],
    "99": [
        18.46773349553369,
        0.3370702309911067
    ],
    "100": [
        3.0193991446377044,
        -0.17757642061824555
    ],
    "101": [
        11.338791975899719,
        10.567376624422302
    ],
    "102": [
        6.626535739242936,
        4.483608065571218
    ],
    "103": [
        13.099559737573763,
        10.079660385186473
    ],
    "104": [
        9.977701808888904,
        6.213229382928636
    ],
    "105": [
        9.581128612640589,
        5.092695234692804
    ],
    "106": [
        5.583085328900508,
        4.37574893529777
    ],
    "107": [
        14.671822040155957,
        1.811411781813451
    ],