{
    "0": [
        0.38246485149860127,
        21.572521734924504
    ],
    "1": [
        16.264469354649172,
        20.95185037911775
    ],
    "2": [
        0.681836554938518,
        17.880769503642696
    ],
    "3": [
        4.699266249103158,
        24.58623050940776
    ],
    "4": [
        10.177188960738741,
        26.662495705964492
    ],
    "5": [
        12.28955610856333,
        26.000430026039666
    ],
    "6": [
        4.314803126825985,
        18.513950517281547
    ],
    "7": [
        8.041293206482376,
        22.58533635869288
    ],
    "8": [
        13.007921209586627,
        19.201911578986675
    ],
    "9": [
        1.1733931004579352,
        13.559388303506852
    ],
    "10": [
        13.429718184847157,
        17.43258204316073
    ],
    "11": [
        2.5241152856958484,
        22.370646467543725
    ],
    "12": [
        2.40704891941988,
        23.917137408429227
    ],
    "13": [
        13.869717246530337,
        14.52130016496272
    ],
    "14": [
        0.37178890525463554,
        23.775788294985798
    ],
    "15": [
        2.007550967832001,
        25.146174789654985
    ],
    "16": [
        17.857161398171307,
        10.545472139299749
    ],
    "17": [
        5.261648549867655,
        22.567652680506285
    ],
    "18": [
        19.124403217677127,
        18.78342051863353
    ],
    "19": [
        10.635030656459609,
        19.850772932263858
    ],
    "20": [
        10.74090189562844,
        23.339016748876187
    ],
    "21": [
        17.573973589159124,
        15.683102017255624
    ],
    "22": [
        -0.22605240850374345,
        15.863791759300991
    ],
    "23": [
        4.507517033125383,
        22.133036812070333
    ],
    "24": [
        8.63399854789274,
        18.30445340668839
    ],
    "25": [
        3.101596008838878,
        22.04992193720636
    ],
    "26": [
        4.141595096854072,
        23.408748690989302
    ],
    "27": [
        8.5195442607991,
        19.974233739357025
    ],
    "28": [
        -3.12576037791555,
        13.800866245668658
    ],
    "29": [
        5.795817908130898,
        25.26274753100078
    ],
    "30": [
        19.94894369935105,
        17.205573498218982
    ],
    "31": [
        1.3956850592926742,
        27.03514602625702
    ],
    "32": [
        12.49462729292229,
        22.145898613484857
    ],
    "33": [
        3.092356849243822,
        19.01572578985662
    ],
    "34": [
        5.94363068879516,
        24.25914149399627
    ],
    "35": [
        6.712096799376506,
        21.626267988535318
    ],
    "36": [
        3.4506373127014975,
        18.552094297548486
    ],
    "37": [
        8.006461330590437,
        27.61891523322224
    ],
    "38": [
        -19.228215139463703,
        0.6357310150303207
    ],
    "39": [
        18.840417044493133,
        21.13459984982844
    ],
    "40": [
        13.743775164415458,
        13.325048747966749
    ],
    "41": [
        2.1375682782130663,
        20.794791378399328
    ],
    "42": [
        1.34927487113822,
        19.047666715424036
    ],
    "43": [
        6.058650456792622,
        20.11212114115477
    ],
    "44": [
        6.828407337856523,
        16.791267936063985
    ],
    "45": [
        7.065766518400432,
        22.353934617212772
    ],
    "46": [
        9.922010323832342,
        20.451405962319402
    ],
    "47": [
        -11.459752973475911,
        7.380732186356093
    ],
    "48": [
        3.856191287997461,
        26.7153994774808
    ],
    "49": [
        20.738497647171723,
        1.2902365096259605
    ],
    "50": [
        21.309079807579955,
        -3.887504808872729
    ],
    "51": [
        10.784676709653908,
        -4.404764146147579
    ],
    "52": [
        28.57647011493663,
        6.339027876194338
    ],
    "53": [
        29.829054234879692,
        3.765690118027016
    ],
    "54": [
        11.927769897330368,
        -5.562449180863458
    ],
    "55": [
        20.062919395815772,
        -0.6377968161666046
    ],
    "56": [
        24.048703809135738,
        6.901812121128074
    ],
    "57": [
        29.192755519863894,
        2.2538872893907427
    ],
    "58": [
        19.859453290466227,
        1.3105709998664363
    ],
    "59": [
        22.041240913997033,
        5.403132160516852
    ],
    "60": [
        13.722948918283382,
        -3.6790485131520017
    ],
    "61": [
        21.18948452626852,
        12.241549818577685
    ],
    "62": [
        26.952977803436614,
        5.054183627562151
    ],
    "63": [
        22.02174777014202,
        2.256726181029288
    ],
    "64": [
        27.979749827603456,
        1.232676363669803
    ],
    "65": [
        20.44153413400122,
        6.759927171106142
    ],
    "66": [
        20.457486908769805,
        2.761447929566301
    ],
    "67": [
        18.158695971135252,
        1.8008728584082547
    ],
    "68": [
        20.87631752842267,
        3.49106782128438
    ],
    "69": [
        17.15691091744383,
        0.72736520583393
    ],
    "70": [
        24.881237181772025,
        6.575124946312457
    ],
    "71": [
        18.26715724119608,
        2.860772714950576
    ],
    "72": [
        19.779043590025577,
        0.6488041971075202
    ],
    "73": [
        22.16278202550137,
        1.3469248339133466
    ],
    "74": [
        22.171024960267662,
        -0.8476324007883677
    ],
    "75": [
        18.822468554797005,
        10.694527842874797
    ],
    "76": [
        13.513556803007727,
        1.121839164439047
    ],
    "77": [
        27.51796689177577,
        2.238898109420314
    ],
    "78": [
        19.304573423942998,
        10.225809144855441
    ],
    "79": [
        15.4191723978389,
        3.809753724285177
    ],
    "80": [
        25.355478750517975,
        -0.12914772199567925
    ],
    "81": [
        23.46408303278809,
        5.256589447187093
    ],
    "82": [
        24.598509316698728,
        1.2817239028843106
    ],
    "83": [
        26.938430120687993,
        -0.2864398081692738
    ],
    "84": [
        7.299352571135304,
        -7.41444879549478
    ],
    "85": [
        31.476114976532,
        7.06425132197497
    ],
    "86": [
        22.13179193117396,
        0.31703466580568535
    ],
    "87": [
        13.846041863356964,
        7.2728698353447765
    ],
    "88": [
        12.279022176524585,
        4.736265687192557
    ],
    "89": [
        24.186089259348897,
        0.025306512273436978
    ],
    "90": [
        17.58005866623881,
        5.143837742601692
    ],
    "91": [
        19.566149039320145,
        -1.4691116719304387
    ],
    "92": [
        24.862468986891432,
        2.855013868605484
    ],
    "93": [
        24.625630463306635,
        3.8083420988359196
    ],
    "94": [
        32.20678554879895,
        1.8188784278264234
    ],
    "95": [
        18.814818060894957,
        0.7389670566305353
    ],
    "96": [
        15.950306753999826,
        -2.6598761939754416
    ],
    "97": [
        21.987639288749648,
        3.787802331001175
    ],
    "98": [
        22.734279633841,
        -1.3945515153473922
    ],
    "99": [
        -2.9058791528269583,
        -16.05900577237796
    ],
    "100": [
        -0.9137949603742012,
        -11.119679319834631
    ],
    "101": [
        -2.2187665665585263,
        -10.183809961556967
    ],
    "102": [
        -8.881830692856914,
        -13.677698913924436
    ],
    "103": [
        -6.573972613184886,
        -12.067802227195768
    ],
    "104": [
        -4.154682660446087,
        -19.524726513769185
    ],
    "105": [
        2.286243113618873,
        -13.200864876273208
    ],
    "106": [
        -8.03164014868311,
        -14.796350399041998
    ],
    "107": [
        -1.141303788095409,
        -12.492463804935104
    ],
    "108": [
        -6.505691429786058,
        -13.892877229543464
    ],