{
    "0": [
        0.6550917524819535,
        18.669236480754336
    ],
    "1": [
        -0.16315619153174266,
        4.609444888978395
    ],
    "2": [
        -2.6025220333638037,
        8.011762922714707
    ],
    "3": [
        -0.5782047525913274,
        8.394608411725633
    ],
    "4": [
        -0.0513031873293108,
        7.315673667805613
    ],
    "5": [
        -1.9329357590472982,
        17.60168076114904
    ],
    "6": [
        -1.7315495163144572,
        16.466208674117375
    ],
    "7": [
        -3.113897354611793,
        9.1731055261296
    ],
    "8": [
        3.9690019835911317,
        10.14959812800119
    ],
    "9": [
        0.6487225634860732,
        16.838941026044516
    ],
    "10": [
        -1.3265826069623217,
        6.366013931223726
    ],
    "11": [
        -2.0786269546673948,
        13.04685710282711
    ],
    "12": [
        -1.7808370584684166,
        11.246113123987426
    ],
    "13": [
        1.320632918402805,
        2.530544586914369
    ],
    "14": [
        -2.801538866751317,
        6.03139986857377
    ],
    "15": [
        -1.1946650549164282,
        24.173872155706164
    ],
    "16": [
        1.644700335845115,
        5.979273386359651
    ],
    "17": [
        -1.742805604888133,
        14.118876143563966
    ],
    "18": [
        -1.6803287832266554,
        5.735055499746125
    ],
    "19": [
        -0.9361616836039741,
        20.707703693924035
    ],
    "20": [
        -3.09934042545869,
        12.139784236847575
    ],
    "21": [
        -1.4883984135874007,
        8.186014951188373
    ],
    "22": [
        -1.646685138212161,
        21.64110497662189
    ],
    "23": [
        1.3292254820284555,
        13.386903346814055
    ],
    "24": [
        -3.3452039160015206,
        6.8733068566451525
    ],
    "25": [
        -2.7791619389830884,
        15.11480692465485
    ],
    "26": [
        0.11136127862843803,
        15.157210853989474
    ],
    "27": [
        -1.1674068837507126,
        27.15456964290436
    ],
    "28": [
        -2.1037356816863775,
        12.391406746963643
    ],
    "29": [
        0.8620586232335288,
        9.27718002399083
    ],
    "30": [
        -1.0048153408742242,
        15.799215544967469
    ],
    "31": [
        0.5522559945509794,
        8.580534968044807
    ],
    "32": [
        -5.371868502044446,
        9.327280986459515
    ],
    "33": [
        -1.0118058622391715,
        14.278499013204959
    ],
    "34": [
        -2.198837011984863,
        19.283098952970764
    ],
    "35": [
        -1.5077101227603114,
        11.996602094006276
    ],
    "36": [
        -0.14810146541998587,
        14.488339764684387
    ],
    "37": [
        -2.782043356547524,
        10.820631679193756
    ],
    "38": [
        2.133041284737241,
        7.879154122267326
    ],
    "39": [
        -0.4005669979931851,
        12.306004430059058
    ],
    "40": [
        0.9571081521347442,
        14.601045867904176
    ],
    "41": [
        2.2585630789626885,
        16.560034906078343
    ],
    "42": [
        -7.557453378189599,
        -8.95818764324088
    ],
    "43": [
        -10.493010351583676,
        -6.521049297406632
    ],
    "44": [
        -4.292503928701217,
        -7.2902168959630655
    ],
    "45": [
        -6.658913754302729,
        -6.824134451360482
    ],
    "46": [
        0.5791069863735263,
        -7.198345661546303
    ],
    "47": [
        -4.01453877995481,
        -9.277902347405293
    ],
    "48": [
        -13.164077822614882,
        -9.415050990520209
    ],
    "49": [
        -13.619744956724846,
        -8.008100138983119
    ],
    "50": [
        -7.89605335608853,
        -4.353472600399117
    ],
    "51": [
        -5.62506377122194,
        -11.293549885302314
    ],
    "52": [
        -9.786758004103872,
        -8.422610667166719
    ],
    "53": [
        -7.155499544472147,
        -5.878371807433602
    ],
    "54": [
        -10.438447297941435,
        -11.913395011982624
    ],
    "55": [
        -8.766023207621,
        -9.388993699027539
    ],
    "56": [
        -6.6265007410411805,
        -8.278661553348108
    ],
    "57": [
        -11.21499409883637,
        -9.023585589863066
    ],
    "58": [
        -6.615668848432632,
        -11.486796899459925
    ],
    "59": [
        -4.858102710737655,
        -1.261753276077788
    ],
    "60": [
        -6.005504019048792,
        -12.483461787810723
    ],
    "61": [
        -7.315482345874643,
        -10.14572575381117
    ],
    "62": [
        -10.018600526601452,
        -8.743791796371264
    ],
    "63": [
        -8.261081495295416,
        -7.879997271608265
    ],
    "64": [
        -8.47586071112278,
        -11.383665831093163
    ],
    "65": [
        -4.953087937082889,
        -9.942328909557009
    ],
    "66": [
        -9.681680357773379,
        -11.791280733263957
    ],
    "67": [
        -5.468471403451853,
        -0.4505699506839352
    ],
    "68": [
        -7.485815227028478,
        -12.563407236758199
    ],
    "69": [
        -5.875573091745657,
        -8.036971776193317
    ],
    "70": [
        -0.8742665284973297,
        -5.413994281117444
    ],
    "71": [
        -4.920420454263931,
        -11.822576506563095
    ],
    "72": [
        -7.070132932440179,
        -6.684017502732831
    ],
    "73": [
        -7.9663643424587445,
        2.038603689476903
    ],
    "74": [
        -8.970818759207605,
        -7.737210042977337
    ],
    "75": [
        -4.215286366140715,
        -12.34393281159125
    ],
    "76": [
        -3.486333536686393,
        -8.938397306764395
    ],
    "77": [
        -4.7220435331297566,
        -13.44867707867131
    ],
    "78": [
        -6.5907595857280175,
        -10.408319387956215
    ],
    "79": [
        -9.651186716140483,
        -9.845295550592507
    ],
    "80": [
        -3.424479490022351,
        -10.31602509574879
    ],
    "81": [
        -4.849708735770225,
        -8.83567745816343
    ],
    "82": [
        -7.0378858224724565,
        -8.587946124248333
    ],
    "83": [
        -5.1886909005381145,
        -12.658599881193304
    ],
    "84": [
        -4.556699883666115,
        -6.2502299880163665
    ],
    "85": [
        -5.050102438234544,
        -6.0619055369309525
    ],
    "86": [
        -14.253607115041753,
        -10.834547653816735
    ],
    "87": [
        -1.71972750975228,
        -10.689053189336825
    ],
    "88": [
        11.372433971395031,
        -16.484420603501636
    ],
    "89": [
        1.7290554100234694,
        -10.971363288502145
    ],
    "90": [
        4.521898008593178,
        -8.177310929415798
    ],
    "91": [
        9.109402426526215,
        -14.012624420184736
    ],
    "92": [
        0.18063787980101959,
        -5.721115863898268
    ],
    "93": [
        4.189986881399999,
        -11.700037707137943
    ],
    "94": [
        3.031536839403111,
        -12.05901336728665
    ],
    "95": [
        -1.4017529194698972,
        -9.487109475665614
    ],
    "96": [
        1.8235206085533195,
        -9.439718539453315
    ],
    "97": [
        0.4183679436722348,
        -9.220966282108492
    ],
    "98": [
        0.5501780658196874,
        -10.389595916745192
    ],
    "99": [
        2.3575781485688263,
        -5.382774063165217
    ],
    "100": [
        7.156006475548206,
        -12.876629234409148
    ],
    "101": [
        3.1940671554009996,
        -7.348455500046717
    ],
    "102": [
        4.845849020086018,
        -11.233388794722282
    ],
    "103": [
        2.1587653619506466,
        -11.592883153852442
    ],
    "104": [
        5.066206296848413,
        -6.554682859927259
    ],
    "105": [
        5.3310255705676255,
        -13.01615263347594
    ],
    "106": [
        5.756002011570161,
        -10.429809137920385
    ],