{
    "0": [
        -22.14379578685298,
        -5.746985729438847
    ],
    "1": [
        -29.060616162371776,
        -4.234121511228975
    ],
    "2": [
        -22.630706820272046,
        5.015076233669773
    ],
    "3": [
        -29.602267140115757,
        -1.760966291061599
    ],
    "4": [
        -32.29755809898967,
        -4.913369999388174
    ],
    "5": [
        -28.491331802761895,
        -5.820912729874536
    ],
    "6": [
        -29.052083190554985,
        -6.945870064995851
    ],
    "7": [
        -22.917048523089775,
        -2.8146581988658657
    ],
    "8": [
        -26.88934643842902,
        -5.034880214758726
    ],
    "9": [
        -23.156910379107618,
        -5.945019116393391
    ],
    "10": [
        -26.01466188619071,
        -4.49050395612159
    ],
    "11": [
        -16.846913634499355,
        -8.432539558628488
    ],
    "12": [
        -28.750583577218347,
        -1.653600986834354
    ],
    "13": [
        -25.10306198887268,
        -5.733704038804859
    ],
    "14": [
        -20.81456895717609,
        -4.313260684631673
    ],
    "15": [
        -26.89600748131764,
        -5.760196410260174
    ],
    "16": [
        -29.718148807306246,
        2.7624603100216167
    ],
    "17": [
        -28.959349239813932,
        -4.901863554348416
    ],
    "18": [
        -20.87166247901523,
        -3.3107558257846543
    ],
    "19": [
        -22.63425671106751,
        6.839011502375634
    ],
    "20": [
        -26.147679602550465,
        -1.515871481505998
    ],
    "21": [
        -19.245180548869943,
        -5.70662425258821
    ],
    "22": [
        -28.522603981397694,
        -12.296064940795722
    ],
    "23": [
        -27.24633024441354,
        -1.7706134444304924
    ],
    "24": [
        -30.72455208858465,
        -3.881082468955771
    ],
    "25": [
        -27.383736604369734,
        -3.653249683180737
    ],
    "26": [
        -21.610117292398034,
        -0.18220684190267256
    ],
    "27": [
        -30.039912067416623,
        -4.837560642855003
    ],
    "28": [
        -33.872408705290695,
        -1.1400491072322814
    ],
    "29": [
        -24.33691896861627,
        -2.905384636256997
    ],
    "30": [
        -20.576861378526257,
        -2.0848095788273175
    ],
    "31": [
        -20.35499157757734,
        -1.0389530030904905
    ],
    "32": [
        -22.64791721989721,
        -6.037216203751141
    ],
    "33": [
        -29.208482644376208,
        -3.6086979204535186
    ],
    "34": [
        -16.361749714482908,
        -3.828035069354461
    ],
    "35": [
        -25.866382378906902,
        -3.9234456361242414
    ],
    "36": [
        -20.68591938558976,
        -7.105410973969835
    ],
    "37": [
        -26.273365402606927,
        -5.567403020726006
    ],
    "38": [
        -32.98468710097176,
        -1.0566610569374753
    ],
    "39": [
        -30.89160494821722,
        -1.7993141329807614
    ],
    "40": [
        -26.623858088776366,
        -2.687837822705115
    ],
    "41": [
        -31.446054110708996,
        -4.825664428896865
    ],
    "42": [
        -24.644876128389313,
        -4.98370827000951
    ],
    "43": [
        -18.877276453566044,
        -4.622597683364455
    ],
    "44": [
        -30.65695296153964,
        -5.073627739982862
    ],
    "45": [
        -35.24254998256701,
        -5.065002036572354
    ],
    "46": [
        -18.42191345663639,
        -4.034431844490924
    ],
    "47": [
        -27.97836820540028,
        -2.7379563686186565
    ],
    "48": [
        -31.309742763287016,
        -1.4991009201334733
    ],
    "49": [
        -24.600837536903132,
        -1.3163609603480222
    ],
    "50": [
        16.06432157768641,
        -0.9942124790470469
    ],
    "51": [
        15.602556107149908,
        2.2233091010548915
    ],
    "52": [
        8.35713397437189,
        -4.593667921713189
    ],
    "53": [
        8.166509384916848,
        -5.642627640287355
    ],
    "54": [
        20.836270526681304,
        -0.16924925954263167
    ],
    "55": [
        19.349999129994906,
        -2.3328910369274447
    ],
    "56": [
        22.724612748364095,
        4.4153762165817865
    ],
    "57": [
        14.612673297231723,
        0.26880596767310017
    ],
    "58": [
        17.797012080174266,
        -0.5709868486489243
    ],
    "59": [
        8.443912931788281,
        -0.8469004255118071
    ],
    "60": [
        12.533805903619267,
        0.6970726655258094
    ],
    "61": [
        17.323280735824493,
        -2.54152193054158
    ],
    "62": [
        17.798352609711866,
        -1.5502311110302889
    ],
    "63": [
        13.073312721385493,
        -3.992450585764253
    ],
    "64": [
        -3.6849661925681816,
        -5.751116831567556
    ],
    "65": [
        12.488685724633884,
        -2.3053385562767787
    ],
    "66": [
        5.737437600323688,
        -1.3280847743804876
    ],
    "67": [
        7.515566559466059,
        -3.2367452335465488
    ],
    "68": [
        11.635686638950093,
        -5.189575323794312
    ],
    "69": [
        12.891792753078214,
        -7.155008138593321
    ],
    "70": [
        16.984734325072303,
        0.13575272901339974
    ],
    "71": [
        11.080878321576852,
        -4.6392027205002675
    ],
    "72": [
        7.680356340620749,
        0.8583896463287972
    ],
    "73": [
        23.088403981125087,
        -0.5627841380240732
    ],
    "74": [
        4.768071284285158,
        -5.170937154272677
    ],
    "75": [
        20.524868597821055,
        2.5310521479019896
    ],
    "76": [
        11.771646181281334,
        -1.036614018323957
    ],
    "77": [
        25.678477090609647,
        1.2733940772837091
    ],
    "78": [
        13.857733391287846,
        7.211553446183084
    ],
    "79": [
        15.032554455679781,
        -2.8827862353785605
    ],
    "80": [
        20.088108650932895,
        -0.869658752287905
    ],
    "81": [
        17.216853282620217,
        2.2703736474223875
    ],
    "82": [
        12.005644868044508,
        -2.163592664154566
    ],
    "83": [
        1.5844804495741498,
        -4.026013633479567
    ],
    "84": [
        6.291948743035526,
        -3.64813369467537
    ],
    "85": [
        11.237711096322526,
        3.32700047466286
    ],
    "86": [
        13.836081523411238,
        -1.27464923627027
    ],
    "87": [
        4.6176727773506485,
        -0.0021727251024334865
    ],
    "88": [
        13.290768690062398,
        -2.486759301436478
    ],
    "89": [
        9.68941663034295,
        0.5578156350862762
    ],
    "90": [
        12.905751727419688,
        -10.091334395680118
    ],
    "91": [
        14.717034046550204,
        2.7597645875698578
    ],
    "92": [
        16.34937728660638,
        -3.1395662926535226
    ],
    "93": [
        13.319555312925479,
        4.970590990367927
    ],
    "94": [
        2.6005736684045897,
        -6.67800291071948
    ],
    "95": [
        3.091103620735246,
        -4.933529038522492
    ],
    "96": [
        16.25040794976214,
        1.224772486702952
    ],
    "97": [
        11.998347841051922,
        -7.858297653366079
    ],
    "98": [
        -32.88448122252235,
        -31.427354479935605
    ],
    "99": [
        -27.266207683263175,
        -23.45115291034464
    ],
    "100": [
        -24.410143218640126,
        -32.038524983255705
    ],
    "101": [
        -22.79079708943527,
        -28.532455299480937
    ],
    "102": [
        -20.178101255077994,
        -28.322271252865825
    ],
    "103": [
        -29.526681870432085,
        -31.158566363360663
    ],
    "104": [
        -28.343351524845193,
        -27.26269655606488
    ],
    "105": [
        -20.2421637365165,
        -27.357321014627136
    ],
    "106": [
        -24.754514278141226,
        -29.54720187003879
    ],