{
    "0": [
        1.0,
        0.0
    ],
    "1": [
        0.9807852804032304,
        0.19509032201612825
    ],
    "2": [
        0.9238795325112867,
        0.3826834323650898
    ],
    "3": [
        0.8314696123025452,
        0.5555702330196022
    ],
    "4": [
        0.7071067811865476,
        0.7071067811865475
    ],
    "5": [
        0.5555702330196023,
        0.8314696123025452
    ],
    "6": [
        0.38268343236508984,
        0.9238795325112867
    ],
    "7": [
        0.19509032201612833,
        0.9807852804032304
    ],
    "8": [
        6.123233995736766e-17,
        1.0
    ],
    "9": [
        -0.1950903220161282,
        0.9807852804032304
    ],
    "10": [
        -0.3826834323650897,
        0.9238795325112867
    ],
    "11": [
        -0.555570233019602,
        0.8314696123025455
    ],
    "12": [
        -0.7071067811865475,
        0.7071067811865476
    ],
    "13": [
        -0.8314696123025453,
        0.5555702330196022
    ],
    "14": [
        -0.9238795325112867,
        0.3826834323650899
    ],
    "15": [
        -0.9807852804032304,
        0.1950903220161286
    ],
    "16": [
        -1.0,
        1.2246467991473532e-16
    ],
    "17": [
        -0.9807852804032304,
        -0.19509032201612836
    ],
    "18": [
        -0.9238795325112868,
        -0.38268343236508967
    ],
    "19": [
        -0.8314696123025455,
        -0.555570233019602
    ],
    "20": [
        -0.7071067811865477,
        -0.7071067811865475
    ],
    "21": [
        -0.5555702330196022,
        -0.8314696123025452
    ],
    "22": [
        -0.38268343236509034,
        -0.9238795325112865
    ],
    "23": [
        -0.19509032201612866,
        -0.9807852804032303
    ],
    "24": [
        -1.8369701987210297e-16,
        -1.0
    ],
    "25": [
        0.1950903220161283,
        -0.9807852804032304
    ],
    "26": [
        0.38268343236509,
        -0.9238795325112866
    ],
    "27": [
        0.5555702330196018,
        -0.8314696123025455
    ],
    "28": [
        0.7071067811865474,
        -0.7071067811865477
    ],
    "29": [
        0.8314696123025452,
        -0.5555702330196022
    ],
    "30": [
        0.9238795325112865,
        -0.3826834323650904
    ],
    "31": [
        0.9807852804032303,
        -0.19509032201612872
    ]
}