{
    "0": [
        1.0,
        0.0
    ],
    "1": [
        0.970941817426052,
        0.23931566428755774
    ],
    "2": [
        0.8854560256532099,
        0.4647231720437685
    ],
    "3": [
        0.7485107481711012,
        0.6631226582407951
    ],
    "4": [
        0.5680647467311559,
        0.8229838658936564
    ],
    "5": [
        0.3546048870425358,
        0.9350162426854147
    ],
    "6": [
        0.12053668025532323,
        0.992708874098054
    ],
    "7": [
        -0.12053668025532288,
        0.992708874098054
    ],
    "8": [
        -0.35460488704253545,
        0.9350162426854148
    ],
    "9": [
        -0.5680647467311557,
        0.8229838658936565
    ],
    "10": [
        -0.7485107481711009,
        0.6631226582407955
    ],
    "11": [
        -0.8854560256532098,
        0.4647231720437687
    ],
    "12": [
        -0.9709418174260519,
        0.2393156642875581
    ],
    "13": [
        -1.0,
        1.2246467991473532e-16
    ],
    "14": [
        -0.9709418174260521,
        -0.23931566428755743
    ],
    "15": [
        -0.8854560256532099,
        -0.46472317204376845
    ],
    "16": [
        -0.7485107481711013,
        -0.663122658240795
    ],
    "17": [
        -0.5680647467311559,
        -0.8229838658936564
    ],
    "18": [
        -0.3546048870425359,
        -0.9350162426854147
    ],
    "19": [
        -0.12053668025532357,
        -0.992708874098054
    ],
    "20": [
        0.12053668025532233,
        -0.9927088740980541
    ],
    "21": [
        0.35460488704253557,
        -0.9350162426854148
    ],
    "22": [
        0.5680647467311556,
        -0.8229838658936566
    ],
    "23": [
        0.7485107481711007,
        -0.6631226582407955
    ],
    "24": [
        0.8854560256532096,
        -0.4647231720437692
    ],
    "25": [
        0.9709418174260518,
        -0.23931566428755865
    ]
}