{
    "0": [
        1.0,
        0.0
    ],
    "1": [
        0.9989636736467276,
        0.045514599132963594
    ],
    "2": [
        0.9958568425315313,
        0.09093486230884694
    ],
    "3": [
        0.9906859460363308,
        0.1361666490962466
    ],
    "4": [
        0.9834617016337421,
        0.18111620970985573
    ],
    "5": [
        0.9741990826734791,
        0.2256903793212106
    ],
    "6": [
        0.9629172873477992,
        0.2697967711570243
    ],
    "7": [
        0.9496396989003193,
        0.31334396798488223
    ],
    "8": [
        0.9343938371606711,
        0.3562417115894168
    ],
    "9": [
        0.917211301505453,
        0.39840108984624145
    ],
    "10": [
        0.8981277053636961,
        0.4397347210059058
    ],
    "11": [
        0.8771826024025943,
        0.48015693480591554
    ],
    "12": [
        0.8544194045464886,
        0.5195839500354336
    ],
    "13": [
        0.8298852919990252,
        0.5579340481846333
    ],
    "14": [
        0.8036311154549782,
        0.5951277428187897
    ],
    "15": [
        0.7757112907044199,
        0.6310879443260528
    ],
    "16": [
        0.7461836858476856,
        0.6657401196974406
    ],
    "17": [
        0.7151095013548994,
        0.6990124470078821
    ],
    "18": [
        0.6825531432186541,
        0.730835964278124
    ],
    "19": [
        0.648582089462756,
        0.7611447124089646
    ],
    "20": [
        0.6132667502837164,
        0.7898758718915586
    ],
    "21": [
        0.5766803221148672,
        0.816969893010442
    ],
    "22": [
        0.5388986359155756,
        0.8423706192694116
    ],
    "23": [
        0.5000000000000001,
        0.8660254037844386
    ],
    "24": [
        0.4600650377311522,
        0.8878852184023752
    ],
    "25": [
        0.41917652041666414,
        0.9079047553192889
    ],
    "26": [
        0.3774191957526144,
        0.9260425209878053
    ],
    "27": [
        0.3348796121709863,
        0.9422609221188204
    ],
    "28": [
        0.29164593945482503,
        0.9565263435993347
    ],
    "29": [
        0.24780778599289993,
        0.9688092181649064
    ],
    "30": [
        0.20345601305263397,
        0.9790840876823228
    ],
    "31": [
        0.15868254645625143,
        0.9873296559154696
    ],
    "32": [
        0.11358018605047492,
        0.9935288326650311
    ],
    "33": [
        0.068242413364671,
        0.9976687691905392
    ],
    "34": [
        0.02276319785610566,
        0.9997408848413492
    ],
    "35": [
        -0.022763197856105536,
        0.9997408848413492
    ],
    "36": [
        -0.06824241336467088,
        0.9976687691905392
    ],
    "37": [
        -0.11358018605047479,
        0.9935288326650312
    ],
    "38": [
        -0.1586825464562511,
        0.9873296559154696
    ],
    "39": [
        -0.20345601305263364,
        0.9790840876823229
    ],
    "40": [
        -0.24780778599289982,
        0.9688092181649064
    ],
    "41": [
        -0.2916459394548249,
        0.9565263435993347
    ],
    "42": [
        -0.33487961217098616,
        0.9422609221188205
    ],
    "43": [
        -0.3774191957526143,
        0.9260425209878053
    ],
    "44": [
        -0.4191765204166638,
        0.9079047553192892
    ],
    "45": [
        -0.4600650377311521,
        0.8878852184023752
    ],
    "46": [
        -0.4999999999999998,
        0.8660254037844387
    ],
    "47": [
        -0.5388986359155755,
        0.8423706192694116
    ],
    "48": [
        -0.5766803221148671,
        0.8169698930104421
    ],
    "49": [
        -0.613266750283716,
        0.7898758718915588
    ],
    "50": [
        -0.648582089462756,
        0.7611447124089648
    ],
    "51": [
        -0.6825531432186539,
        0.7308359642781243
    ],
    "52": [
        -0.7151095013548995,
        0.699012447007882
    ],
    "53": [
        -0.7461836858476855,
        0.6657401196974407
    ],
    "54": [
        -0.7757112907044197,
        0.631087944326053
    ],
    "55": [
        -0.8036311154549782,
        0.5951277428187897
    ],
    "56": [
        -0.829885291999025,
        0.5579340481846334
    ],
    "57": [
        -0.8544194045464883,
        0.5195839500354339
    ],
    "58": [
        -0.8771826024025943,
        0.48015693480591565
    ],
    "59": [
        -0.898127705363696,
        0.43973472100590605
    ],
    "60": [
        -0.9172113015054528,
        0.3984010898462418
    ],
    "61": [
        -0.934393837160671,
        0.3562417115894169
    ],
    "62": [
        -0.9496396989003192,
        0.3133439679848825
    ],
    "63": [
        -0.9629172873477992,
        0.2697967711570243
    ],
    "64": [
        -0.974199082673479,
        0.2256903793212108
    ],
    "65": [
        -0.983461701633742,
        0.1811162097098561
    ],
    "66": [
        -0.9906859460363308,
        0.13616664909624665
    ],
    "67": [
        -0.9958568425315313,
        0.09093486230884718
    ],
    "68": [
        -0.9989636736467276,
        0.04551459913296355
    ],
    "69": [
        -1.0,
        1.2246467991473532e-16
    ],
    "70": [
        -0.9989636736467276,
        -0.0455145991329633
    ],
    "71": [
        -0.9958568425315313,
        -0.09093486230884694
    ],
    "72": [
        -0.9906859460363308,
        -0.1361666490962464
    ],
    "73": [
        -0.9834617016337421,
        -0.1811162097098554
    ],
    "74": [
        -0.9741990826734791,
        -0.22569037932121055
    ],
    "75": [
        -0.9629172873477994,
        -0.26979677115702405
    ],
    "76": [
        -0.9496396989003194,
        -0.31334396798488184
    ],
    "77": [
        -0.9343938371606711,
        -0.3562417115894167
    ],
    "78": [
        -0.9172113015054532,
        -0.3984010898462412
    ],
    "79": [
        -0.8981277053636961,
        -0.4397347210059058
    ],
    "80": [
        -0.8771826024025944,
        -0.4801569348059154
    ],
    "81": [
        -0.8544194045464888,
        -0.5195839500354332
    ],
    "82": [
        -0.8298852919990252,
        -0.5579340481846333
    ],
    "83": [
        -0.8036311154549783,
        -0.5951277428187896
    ],
    "84": [
        -0.7757112907044198,
        -0.6310879443260528
    ],
    "85": [
        -0.7461836858476856,
        -0.6657401196974405
    ],
    "86": [
        -0.7151095013548996,
        -0.6990124470078819
    ],
    "87": [
        -0.6825531432186541,
        -0.730835964278124
    ],
    "88": [
        -0.6485820894627564,
        -0.7611447124089643
    ],
    "89": [
        -0.6132667502837162,
        -0.7898758718915587
    ],
    "90": [
        -0.5766803221148672,
        -0.816969893010442
    ],
    "91": [
        -0.5388986359155757,
        -0.8423706192694115
    ],
    "92": [
        -0.5000000000000004,
        -0.8660254037844384
    ],
    "93": [
        -0.4600650377311527,
        -0.887885218402375
    ],
    "94": [
        -0.41917652041666403,
        -0.907904755319289
    ],
    "95": [
        -0.3774191957526145,
        -0.9260425209878052
    ],
    "96": [
        -0.3348796121709864,
        -0.9422609221188204
    ],
    "97": [
        -0.29164593945482536,
        -0.9565263435993346
    ],
    "98": [
        -0.2478077859929005,
        -0.9688092181649062
    ],
    "99": [
        -0.20345601305263367,
        -0.9790840876823229
    ],
    "100": [
        -0.15868254645625132,
        -0.9873296559154696
    ],
    "101": [
        -0.11358018605047504,
        -0.9935288326650311
    ],
    "102": [
        -0.06824241336467135,
        -0.9976687691905392
    ],
    "103": [
        -0.022763197856106226,
        -0.9997408848413492
    ],
    "104": [
        0.02276319785610586,
        -0.9997408848413492
    ],
    "105": [
        0.06824241336467098,
        -0.9976687691905392
    ],