{
    "0": [
        0.006672514655511996,
        0.5306515975562043
    ],
    "1": [
        0.21381691071656483,
        -0.4321898072116337
    ],
    "2": [
        -0.5219805691024959,
        0.02602356756569968
    ],
    "3": [
        0.053128839538764794,
        -0.07693863967008774
    ],
    "4": [
        0.31399113091657327,
        0.3790181847504055
    ],
    "5": [
        0.10769801154050018,
        -0.14268604508154503
    ],
    "6": [
        0.76270351011663,
        0.337015518044133
    ],
    "7": [
        -0.38893345275753166,
        -0.873778070541908
    ],
    "8": [
        0.6831179129880383,
        -0.6414590789985741
    ],
    "9": [
        -0.619756344241102,
        -0.023095682916631333
    ],
    "10": [
        0.10432598439802199,
        -0.17835399461539936
    ],
    "11": [
        -0.7147844487694739,
        1.0957924511193031
    ]
}