{
    "0": [
        -0.24828813883795986,
        0.7364818599469602
    ],
    "1": [
        0.9329589051734115,
        -0.689073604249347
    ],
    "2": [
        -1.0647425606166099,
        0.1387549822332801
    ],
    "3": [
        0.3604518348493748,
        0.9440016614789695
    ],
    "4": [
        -0.8197103011202564,
        -0.6329887980752451
    ],
    "5": [
        -0.05589006334916968,
        -0.9102906882063921
    ],
    "6": [
        -0.19969198037454428,
        -0.06579130769369179
    ],
    "7": [
        1.0497340039503,
        0.4721948737767194
    ],
    "8": [
        -0.48648948705247896,
        0.8707452170286922
    ],
    "9": [
        0.43601413580660964,
        -0.13979450592930842
    ],
    "10": [
        -0.22054813953364105,
        0.04502435958889972
    ],
    "11": [
        -0.17059684348964987,
        -0.8600494638818477
    ],
    "12": [
        -0.9505741775889334,
        -0.03785723177894518
    ],
    "13": [
        0.9272306629577036,
        0.5773969367709233
    ],
    "14": [
        0.6575663738665045,
        -0.4047256712980136
    ],
    "15": [
        -0.14742422464064653,
        -0.04402861971165528
    ]
}