{
    "0": [
        0.34997725870608853,
        -0.5048046041655656
    ],
    "1": [
        -0.0026337172982593415,
        0.0008350267791108479
    ],
    "2": [
        -0.002657451319465487,
        0.0009131372350168476
    ],
    "3": [
        -0.003246102929383099,
        0.0015243816800420973
    ],
    "4": [
        -0.003103663737133111,
        0.0013397004919788458
    ],
    "5": [
        -0.0031164596785933085,
        0.0013885942088371905
    ],
    "6": [
        -0.0030668064600387623,
        0.001391281798712285
    ],
    "7": [
        -0.003687727485421455,
        0.0014317579845553041
    ],
    "8": [
        -0.0032249880064059155,
        0.0013073882621466026
    ],
    "9": [
        -0.026004569589815674,
        0.001556272504549483
    ],
    "10": [
        0.5325777871403323,
        0.2961590396396385
    ],
    "11": [
        -0.5501774314325694,
        -0.331341300604441
    ],
    "12": [
        -0.281636127909346,
        0.5282993241854026
    ]
}