{
    "0": [
        0.8159572748247266,
        -0.31510199610819445
    ],
    "1": [
        0.6074861365096531,
        -0.459240130074547
    ],
    "2": [
        0.2504138059921308,
        0.5011504799705317
    ],
    "3": [
        -0.711877871972332,
        0.37840401822175274
    ],
    "4": [
        -0.30853695548027993,
        -0.48381239665251297
    ],
    "5": [
        -0.14619742492005994,
        -0.2613755434091267
    ],
    "6": [
        -0.4631804670914166,
        -0.43190603914607095
    ],
    "7": [
        0.5174933431474029,
        1.142889484071386
    ],
    "8": [
        0.10744979411786382,
        0.32615667487415934
    ],
    "9": [
        0.10462266623951866,
        -0.802547096504493
    ],
    "10": [
        -0.7736303013672128,
        0.40538254475711266
    ]
}