{
    "0": [
        -1.0501496672915582,
        -0.5156015561750291
    ],
    "1": [
        -1.0535903330684988,
        -0.5118199491101174
    ],
    "2": [
        -0.3372869958778679,
        0.005484074471400813
    ],
    "3": [
        0.9441283114985914,
        -0.32873740450069305
    ],
    "4": [
        -1.0689383297282298,
        -0.520316009845234
    ],
    "5": [
        0.6765946334201782,
        0.6679356582312911
    ],
    "6": [
        0.6974918997172121,
        0.6889732738680239
    ],
    "7": [
        -1.0569355416311215,
        -0.5223809866105367
    ],
    "8": [
        -0.019382613497256784,
        0.22884867333367143
    ],
    "9": [
        0.6505923146370289,
        0.6483405487741353
    ],
    "10": [
        0.9225762178368164,
        -0.5203881434022166
    ],
    "11": [
        0.6949001039847023,
        0.6796618209653045
    ]
}