{
    "0": [
        -0.627648269825916,
        -0.13032492381703342
    ],
    "1": [
        -0.6991866678325387,
        -0.08803934562445015
    ],
    "2": [
        -0.5895803467915535,
        -0.03068802696866868
    ],
    "3": [
        -0.6247065227588617,
        -0.09332254433825149
    ],
    "4": [
        -1.313104001757854,
        -1.1513353100979185
    ],
    "5": [
        0.3355639858389363,
        -0.4140752243579442
    ],
    "6": [
        -0.5382734771292137,
        -0.10069184113210206
    ],
    "7": [
        0.7844584161441803,
        0.41487351423159424
    ],
    "8": [
        0.784672627016386,
        0.3777913937649391
    ],
    "9": [
        0.8084835992988149,
        0.38729882873307453
    ],
    "10": [
        0.8352150409531021,
        0.43421718892766137
    ],
    "11": [
        0.844105616844514,
        0.39429629067910277
    ]
}