{
    "0": [
        3.2085251907194516,
        -5.113927400224962
    ],
    "1": [
        1.1884348662621464,
        -4.114587385992877
    ],
    "2": [
        -0.1094089110272293,
        4.5167576386277
    ],
    "3": [
        -2.33596392793592,
        6.051063423707707
    ],
    "4": [
        -1.1486325196653668,
        5.547202930324269
    ],
    "5": [
        3.8785164143740625,
        5.502275821979122
    ],
    "6": [
        1.8493862548592204,
        7.9962152826755455
    ],
    "7": [
        -1.605336867450951,
        8.451529500247728
    ],
    "8": [
        -1.5640375060271978,
        -1.7656484461918287
    ],
    "9": [
        8.777276290174575,
        7.020118233337456
    ],
    "10": [
        6.76044733323355,
        6.393545597079715
    ],
    "11": [
        3.640382741707518,
        9.167346183896369
    ],
    "12": [
        3.0297011771123628,
        9.898533097252715
    ],
    "13": [
        2.5575278663185235,
        -5.869328058974378
    ],
    "14": [
        -0.9253892730964585,
        -0.7420570723504218
    ],
    "15": [
        -3.1840399611642436,
        -1.7002874439174167
    ],
    "16": [
        -2.680608669111312,
        -3.5501780442392925
    ],
    "17": [
        -0.8324557583931569,
        -2.900548450659853
    ],
    "18": [
        -2.253726765808231,
        -4.594750614254965
    ],
    "19": [
        -2.7085761689084684,
        -0.5370192386350306
    ],
    "20": [
        1.0862408042396932,
        0.7037990578366939
    ],
    "21": [
        0.9474161906898009,
        -2.4400081313050292
    ],
    "22": [
        -4.709421450728312,
        -4.627795926379473
    ],
    "23": [
        -0.4823845004490593,
        -5.945683983523816
    ],
    "24": [
        -5.969273325860974,
        -1.4599884327969355
    ],
    "25": [
        -5.594353596089651,
        -6.717094076649378
    ],
    "26": [
        -4.24424711544756,
        15.914385524150289
    ],
    "27": [
        -3.6065401385426217,
        14.097129579119095
    ],
    "28": [
        -3.1811753453515395,
        -5.184162389153683
    ],
    "29": [
        5.799329570849743,
        5.687979105148549
    ],
    "30": [
        -8.141847964591339,
        -0.8682415100001685
    ],
    "31": [
        2.942934639794884,
        -2.988128813202673
    ],
    "32": [
        -2.7237574113916305,
        11.590746843935884
    ],
    "33": [
        -0.8297006627726216,
        -8.19800865041769
    ],
    "34": [
        0.08848678172751333,
        -8.257260880682637
    ],
    "35": [
        1.7612061760184774,
        3.643689079284247
    ],
    "36": [
        1.0478777506498733,
        5.264413575881429
    ],
    "37": [
        2.792872468569692,
        4.94745080320274
    ],
    "38": [
        1.9396416261424658,
        5.620118315719712
    ],
    "39": [
        2.963165679703133,
        0.13590455625301295
    ],
    "40": [
        -3.9885567419833055,
        7.181558284807206
    ],
    "41": [
        0.8561351131426409,
        -7.75397379862563
    ],
    "42": [
        -2.764003277718174,
        -6.76580015725762
    ],
    "43": [
        -6.754528578038738,
        -5.404215102517491
    ],
    "44": [
        -6.404065433597208,
        -6.266547301233568
    ],
    "45": [
        2.0122869143880355,
        10.074399382622808
    ],
    "46": [
        -2.3912100815154385,
        10.14155602860529
    ],
    "47": [
        2.775383853279817,
        1.1630661435383238
    ],
    "48": [
        -7.511675893680833,
        -0.1956752342401452
    ],
    "49": [
        -7.783972387758046,
        -2.482183422730793
    ],
    "50": [
        -8.258423680112426,
        -1.7341224734260017
    ]
}