{
    "0": [
        -3.6265012113864903,
        -0.16198310792205572
    ],
    "1": [
        -3.2193741629205164,
        -2.6294167385047835
    ],
    "2": [
        -4.797742507470882,
        1.2093043846708234
    ],
    "3": [
        -0.8174545280639542,
        -1.3615342706456326
    ],
    "4": [
        -4.345991453440602,
        -2.095407004752187
    ],
    "5": [
        -8.407831548833569,
        0.881593253420454
    ],
    "6": [
        -0.9890502509432915,
        1.5647438830938276
    ],
    "7": [
        0.21707363823994766,
        -0.3687611407064573
    ],
    "8": [
        -1.6311015231287092,
        -4.564255045313611
    ],
    "9": [
        2.0999827326421663,
        -5.811932323555344
    ],
    "10": [
        1.946560172681323,
        -2.448822115359275
    ],
    "11": [
        4.93460742592128,
        -8.24830114062752
    ],
    "12": [
        2.312484349846133,
        0.6538698748414286
    ],
    "13": [
        -7.826254731431392,
        -6.1613264498252525
    ],
    "14": [
        -8.80607327248376,
        -1.9206088852670968
    ],
    "15": [
        -10.6869210467071,
        -7.857853067947171
    ],
    "16": [
        -10.358178798974267,
        -8.395659392818061
    ],
    "17": [
        -9.75543418603457,
        -8.86535954894624
    ],
    "18": [
        -4.105888030632196,
        -3.463262880841832
    ],
    "19": [
        -6.037241863282244,
        -5.729660558275439
    ],
    "20": [
        -4.8721072581301526,
        -6.7312943797357105
    ],
    "21": [
        -5.041236577636664,
        -6.261777126126162
    ],
    "22": [
        -8.560880462938357,
        1.6806663171066458
    ],
    "23": [
        -7.475578494824199,
        0.7190460026888751
    ],
    "24": [
        2.757940254639751,
        -8.827102804520813
    ],
    "25": [
        10.018817732114588,
        -6.960100699800239
    ],
    "26": [
        6.5636544875663905,
        -10.818408483098132
    ],
    "27": [
        7.284804556132624,
        -10.191803045202894
    ],
    "28": [
        3.078700247094315,
        -11.126068794563176
    ],
    "29": [
        7.778306157236689,
        -11.6782651529535
    ],
    "30": [
        -0.28757209337895884,
        -3.7203030520547427
    ],
    "31": [
        -2.480530927041104,
        -3.0830559058432376
    ],
    "32": [
        -4.846139971812562,
        5.057607211767004
    ],
    "33": [
        -7.158045092582286,
        2.9526099376051484
    ],
    "34": [
        -16.694321898655897,
        5.4071544159194245
    ],
    "35": [
        -19.399446255282985,
        6.571786651853703
    ],
    "36": [
        -12.72967536840827,
        3.666491702616852
    ],
    "37": [
        -3.3894410766789465,
        1.2807723975027547
    ],
    "38": [
        -10.751398189363341,
        0.9966503293668132
    ],
    "39": [
        -10.249568143240998,
        2.4929797937290337
    ],
    "40": [
        -10.623150454385101,
        1.777658593949248
    ],
    "41": [
        -9.571744463058018,
        -1.599892468686588
    ],
    "42": [
        -1.778201521517945,
        -1.8927722418504302
    ],
    "43": [
        -5.147209741817356,
        3.3575449778840003
    ],
    "44": [
        -1.0862971822780354,
        2.690282873950218
    ],
    "45": [
        -0.45378753710087727,
        1.2267789284590669
    ],
    "46": [
        -1.201888110120162,
        0.8913812622138028
    ],
    "47": [
        2.6041098675320953,
        -0.5155930152424346
    ],
    "48": [
        3.082214871262165,
        2.1004546776105117
    ],
    "49": [
        -2.8521232822684555,
        -0.6996524717467149
    ],
    "50": [
        0.07062310428288027,
        -6.713020813420037
    ],
    "51": [
        0.983076570099855,
        -11.636178660307078
    ],
    "52": [
        0.6549283021018061,
        -9.844475020070337
    ],
    "53": [
        0.9547415702160562,
        -4.298428603400196
    ],
    "54": [
        0.7405199692523735,
        -2.0295906235835193
    ],
    "55": [
        -0.3131937865505837,
        -1.8153117962850729
    ],
    "56": [
        -2.4325705715225237,
        -5.252038150088917
    ],
    "57": [
        -5.390160743677527,
        -8.220912164412022
    ],
    "58": [
        -7.033670519825053,
        -0.5534166478449921
    ],
    "59": [
        10.502529239597083,
        5.630411111961481
    ],
    "60": [
        7.475668721423922,
        4.191062495042804
    ],
    "61": [
        4.630399924501997,
        -13.910880958339938
    ],
    "62": [
        2.4259181580612883,
        -13.427732568681995
    ],
    "63": [
        3.867941293999915,
        -14.275056836773736
    ],
    "64": [
        4.752263941124267,
        6.8128785918685475
    ],
    "65": [
        0.6139882181349512,
        0.31427952695607075
    ],
    "66": [
        8.56514739214133,
        -2.183758835294204
    ],
    "67": [
        4.9416611289401295,
        3.5861454764218537
    ],
    "68": [
        3.1140327507638026,
        5.08051879316939
    ],
    "69": [
        -1.6051245728283055,
        1.7489372081595989
    ],
    "70": [
        5.933206055523754,
        2.1030266583947848
    ],
    "71": [
        -3.2340052073887837,
        2.2462551869111533
    ],
    "72": [
        -8.512251683732002,
        -4.306097865291856
    ],
    "73": [
        -11.515191794885439,
        -5.780802256170198
    ],
    "74": [
        -3.504571760638467,
        -3.0677465526660597
    ],
    "75": [
        -7.32718195629435,
        -2.7740565089641347
    ],
    "76": [
        -6.646240023238482,
        -1.4760216869740206
    ],
    "77": [
        1.5537948387016702,
        -2.7900850588178594
    ],
    "78": [
        -10.403835197571995,
        -3.172140147343188
    ],
    "79": [
        7.096729892726905,
        9.349787412568455
    ],
    "80": [
        5.872757598208864,
        9.971181801329807
    ],
    "81": [
        6.537687850123153,
        9.716402975910738
    ],
    "82": [
        7.489146238010374,
        8.755394798879323
    ],
    "83": [
        4.726249554863383,
        1.576928384738186
    ],
    "84": [
        -0.055127241039275944,
        8.299051442422913
    ],
    "85": [
        -7.551300345322023,
        -1.04739361716773
    ],
    "86": [
        -4.318437767000793,
        -4.8063448114404075
    ],
    "87": [
        -2.5366420589185124,
        -1.7004002322149496
    ],
    "88": [
        -6.57092732637443,
        -4.133235979996635
    ],
    "89": [
        -6.903363319946828,
        -3.4794471884756346
    ],
    "90": [
        -10.390055592552018,
        -0.9375675713095593
    ],
    "91": [
        -0.7301230255199919,
        -5.756604154765275
    ],
    "92": [
        -1.1235781627382042,
        -8.97512656525325
    ],
    "93": [
        -3.1147216259375847,
        -9.622600578501492
    ],
    "94": [
        -0.27915601037724513,
        -8.830082919775135
    ],
    "95": [
        0.0005919395654066448,
        3.4873126754710846
    ],
    "96": [
        -0.23535544246959356,
        6.679877666970369
    ],
    "97": [
        1.6848110409322055,
        4.104901619717854
    ],
    "98": [
        12.857160334078385,
        -8.387343961535239
    ],
    "99": [
        12.352169996994295,
        -8.965533038508987
    ],
    "100": [
        13.02407349490994,
        -7.639225434812476
    ],
    "101": [
        0.21118658941341995,
        12.814606203090486
    ],
    "102": [
        0.40732008848520806,
        15.881613671865699
    ],
    "103": [
        0.4895827940270567,
        11.431240014707413
    ],
    "104": [
        -0.48661342017931947,
        11.456591197205343
    ],
    "105": [
        0.34409547042291777,
        3.2778639485735015
    ],
    "106": [
        9.708015515156736,
        -14.059659775270486
    ],