{
    "0": [
        0.40683284499339706,
        3.510617636656728
    ],
    "1": [
        0.9406357877533879,
        0.5104734155790246
    ],
    "2": [
        -0.3078287270327062,
        6.148302653584954
    ],
    "3": [
        -1.1985895547925398,
        0.9479276246912509
    ],
    "4": [
        4.80716458598105,
        7.290264234023124
    ],
    "5": [
        -3.5786074554477163,
        0.207298529055031
    ],
    "6": [
        0.9139109517780042,
        -2.821669157333607
    ],
    "7": [
        -10.059486262953705,
        -2.4319580985337765
    ],
    "8": [
        -7.447077082378673,
        -1.5056501113669476
    ],
    "9": [
        -8.825688551066449,
        -3.82914900069928
    ],
    "10": [
        -4.358624881788602,
        -2.840799471187832
    ],
    "11": [
        -5.40355062772154,
        0.4283919111539046
    ],
    "12": [
        -4.47683116252397,
        -5.88630741757931
    ],
    "13": [
        -6.921421519630191,
        -4.109899617725113
    ],
    "14": [
        -6.3924930295632825,
        -4.902433820929812
    ],
    "15": [
        -5.640983728291198,
        -1.7421960648143962
    ],
    "16": [
        -3.2683262693566304,
        -4.145802108352267
    ],
    "17": [
        -2.6746777746261228,
        -1.2297230521429785
    ],
    "18": [
        -7.260400425992901,
        -3.1774746117583708
    ],
    "19": [
        -0.7928322804376124,
        -3.8439812984256636
    ],
    "20": [
        -2.9589505162980188,
        -3.6263021726905924
    ],
    "21": [
        -2.763675343915898,
        -5.161210882221872
    ],
    "22": [
        -3.0773502260337082,
        -8.199313808947663
    ],
    "23": [
        -4.01983576534262,
        -1.8812074168139405
    ],
    "24": [
        -3.9859682661163593,
        -6.219748964373007
    ],
    "25": [
        -5.3576698945896934,
        -4.189324218164199
    ],
    "26": [
        0.3672698195191963,
        -5.221184190122135
    ],
    "27": [
        -5.630539179809982,
        -8.740447055443694
    ],
    "28": [
        -4.042541158752251,
        -3.5845525024981337
    ],
    "29": [
        -6.103844649367354,
        -6.667269828826997
    ],
    "30": [
        -1.408070809959872,
        -5.206364900453208
    ],
    "31": [
        -7.017200537442821,
        2.862215031432329
    ],
    "32": [
        -7.684282343812767,
        2.4400485604621838
    ],
    "33": [
        -5.021574800705709,
        -1.155856699171534
    ],
    "34": [
        -7.99362141763301,
        1.7116487461390468
    ],
    "35": [
        -12.924031953892069,
        2.4447550902205726
    ],
    "36": [
        -10.284332051456177,
        1.4508109403325566
    ],
    "37": [
        -6.395525006968098,
        -0.047338605831795534
    ],
    "38": [
        1.8399388195031305,
        4.267773534401174
    ],
    "39": [
        2.1987375797011808,
        6.817002880988716
    ],
    "40": [
        5.360553858755497,
        3.1016547506126844
    ],
    "41": [
        1.3269845114731507,
        6.955031474031318
    ],
    "42": [
        1.6009844024692255,
        -0.6415676336456111
    ],
    "43": [
        2.144250619673787,
        -5.087947359251545
    ],
    "44": [
        -6.164026723036011,
        -2.4485980241858023
    ],
    "45": [
        -2.9317477972252766,
        -6.349410373213114
    ],
    "46": [
        -1.504455109807779,
        -1.730261684981881
    ],
    "47": [
        -8.477738154223557,
        -4.500476977081557
    ],
    "48": [
        -1.115218385384608,
        -6.1575411000721765
    ],
    "49": [
        -9.20941576911939,
        0.7761473836383233
    ],
    "50": [
        3.001745679779242,
        -3.046043690282183
    ],
    "51": [
        -0.7517793550974916,
        -10.201341520214617
    ],
    "52": [
        -0.48064085276782004,
        -8.909505602850484
    ],
    "53": [
        6.215695819398879,
        5.15888454347368
    ],
    "54": [
        7.736590552672685,
        5.836892979406784
    ],
    "55": [
        9.899127850190665,
        2.586011046178824
    ],
    "56": [
        3.936492694397253,
        -5.678630568776288
    ],
    "57": [
        5.408260811610393,
        -4.829675750444166
    ],
    "58": [
        4.783121293084888,
        -5.576762720613215
    ],
    "59": [
        5.355732267303583,
        -3.9491238070830827
    ],
    "60": [
        5.498922036842658,
        1.6868527506525381
    ],
    "61": [
        3.700434050562307,
        0.5730462151249706
    ],
    "62": [
        -1.4317729277599252,
        -3.278981153366565
    ],
    "63": [
        7.789193604694453,
        -2.4966788110270484
    ],
    "64": [
        3.3565734882685883,
        0.013085890108407414
    ],
    "65": [
        4.530071031016353,
        -4.762673976630358
    ],
    "66": [
        -2.067352287159366,
        3.322993384267609
    ],
    "67": [
        5.209623800421268,
        11.053797587751614
    ],
    "68": [
        5.51329532438835,
        13.670614983911786
    ],
    "69": [
        -3.5098679667347112,
        3.962087833213329
    ],
    "70": [
        14.183378327125363,
        -1.963688565068389
    ],
    "71": [
        11.857628976366318,
        -1.06347330849065
    ],
    "72": [
        15.367752762324887,
        -2.2097528093131182
    ],
    "73": [
        3.5545473373237093,
        -1.4474812761528015
    ],
    "74": [
        12.178027723094802,
        4.297363048070539
    ],
    "75": [
        9.499302310002076,
        6.355474369846921
    ],
    "76": [
        8.097049908431076,
        0.1488383356785484
    ],
    "77": [
        12.52948148649875,
        2.585213249000909
    ],
    "78": [
        -3.215255268292594,
        1.1895548177331123
    ],
    "79": [
        -4.952710278666601,
        -2.601934891192496
    ],
    "80": [
        -4.233666364232022,
        1.0205471285654446
    ],
    "81": [
        -0.2708193147603822,
        0.7766856663083611
    ],
    "82": [
        -3.439687204206655,
        -0.8130175014708206
    ],
    "83": [
        -9.054983093298569,
        -7.542840557809331
    ],
    "84": [
        -7.595637169686981,
        -6.289015811999589
    ],
    "85": [
        15.759295079140417,
        5.2077548629011945
    ],
    "86": [
        11.91575890065151,
        6.089427992401642
    ],
    "87": [
        13.879907835093407,
        6.163847513633312
    ],
    "88": [
        8.283172091598288,
        2.4793668235556057
    ],
    "89": [
        11.38162820491787,
        8.380249144694698
    ],
    "90": [
        12.414420066682952,
        7.214436110557755
    ],
    "91": [
        -0.5400924037178366,
        -12.970326258234223
    ],
    "92": [
        9.287548443768731,
        7.795995747604245
    ],
    "93": [
        8.373837038483254,
        8.273341141268464
    ],
    "94": [
        9.639593338853583,
        9.242194013617096
    ],
    "95": [
        18.23900890577436,
        5.915394900839371
    ],
    "96": [
        17.792718678363578,
        -3.002039557945575
    ],
    "97": [
        7.011120643534244,
        3.2975225479522035
    ],
    "98": [
        2.135787559086403,
        2.074941972007359
    ],
    "99": [
        7.354809798851894,
        2.273969766091295
    ],
    "100": [
        7.570132008662096,
        1.2164528000806327
    ],
    "101": [
        11.048857366668859,
        11.57720190516797
    ],
    "102": [
        10.585413419710815,
        -0.212094742011614
    ],
    "103": [
        10.257173874057976,
        -1.2342022221078779
    ],
    "104": [
        -4.910939628134396,
        6.451926633224367
    ],
    "105": [
        -0.6753734472413254,
        3.9483951535540824
    ],
    "106": [
        -11.474345615933284,
        -9.065433328310005
    ],
    "107": [
        -10.819479941144767,
        -9.770524839214511
    ],