{
    "0": [
        -15.465856699609143,
        0.05453673117148636
    ],
    "1": [
        -12.833945534616495,
        0.6166357079917499
    ],
    "2": [
        -14.994271703814999,
        -0.6446514611168921
    ],
    "3": [
        -7.944376545981432,
        1.789015405524588
    ],
    "4": [
        -15.401471554332517,
        0.8965193525908338
    ],
    "5": [
        6.626531342161994,
        0.4507335478793116
    ],
    "6": [
        4.647820811891255,
        -0.6754489781803976
    ],
    "7": [
        3.455077105877283,
        -2.4264119325441738
    ],
    "8": [
        1.9928539259677713,
        2.9232476276593196
    ],
    "9": [
        6.338355830691498,
        -0.9630520289947067
    ],
    "10": [
        5.635970089524721,
        -4.730709925555236
    ],
    "11": [
        5.1460771166239345,
        0.8150393993664131
    ],
    "12": [
        -0.9206906163486771,
        -1.0436019644781755
    ],
    "13": [
        4.177788552976244,
        -4.710958420754089
    ],
    "14": [
        -0.5226892114237358,
        -3.5916738979979046
    ],
    "15": [
        3.706321814732095,
        0.624909905844552
    ],
    "16": [
        8.333884627561364,
        -4.284371541262016
    ],
    "17": [
        3.215868478918326,
        -0.7262480125759321
    ],
    "18": [
        0.03122770754716817,
        -8.793885566371555
    ],
    "19": [
        1.6668829312761975,
        2.234922063826896
    ],
    "20": [
        4.762544134093743,
        -9.956125561374918
    ],
    "21": [
        9.911229601508358,
        -8.119812994661602
    ],
    "22": [
        5.928341943904582,
        -8.331916337396997
    ],
    "23": [
        6.718308949299588,
        -2.5857269922207395
    ],
    "24": [
        4.427440872156428,
        -6.8031961276140756
    ],
    "25": [
        5.540943666036755,
        -6.388288588336218
    ],
    "26": [
        -0.6769085865640837,
        10.590253814439826
    ],
    "27": [
        -1.16879845516449,
        7.530342601936733
    ],
    "28": [
        -0.06780429312832519,
        12.82882140410202
    ],
    "29": [
        -0.8745269678973715,
        9.05555437406573
    ],
    "30": [
        -4.897640932266384,
        10.264493985153473
    ],
    "31": [
        -2.5293644117878507,
        6.426143349233607
    ],
    "32": [
        0.20580546080465498,
        11.119702209541586
    ],
    "33": [
        -3.9135319352407283,
        15.307919464847703
    ],
    "34": [
        11.754290639826827,
        -3.1093647315269632
    ],
    "35": [
        -11.34377813366498,
        2.1538903790774184
    ],
    "36": [
        -13.775992473192762,
        2.556063957350175
    ],
    "37": [
        -9.93127728365928,
        2.3455263333091474
    ],
    "38": [
        -8.812933505570221,
        6.938670939117672
    ],
    "39": [
        -9.987040789299204,
        1.1168693981613347
    ],
    "40": [
        -5.228877766418124,
        16.560378292121012
    ],
    "41": [
        -6.194415984142161,
        19.6217330182266
    ],
    "42": [
        -3.7524219120963465,
        17.31430620018845
    ],
    "43": [
        -5.577564208630854,
        17.758347230480027
    ],
    "44": [
        -3.17515283707948,
        19.845839992874822
    ],
    "45": [
        -2.784235020874571,
        17.14551993370227
    ],
    "46": [
        -4.939653966451869,
        18.078979527698387
    ],
    "47": [
        -7.739131274549834,
        21.295931170211954
    ],
    "48": [
        -8.062558452934026,
        23.240342579961055
    ],
    "49": [
        -6.69016046784721,
        21.85827584297027
    ],
    "50": [
        -9.601280826032058,
        -23.228593853939273
    ],
    "51": [
        -10.691927596466794,
        -25.171170026952932
    ],
    "52": [
        -8.074985946321515,
        -20.541045282981305
    ],
    "53": [
        0.5324203774526821,
        -0.47815776326473897
    ],
    "54": [
        0.3216069954223125,
        2.801151074968771
    ],
    "55": [
        0.9695005793292346,
        -3.9043550957342834
    ],
    "56": [
        -6.5024738292304125,
        -5.014584003456253
    ],
    "57": [
        -8.782852530088244,
        -5.163062339653636
    ],
    "58": [
        -3.2333375270235116,
        -4.178662499202402
    ],
    "59": [
        1.712951827353973,
        -3.617173112371972
    ],
    "60": [
        -1.971840217652543,
        -5.401611372825588
    ],
    "61": [
        8.457153048919283,
        -1.6209773405313914
    ],
    "62": [
        7.625596098647683,
        -2.802936888239155
    ],
    "63": [
        -3.939248731457525,
        -12.730332422634135
    ],
    "64": [
        -0.6216456598099022,
        -6.895404614359892
    ],
    "65": [
        -8.632650979570231,
        25.586854533722647
    ],
    "66": [
        -9.5505306015709,
        25.119059886325033
    ],
    "67": [
        11.928542529916276,
        -0.8210571510523749
    ],
    "68": [
        14.27453360069218,
        -3.2290565515198346
    ],
    "69": [
        -6.164801874739998,
        -15.037836616049205
    ],
    "70": [
        -6.165104711590246,
        -17.187331995179203
    ],
    "71": [
        -4.614128895915986,
        -14.801399272841845
    ],
    "72": [
        -4.005762123437049,
        -8.701917956419639
    ],
    "73": [
        -7.8509397068568285,
        -16.652435911725675
    ],
    "74": [
        -7.012641236552042,
        -19.268441186702887
    ],
    "75": [
        4.714589539274616,
        2.4330317595633795
    ],
    "76": [
        8.517948380076957,
        -0.011166223521299623
    ],
    "77": [
        5.317726887826489,
        3.635336873896363
    ],
    "78": [
        0.1346918056929247,
        -3.1903557948310026
    ],
    "79": [
        6.947142016791107,
        3.5562163945551744
    ],
    "80": [
        -1.6609628448074834,
        3.2578420955550107
    ],
    "81": [
        -2.8827609511013725,
        -0.022743475490842754
    ],
    "82": [
        -0.422485071707061,
        5.519297841609131
    ],
    "83": [
        -2.794105140606086,
        2.2947135777061805
    ],
    "84": [
        -2.591461253291914,
        21.980969358155846
    ],
    "85": [
        -2.8271647509527273,
        23.20433806623623
    ],
    "86": [
        8.542419952260031,
        5.6398261740306
    ],
    "87": [
        9.141401519045225,
        4.932137499269448
    ],
    "88": [
        -2.57669679205965,
        25.571781122001983
    ],
    "89": [
        -10.572141833587093,
        8.37146607307191
    ],
    "90": [
        -12.189398932531642,
        8.164045302678122
    ],
    "91": [
        -10.996510390933345,
        7.358338964302128
    ],
    "92": [
        14.460471996011382,
        -0.29907970531506894
    ],
    "93": [
        4.884146297075643,
        -12.262725033964264
    ],
    "94": [
        5.2933898614702395,
        -14.095497463772734
    ],
    "95": [
        16.089815137425752,
        -12.192574572229605
    ],
    "96": [
        16.365693129422333,
        -14.349915883792555
    ],
    "97": [
        18.213860434433524,
        -11.615437505667982
    ],
    "98": [
        18.653396939989204,
        -14.852749862357676
    ],
    "99": [
        17.870166989791453,
        -13.743718036836851
    ],
    "100": [
        18.575893917062327,
        -12.452763681193758
    ],
    "101": [
        17.788944802117598,
        -12.895385408695402
    ],
    "102": [
        17.19347275451654,
        -14.344969075853097
    ],
    "103": [
        19.53746507739365,
        -13.479502806958441
    ],
    "104": [
        20.46656082287089,
        -16.633159825208935
    ],
    "105": [
        -14.541400981547621,
        9.07531523810082
    ],
    "106": [
        11.73277834645647,
        1.571420389707435
    ],
    "107": [
        14.053650762984105,
        2.71876847449373
    ],