{
    "0": [
        5.327477242817823,
        -9.366269910526135
    ],
    "1": [
        2.8097169731201905,
        -10.228952005766345
    ],
    "2": [
        7.0178065501343125,
        -10.769569474239667
    ],
    "3": [
        5.024771688090749,
        -5.779518953142752
    ],
    "4": [
        6.167956777773271,
        -11.411090367648214
    ],
    "5": [
        0.03309010456842876,
        -9.618847444014852
    ],
    "6": [
        5.41153817468637,
        -2.0078183511330203
    ],
    "7": [
        4.014409039524434,
        -1.7586834631040325
    ],
    "8": [
        7.446627752917143,
        -2.470412903168283
    ],
    "9": [
        2.7727750871708206,
        -2.720150677323017
    ],
    "10": [
        6.240076002853286,
        -1.5485733884602237
    ],
    "11": [
        5.332998117051126,
        0.05143543933146104
    ],
    "12": [
        4.460420288337653,
        -1.482919401045381
    ],
    "13": [
        3.7575158018831116,
        -3.4464068610029974
    ],
    "14": [
        3.6921507128374254,
        -0.007469984735224342
    ],
    "15": [
        1.4787614818036854,
        1.7825628073684843
    ],
    "16": [
        -7.479439257749256,
        7.0720053756978745
    ],
    "17": [
        -8.86149254761332,
        8.40829620563154
    ],
    "18": [
        -5.2158111092992225,
        3.001918189970094
    ],
    "19": [
        -9.445223935780758,
        6.713606931615052
    ],
    "20": [
        -6.829997916278992,
        10.914414659225098
    ],
    "21": [
        -9.560774236497988,
        7.687561195809835
    ],
    "22": [
        3.217318615737236,
        -0.5566696985989082
    ],
    "23": [
        2.1213313084264667,
        1.3280473982673875
    ],
    "24": [
        -1.367629879705113,
        3.197368856704197
    ],
    "25": [
        1.4854866177564776,
        -6.417336642561138
    ],
    "26": [
        2.8057556578417246,
        -4.624012931212394
    ],
    "27": [
        3.363221013447124,
        0.5320017035108235
    ],
    "28": [
        -1.0400546332536034,
        -4.580202362112102
    ],
    "29": [
        4.569966402666931,
        -3.1391731402415934
    ],
    "30": [
        2.5072474046357534,
        3.345339896786717
    ],
    "31": [
        -1.9810498953888815,
        -5.909054117158213
    ],
    "32": [
        -4.594175854091019,
        -5.7977598979458325
    ],
    "33": [
        -1.614564179325398,
        -10.922285793432323
    ],
    "34": [
        -2.9006248074180374,
        -11.465836904963515
    ],
    "35": [
        -2.940925491470569,
        -9.437805487356995
    ],
    "36": [
        -0.44386775975338744,
        -11.626751797700564
    ],
    "37": [
        -9.035734301531793,
        12.628714380293024
    ],
    "38": [
        -3.1519822273813305,
        9.461835410880656
    ],
    "39": [
        -8.034313433443526,
        14.079052781337333
    ],
    "40": [
        -7.188174619410636,
        12.648812794350011
    ],
    "41": [
        -10.661930268054181,
        13.910030330102279
    ],
    "42": [
        6.807990226597882,
        1.8282913822970372
    ],
    "43": [
        7.472471351533445,
        1.2922880766368723
    ],
    "44": [
        7.778770302626666,
        -0.24133582563826023
    ],
    "45": [
        7.867771692197087,
        0.5940397710023967
    ],
    "46": [
        0.5046876269018185,
        7.254288602483515
    ],
    "47": [
        -4.314373101277785,
        -11.274659116426438
    ],
    "48": [
        -6.724422652450076,
        -6.895384490921871
    ],
    "49": [
        -5.274492510668947,
        -1.4437540780632665
    ],
    "50": [
        -6.192038145466496,
        -6.473054406223122
    ],
    "51": [
        -6.782061147571438,
        -6.036612717323912
    ],
    "52": [
        -5.704333121915452,
        -7.625379485953538
    ],
    "53": [
        -0.8769394602881209,
        6.102806965519715
    ],
    "54": [
        -1.2887960252082364,
        8.020326543631887
    ],
    "55": [
        -2.819475911705134,
        2.3873273908748875
    ],
    "56": [
        -2.0381550794070438,
        4.696994525401448
    ],
    "57": [
        -3.151138119126643,
        3.605607004147202
    ],
    "58": [
        -2.764664195568737,
        4.318475686425325
    ],
    "59": [
        1.4600962848785564,
        9.394862760201267
    ],
    "60": [
        1.2882220121284955,
        4.7926916776707635
    ],
    "61": [
        2.1213811601194656,
        8.735533532459439
    ],
    "62": [
        0.5254166795966272,
        9.457801816693234
    ],
    "63": [
        -9.107951018086123,
        16.592987109323847
    ],
    "64": [
        -9.92841383308467,
        18.396305712498577
    ]
}