{
    "0": [
        -20.287471042549193,
        -9.34350856005883
    ],
    "1": [
        -19.34850126653147,
        -7.97789877349219
    ],
    "2": [
        -19.166292333269112,
        -9.847638261399076
    ],
    "3": [
        15.072579277133192,
        -4.317463820554904
    ],
    "4": [
        12.7324027647767,
        -4.8758187960947845
    ],
    "5": [
        -12.626665792849204,
        10.733325554608646
    ],
    "6": [
        -10.411055379278007,
        10.376431614157973
    ],
    "7": [
        10.665898660721094,
        -7.867908713869154
    ],
    "8": [
        8.540164337718299,
        -10.76150607509555
    ],
    "9": [
        1.0008990951207646,
        1.2882643665690892
    ],
    "10": [
        1.9424728458783838,
        -0.7046317526385896
    ],
    "11": [
        12.677283719346205,
        -2.1532719240578984
    ],
    "12": [
        9.455397909034303,
        -12.427171376713302
    ],
    "13": [
        -26.690775771665322,
        45.9336882597292
    ],
    "14": [
        -28.530732019784665,
        44.128994142998714
    ],
    "15": [
        -12.241956271504291,
        9.747277316322174
    ],
    "16": [
        -28.156240492278087,
        42.38707773207335
    ],
    "17": [
        -1.4294867375345082,
        -3.4937050660213402
    ],
    "18": [
        -0.36351805247911745,
        -1.8266740267978643
    ],
    "19": [
        -2.071328229094401,
        -1.3458126659553278
    ],
    "20": [
        -3.537998837682289,
        -2.379641883893048
    ],
    "21": [
        -8.601058976377088,
        -4.388018808121415
    ],
    "22": [
        9.124206601281266,
        -13.752686724863125
    ],
    "23": [
        10.172034620534602,
        -7.759523152521785
    ],
    "24": [
        -10.114552514460028,
        -5.674262884752312
    ],
    "25": [
        3.9408871856305256,
        -6.435466525474631
    ],
    "26": [
        7.500500684287118,
        -13.416601215697657
    ],
    "27": [
        -10.19589170912867,
        -3.6786344132798092
    ],
    "28": [
        -14.128742945978559,
        16.14670686015792
    ],
    "29": [
        -17.648698177582737,
        21.887661383673098
    ],
    "30": [
        13.48274170048962,
        -1.990815653421414
    ],
    "31": [
        3.035719354705294,
        1.2246563459860427
    ],
    "32": [
        -30.914145844478863,
        45.8096818035742
    ],
    "33": [
        -30.155408958042614,
        46.1694107555017
    ],
    "34": [
        -30.10450795018126,
        45.22714359055781
    ],
    "35": [
        -29.148380521714767,
        45.89632760784675
    ],
    "36": [
        -9.591848970505268,
        12.051324848136865
    ],
    "37": [
        -27.27142241117374,
        46.517492561405234
    ],
    "38": [
        2.039898408315977,
        1.67775211282749
    ],
    "39": [
        -11.23231095718084,
        9.222884179059157
    ],
    "40": [
        3.303235611811763,
        0.17556754360541005
    ],
    "41": [
        15.425440252295001,
        -6.777435288173005
    ],
    "42": [
        0.6331798982737646,
        0.30551912488367544
    ],
    "43": [
        6.660268093499318,
        -11.264109976667566
    ],
    "44": [
        11.06099210508525,
        -4.222887498486308
    ],
    "45": [
        -27.26245254123751,
        44.93485433766555
    ],
    "46": [
        12.488442566297552,
        -6.395555131160898
    ],
    "47": [
        -9.338634486754557,
        10.139844914119466
    ],
    "48": [
        14.808504476987483,
        -6.174978901259519
    ],
    "49": [
        -30.119966187176455,
        42.342267850934306
    ],
    "50": [
        13.865999595353278,
        -6.410281443015906
    ],
    "51": [
        -30.81009218943437,
        43.122425521507665
    ],
    "52": [
        9.851488697224433,
        -13.399981001222603
    ],
    "53": [
        -27.24233363137692,
        42.72599921897865
    ],
    "54": [
        -31.183568706640873,
        44.93256717463945
    ],
    "55": [
        -19.06927035502644,
        21.35106498194476
    ],
    "56": [
        -28.06627570794726,
        45.81552767591561
    ],
    "57": [
        6.8071589679516435,
        -12.917249960837319
    ],
    "58": [
        -21.758622666110504,
        -8.760827510005285
    ],
    "59": [
        -28.85439319432101,
        46.90503819137106
    ],
    "60": [
        -29.70127552652445,
        46.81962346262923
    ],
    "61": [
        7.3512413073441225,
        -2.593486930634031
    ],
    "62": [
        -11.990291072884865,
        11.790325106144353
    ],
    "63": [
        10.724606730554823,
        -8.32328322711375
    ],
    "64": [
        6.73886926720532,
        -12.089765352295158
    ],
    "65": [
        -21.277988485769516,
        -6.939273255590035
    ],
    "66": [
        -30.331167548456012,
        44.22724722880361
    ],
    "67": [
        -10.512774464272033,
        -4.661917429369191
    ],
    "68": [
        14.291561337377916,
        -5.203373323593386
    ],
    "69": [
        15.274913723599099,
        -5.259673769223706
    ],
    "70": [
        11.426398383066378,
        -3.3313688423459444
    ],
    "71": [
        7.805119208304107,
        -12.409529876180974
    ],
    "72": [
        6.135026543464744,
        -3.3292890696738096
    ],
    "73": [
        15.017096081583041,
        -2.5863431168802844
    ],
    "74": [
        -5.4343817301656845,
        4.327391174979951
    ],
    "75": [
        -4.673396795806853,
        -3.212969037678613
    ],
    "76": [
        -29.645494760237625,
        43.16876446944375
    ],
    "77": [
        -19.306215708453678,
        22.45826511125043
    ],
    "78": [
        16.10481974292726,
        -5.3571240824882995
    ],
    "79": [
        14.021448215777115,
        -7.4671253229147725
    ],
    "80": [
        -20.519201796880743,
        27.46974843959432
    ],
    "81": [
        -23.286335106315327,
        32.98317183055022
    ],
    "82": [
        13.192665443743001,
        -7.190607496760276
    ],
    "83": [
        2.0079689758957233,
        0.7201770958185708
    ],
    "84": [
        -21.811522251403414,
        -7.752237890563542
    ],
    "85": [
        8.647684445869928,
        -12.950216781127121
    ],
    "86": [
        -18.421342980786175,
        23.32629430077268
    ],
    "87": [
        11.296803987480192,
        -5.358796675197842
    ],
    "88": [
        11.878745710960393,
        -2.5397016883292034
    ],
    "89": [
        -0.376754476051558,
        -3.4364905171156064
    ],
    "90": [
        -1.5509741290396268,
        -0.37844405610497145
    ],
    "91": [
        -10.736748715186444,
        12.28674766842712
    ],
    "92": [
        -20.30248921265959,
        -6.764204279097063
    ],
    "93": [
        -24.497792679918522,
        33.0831363401701
    ],
    "94": [
        -29.06810567960873,
        42.09183860887692
    ],
    "95": [
        -21.269503416145643,
        -9.584084270761222
    ],
    "96": [
        13.921213808242216,
        -3.8463347602542726
    ],
    "97": [
        -17.081386659964544,
        23.330259479055787
    ],
    "98": [
        14.337211274486116,
        -2.169444907882369
    ],
    "99": [
        10.404722283016085,
        -11.995412806555203
    ],
    "100": [
        12.705452762601714,
        -3.212886861725267
    ],
    "101": [
        13.772951649657989,
        -2.8425793782063233
    ],
    "102": [
        -28.043848236049964,
        46.86216171128166
    ],
    "103": [
        -25.900757278527358,
        38.511879774405166
    ],
    "104": [
        11.219054030558194,
        -8.431424851286739
    ],
    "105": [
        -1.9174490353545286,
        -2.5660544810627255
    ],
    "106": [
        15.79976945609122,
        -6.083119064527872
    ],