{
    "0": [
        22.700392165920704,
        -5.976317504707023
    ],
    "1": [
        25.043059262702116,
        -6.951062128666335
    ],
    "2": [
        19.895727606888105,
        -4.706345398626143
    ],
    "3": [
        -18.397388182263448,
        2.1414487711202708
    ],
    "4": [
        -16.684384787204497,
        1.455253827657486
    ],
    "5": [
        -9.341788582836935,
        -2.4759004345117015
    ],
    "6": [
        -8.448746615417358,
        -1.7390147461128294
    ],
    "7": [
        16.665378211819196,
        -3.117049784140874
    ],
    "8": [
        18.229480370657956,
        -2.7720559049956828
    ],
    "9": [
        18.08259299595284,
        -4.060655885969252
    ],
    "10": [
        17.14571299288196,
        -4.711479059113383
    ],
    "11": [
        17.459742556863713,
        -1.7382521718415658
    ],
    "12": [
        20.100823379240783,
        -1.8995837345293467
    ],
    "13": [
        11.095839856793885,
        -2.6332310176064992
    ],
    "14": [
        -19.64022975500113,
        1.5111360054591114
    ],
    "15": [
        -15.574911108253774,
        -1.8569753864676284
    ],
    "16": [
        -18.354934346889678,
        0.6850985242143828
    ],
    "17": [
        -13.647748524483058,
        4.321606946734837
    ],
    "18": [
        -2.572235156836662,
        8.27001415583528
    ],
    "19": [
        -6.541854481387912,
        7.730056540905068
    ],
    "20": [
        -2.491327775517925,
        9.730247859712891
    ],
    "21": [
        0.6896953295447986,
        5.263538956790525
    ],
    "22": [
        -2.2471839029467646,
        11.80439551980945
    ],
    "23": [
        -15.236740086770084,
        3.3368715103822355
    ],
    "24": [
        -13.976422647944686,
        2.384328433766109
    ],
    "25": [
        -2.2582482190456896,
        19.569743516879782
    ],
    "26": [
        -1.751984634512529,
        17.811171341911074
    ],
    "27": [
        12.280256331412499,
        -5.167785652761214
    ],
    "28": [
        13.224603157189101,
        -7.43581104435587
    ],
    "29": [
        -10.586228624892836,
        -6.720730786164456
    ],
    "30": [
        -9.461456907998448,
        -5.531938058633732
    ],
    "31": [
        3.8550087358630907,
        2.0209905920585602
    ],
    "32": [
        5.22249056186533,
        -2.1431300180049035
    ],
    "33": [
        6.7514384318980305,
        2.8373336508894895
    ],
    "34": [
        -10.446684028252603,
        6.814712110243177
    ],
    "35": [
        -17.827476000814467,
        5.562971369909244
    ],
    "36": [
        -16.190672624991375,
        4.238067784010581
    ],
    "37": [
        -10.46831367008451,
        -8.146530563570728
    ],
    "38": [
        -11.230618121695887,
        -10.004144809211768
    ],
    "39": [
        -9.11962259089249,
        -7.18902350587254
    ],
    "40": [
        -13.012833841018244,
        -4.273348680313788
    ],
    "41": [
        -14.419399496910776,
        -5.562478222079082
    ],
    "42": [
        -10.625031527677072,
        8.566873811749163
    ],
    "43": [
        -5.461667253281887,
        -3.632298906993844
    ],
    "44": [
        6.79016872174906,
        -5.9485917214232105
    ],
    "45": [
        6.180691341946671,
        -4.238963048220287
    ],
    "46": [
        -1.9754007741654984,
        14.983354650598676
    ],
    "47": [
        -1.0504689030604126,
        19.48914739251152
    ],
    "48": [
        24.49133820705575,
        -0.12923450881471768
    ],
    "49": [
        22.63552919852844,
        -0.8047549563308878
    ],
    "50": [
        -11.274522759842517,
        0.3242942304846928
    ],
    "51": [
        7.1640318867155495,
        4.49955178977283
    ],
    "52": [
        9.502132397661557,
        2.2252173636398855
    ],
    "53": [
        -0.16411518087530133,
        -3.1032067255300566
    ],
    "54": [
        26.78523971187145,
        -7.660243379445157
    ],
    "55": [
        -0.6742694172715615,
        -4.500270563319702
    ],
    "56": [
        10.697549067326444,
        0.09369456696073507
    ],
    "57": [
        4.321629477374742,
        -6.2245100198277346
    ],
    "58": [
        4.6412086812314985,
        -4.408586927825361
    ],
    "59": [
        13.939056759892418,
        -9.168813871386986
    ],
    "60": [
        -17.24254137055962,
        -2.850716545526441
    ],
    "61": [
        -11.673127447922706,
        8.148540630076198
    ],
    "62": [
        4.019088677750804,
        -2.2917185671218365
    ],
    "63": [
        6.451835899157157,
        -2.074544024161803
    ],
    "64": [
        -21.72509364270056,
        1.5747102651583123
    ],
    "65": [
        10.878577875239307,
        1.6045806506444988
    ],
    "66": [
        10.585432032296586,
        3.7576009162709996
    ],
    "67": [
        21.821333288804166,
        -1.720404268785558
    ]
}