{
    "0": [
        3.363978875667093,
        -1.5245768222905216
    ],
    "1": [
        4.097361139347005,
        -1.0410584729181818
    ],
    "2": [
        4.81418780288775,
        0.0910025326707743
    ],
    "3": [
        7.3266473463193265,
        -2.5983613636250915
    ],
    "4": [
        0.6750139673752074,
        2.130229536016575
    ],
    "5": [
        1.890075488182494,
        -5.303843827809768
    ],
    "6": [
        5.598703386965127,
        -2.153025615634888
    ],
    "7": [
        4.690794542551093,
        -2.6097743886577307
    ],
    "8": [
        5.753772002766729,
        -0.9760759605725522
    ],
    "9": [
        2.822489523720867,
        -3.386537560066032
    ],
    "10": [
        7.729632324262866,
        -0.13926912970652056
    ],
    "11": [
        4.028726988192881,
        -3.753196377520806
    ],
    "12": [
        -1.0704617684086517,
        -4.295861561345059
    ],
    "13": [
        -2.085905968379282,
        -6.007728528711579
    ],
    "14": [
        -2.8363969434248313,
        -1.6111238716238578
    ],
    "15": [
        0.47992660084890765,
        9.949958644667614
    ],
    "16": [
        0.8392944644808987,
        11.92150387125265
    ],
    "17": [
        -1.210355622266731,
        11.927221048993092
    ],
    "18": [
        1.7690987383231103,
        11.465302574240223
    ],
    "19": [
        0.6025734542911577,
        6.204466232460262
    ],
    "20": [
        -6.160915205832669,
        -2.0752796997103413
    ],
    "21": [
        -8.059709763725701,
        -2.9235839674992024
    ],
    "22": [
        -8.201072093280333,
        -1.8495914146643337
    ],
    "23": [
        -5.351642467494626,
        -3.8956587666676525
    ],
    "24": [
        -7.507209006274658,
        -5.758528919763845
    ],
    "25": [
        -4.346272205460277,
        -2.0520809807523217
    ],
    "26": [
        -9.106940947457964,
        -7.074249743757884
    ],
    "27": [
        4.580025273448942,
        3.2310889610865194
    ],
    "28": [
        5.531673794341357,
        4.920909488268685
    ],
    "29": [
        8.173929292057615,
        2.9593297153016147
    ],
    "30": [
        -3.8963800349843987,
        17.524957890871097
    ],
    "31": [
        -3.61179197982283,
        15.545712811901183
    ],
    "32": [
        -3.1986233760047256,
        12.840756711937045
    ],
    "33": [
        -13.526678578303427,
        15.026777178652061
    ],
    "34": [
        -11.508737329740857,
        13.461602602288123
    ],
    "35": [
        -15.008547031666366,
        16.18623222936055
    ],
    "36": [
        -9.026126998533469,
        11.53082468149703
    ],
    "37": [
        10.781892695646983,
        -0.3051970449728615
    ],
    "38": [
        12.992286469613429,
        -0.46308974517583246
    ],
    "39": [
        -4.019410667210396,
        9.943222251920403
    ],
    "40": [
        -2.8645418140706873,
        6.559501628229901
    ],
    "41": [
        -4.457288881017438,
        7.05930991485573
    ],
    "42": [
        -5.822917281776505,
        9.30088446841183
    ],
    "43": [
        6.193545642226872,
        1.1414637262075877
    ],
    "44": [
        9.253020268282038,
        -3.9613172115218274
    ],
    "45": [
        9.490871157219468,
        -3.054193102157718
    ],
    "46": [
        8.48908569266417,
        -4.507589124527332
    ],
    "47": [
        1.210929104068795,
        3.5413225966531123
    ],
    "48": [
        -0.14536850638991017,
        3.535308635936884
    ],
    "49": [
        -0.7101123799951284,
        1.4937858867528475
    ],
    "50": [
        -1.0029366966304545,
        2.662066328117111
    ],
    "51": [
        2.043681172234849,
        -9.181642673891469
    ],
    "52": [
        3.4144738942821045,
        -5.62412210600141
    ],
    "53": [
        1.6011748943738466,
        -7.27904219651847
    ],
    "54": [
        -10.542116730335959,
        12.305308113662877
    ],
    "55": [
        9.380900516012542,
        4.711036384921726
    ],
    "56": [
        10.145377994506648,
        4.140313381931334
    ],
    "57": [
        10.31792821433446,
        3.2130473528857317
    ],
    "58": [
        -5.134306552145782,
        11.440276942365633
    ],
    "59": [
        2.187630839267711,
        -12.482764403030668
    ],
    "60": [
        2.8408138443059743,
        -14.403059154975029
    ],
    "61": [
        1.7093579277812432,
        -14.449380149124048
    ]
}