{
    "0": [
        11.204764466370921,
        0.053720324140271176
    ],
    "1": [
        8.887705493968554,
        0.7180212768265417
    ],
    "2": [
        3.755240291057985,
        0.37878101640494694
    ],
    "3": [
        11.130107998314655,
        0.8654698616585511
    ],
    "4": [
        10.592157717977924,
        -0.6036795183005091
    ],
    "5": [
        11.099162942889604,
        1.6801547171797904
    ],
    "6": [
        10.407020307753852,
        2.2560722560394506
    ],
    "7": [
        -2.157368472475448,
        -0.7719894163785075
    ],
    "8": [
        -4.42276820261081,
        1.2849800012347754
    ],
    "9": [
        1.325146183271762,
        -1.9451317028158517
    ],
    "10": [
        -8.544548811178318,
        -2.041983588204634
    ],
    "11": [
        -5.644743039902118,
        2.6659321724772487
    ],
    "12": [
        -4.797513854276819,
        3.2140115311619013
    ],
    "13": [
        -6.5250249784798875,
        3.7220301002666853
    ],
    "14": [
        -1.958931488611706,
        4.644043684636754
    ],
    "15": [
        -3.8217603097725483,
        2.590808983868478
    ],
    "16": [
        -6.278945212791075,
        1.8918103543509017
    ],
    "17": [
        -5.021888567002885,
        -3.6107197575651377
    ],
    "18": [
        -5.7444179322961855,
        0.8225662431170541
    ],
    "19": [
        -9.967114126568987,
        -2.9734885560096482
    ],
    "20": [
        -11.049961959065906,
        -2.921634054832062
    ],
    "21": [
        -11.209384026339793,
        -2.0933757140311178
    ],
    "22": [
        -10.622485045352203,
        -3.7120184804081173
    ],
    "23": [
        -9.823586269216396,
        -4.183113669955506
    ],
    "24": [
        -11.017154123661209,
        -1.2018984779696242
    ],
    "25": [
        -10.406851358590067,
        -0.52563607135937
    ],
    "26": [
        -9.492505333141233,
        -0.5344351606861957
    ],
    "27": [
        -10.204287902395235,
        -1.791278643445436
    ],
    "28": [
        -8.978290937057633,
        -3.840735295135524
    ],
    "29": [
        4.768918591175743,
        1.4970807903077459
    ],
    "30": [
        2.616687939030542,
        -1.0609070389845399
    ],
    "31": [
        5.671027925803198,
        1.9479434452177455
    ],
    "32": [
        5.894195201110265,
        1.0217669358967887
    ],
    "33": [
        3.9030273438991525,
        2.5289016993978417
    ],
    "34": [
        0.98671221687138,
        2.7991976573999513
    ],
    "35": [
        4.858824967774359,
        2.5627854491129987
    ],
    "36": [
        5.830176415266117,
        -0.9204428946919608
    ],
    "37": [
        5.119046000297333,
        -1.5629541685001218
    ],
    "38": [
        3.1419933632108763,
        1.774681335759035
    ],
    "39": [
        4.215316997321118,
        -1.3636923029668
    ],
    "40": [
        6.085561442441943,
        0.11152730284674751
    ],
    "41": [
        5.111462970932455,
        -0.21619347459746285
    ],
    "42": [
        -2.3915904268071886,
        6.952575717775622
    ],
    "43": [
        -1.541583879501726,
        6.940407326662563
    ],
    "44": [
        -0.8743288850187723,
        6.361517405698131
    ],
    "45": [
        -3.0784386879146535,
        6.424663506484989
    ],
    "46": [
        -8.001313143530197,
        5.441784367210883
    ],
    "47": [
        0.931064128808706,
        -3.7563115420675444
    ],
    "48": [
        2.571396783160711,
        -3.651557951988619
    ],
    "49": [
        1.8128866503912726,
        -4.160288709664434
    ],
    "50": [
        -3.8453227427623116,
        -4.943783839254428
    ],
    "51": [
        -4.316806265331007,
        -5.846086463283148
    ],
    "52": [
        -6.426166273654636,
        -4.700547573037144
    ],
    "53": [
        -6.2535017337961945,
        -5.687346170787805
    ],
    "54": [
        -5.213877267672551,
        -5.203373008932242
    ],
    "55": [
        -5.33328386313161,
        -6.142376282767012
    ]
}