{
    "0": [
        -3.8669237502482434,
        -5.677141250039886
    ],
    "1": [
        -2.7894794874459823,
        -3.6505382852311783
    ],
    "2": [
        6.854115431344963,
        -5.468935587400427
    ],
    "3": [
        8.302847113846687,
        -7.1410859281528545
    ],
    "4": [
        5.9120316403832645,
        -4.7618349237659645
    ],
    "5": [
        3.82716048423697,
        -3.4467330489750494
    ],
    "6": [
        8.946047211894426,
        -6.189609319058218
    ],
    "7": [
        -4.356872641188934,
        -4.879714300647705
    ],
    "8": [
        5.965616910901711,
        -3.4339824063019515
    ],
    "9": [
        -8.830408517702425,
        -0.4758477429488423
    ],
    "10": [
        -7.534290521132523,
        0.47610819221599127
    ],
    "11": [
        -1.0014843692678714,
        -0.23240622368346836
    ],
    "12": [
        -2.9611515277287626,
        -5.731288907399563
    ],
    "13": [
        0.35594542473949026,
        2.1748549153054757
    ],
    "14": [
        0.08781316970437311,
        3.7465390320308067
    ],
    "15": [
        1.9715067130470678,
        2.5924127692735084
    ],
    "16": [
        1.0797650595996826,
        3.9324183175849368
    ],
    "17": [
        4.537402907100468,
        3.746518850866845
    ],
    "18": [
        3.1926466948162284,
        2.7163927674603854
    ],
    "19": [
        -2.3116955065111062,
        -0.8855235636026545
    ],
    "20": [
        -3.4826596802073264,
        -1.5285783213566193
    ],
    "21": [
        -0.0014693457041206122,
        -5.869206945073646
    ],
    "22": [
        -0.3830674452972368,
        -3.67192764335305
    ],
    "23": [
        5.451254644327912,
        -2.612213021770424
    ],
    "24": [
        3.78916156137521,
        -5.341907983542958
    ],
    "25": [
        4.7292357829900045,
        -5.452769701057455
    ],
    "26": [
        5.040314433438197,
        -4.307061095274563
    ],
    "27": [
        3.5873595263659004,
        4.832453855092554
    ],
    "28": [
        -9.426138809960092,
        -1.2557339765591085
    ],
    "29": [
        5.35465973807771,
        4.079136271457457
    ],
    "30": [
        -8.466648622546964,
        -1.571656749954816
    ],
    "31": [
        -7.509253514103981,
        -1.1123564304296447
    ],
    "32": [
        -8.856350171122077,
        2.6142765659287868
    ],
    "33": [
        -8.661453521458718,
        1.6179071064887747
    ],
    "34": [
        -9.624372967726,
        2.0439432250118834
    ],
    "35": [
        -9.288912884539146,
        0.6110055931635885
    ],
    "36": [
        -10.063517099285013,
        1.2892271522838739
    ],
    "37": [
        -10.23500399728595,
        0.3738687352931147
    ],
    "38": [
        -7.887416760261333,
        2.6111441008640335
    ],
    "39": [
        -9.960632268448267,
        -0.4755818784014916
    ],
    "40": [
        -7.080412906289632,
        1.9318339474874506
    ],
    "41": [
        5.069476571060415,
        2.2096544100822553
    ],
    "42": [
        0.6293823208382475,
        -5.081326246657324
    ],
    "43": [
        -0.875883335387418,
        -5.5485370545620185
    ],
    "44": [
        5.509825315986569,
        3.0628885331295232
    ],
    "45": [
        4.524538596369806,
        4.792018599553404
    ],
    "46": [
        -2.0114965703033345,
        3.975540231509303
    ],
    "47": [
        -2.9540932761875363,
        6.058025267524015
    ],
    "48": [
        -3.385490050612194,
        5.2574539081984
    ],
    "49": [
        -2.116300006417976,
        6.278445187275997
    ],
    "50": [
        -1.3142257947546636,
        5.939663059456734
    ]
}