{
    "0": [
        2.324306608856869,
        11.04115675968576
    ],
    "1": [
        -0.36727644787344815,
        7.17658179960202
    ],
    "2": [
        4.786481286573411,
        14.748223013465417
    ],
    "3": [
        -19.107768071007435,
        -17.46496839112839
    ],
    "4": [
        -20.28114817478066,
        -18.877868346952383
    ],
    "5": [
        -17.39720891064795,
        -15.620583882669237
    ],
    "6": [
        0.612277776643579,
        8.356438060941214
    ],
    "7": [
        1.0905919509151671,
        7.104799772542629
    ],
    "8": [
        -14.090475089878819,
        -11.325207731310236
    ],
    "9": [
        -13.310152229921702,
        -10.074441475573305
    ],
    "10": [
        -13.005518058406937,
        -12.44279974092222
    ],
    "11": [
        -12.855882387792551,
        -14.244395094982782
    ],
    "12": [
        7.075921112780457,
        3.9799991163308994
    ],
    "13": [
        5.242508272764742,
        4.381998614866049
    ],
    "14": [
        6.957571038470574,
        5.105009672973325
    ],
    "15": [
        12.585249826488795,
        22.703041867940023
    ],
    "16": [
        13.081710853798201,
        24.104200895257225
    ],
    "17": [
        10.148866868076723,
        20.300767698359586
    ],
    "18": [
        14.875547290582622,
        24.547116960365976
    ],
    "19": [
        -2.8307164233165607,
        7.411029538189157
    ],
    "20": [
        -4.331746729025538,
        5.761578688982535
    ],
    "21": [
        -3.8159078013299688,
        9.00235458690961
    ],
    "22": [
        7.56948141452993,
        17.666324387798007
    ],
    "23": [
        -5.518610063300648,
        2.5041243699945657
    ],
    "24": [
        -4.4063374960710835,
        3.2044047340667587
    ],
    "25": [
        -7.715019982744032,
        -3.380100411188117
    ],
    "26": [
        -8.48634970730827,
        -1.6662835113057046
    ],
    "27": [
        6.469482801431587,
        0.436325808520343
    ],
    "28": [
        5.408747282452268,
        1.7888506639969044
    ],
    "29": [
        2.3492283337697626,
        4.121394362043134
    ],
    "30": [
        -0.8535597181667967,
        8.638514174695038
    ],
    "31": [
        0.3516765272680454,
        10.641800517992941
    ],
    "32": [
        19.8223326110694,
        28.643742953827633
    ],
    "33": [
        18.550210530406567,
        27.5501152807496
    ],
    "34": [
        -11.125837582619514,
        -1.1467039089622921
    ],
    "35": [
        -13.100950218103982,
        -0.8197327071765571
    ],
    "36": [
        -15.506763959920525,
        -12.988578396849949
    ],
    "37": [
        -17.819281134502976,
        -17.178041678419106
    ],
    "38": [
        1.19374024795651,
        13.69906904445965
    ],
    "39": [
        0.5143050175981405,
        15.411070833974875
    ],
    "40": [
        2.9019142605938693,
        15.497267899409191
    ],
    "41": [
        5.972192493095091,
        15.93287509850184
    ],
    "42": [
        -0.9666910870682026,
        3.4827227575052313
    ],
    "43": [
        -5.606649990152362,
        6.991044615507388
    ],
    "44": [
        -3.8993519587790413,
        1.8168207877202494
    ],
    "45": [
        10.260022342961882,
        -1.129315899841362
    ],
    "46": [
        8.082762591588057,
        0.1757555018164746
    ],
    "47": [
        11.86956357872064,
        -2.0775232803264285
    ],
    "48": [
        3.2133887112555715,
        2.9281122743404
    ],
    "49": [
        -7.149437884499713,
        4.468580398647659
    ],
    "50": [
        -9.019346799646064,
        4.784767106346542
    ],
    "51": [
        -8.60824625531485,
        5.79343316804327
    ],
    "52": [
        -14.967978950899743,
        -10.334008671577996
    ],
    "53": [
        -10.941392964194224,
        -6.011623289560774
    ],
    "54": [
        2.9312820885311734,
        17.39318962152784
    ],
    "55": [
        16.86134191587006,
        26.170827795734418
    ],
    "56": [
        -9.593304012797638,
        -0.7576361165309367
    ],
    "57": [
        -8.783051133685186,
        -3.487793805643311
    ],
    "58": [
        -10.877452852421031,
        -2.8238617514148356
    ],
    "59": [
        -12.664290275581003,
        -3.563304691141568
    ],
    "60": [
        -9.585450318141476,
        -2.6126924148797355
    ],
    "61": [
        -7.1772226511524915,
        -2.393905032097359
    ]
}