{
    "0": [
        -1.1091515322311087,
        -0.09054170765568959
    ],
    "1": [
        0.797356284673032,
        -0.36098677761930453
    ],
    "2": [
        -1.1898344868945876,
        0.00021453299146756422
    ],
    "3": [
        0.08258925672138018,
        1.641571037970854
    ],
    "4": [
        0.9105185006345544,
        -1.407233700832232
    ],
    "5": [
        1.073133415155373,
        -0.5469880832493024
    ],
    "6": [
        -0.793067029940453,
        -1.4293449501634958
    ],
    "7": [
        -1.2698376396491122,
        1.8077343021527517
    ],
    "8": [
        1.3771095680691565,
        -0.8071304088749729
    ],
    "9": [
        -0.5135050583164413,
        -1.6654223425432937
    ],
    "10": [
        0.7195276865437852,
        -0.34193859184438224
    ],
    "11": [
        0.8468792393120501,
        -0.39492936370458676
    ],
    "12": [
        -0.15060399775555533,
        2.243732675953815
    ],
    "13": [
        0.625659494791154,
        1.093434636277344
    ],
    "14": [
        0.36594479825155934,
        0.08411057686991175
    ],
    "15": [
        -0.5139772014170254,
        1.658170202030143
    ],
    "16": [
        -1.1092635960737627,
        -0.9972992630646393
    ],
    "17": [
        -1.4160421792030138,
        1.8516332533072077
    ],
    "18": [
        0.8924739695943216,
        -1.1851511811972228
    ],
    "19": [
        -1.413214733505804,
        1.860375931354386
    ],
    "20": [
        0.05671572732427643,
        -1.668125951165087
    ],
    "21": [
        0.7141623328254778,
        1.0434180316186197
    ],
    "22": [
        0.3509045328670477,
        1.429233539056261
    ],
    "23": [
        1.361206425172297,
        0.031882919320270986
    ],
    "24": [
        -0.9128456428387755,
        -0.3901812602126684
    ],
    "25": [
        0.8739040516859418,
        -1.814685169435264
    ],
    "26": [
        -0.6567421857957556,
        -1.6455528873408705
    ]
}