{
    "0": [
        -0.5779501625163981,
        1.4722411513801088
    ],
    "1": [
        0.8137767139049998,
        1.0118872420747118
    ],
    "2": [
        -0.6524658286341509,
        1.605677978243888
    ],
    "3": [
        0.6234296156101564,
        -2.180078548889826
    ],
    "4": [
        -0.32444972122784677,
        -0.6850675437398553
    ],
    "5": [
        -1.4560926154955478,
        -0.4102579047088553
    ],
    "6": [
        -1.3553270899269787,
        1.5572499171906753
    ],
    "7": [
        -0.5361393023943322,
        0.7985915169542768
    ],
    "8": [
        -0.2062899554755635,
        0.05710336925000484
    ],
    "9": [
        1.5878533153617607,
        -1.9971236710456028
    ],
    "10": [
        -1.810972051278803,
        1.0817322333176784
    ],
    "11": [
        -1.9222891861952274,
        1.008830344263709
    ],
    "12": [
        0.8897276774751894,
        -1.70058851707137
    ],
    "13": [
        -0.5820499412499771,
        0.8476196855241297
    ],
    "14": [
        -0.3178657818922037,
        -1.737214784869177
    ],
    "15": [
        -1.9101887373740567,
        1.0217074464214162
    ],
    "16": [
        -0.4367093362794918,
        -1.6085054091022977
    ],
    "17": [
        1.1797898519322434,
        -0.3732179771559864
    ],
    "18": [
        0.9372798252163701,
        -1.098126232580197
    ],
    "19": [
        0.461223088385319,
        -2.247166333501009
    ],
    "20": [
        1.1939296195319908,
        0.902596528453744
    ],
    "21": [
        0.06432640853389415,
        0.027315864633182613
    ],
    "22": [
        0.4726597108605848,
        -2.289958583684346
    ],
    "23": [
        -0.6478237581725992,
        -0.09285001641373268
    ],
    "24": [
        -0.2874229345097188,
        -0.7277416523130025
    ],
    "25": [
        -0.07063014194860351,
        1.5067692497735188
    ],
    "26": [
        -1.4765307857584808,
        -0.3384327581052165
    ],
    "27": [
        0.2480422235541102,
        2.2880963799833527
    ],
    "28": [
        0.19625283871765653,
        2.4363081551922634
    ],
    "29": [
        -0.4485582544955591,
        -1.6087172484532501
    ],
    "30": [
        1.5526337280196767,
        -1.9854870812915277
    ],
    "31": [
        1.7415803475042466,
        0.7671893089518924
    ],
    "32": [
        -0.12705813774144126,
        -2.0890122255283465
    ],
    "33": [
        0.790401657223752,
        2.0802242949868086
    ],
    "34": [
        1.1464881296938518,
        0.9438487098844257
    ],
    "35": [
        1.29314820417979,
        -0.09727889346712919
    ],
    "36": [
        -0.045729233138766645,
        1.8518360054409406
    ]
}