{
    "0": [
        -0.16190474510773623,
        -0.9270267349158452
    ],
    "1": [
        2.058594481317331,
        -1.2342485838610164
    ],
    "2": [
        -0.792329118447066,
        -0.9370801952132757
    ],
    "3": [
        -0.10050168898221257,
        2.1594754635566824
    ],
    "4": [
        -0.9106570820498265,
        0.8917558998140613
    ],
    "5": [
        -0.8527601680171921,
        0.9121716751638962
    ],
    "6": [
        -0.8726123344170187,
        0.9067696060237447
    ],
    "7": [
        -0.8687868197521706,
        -1.100351278413763
    ],
    "8": [
        0.4253505503530717,
        0.8363973817745354
    ],
    "9": [
        -0.4184728958202317,
        -1.1623134017222885
    ],
    "10": [
        -1.6206304167050019,
        -0.4050977353380443
    ],
    "11": [
        0.132977011501612,
        -0.801455367377919
    ],
    "12": [
        -0.2151736800198214,
        2.2630278096789063
    ],
    "13": [
        -0.36203765579630276,
        -1.1479068293057564
    ],
    "14": [
        1.6515059508319265,
        0.45530265803173187
    ],
    "15": [
        -0.06914954107214744,
        2.0984348856529538
    ],
    "16": [
        -0.9984528582147605,
        -1.68203647146058
    ],
    "17": [
        1.666207250699893,
        0.5150868717982284
    ],
    "18": [
        1.3270045770472974,
        -0.5892346209376926
    ],
    "19": [
        -0.31921594659141106,
        2.4036882130367303
    ],
    "20": [
        0.09497472735543755,
        -0.8144077803288869
    ],
    "21": [
        1.5399528770629125,
        -0.42447464196050966
    ],
    "22": [
        -1.6376920177111374,
        -0.29812347321073673
    ],
    "23": [
        -1.835075187245104,
        0.5983941568203237
    ],
    "24": [
        -1.5230980631648712,
        -0.7669375504220923
    ],
    "25": [
        0.37424733848764535,
        0.8066053477248323
    ],
    "26": [
        2.1056663713606065,
        -1.3003327180122417
    ],
    "27": [
        1.9940617878391604,
        -1.148470429557829
    ],
    "28": [
        2.1812462721409345,
        -1.458228028610833
    ],
    "29": [
        -0.9916094929064143,
        -1.6736977485791256
    ],
    "30": [
        -1.8059030043264874,
        0.7094438591222234
    ],
    "31": [
        0.8042735203490816,
        2.3148697610296334
    ]
}