{
    "0": [
        -1.5816324637470531,
        -0.4287067300424964
    ],
    "1": [
        -1.5381455599204346,
        -0.5090501232353624
    ],
    "2": [
        -2.5385515705370993,
        -0.16638466800523538
    ],
    "3": [
        -0.3473724248044636,
        -0.6566827749041129
    ],
    "4": [
        -1.7183878915641158,
        0.48508423399218026
    ],
    "5": [
        -2.3423833603893387,
        0.566598908153557
    ],
    "6": [
        -0.33563166676033696,
        -0.4596389492904908
    ],
    "7": [
        -1.5445376808290074,
        0.4492022710178124
    ],
    "8": [
        -0.28831337106700694,
        -0.45001464891960874
    ],
    "9": [
        -1.5662056783151552,
        0.4459612128582493
    ],
    "10": [
        0.709837015171443,
        -0.21278697655161838
    ],
    "11": [
        -2.0040785135806756,
        -1.5129440898912154
    ],
    "12": [
        -0.09924236066879466,
        0.6607559574585654
    ],
    "13": [
        0.2900282444631088,
        1.4970470982599706
    ],
    "14": [
        -2.505664525920536,
        -0.2002719810782125
    ],
    "15": [
        -0.8482613465181004,
        -1.7215251167452297
    ],
    "16": [
        -2.558477116504281,
        -0.1890235937771161
    ],
    "17": [
        1.7026864811019191,
        1.5666470569253645
    ],
    "18": [
        0.498834354152228,
        -1.3662316628160323
    ],
    "19": [
        -1.4620114991132374,
        -1.8696779971517503
    ],
    "20": [
        3.1958207939755745,
        0.8090553532311971
    ],
    "21": [
        -1.8597777679120702,
        -0.3909642124822033
    ],
    "22": [
        2.6835784884755096,
        0.5720422211244979
    ],
    "23": [
        -0.49450899180310337,
        -0.9002029075653706
    ],
    "24": [
        1.4586715764547655,
        -0.32306759863000883
    ],
    "25": [
        0.12818742104880343,
        -1.870344910702261
    ],
    "26": [
        -1.96807957492981,
        -1.553302202875845
    ],
    "27": [
        1.967345161139125,
        1.5808397921411292
    ],
    "28": [
        1.242972070267868,
        1.9310375363341938
    ],
    "29": [
        3.177712333060212,
        0.7814093266298937
    ],
    "30": [
        0.7066281665987582,
        -0.16866928303134102
    ],
    "31": [
        2.2403175447251833,
        0.6386010424034222
    ],
    "32": [
        3.215934690092812,
        0.7470219802156898
    ],
    "33": [
        1.973319027464676,
        1.6060687315374773
    ],
    "34": [
        -1.5678621476128702,
        -1.8671589056458031
    ],
    "35": [
        0.25691092413325833,
        1.5057413164359335
    ],
    "36": [
        1.720513423870079,
        1.597305096369018
    ],
    "37": [
        -2.353234790094218,
        0.5887285476341197
    ],
    "38": [
        2.7778460380665138,
        0.3857151659746244
    ],
    "39": [
        0.5725438511055394,
        -1.3777257224697097
    ],
    "40": [
        0.8091850639122828,
        1.6188316573108281
    ],
    "41": [
        0.19348763331207763,
        -1.8393194501966983
    ]
}