{
    "0": [
        1.9393209832699925,
        -1.4893178878353623
    ],
    "1": [
        -1.1069405661458132,
        2.6046823163869197
    ],
    "2": [
        2.130118526001794,
        -0.8922746654319109
    ],
    "3": [
        -0.37113844244902694,
        -1.6134714646075858
    ],
    "4": [
        0.7673393298383462,
        1.8366989370683262
    ],
    "5": [
        -0.6674597034749938,
        0.14987660178049378
    ],
    "6": [
        -0.7046533934776962,
        -0.32464476893938166
    ],
    "7": [
        1.1164319056086849,
        -2.0018784628804918
    ],
    "8": [
        -0.6441369594136157,
        -0.32281757923006893
    ],
    "9": [
        -0.7276905135874223,
        -0.37662405841890667
    ],
    "10": [
        -0.8654049949625895,
        -1.9085732506243342
    ],
    "11": [
        -1.3595159878982415,
        2.129073971058678
    ],
    "12": [
        -0.6640250967973533,
        -1.8776701879286364
    ],
    "13": [
        1.1336353344685377,
        -2.014420781171479
    ],
    "14": [
        0.6398003820244091,
        -1.602722472309364
    ],
    "15": [
        0.44967044346878593,
        0.37166245322590896
    ],
    "16": [
        0.4488765925148135,
        -0.535170629322816
    ],
    "17": [
        -1.1157776598086961,
        2.5783595581713152
    ],
    "18": [
        0.9226014126566437,
        -1.8251007563276795
    ],
    "19": [
        0.48144008320319287,
        -0.5340730603878967
    ],
    "20": [
        0.15435504031706193,
        2.2589201904908647
    ],
    "21": [
        1.998566569636138,
        -1.3915269563967447
    ],
    "22": [
        -1.6426403100037559,
        0.5091240531028705
    ],
    "23": [
        0.7632820753112388,
        1.1352782770428815
    ],
    "24": [
        0.08319884713108738,
        2.321953036606616
    ],
    "25": [
        0.7681268207730958,
        1.050678485667432
    ],
    "26": [
        0.42986816624668833,
        -0.3516737354476964
    ],
    "27": [
        -1.3644012130009022,
        0.4071773888478045
    ],
    "28": [
        -1.8103196186813757,
        0.5341841945792636
    ],
    "29": [
        -1.1492321825994427,
        2.55287491793574
    ],
    "30": [
        0.2852478636660045,
        -1.3594526290267686
    ],
    "31": [
        2.119402668315075,
        -0.7966048684763285
    ],
    "32": [
        -1.4960813047211776,
        1.901508361766827
    ],
    "33": [
        -1.6464305880929162,
        0.47321544779592717
    ],
    "34": [
        0.7045654906633962,
        -1.597249976764413
    ]
}