{
    "0": [
        0.7057208808512572,
        -2.778781052798148
    ],
    "1": [
        0.5047726634248129,
        1.9368180472450705
    ],
    "2": [
        -0.8606845711706397,
        0.4770689485743502
    ],
    "3": [
        1.472868376947627,
        1.5232917173380442
    ],
    "4": [
        0.5488638812340652,
        -2.883398875414873
    ],
    "5": [
        -1.1618597030584885,
        -0.03358250535101348
    ],
    "6": [
        -0.7233647681125586,
        1.8252184604825268
    ],
    "7": [
        -1.963684579228393,
        -0.676574033543698
    ],
    "8": [
        1.5236423748110912,
        1.3661776594492097
    ],
    "9": [
        -1.1097963023777906,
        -1.4146365563355214
    ],
    "10": [
        -0.9070658344117115,
        0.03783288476363089
    ],
    "11": [
        1.7629652666920945,
        1.9248473830195092
    ],
    "12": [
        -1.0660210053040071,
        1.220672557695529
    ],
    "13": [
        0.4647277378513621,
        -2.9535893637168305
    ],
    "14": [
        -0.9108807247183233,
        1.343386068155724
    ],
    "15": [
        1.7672671650798017,
        1.9405149462274276
    ],
    "16": [
        0.44076064537103576,
        1.9502682837505567
    ],
    "17": [
        0.46128323294591933,
        0.06718746288292299
    ],
    "18": [
        -0.7324236108262783,
        1.9804631466074456
    ],
    "19": [
        -0.13080356269539717,
        0.9900313867259585
    ],
    "20": [
        1.3933134970376981,
        -0.5948690780570964
    ],
    "21": [
        -0.14496320128011586,
        1.133378460866696
    ],
    "22": [
        -1.342882272820078,
        0.9743834375280749
    ],
    "23": [
        0.8337931163687724,
        -1.011512462521174
    ],
    "24": [
        -0.8562696353562389,
        0.5053110855806866
    ],
    "25": [
        0.5555231547270791,
        -2.8623956099313603
    ],
    "26": [
        0.8775348885356511,
        -0.9026645140772569
    ],
    "27": [
        1.235075174416341,
        -0.7106414256946607
    ],
    "28": [
        0.39454003410257954,
        0.2081889493661988
    ],
    "29": [
        -1.944562781416061,
        -0.5249503347336342
    ],
    "30": [
        0.06466276603300702,
        -1.3144189061681644
    ],
    "31": [
        0.04617330952883503,
        -1.3086111890285106
    ],
    "32": [
        -1.1982256131829283,
        -1.4344149788876162
    ]
}