{
    "0": [
        3.615924292278991,
        -4.9126816142058924
    ],
    "1": [
        3.9369655589327683,
        -4.780257768288239
    ],
    "2": [
        4.253129871823629,
        -4.531833182335331
    ],
    "3": [
        4.432513664572151,
        -4.347387381602688
    ],
    "4": [
        4.596009093924114,
        -4.104296486958391
    ],
    "5": [
        4.642038081558911,
        -3.9790774036774246
    ],
    "6": [
        4.793222814790373,
        -3.45882928474978
    ],
    "7": [
        4.828227989757617,
        -3.114750899264825
    ],
    "8": [
        4.816648891641566,
        -3.08016860057458
    ],
    "9": [
        4.807834495495004,
        -2.936316062776455
    ],
    "10": [
        2.677737295387817,
        -3.9051494533785234
    ],
    "11": [
        -5.389313422240748,
        2.8132287332657455
    ],
    "12": [
        -5.401262006599325,
        2.880737731261034
    ],
    "13": [
        -5.402235310494875,
        2.9122065015738947
    ],
    "14": [
        -5.450471522932117,
        3.357947916328108
    ],
    "15": [
        -5.429327070232642,
        4.0692933973548255
    ],
    "16": [
        -5.429362195306576,
        4.102108432727438
    ],
    "17": [
        -5.422288513377181,
        4.14021323075226
    ],
    "18": [
        -5.421691656697224,
        4.172448505258916
    ],
    "19": [
        -2.91141793452444,
        10.218346962403732
    ],
    "20": [
        -2.8212437415946052,
        10.324256159255405
    ],
    "21": [
        -2.6505193730664227,
        10.512666022014443
    ],
    "22": [
        -2.459519010255114,
        10.710670323606891
    ],
    "23": [
        -2.163918750937667,
        11.013848735405372
    ],
    "24": [
        -2.15205436724515,
        11.026186332594726
    ],
    "25": [
        -2.048890146824697,
        11.124054420784091
    ],
    "26": [
        -2.0414196395184128,
        11.129689757692102
    ],
    "27": [
        -0.9290264091216818,
        -4.728143825369304
    ],
    "28": [
        -0.8477601493098277,
        -4.746580004359329
    ],
    "29": [
        -0.7796964438220244,
        -4.763311383425654
    ],
    "30": [
        -0.4538869007061317,
        -4.834928744743519
    ],
    "31": [
        0.1767938402910616,
        -4.959181693669304
    ],
    "32": [
        0.618982944088752,
        -5.060089683243287
    ],
    "33": [
        0.7321970704092999,
        -5.093948154104523
    ],
    "34": [
        0.8998276236385827,
        -5.1499665471354295
    ],
    "35": [
        2.090800183247568,
        -5.380975248585164
    ],
    "36": [
        2.2134351432967767,
        -5.362758379302886
    ],
    "37": [
        2.3501608323945087,
        -5.404717381339432
    ],
    "38": [
        2.786782639763948,
        -5.373156168559855
    ],
    "39": [
        3.081411749495035,
        -5.301349777856222
    ],
    "40": [
        3.2546604880183363,
        -5.19804803277297
    ]
}