{
    "0": [
        -1.410366917122925,
        -0.4075024775478093
    ],
    "1": [
        -1.4131959901841027,
        -1.0754168086373426
    ],
    "2": [
        -1.4574082218093753,
        -0.7131045642423466
    ],
    "3": [
        -1.424094012802019,
        -1.0472100112320382
    ],
    "4": [
        1.23689535766899,
        2.6300250860958085
    ],
    "5": [
        -1.4133976294466397,
        -0.3027361993805968
    ],
    "6": [
        -1.3182657785396938,
        0.445249798038895
    ],
    "7": [
        -1.2991967886971227,
        0.4245813088085981
    ],
    "8": [
        -1.2417705642793233,
        0.5333235167421435
    ],
    "9": [
        -0.6387995775863189,
        1.1527122188879853
    ],
    "10": [
        -0.2317116582466885,
        1.4539859971686067
    ],
    "11": [
        -0.18160644047658447,
        1.4857125720369586
    ],
    "12": [
        0.0735892051095286,
        1.660568013005383
    ],
    "13": [
        0.5850826564285154,
        2.135807786818516
    ],
    "14": [
        0.6431994267501548,
        2.169237344602406
    ],
    "15": [
        1.1674575304214319,
        2.5872853196197507
    ],
    "16": [
        1.2405073290554491,
        2.6307412683390172
    ],
    "17": [
        1.2609897444895455,
        2.639622257828261
    ],
    "18": [
        1.664794129261633,
        -2.1624736083040186
    ],
    "19": [
        1.4374287408382096,
        -2.2903571756441408
    ],
    "20": [
        1.3911677284952724,
        -2.3239435656528613
    ],
    "21": [
        0.9515137176960402,
        -2.464131535726788
    ],
    "22": [
        0.5691519406392884,
        -2.453044594775812
    ],
    "23": [
        0.3698242118291999,
        -2.3993196277624933
    ],
    "24": [
        -0.23869300792470716,
        -2.181843128599051
    ],
    "25": [
        -0.32309513156775926,
        -2.1277691904870295
    ]
}