{
    "0": [
        -6.327916763542588,
        -2.5024007844992076
    ],
    "1": [
        -6.329564590479121,
        -2.545331050081101
    ],
    "2": [
        -6.337042503138584,
        -2.5772173738475086
    ],
    "3": [
        -6.011766625239171,
        -5.744979222306532
    ],
    "4": [
        -6.002253553111687,
        -5.8474110069439815
    ],
    "5": [
        -5.970690121509764,
        -5.963924250328306
    ],
    "6": [
        -5.88120409794784,
        -6.391536275375061
    ],
    "7": [
        -5.691321370276311,
        -6.984987088919646
    ],
    "8": [
        -5.675094747628953,
        -7.028331350662621
    ],
    "9": [
        -5.57765705199342,
        -7.200813517469194
    ],
    "10": [
        -5.5533806639498495,
        -7.2270490944383985
    ],
    "11": [
        -5.053058682174654,
        -7.785695064826201
    ],
    "12": [
        -4.869611408899532,
        -7.967822774684614
    ],
    "13": [
        -4.672560641699105,
        -8.177715828906702
    ],
    "14": [
        -4.383829834264907,
        -8.436141051807628
    ],
    "15": [
        -4.118726300281555,
        -8.693973005375796
    ],
    "16": [
        -4.061250362464911,
        -8.74097847781146
    ],
    "17": [
        -3.945783758692743,
        -8.837366133459039
    ],
    "18": [
        5.412933776349343,
        3.757458109578665
    ],
    "19": [
        5.511335858215562,
        3.938600594892724
    ],
    "20": [
        5.5317786183090725,
        3.9750683041014443
    ],
    "21": [
        5.6961351530194,
        4.281211723861981
    ],
    "22": [
        5.858097948204508,
        4.594077056114999
    ],
    "23": [
        5.951504382631795,
        4.779586507867689
    ],
    "24": [
        6.1308238779444455,
        5.1497721207828855
    ],
    "25": [
        6.217832301694326,
        5.330911015357346
    ],
    "26": [
        6.304942618284176,
        5.522098944581253
    ],
    "27": [
        6.63946425363012,
        6.266168592931747
    ],
    "28": [
        6.701498870352728,
        6.418540268708236
    ],
    "29": [
        6.788245925648788,
        6.604133266997422
    ],
    "30": [
        7.1068209606407216,
        7.34538495118729
    ],
    "31": [
        7.2105835426439775,
        7.5985623351025895
    ],
    "32": [
        7.275114333518417,
        7.76097550597388
    ],
    "33": [
        7.365524654221055,
        7.995376950222875
    ],
    "34": [
        7.712648497910163,
        8.98362421853601
    ],
    "35": [
        7.717740099730744,
        8.99829721629369
    ],
    "36": [
        7.7237199570171065,
        9.019398114276086
    ],
    "37": [
        7.724521754266366,
        9.024323809124127
    ],
    "38": [
        -5.860371258607196,
        -0.9879324969567964
    ],
    "39": [
        -5.888061108571135,
        -1.0465003222115223
    ],
    "40": [
        -5.910898867680885,
        -1.114028879363087
    ],
    "41": [
        -6.028815884308157,
        -1.4133179217551581
    ],
    "42": [
        -6.114061627329475,
        -1.6699680531002943
    ],
    "43": [
        -6.316345560441254,
        -2.458148581363072
    ]
}