{
    "0": [
        -1.515011364355043,
        -1.2460610685728861
    ],
    "1": [
        -1.5218894087163144,
        -1.2821860140523413
    ],
    "2": [
        -1.542532532736325,
        -1.2455707910488982
    ],
    "3": [
        -1.8777428245963663,
        -0.5398163483655063
    ],
    "4": [
        -1.944903556567443,
        -0.28775457763836565
    ],
    "5": [
        -1.9648021564313396,
        -0.13116384012397386
    ],
    "6": [
        -2.0100921181999714,
        0.4109319136710523
    ],
    "7": [
        -2.0089704761772227,
        0.601966571266825
    ],
    "8": [
        -1.8185035365070312,
        1.4755556465817898
    ],
    "9": [
        -1.7821972538031088,
        1.5440843554785397
    ],
    "10": [
        -1.7538728862952517,
        1.5763944427296144
    ],
    "11": [
        1.7335783395806375,
        1.567925078200835
    ],
    "12": [
        1.7996660189830882,
        1.4992061424166154
    ],
    "13": [
        1.8454233939862004,
        1.4748555578552969
    ],
    "14": [
        2.3176957017613407,
        0.5848514214184943
    ],
    "15": [
        2.3878563361740324,
        0.3894084280613779
    ],
    "16": [
        2.3833253886100865,
        0.21695249242277725
    ],
    "17": [
        2.1150347032111174,
        -0.500838393808964
    ],
    "18": [
        1.99105872221691,
        -0.6673320542790417
    ],
    "19": [
        1.8471637808556554,
        -0.7976029977511185
    ],
    "20": [
        1.0524927280219774,
        -1.072038224852252
    ],
    "21": [
        0.9226466262665669,
        -1.1200707001895291
    ],
    "22": [
        0.8101014929368446,
        -1.146328168628898
    ],
    "23": [
        -1.465525118219039,
        -1.3053688707914644
    ]
}