{
    "0": [
        -3.8849769410946164,
        -4.987340576197067
    ],
    "1": [
        -3.95861858236026,
        -5.897564988513505
    ],
    "2": [
        -3.6886985080468353,
        -6.210781668742431
    ],
    "3": [
        -3.926033695446111,
        -4.999850395123691
    ],
    "4": [
        -2.873096302399804,
        -7.370287834528803
    ],
    "5": [
        -3.5014647534486043,
        -7.438335160079422
    ],
    "6": [
        -4.2193944060183854,
        -6.1309062656167015
    ],
    "7": [
        -3.6148309912930507,
        -7.273134560678798
    ],
    "8": [
        -2.919488254099365,
        -7.460850831867521
    ],
    "9": [
        -2.9182359071286665,
        -7.45470351291122
    ],
    "10": [
        -3.797053855946624,
        -6.098269956301902
    ],
    "11": [
        -2.5114007830156195,
        -6.734619042971435
    ],
    "12": [
        -4.028092637080934,
        -5.420427555793836
    ],
    "13": [
        -2.3722707538209065,
        -6.180542574303988
    ],
    "14": [
        -2.923611385693798,
        -7.405808154576793
    ],
    "15": [
        -3.9101395400776866,
        -5.111777504831476
    ],
    "16": [
        -2.8815926566615415,
        -7.459286176415457
    ],
    "17": [
        -2.4852005073577326,
        -6.453604649612885
    ],
    "18": [
        -3.934212212595914,
        -6.042410103212038
    ],
    "19": [
        3.5119457133198484,
        7.707456818086335
    ],
    "20": [
        3.32833899374876,
        7.801654368985353
    ],
    "21": [
        3.3487456292782056,
        6.835557727381824
    ],
    "22": [
        4.017687227636374,
        5.837790419198139
    ],
    "23": [
        3.8385514735306945,
        5.381471280318598
    ],
    "24": [
        3.8739343013340504,
        6.581276761912012
    ],
    "25": [
        2.7649380245288127,
        5.920567130041602
    ],
    "26": [
        2.956655613929283,
        5.582137900963054
    ],
    "27": [
        3.6385920786874886,
        7.62408984021547
    ],
    "28": [
        3.497776383500459,
        7.713230038859889
    ],
    "29": [
        3.9799641625219477,
        5.8935679718396
    ],
    "30": [
        3.082153095518244,
        6.654739286766225
    ],
    "31": [
        3.9874219804157063,
        5.954349862486288
    ],
    "32": [
        3.239691392634768,
        6.721362856140214
    ],
    "33": [
        2.6470081965613095,
        6.180464668436682
    ],
    "34": [
        3.7790087637350407,
        6.49537351488597
    ],
    "35": [
        2.610272906032047,
        6.198620350368261
    ],
    "36": [
        3.100787091170747,
        5.5059080774045945
    ],
    "37": [
        3.144939645502662,
        5.5408826379887515
    ]
}