{
    "0": [
        -1.5468542860657217,
        -8.919801688087507
    ],
    "1": [
        -2.488385463468747,
        -8.02012743412232
    ],
    "2": [
        -2.1674454658793683,
        -7.9501350307500385
    ],
    "3": [
        -2.0178456940388094,
        -8.206827288691336
    ],
    "4": [
        -1.505911329610916,
        -9.540355483409868
    ],
    "5": [
        -1.4898991497121552,
        -9.482990542294461
    ],
    "6": [
        -1.2291962569951205,
        -9.891600125320966
    ],
    "7": [
        -1.523070165028624,
        -8.999772199578695
    ],
    "8": [
        -1.547962553685717,
        -9.322290693235663
    ],
    "9": [
        -1.3158138432576945,
        -9.777059907782608
    ],
    "10": [
        -2.1415314402045214,
        -7.808762428182511
    ],
    "11": [
        -1.3397194310609022,
        -8.530576221871726
    ],
    "12": [
        -2.1061223042341273,
        -7.956669151821357
    ],
    "13": [
        -1.4362241905646127,
        -8.506156657098824
    ],
    "14": [
        -1.3329338748865034,
        -8.480084058794521
    ],
    "15": [
        0.6312811335536241,
        6.67766600292526
    ],
    "16": [
        -0.10455935193781585,
        6.755401554066282
    ],
    "17": [
        -0.021652433824869588,
        6.961493519431565
    ],
    "18": [
        0.8399671943168838,
        6.804916814463153
    ],
    "19": [
        0.051710872652664275,
        7.226786166457002
    ],
    "20": [
        -0.9071440822124681,
        7.042423210884422
    ],
    "21": [
        -0.1975157980679838,
        6.632741795111345
    ],
    "22": [
        0.13151340901721942,
        6.208665370834373
    ],
    "23": [
        -0.834335733913902,
        6.862913119550759
    ],
    "24": [
        -0.09673053907469664,
        7.625466910693545
    ],
    "25": [
        -0.10728189906029106,
        7.46035390424667
    ],
    "26": [
        -0.5606076506310681,
        6.345453344415914
    ],
    "27": [
        -0.6793180792974212,
        6.234560922811019
    ],
    "28": [
        0.29570756195767056,
        6.6111710025959916
    ],
    "29": [
        -0.7408054929881185,
        6.3321421694116875
    ],
    "30": [
        1.1635428937428,
        2.755262050804285
    ],
    "31": [
        1.815687795870917,
        1.402484989540096
    ],
    "32": [
        1.7209591561611097,
        1.757712961731627
    ],
    "33": [
        0.6111578206363393,
        3.3068077109490166
    ],
    "34": [
        1.811390558833368,
        1.4187165999831808
    ],
    "35": [
        2.315665237031502,
        1.7749038426070674
    ],
    "36": [
        0.6989105777572184,
        3.2912676048589202
    ],
    "37": [
        0.5475378684381074,
        3.359197792076474
    ],
    "38": [
        1.850886578591971,
        1.4624891057381713
    ],
    "39": [
        4.231132335003797,
        1.4376481700420514
    ],
    "40": [
        4.186019611308827,
        1.4952925734911449
    ],
    "41": [
        0.4035489678473194,
        3.3968011087612884
    ],
    "42": [
        4.304374367628892,
        1.3985818404468868
    ],
    "43": [
        1.827872569351934,
        1.353886752113206
    ]
}