{
    "0": [
        17.545366420181754,
        6.459897478000195
    ],
    "1": [
        17.743989869974342,
        5.880282364976475
    ],
    "2": [
        18.038910269172742,
        6.530796972424652
    ],
    "3": [
        18.12392941551235,
        6.0279586737419955
    ],
    "4": [
        17.750776419538546,
        5.861129191386424
    ],
    "5": [
        17.2820479988703,
        5.59335167484145
    ],
    "6": [
        17.69366902696953,
        6.064336386800996
    ],
    "7": [
        18.25607517338689,
        6.631846795401747
    ],
    "8": [
        18.24937838814377,
        6.602344063927395
    ],
    "9": [
        18.258477077029237,
        6.016865101085727
    ],
    "10": [
        17.528927999171433,
        5.8936338050614
    ],
    "11": [
        18.075902770721722,
        6.3794824181018015
    ],
    "12": [
        -13.289554465242466,
        -8.108609920722898
    ],
    "13": [
        -12.8779732452313,
        -8.345561050000398
    ],
    "14": [
        -13.18479238167965,
        -8.423039693883963
    ],
    "15": [
        -13.17961520824128,
        -8.974620028478515
    ],
    "16": [
        -13.24570452473747,
        -7.760612132156232
    ],
    "17": [
        -13.480918572570884,
        -9.01105065101983
    ],
    "18": [
        -13.460200972336498,
        -8.46621217515161
    ],
    "19": [
        -13.016726421038987,
        -8.44722348940169
    ],
    "20": [
        -13.907357444738523,
        -8.734149957333065
    ],
    "21": [
        -13.693711965849937,
        -8.656867855430338
    ],
    "22": [
        -12.898275283923033,
        -8.59374648261342
    ],
    "23": [
        -13.645527655185388,
        -8.705770670693653
    ],
    "24": [
        -4.640824397491015,
        2.4026476446323772
    ],
    "25": [
        -4.6488965333789345,
        1.0205078321182528
    ],
    "26": [
        -4.254713423606903,
        3.050317437133665
    ],
    "27": [
        -4.5167406644476165,
        3.051083891835825
    ],
    "28": [
        -4.456112378438275,
        3.067494440037519
    ],
    "29": [
        -4.8457317441574705,
        3.345029983802953
    ],
    "30": [
        -4.649288073565111,
        1.011830039663073
    ],
    "31": [
        -4.3783208620270715,
        3.027955146712714
    ],
    "32": [
        -4.649693054416621,
        1.0208318307253075
    ],
    "33": [
        -4.189462041744198,
        3.0214480679400832
    ],
    "34": [
        -4.646142605059723,
        1.0359770152677075
    ],
    "35": [
        -4.791166909564259,
        3.230415851265872
    ]
}