{
    "0": [
        0.7198673200927024,
        -7.8527738259928865
    ],
    "1": [
        0.8764504561258724,
        -6.621279903306436
    ],
    "2": [
        0.07532513212996106,
        -7.590699679412018
    ],
    "3": [
        0.7624962880956421,
        -6.613282984866951
    ],
    "4": [
        0.7974811947222156,
        -6.626808462793121
    ],
    "5": [
        0.07907999743464877,
        -7.61220820394776
    ],
    "6": [
        0.3527120116110938,
        -6.055496114258671
    ],
    "7": [
        1.2551254295579009,
        -7.111785923183009
    ],
    "8": [
        0.16776122426538942,
        -7.578094217803719
    ],
    "9": [
        0.712759727911962,
        -7.8008846053835414
    ],
    "10": [
        1.7329317603051742,
        -7.509962587355594
    ],
    "11": [
        0.7009728032782272,
        -7.8294300572756805
    ],
    "12": [
        1.314973983119481,
        -7.144507425299595
    ],
    "13": [
        -10.839330528639325,
        12.29621147391936
    ],
    "14": [
        -10.879784702401622,
        12.229877760891057
    ],
    "15": [
        -10.936915665642092,
        11.461437224755109
    ],
    "16": [
        -9.57102916353048,
        12.19322526515311
    ],
    "17": [
        -10.707486161128323,
        12.39749885856213
    ],
    "18": [
        -11.001016431229232,
        11.44504777582754
    ],
    "19": [
        -10.03120063222887,
        12.482220668352124
    ],
    "20": [
        -10.070267509674965,
        12.432269924314754
    ],
    "21": [
        -10.669426950100185,
        11.544664081277602
    ],
    "22": [
        -10.545589437202883,
        11.71485116054058
    ],
    "23": [
        -10.073105221417718,
        12.38150220559995
    ],
    "24": [
        -10.503634462050668,
        11.62991794434274
    ],
    "25": [
        -10.670256103548855,
        12.462305499046096
    ],
    "26": [
        8.939794129363642,
        -4.800027216120379
    ],
    "27": [
        10.314471548749196,
        -4.985956854461036
    ],
    "28": [
        10.101959198304723,
        -5.211200106162795
    ],
    "29": [
        9.792148022029101,
        -4.434388046132018
    ],
    "30": [
        10.417104579466947,
        -4.840404300235998
    ],
    "31": [
        10.278678940756876,
        -4.891052707401035
    ],
    "32": [
        8.976455909497613,
        -4.807951870191494
    ],
    "33": [
        8.765720411148374,
        -4.760073648845528
    ],
    "34": [
        9.81924607819855,
        -4.33254806445922
    ],
    "35": [
        9.787584654250695,
        -4.320040344351084
    ],
    "36": [
        10.257406184484237,
        -5.373505895798712
    ],
    "37": [
        9.164108419941616,
        -4.878527965231055
    ],
    "38": [
        10.336427563953379,
        -5.088138832312953
    ]
}