{
    "0": [
        3.5150063623729277,
        2.817514072113177
    ],
    "1": [
        3.6431380704649525,
        2.706486281104583
    ],
    "2": [
        3.418291614671885,
        2.928873161425651
    ],
    "3": [
        -2.7183568598948176,
        -0.6134393337659425
    ],
    "4": [
        5.863737361072662,
        -2.818655448430567
    ],
    "5": [
        5.877681852914253,
        -2.822186218668536
    ],
    "6": [
        -2.7309740254392993,
        -0.619465790099957
    ],
    "7": [
        -2.949981388584498,
        0.4339905142154894
    ],
    "8": [
        -2.1923546917503893,
        0.5342851226996164
    ],
    "9": [
        -1.4637422252801402,
        0.6589118176633892
    ],
    "10": [
        -2.7324451579098303,
        -0.6087950186290652
    ],
    "11": [
        -2.8457725253890294,
        0.492310369272273
    ],
    "12": [
        -2.3105108880316125,
        0.4425152767283205
    ],
    "13": [
        -2.159988450375443,
        0.37274802128011864
    ],
    "14": [
        -1.4847623188486159,
        -0.8091964111235193
    ],
    "15": [
        -2.804039025555329,
        -0.6806979890785723
    ],
    "16": [
        -2.2595286086027366,
        -1.0567045481667598
    ],
    "17": [
        -2.839057777888688,
        0.550316335179966
    ],
    "18": [
        -2.330268484032291,
        -0.05379851676199898
    ],
    "19": [
        -2.992481993984355,
        0.049035202705276504
    ],
    "20": [
        -2.1903388308748406,
        -1.2989000156673196
    ],
    "21": [
        6.770029168896691,
        0.9449414703089545
    ],
    "22": [
        0.3896617389406165,
        -1.1060236409919426
    ],
    "23": [
        -1.4436038608552488,
        -1.2713080083405188
    ],
    "24": [
        -1.4834023131543086,
        -0.7239649166717363
    ],
    "25": [
        10.847281037228603,
        3.7740453255542814
    ],
    "26": [
        1.6067822198888821,
        -2.2228371138547054
    ]
}