{
    "0": [
        8.443266291363432,
        27.156231777661194
    ],
    "1": [
        8.578525488737455,
        27.29100707059707
    ],
    "2": [
        -0.5739847626769685,
        -4.841533497424905
    ],
    "3": [
        -1.6554581531454362,
        -3.7194588535204325
    ],
    "4": [
        -0.8840794006313102,
        -3.3129971588226006
    ],
    "5": [
        -0.9001100943374349,
        -4.064145004891664
    ],
    "6": [
        -0.22601913271386476,
        -3.5119950906346133
    ],
    "7": [
        -0.22175496748808854,
        -4.244004889121932
    ],
    "8": [
        -2.1509776850715507,
        -1.0225597582819077
    ],
    "9": [
        -2.0893438808237854,
        -0.9701908230947218
    ],
    "10": [
        -0.8811872584981857,
        -3.9852617473192673
    ],
    "11": [
        -0.9445071817219017,
        -4.404613080756423
    ],
    "12": [
        -0.6683825620502719,
        -1.152761896784778
    ],
    "13": [
        -1.672524325450253,
        -4.299507068578983
    ],
    "14": [
        -0.7403257931420004,
        -3.283745729662698
    ],
    "15": [
        -0.013491306747379639,
        -3.896483488524005
    ],
    "16": [
        -1.0671787777701351,
        -3.206846784095589
    ],
    "17": [
        -1.7794079312574334,
        -3.517693859369608
    ],
    "18": [
        -1.3363075638417583,
        -3.787207225918369
    ],
    "19": [
        8.726790697977545,
        27.443948693646693
    ],
    "20": [
        -0.06258055566643961,
        -3.1543071250167145
    ],
    "21": [
        -0.3730306712769971,
        -3.5316150801275903
    ],
    "22": [
        0.5769084446281907,
        -3.497770326834324
    ],
    "23": [
        -0.22219118034831808,
        -4.200363183016748
    ],
    "24": [
        0.06882814939702264,
        -4.73175055825882
    ],
    "25": [
        -0.6160470876818787,
        -0.733578075775764
    ],
    "26": [
        -0.46227140155633073,
        -1.2632371403870444
    ],
    "27": [
        -1.520713298538912,
        -0.9832550250524825
    ],
    "28": [
        -0.7225717108431886,
        -1.1140175021512313
    ],
    "29": [
        -2.502843385609685,
        -0.6765679200113155
    ],
    "30": [
        -2.1070290032140986,
        -0.7837196484704236
    ]
}