{
    "0": [
        2.651811693607627,
        -3.619773797338322
    ],
    "1": [
        2.9283255096883796,
        -3.686333612981869
    ],
    "2": [
        3.493919875980308,
        -3.847855526185217
    ],
    "3": [
        2.6785708920279623,
        -3.529838702594855
    ],
    "4": [
        1.2874749666126624,
        -0.6693117618044973
    ],
    "5": [
        2.9027923517510015,
        -3.519892622795332
    ],
    "6": [
        2.8342540930060958,
        -3.4585447386884525
    ],
    "7": [
        -1.5277841773129706,
        -2.2904249324782278
    ],
    "8": [
        2.8520819576948666,
        -2.866865750574476
    ],
    "9": [
        2.5119211380457083,
        -3.3024519260019183
    ],
    "10": [
        2.5768183681237655,
        -3.6107354912292386
    ],
    "11": [
        2.7162787991579336,
        -2.3640695511732766
    ],
    "12": [
        3.604253994824968,
        -3.8645338393986925
    ],
    "13": [
        2.395665059757582,
        -4.11866781968298
    ],
    "14": [
        2.154926608539414,
        -4.428260586971199
    ],
    "15": [
        1.8687159745404784,
        -3.6076273317459915
    ],
    "16": [
        -6.551174657662187,
        25.54389114397557
    ],
    "17": [
        -1.8364390087743432,
        -2.036211874447961
    ],
    "18": [
        3.079328605796184,
        -2.9427183314896403
    ],
    "19": [
        1.0926991345534587,
        -0.5070172131422126
    ],
    "20": [
        1.476987776974899,
        -0.815404131277365
    ],
    "21": [
        -6.551197510387755,
        25.543965131614797
    ],
    "22": [
        -13.974159787480119,
        6.764423517145339
    ],
    "23": [
        0.7883104984091744,
        -3.200605986754752
    ],
    "24": [
        -1.4802742476541242,
        -2.3296227153453515
    ],
    "25": [
        -13.97410790982093,
        6.764488451366098
    ]
}