{
    "0": [
        -0.6200215876782083,
        -1.7760478893069431
    ],
    "1": [
        0.9362906700185478,
        -0.324769748336738
    ],
    "2": [
        -0.6376770898265178,
        -1.7574467753297214
    ],
    "3": [
        0.4722364830828134,
        -2.1943931606934566
    ],
    "4": [
        0.5646746800352189,
        1.4784073831039475
    ],
    "5": [
        0.5665155811507296,
        1.4928605731061126
    ],
    "6": [
        -0.6590097311919747,
        -1.8061222353537494
    ],
    "7": [
        -0.39971253618382363,
        -0.8075699651990715
    ],
    "8": [
        -0.6204031566324284,
        2.479924109258068
    ],
    "9": [
        0.8813098271538644,
        -0.04722495177340513
    ],
    "10": [
        -1.0001893990065378,
        -0.45559034388436825
    ],
    "11": [
        0.5542877800489889,
        -1.6271864867122428
    ],
    "12": [
        0.551493596892819,
        -2.324780773898997
    ],
    "13": [
        0.7937687563028688,
        1.2222039959160345
    ],
    "14": [
        0.10175812377726512,
        1.8290127313692979
    ],
    "15": [
        -0.27897029590750044,
        -0.7694024238889867
    ],
    "16": [
        -0.6816299610038707,
        2.5628482577450717
    ],
    "17": [
        0.5928174944660736,
        1.5089605567662343
    ],
    "18": [
        0.9430690402607058,
        0.2071915502178434
    ],
    "19": [
        -0.3409320539157834,
        2.3168815907853424
    ],
    "20": [
        -0.5944523604776228,
        2.4998151337329104
    ],
    "21": [
        -1.5541961947793244,
        0.49763663374815326
    ],
    "22": [
        2.2848912436711033,
        -2.1892618625319926
    ],
    "23": [
        -1.554702777045609,
        0.3416477338770836
    ],
    "24": [
        -0.942861883996124,
        -0.09682950747729446
    ],
    "25": [
        -1.6306829870992932,
        -0.06532392625143335
    ],
    "26": [
        2.272328737883596,
        -2.1954401989877015
    ]
}