{
    "0": [
        -4.443100337302294,
        -0.07504868515227692
    ],
    "1": [
        -1.04839995701156,
        0.6512284865614344
    ],
    "2": [
        -2.9698913897774495,
        0.29598718698402315
    ],
    "3": [
        0.26178538044502053,
        0.30971630341174716
    ],
    "4": [
        -4.444878441019599,
        -0.07360326140101137
    ],
    "5": [
        -0.5794464085187685,
        -0.5168098953358236
    ],
    "6": [
        0.23405232872840553,
        0.3775625238868514
    ],
    "7": [
        -0.47331230098834576,
        0.359844803169139
    ],
    "8": [
        -2.8634775695499886,
        0.28982937496125594
    ],
    "9": [
        -2.7406678309698873,
        0.5836171266560388
    ],
    "10": [
        -2.556844024619504,
        1.0131259229630736
    ],
    "11": [
        -0.7955694840576348,
        0.6290721259503123
    ],
    "12": [
        -2.9462888944530614,
        0.20694536462472257
    ],
    "13": [
        -2.23013557225144,
        -0.7716355911098454
    ],
    "14": [
        -0.904604711780514,
        -1.0796157208556494
    ],
    "15": [
        -0.41448810884475185,
        -0.06452094492817118
    ],
    "16": [
        -0.5328243064623783,
        -0.5985065235910607
    ],
    "17": [
        17.227785888671807,
        -1.7169003968986312
    ],
    "18": [
        -2.2698188031940183,
        0.7041506533558639
    ],
    "19": [
        -2.73811881704948,
        1.1925154335982189
    ],
    "20": [
        17.22824336000546,
        -1.7169542868502
    ]
}