{
    "0": [
        0.8353643887671245,
        0.9630356432907021
    ],
    "1": [
        0.3502118299891164,
        1.3218506711434532
    ],
    "2": [
        0.29031193616306705,
        0.009211748762064431
    ],
    "3": [
        1.7086618418671287,
        0.5442396147392099
    ],
    "4": [
        -0.5027732952509005,
        1.0225298315075744
    ],
    "5": [
        0.35755557754401934,
        1.2657603097068044
    ],
    "6": [
        2.340424977170189,
        0.0685303900904568
    ],
    "7": [
        0.2866444898340941,
        1.909969604762619
    ],
    "8": [
        -0.485679442381322,
        0.9863735959198792
    ],
    "9": [
        -1.0944207568135713,
        1.4399964048507403
    ],
    "10": [
        -0.5236801813232095,
        -1.9155508162774009
    ],
    "11": [
        0.3642269956288544,
        1.3194730906023047
    ],
    "12": [
        0.2057230957226901,
        -0.13286573975554283
    ],
    "13": [
        -0.2512336262887711,
        -1.4236611831458532
    ],
    "14": [
        0.39448135548821117,
        0.2965263934645108
    ],
    "15": [
        2.323924928409776,
        0.0825142998335835
    ],
    "16": [
        -1.6852234499459202,
        -4.177924792404935
    ],
    "17": [
        -0.5119347508551915,
        0.9654710963625437
    ],
    "18": [
        -0.572983153688944,
        3.106617428503349
    ],
    "19": [
        -0.11051935016746661,
        -2.4212477396924488
    ],
    "20": [
        -0.5687448077918376,
        3.1051613516440097
    ],
    "21": [
        -0.5260775328764771,
        -1.9063818607650074
    ],
    "22": [
        -0.9318571179460626,
        -2.2250435383957523
    ],
    "23": [
        -1.6924039512545965,
        -4.20458580474685
    ]
}