{
    "0": [
        -2.3108862210247,
        2.2869715096724796
    ],
    "1": [
        -1.8772930717469403,
        1.6295495095110226
    ],
    "2": [
        -1.8305455065600684,
        1.3802046902733345
    ],
    "3": [
        -1.9599265497723555,
        2.2977681873251683
    ],
    "4": [
        -1.980305235198669,
        1.7334090917917777
    ],
    "5": [
        -2.2041608327347975,
        1.7271241403371391
    ],
    "6": [
        -1.920544936653075,
        2.37849623068999
    ],
    "7": [
        -2.453535233591979,
        2.7020523572277675
    ],
    "8": [
        3.94581043917525,
        -6.184235224767903
    ],
    "9": [
        -0.7679711756386436,
        1.699672620600822
    ],
    "10": [
        -1.9163331867999298,
        1.6206233983991076
    ],
    "11": [
        -1.7235060193742526,
        2.118727804722127
    ],
    "12": [
        -0.7730027176762728,
        2.6996500018305056
    ],
    "13": [
        3.8422882771308706,
        -3.1084147729454124
    ],
    "14": [
        -1.5302369489121779,
        3.1647609294867713
    ],
    "15": [
        -0.14943373070559618,
        -0.22352752824845368
    ],
    "16": [
        3.722797248805613,
        -3.217468960083451
    ],
    "17": [
        -0.15134551855449763,
        -0.22296113782954663
    ],
    "18": [
        4.035607766585754,
        -2.85403151244693
    ],
    "19": [
        3.976864135233052,
        -6.015869551229134
    ],
    "20": [
        4.025659018013419,
        -5.612501784317205
    ]
}