{
    "0": [
        3.1048827318742536,
        7.602549544475108
    ],
    "1": [
        3.0162231401118866,
        7.549310577668519
    ],
    "2": [
        2.995683998965612,
        7.482220106145116
    ],
    "3": [
        3.5147182679610847,
        7.815852827918901
    ],
    "4": [
        -7.0128675962840745,
        -4.551088839820309
    ],
    "5": [
        34.81800454922981,
        6.704627944917559
    ],
    "6": [
        -9.39682405193572,
        -4.374913330946258
    ],
    "7": [
        -9.294574722681983,
        -3.910602299171922
    ],
    "8": [
        -9.349716408180662,
        -4.369450840468197
    ],
    "9": [
        -9.384522557215554,
        -4.4669345880031734
    ],
    "10": [
        -9.394733955910816,
        -4.058250639402653
    ],
    "11": [
        -9.404264477018206,
        -4.612291897714899
    ],
    "12": [
        -9.530414104562706,
        -4.220841413524131
    ],
    "13": [
        -9.499093637422373,
        -4.439893312398386
    ],
    "14": [
        -9.254948794440772,
        -4.839572158459719
    ],
    "15": [
        -9.124086304493645,
        -3.79912277498706
    ],
    "16": [
        -9.293066866695682,
        -4.716123152242567
    ],
    "17": [
        -8.292426579951325,
        -4.448868327133212
    ],
    "18": [
        -6.841475997481812,
        -6.204842180830893
    ],
    "19": [
        34.818076860192036,
        6.704625740383809
    ],
    "20": [
        34.818087631081,
        6.70462591999396
    ],
    "21": [
        3.987840246609503,
        6.231231511882253
    ],
    "22": [
        3.9994986282501035,
        6.2177515817181686
    ]
}