{
    "0": [
        -1.6987088634371545,
        -1.8665952576155038
    ],
    "1": [
        -2.2915974940126915,
        -2.1568912953477137
    ],
    "2": [
        -2.095796550263289,
        -2.029305957003697
    ],
    "3": [
        -2.1021947079553733,
        -2.0367810405968627
    ],
    "4": [
        -2.4718253941858155,
        -3.102676158392628
    ],
    "5": [
        -2.6401472411279983,
        -3.071538746223022
    ],
    "6": [
        8.02008325206194,
        8.234449686497356
    ],
    "7": [
        8.306776326101927,
        8.525789375113117
    ],
    "8": [
        8.067117234055425,
        8.264070620278522
    ],
    "9": [
        2.446258708473829,
        0.5866628602283825
    ],
    "10": [
        7.1835253810494155,
        8.15555090997479
    ],
    "11": [
        7.9201396461293445,
        8.083314699242832
    ],
    "12": [
        -2.398571185867427,
        -0.40800813851347106
    ],
    "13": [
        6.954287189885138,
        8.118205260034077
    ],
    "14": [
        6.43988830909866,
        8.050371376757441
    ],
    "15": [
        -3.400545294803038,
        -2.6744945807287945
    ],
    "16": [
        -1.7835139514818383,
        -2.9829637492605703
    ],
    "17": [
        -1.7828661164725972,
        -2.4390229361827376
    ],
    "18": [
        -2.9253705793210614,
        -1.455253932996369
    ],
    "19": [
        -2.12933082110135,
        -2.2100224856266526
    ],
    "20": [
        0.8906640968027446,
        -1.8683569692067024
    ],
    "21": [
        0.8151623538226396,
        -1.8885371750807152
    ],
    "22": [
        -2.403248268826811,
        -1.7104950135253794
    ],
    "23": [
        -1.0874447940643073,
        -0.8304390233874814
    ],
    "24": [
        -2.801940541859018,
        -2.641111034184593
    ],
    "25": [
        0.4086422725292671,
        -1.9613520287807078
    ],
    "26": [
        -1.8778987618811502,
        -1.7514433962238107
    ],
    "27": [
        -2.509195900477616,
        -2.053033795759147
    ],
    "28": [
        -2.9926086818278232,
        -2.189564209959721
    ],
    "29": [
        -2.4963208434058224,
        -1.1850837212156247
    ],
    "30": [
        -1.422834322485837,
        -2.0286518132164226
    ],
    "31": [
        -2.8712632814981554,
        -3.3249486046799643
    ],
    "32": [
        -0.7999780383057082,
        -1.4827841859714739
    ],
    "33": [
        -1.5676770062825263,
        -1.3387979844909088
    ],
    "34": [
        -2.1743150586671636,
        -3.458543190460579
    ],
    "35": [
        -1.905395461199502,
        -0.8319747269983351
    ],
    "36": [
        -1.809624390710015,
        -2.0526749380893015
    ],
    "37": [
        -1.6988054002814579,
        -0.20900910357820068
    ],
    "38": [
        -2.336460962946111,
        -1.891065581095941
    ],
    "39": [
        -2.3694186850149688,
        -2.5869269263520436
    ],
    "40": [
        -1.0093819082904965,
        -2.345372301055894
    ],
    "41": [
        6.4017357380438025,
        8.045305213674435
    ]
}