{
    "0": [
        -1.163254226596595,
        0.1992558117662413
    ],
    "1": [
        -0.01508222686936389,
        0.21163086053154778
    ],
    "2": [
        -0.6917051458696104,
        -0.11853914031264923
    ],
    "3": [
        -0.012099959943725203,
        0.2069157714332821
    ],
    "4": [
        0.3561592199040831,
        1.7497697449991927
    ],
    "5": [
        2.1475565728684924,
        0.8517171289382199
    ],
    "6": [
        1.568631508462511,
        -2.6370412559669787
    ],
    "7": [
        0.5135317456737793,
        0.9598592343645875
    ],
    "8": [
        0.6765075722506981,
        -0.9370173152996633
    ],
    "9": [
        -0.516743405902474,
        1.1059332480407518
    ],
    "10": [
        -0.9912757023284435,
        0.4905010619156367
    ],
    "11": [
        -0.06960004273485818,
        0.9607301733195195
    ],
    "12": [
        -1.5724347398416334,
        1.0625155389223124
    ],
    "13": [
        -0.4766086881159307,
        0.38613266815302305
    ],
    "14": [
        -1.856451873674902,
        0.06396048693402134
    ],
    "15": [
        -1.17533466111087,
        -0.7305282606242307
    ],
    "16": [
        -1.4403660455155396,
        -1.261082531754107
    ],
    "17": [
        1.509662976336413,
        -1.2347999547075827
    ],
    "18": [
        0.3441950039040122,
        0.21353706992374688
    ],
    "19": [
        -0.05383181131368267,
        -1.1914401391373273
    ],
    "20": [
        -1.572966818412121,
        1.0531208095444624
    ],
    "21": [
        -1.2293362002610073,
        0.03981094681780073
    ],
    "22": [
        -0.25938562852899033,
        -1.9546796606007049
    ],
    "23": [
        -0.22456365744863077,
        -0.5909131055390326
    ],
    "24": [
        0.5918096249378548,
        -0.07998694557630115
    ],
    "25": [
        0.8794612311482908,
        0.42256090719036576
    ],
    "26": [
        -0.20047663148776843,
        0.1332665729054141
    ],
    "27": [
        1.3542813636655682,
        -0.3670468849665274
    ],
    "28": [
        0.0058784589662861375,
        -0.04834353246589718
    ],
    "29": [
        0.2692964366491797,
        -0.3313591707091632
    ],
    "30": [
        2.110672196088957,
        -0.09879165197883122
    ],
    "31": [
        1.2007779931577696,
        1.0076488761900184
    ],
    "32": [
        -0.00690443805775004,
        0.4627026377488157
    ]
}