{
    "0": [
        0.48575405514650427,
        -1.105161153958223
    ],
    "1": [
        0.09041467244067469,
        0.20378588211331383
    ],
    "2": [
        -0.6339009226409811,
        -0.4976990982355973
    ],
    "3": [
        1.3736089314276914,
        -1.0992091850419587
    ],
    "4": [
        -0.19679438199544474,
        -0.13422214002151112
    ],
    "5": [
        -0.8400156914073902,
        0.8153417860974015
    ],
    "6": [
        -0.8830194745023201,
        0.9263957966667684
    ],
    "7": [
        0.3360195707400564,
        -1.1513161392781113
    ],
    "8": [
        0.14881973052063113,
        1.5688856545566816
    ],
    "9": [
        0.43696034666618555,
        0.7773844393735381
    ],
    "10": [
        -0.1782738231672134,
        -0.057696371066049856
    ],
    "11": [
        0.10445613203211224,
        1.6705565822075723
    ],
    "12": [
        0.4013918212277776,
        -1.168952281391225
    ],
    "13": [
        -0.6454209664883086,
        -0.7480937720226244
    ]
}