{
    "0": [
        0.20477595834644724,
        -1.4905032168211951
    ],
    "1": [
        0.545989628960637,
        -0.2692780082486568
    ],
    "2": [
        -0.2406462260111617,
        1.372108207627888
    ],
    "3": [
        0.15857479413874742,
        -1.5423681930907014
    ],
    "4": [
        -0.6830128637118071,
        -0.07073555979599533
    ],
    "5": [
        -0.3161987391756016,
        1.444589057378666
    ],
    "6": [
        0.15864996450348823,
        0.8026258774619732
    ],
    "7": [
        0.2574204766068071,
        -1.4989992421630562
    ],
    "8": [
        1.5711621223261014,
        -1.6385337996656046
    ],
    "9": [
        -1.8910841399392093,
        1.7600484602651463
    ],
    "10": [
        1.549517099731104,
        -1.6721015982614604
    ],
    "11": [
        -1.9095105961852328,
        1.7642062354865056
    ],
    "12": [
        0.1466488921814877,
        -1.5348225059399043
    ],
    "13": [
        -0.7169451345953526,
        0.0314599681933565
    ],
    "14": [
        -0.6454158524888745,
        1.113421011158703
    ],
    "15": [
        -0.26270498760358585,
        1.4269119758462745
    ],
    "16": [
        -0.07642377228919806,
        1.9304044247322523
    ],
    "17": [
        1.5712213722478952,
        -1.6712900808361342
    ],
    "18": [
        0.577982002957282,
        -0.25714301332808986
    ]
}