{
    "0": [
        -0.3276817518445223,
        -1.0717822949254021
    ],
    "1": [
        -1.065212495955849,
        1.5127345398896068
    ],
    "2": [
        -0.33715619164896804,
        -1.0658371182316992
    ],
    "3": [
        1.3551898978411745,
        -0.4734205275283694
    ],
    "4": [
        -0.30570930326346346,
        -1.0941485163214262
    ],
    "5": [
        -1.0530600632457774,
        1.501997003792102
    ],
    "6": [
        1.3802401465972722,
        -0.4061269785142043
    ],
    "7": [
        -1.0561039209269256,
        1.4783866014051634
    ],
    "8": [
        -0.33634624150009174,
        -1.1033529035620315
    ],
    "9": [
        -0.502430502876348,
        0.40982815584482246
    ],
    "10": [
        1.390811664660887,
        -0.46857440609953027
    ],
    "11": [
        0.8574587621626137,
        0.7802964442509728
    ]
}