{
    "0": [
        0.28106646456364315,
        0.4536232560844464
    ],
    "1": [
        -0.38585337318645196,
        0.9315729340959829
    ],
    "2": [
        0.8382424141316767,
        -0.5241483335049422
    ],
    "3": [
        -0.5632646893882067,
        -1.2497121330991736
    ],
    "4": [
        0.3460671631068699,
        0.4133733997964457
    ],
    "5": [
        0.30554853960789874,
        0.6694324351208758
    ],
    "6": [
        0.8775076415356868,
        -0.4821425488025488
    ],
    "7": [
        0.6854198013934165,
        1.1990145802092398
    ],
    "8": [
        -1.4056520800147623,
        -0.9129842116314073
    ],
    "9": [
        -0.5741141860177179,
        -1.2564816543968562
    ],
    "10": [
        0.28552789956648894,
        0.4481919178027871
    ],
    "11": [
        0.7033505100477515,
        1.2462648910985052
    ],
    "12": [
        -1.3938461053462956,
        -0.9360045327733584
    ]
}