{
    "0": [
        1.300884848400719,
        0.5081281478661293
    ],
    "1": [
        -0.8092104016404686,
        -0.7972111320332371
    ],
    "2": [
        1.3530675025899623,
        0.5326412316489941
    ],
    "3": [
        0.23737378161455336,
        1.6856038375230202
    ],
    "4": [
        0.31925782572092354,
        1.7502339600007453
    ],
    "5": [
        0.2346490651451134,
        1.6883746920525686
    ],
    "6": [
        0.33700173041139747,
        1.7632804670901878
    ],
    "7": [
        -0.5345453507830684,
        0.2822121604092125
    ],
    "8": [
        -0.5822774869362246,
        -2.520801493619394
    ],
    "9": [
        1.352153311955464,
        0.5378051268243258
    ],
    "10": [
        -0.3979122160556261,
        1.1682994163020037
    ],
    "11": [
        -0.8197479472749909,
        -0.7729730196183886
    ],
    "12": [
        -0.5816999934015561,
        -2.520704528387568
    ],
    "13": [
        -0.8252484072511916,
        -0.7792931602682724
    ],
    "14": [
        -0.5837462624950076,
        -2.5255957057903275
    ]
}