{
    "0": [
        -1.3607618226208036,
        -0.13953696212520228
    ],
    "1": [
        -1.1219650715676348,
        1.1630646042198496
    ],
    "2": [
        -1.1517511207294024,
        1.0942493471130899
    ],
    "3": [
        0.39225697833228956,
        -1.3021904814674237
    ],
    "4": [
        -0.7262990232623121,
        -0.5137183149957245
    ],
    "5": [
        -0.5457202819476006,
        -1.0832124239152012
    ],
    "6": [
        -0.5109173854339542,
        -0.8195724053811233
    ],
    "7": [
        -1.1464847646158045,
        1.1476466050184566
    ],
    "8": [
        1.2565299939345334,
        -0.5060441367751309
    ],
    "9": [
        -1.1526200978470644,
        1.1454444168387337
    ],
    "10": [
        0.213508382358917,
        -1.1226280345520188
    ],
    "11": [
        2.026875088825589,
        0.15947678892939798
    ],
    "12": [
        2.0621370659148663,
        0.1926734947514479
    ],
    "13": [
        0.2555392811860706,
        0.7860890531204756
    ],
    "14": [
        -0.5099209780068179,
        -0.40081961221924267
    ],
    "15": [
        2.0195937554791357,
        0.19907806143959128
    ]
}