{
    "0": [
        -1.2023756811923407,
        1.4460463968450856
    ],
    "1": [
        0.44099676659738396,
        -1.5616776100530858
    ],
    "2": [
        -0.7731852815408473,
        0.9274117890095699
    ],
    "3": [
        0.7183747766893198,
        0.27971161918712895
    ],
    "4": [
        0.5523782897738387,
        -1.5505447505406948
    ],
    "5": [
        -1.2356168683523316,
        1.494646737111644
    ],
    "6": [
        -0.3363896883013746,
        0.8314086502826967
    ],
    "7": [
        0.5105721242393235,
        -1.5757088761417517
    ],
    "8": [
        -1.6183141175388651,
        0.22480690581518026
    ],
    "9": [
        1.65274599182509,
        -0.8347453768123438
    ],
    "10": [
        1.6807481739330656,
        -0.8438203119342553
    ],
    "11": [
        -1.5549374698448828,
        0.2149521995950483
    ],
    "12": [
        1.6065233224839899,
        -0.8377905308674514
    ],
    "13": [
        0.7165264740270949,
        0.31244961703120744
    ],
    "14": [
        -1.1580468127984682,
        1.4728535414720287
    ]
}