{
    "0": [
        1.2701985071482405,
        0.3521660817177086
    ],
    "1": [
        1.2880056751137765,
        0.27641696054587683
    ],
    "2": [
        -0.3862441894346862,
        -2.0711596388561446
    ],
    "3": [
        -0.38884210409329434,
        -2.0761813205335375
    ],
    "4": [
        -0.3957273681646871,
        -2.0719327770486693
    ],
    "5": [
        -0.3988332804975716,
        -2.0658596001874976
    ],
    "6": [
        -1.0923021620686901,
        0.6638049945002997
    ],
    "7": [
        -1.0611573750398984,
        0.7182729365521219
    ],
    "8": [
        -0.9938375695795019,
        0.7741813626693528
    ],
    "9": [
        0.24273854080589352,
        1.7056653852092971
    ],
    "10": [
        0.30686904185961694,
        1.6947415410402513
    ],
    "11": [
        0.38122775454039726,
        1.6790031688803904
    ],
    "12": [
        1.2279045294104147,
        0.4208809055105629
    ]
}