{
    "0": [
        0.6783377034524856,
        1.3256662386598772
    ],
    "1": [
        0.7460506371552604,
        1.309773710602284
    ],
    "2": [
        1.1637545004543532,
        1.0315613626078641
    ],
    "3": [
        1.3396877859761782,
        0.7715925119242759
    ],
    "4": [
        1.3509694146752345,
        0.728959287938507
    ],
    "5": [
        1.2326749472829523,
        -1.256729637619126
    ],
    "6": [
        0.9994117292569771,
        -1.3927065503522846
    ],
    "7": [
        0.9664695055019399,
        -1.4317315443036045
    ],
    "8": [
        0.49306820269880935,
        -1.5523358566678933
    ],
    "9": [
        -0.7660988829137008,
        -1.38635429498233
    ],
    "10": [
        -0.8029519226143553,
        -1.3621296545876924
    ],
    "11": [
        -0.8846937848866117,
        -1.284436430538587
    ],
    "12": [
        -1.1591297245900671,
        -0.16669602523027827
    ],
    "13": [
        -1.224784660591724,
        -0.02076972894901763
    ],
    "14": [
        -1.2435938817360057,
        0.03155094067071351
    ],
    "15": [
        -1.005764477576803,
        1.5160419781072263
    ],
    "16": [
        -0.9640349484331416,
        1.552146140771654
    ],
    "17": [
        -0.919372143111783,
        1.5865975519483952
    ]
}