{
    "0": [
        2.0994954522659075,
        0.48560086816459147
    ],
    "1": [
        -0.8454628602352035,
        -1.449672348683408
    ],
    "2": [
        -1.1985151249077148,
        -1.5460455555895933
    ],
    "3": [
        -1.5077934724325956,
        -1.5961432167446086
    ],
    "4": [
        -1.7399391827565296,
        -1.6253673327498626
    ],
    "5": [
        -2.4847462953308677,
        -1.6535936519004366
    ],
    "6": [
        -2.5704113815146394,
        -1.6440097455658278
    ],
    "7": [
        -2.6020402679088077,
        -1.631914566789927
    ],
    "8": [
        0.4404976106438312,
        1.9934106497584592
    ],
    "9": [
        0.5815969904304215,
        1.9750970630502414
    ],
    "10": [
        0.8379772302729904,
        1.8706519273729163
    ],
    "11": [
        1.2060700605347492,
        1.7015337086683977
    ],
    "12": [
        1.4891387323217273,
        1.498221004042464
    ],
    "13": [
        2.067379406458574,
        0.597978588767342
    ],
    "14": [
        2.106160457427503,
        0.5370967074763902
    ],
    "15": [
        2.120592644730639,
        0.48715590072286197
    ]
}