{
    "0": [
        -1.5905056946049916,
        0.32818697856016854
    ],
    "1": [
        -0.7498655637386942,
        0.4178020688822479
    ],
    "2": [
        0.40234099056905626,
        0.5634240700038045
    ],
    "3": [
        0.43253049320941406,
        0.5156171152414863
    ],
    "4": [
        0.4749836238929337,
        0.5137155397964994
    ],
    "5": [
        1.3797306591889253,
        0.08429119676810748
    ],
    "6": [
        1.3448424590683448,
        0.06060265119378894
    ],
    "7": [
        1.401757301047031,
        -0.017924982116532817
    ],
    "8": [
        0.29758245719525567,
        -1.1302772886763108
    ],
    "9": [
        0.20021173151901994,
        -1.1431116708539921
    ],
    "10": [
        0.16868732445849055,
        -1.103583477859267
    ],
    "11": [
        -0.6387195199148552,
        0.25749902360131616
    ],
    "12": [
        -1.5967996142860663,
        0.31520581728322794
    ],
    "13": [
        -1.5267766476038709,
        0.33855295817545406
    ]
}