{
    "0": [
        -0.8413645924551876,
        0.6887742070259897
    ],
    "1": [
        -1.073477895677291,
        -0.5742038818719948
    ],
    "2": [
        -1.080843220033584,
        -0.6245421260285973
    ],
    "3": [
        -1.0031817449184448,
        -0.8099844161265466
    ],
    "4": [
        -0.4047422567922556,
        -1.4130816219867341
    ],
    "5": [
        -0.4077894570737026,
        -1.3998258933640706
    ],
    "6": [
        -0.16473626246253126,
        -1.5538761202748894
    ],
    "7": [
        1.1230671031638142,
        -1.7344440994966845
    ],
    "8": [
        1.1784128748810883,
        -1.7445588011189663
    ],
    "9": [
        1.2263382868355368,
        -1.7328766318663753
    ],
    "10": [
        1.2326772295958044,
        -1.7329851003004073
    ],
    "11": [
        0.5624171261165891,
        2.1784308819921776
    ],
    "12": [
        0.5869611033310909,
        2.200423805395605
    ],
    "13": [
        0.5079756535319735,
        2.176809370416084
    ],
    "14": [
        -0.11850851768354964,
        1.8168777029175125
    ],
    "15": [
        -0.15722919928217394,
        1.7569405011838093
    ],
    "16": [
        -0.3766487992961469,
        1.5777253842024876
    ],
    "17": [
        -0.7893274317810306,
        0.9243968393016573
    ]
}