{
    "0": [
        -5.375480211847292,
        4.0308712430658185
    ],
    "1": [
        -5.420428295039414,
        4.00828376122527
    ],
    "2": [
        -5.229151555324525,
        4.947975607684001
    ],
    "3": [
        -4.834035969075382,
        3.5396155780416834
    ],
    "4": [
        -4.917285491835964,
        3.6106547357205665
    ],
    "5": [
        -5.354011788591181,
        4.860647758983283
    ],
    "6": [
        -5.089639393666885,
        3.725771392306693
    ],
    "7": [
        -5.386854532367335,
        4.844902995134663
    ],
    "8": [
        -4.708729321234614,
        5.273764329958476
    ],
    "9": [
        5.540181808762608,
        -4.595205893298871
    ],
    "10": [
        4.660176672628825,
        -3.8711254874480567
    ],
    "11": [
        5.601286733250574,
        -4.609147680658932
    ],
    "12": [
        5.120372568891354,
        -4.371448245084602
    ],
    "13": [
        5.0165474329341,
        -4.313440165701655
    ],
    "14": [
        4.647720535789336,
        -3.8619615040326463
    ],
    "15": [
        5.497639439351661,
        -4.574847801069119
    ],
    "16": [
        5.268882461689634,
        -4.432141761675645
    ],
    "17": [
        4.962808905684506,
        -4.213168863150925
    ]
}