{
    "0": [
        -4.210917322001601,
        -0.4639899099511098
    ],
    "1": [
        -4.375485774112036,
        -0.47853217916134216
    ],
    "2": [
        -4.1734537359011945,
        -0.46067158980960077
    ],
    "3": [
        -4.957822469219684,
        -0.5300060309059749
    ],
    "4": [
        -4.97773520494335,
        -0.5317686991763413
    ],
    "5": [
        -4.979685822648085,
        -0.5319418751872633
    ],
    "6": [
        -4.209850979125654,
        -0.46390707330151093
    ],
    "7": [
        -4.171761861636339,
        -0.46052470345380314
    ],
    "8": [
        5.376673214106578,
        0.7423514994724001
    ],
    "9": [
        5.422568359157778,
        0.7803762351215249
    ],
    "10": [
        5.472783224775633,
        0.8222304954349844
    ],
    "11": [
        4.970999633256641,
        0.4126679807924769
    ],
    "12": [
        4.84209894313075,
        0.31290665675397245
    ],
    "13": [
        4.852616659863367,
        0.31773292383066076
    ],
    "14": [
        5.1189731352972005,
        0.5330762695409246
    ]
}