{
    "0": [
        0.207892464424551,
        -2.37008329688838
    ],
    "1": [
        0.24023381840491176,
        -2.3429158603865012
    ],
    "2": [
        0.2100208973279133,
        -2.374875975880734
    ],
    "3": [
        0.04128961388964969,
        -2.0252667170556915
    ],
    "4": [
        0.24154184857927252,
        -2.330835862813803
    ],
    "5": [
        0.37118739837279646,
        -2.510091647804982
    ],
    "6": [
        -0.4754963307169211,
        -3.072128642929444
    ],
    "7": [
        0.024549879044815315,
        3.471623216588986
    ],
    "8": [
        0.012696372267028355,
        3.4271144891899397
    ],
    "9": [
        -0.3042362255026265,
        2.1997293394673427
    ],
    "10": [
        -0.3057403495430755,
        2.1975587516426938
    ],
    "11": [
        0.03266204012977969,
        3.5020897322758415
    ],
    "12": [
        -0.29660142667809586,
        2.2280824745947445
    ]
}