{
    "0": [
        -0.8228378842104265,
        -5.930959667119592
    ],
    "1": [
        2.8898675908836733,
        -0.3031767520231454
    ],
    "2": [
        0.37422351811658516,
        -0.5700145903773579
    ],
    "3": [
        4.012013290911717,
        -0.008266780941477259
    ],
    "4": [
        -1.866519699196966,
        0.20026952013137927
    ],
    "5": [
        -1.5643918737535647,
        3.546644540452622
    ],
    "6": [
        0.7450009343066226,
        1.7812753905127483
    ],
    "7": [
        0.03930954748758464,
        2.703651793391032
    ],
    "8": [
        -3.781976984630452,
        -0.6931256059288231
    ],
    "9": [
        2.7298949196959827,
        -2.147874097427297
    ],
    "10": [
        -2.0898930441730244,
        0.1585773834238075
    ],
    "11": [
        0.972480877266799,
        -0.6341577795597731
    ],
    "12": [
        0.8662135187496695,
        -0.15088714399697906
    ],
    "13": [
        -0.318744997839824,
        -0.058145978798119335
    ],
    "14": [
        1.4726240287173398,
        -3.713805836966582
    ],
    "15": [
        -0.18593541083636933,
        3.4175291308553697
    ],
    "16": [
        1.6909904468521535,
        -1.9497721785108277
    ],
    "17": [
        -0.31265909855876983,
        1.0503379265203798
    ],
    "18": [
        0.932410297369669,
        1.1345287195195897
    ],
    "19": [
        -0.019058459000840466,
        -3.7124325045683504
    ],
    "20": [
        -0.2589713710134183,
        -4.918459164573833
    ],
    "21": [
        -3.1839312737588363,
        1.5101462861703865
    ],
    "22": [
        -0.8299004690054237,
        0.889012330729271
    ],
    "23": [
        1.6022692683019506,
        5.048836163145541
    ],
    "24": [
        1.1089705870382103,
        -2.3760463857537397
    ],
    "25": [
        0.3346363411586666,
        0.2563314862389158
    ],
    "26": [
        -0.16525924297278816,
        -1.346254945811499
    ],
    "27": [
        3.7105479334673555,
        -1.8515667530758653
    ],
    "28": [
        0.15590248601829937,
        -0.5430963245647814
    ],
    "29": [
        -1.430486676893647,
        -0.7330130700453354
    ],
    "30": [
        -0.628064112072706,
        2.1107911178603755
    ],
    "31": [
        -0.17481684617060833,
        4.532585284680115
    ],
    "32": [
        -2.432546177985935,
        3.433394872854755
    ],
    "33": [
        3.372494742367432,
        2.3141453814447743
    ],
    "34": [
        -1.954476056193029,
        -2.5836282668203383
    ],
    "35": [
        -3.0245453172932946,
        1.1014058618973523
    ],
    "36": [
        0.2978356702800862,
        2.094494499478367
    ],
    "37": [
        -1.5140178840185117,
        -5.381364448186892
    ],
    "38": [
        -3.5359069151949907,
        -1.5768123654253714
    ],
    "39": [
        2.4586646409679656,
        0.8300865893111172
    ],
    "40": [
        4.334968546478057,
        -0.6775058680823108
    ],
    "41": [
        -0.47225995092098083,
        -5.054814643470546
    ],
    "42": [
        -0.8987038918712265,
        4.1377578229869
    ],
    "43": [
        1.7336645550694647,
        -1.802312731095232
    ],
    "44": [
        3.372105922332107,
        2.372687392276837
    ],
    "45": [
        -1.6391934879773298,
        -2.83630129917571
    ],
    "46": [
        -0.3224782463747886,
        1.5852281939935617
    ],
    "47": [
        1.1385759301080658,
        1.7579272693739938
    ],
    "48": [
        0.4553060873997472,
        4.097559961934001
    ],
    "49": [
        2.25010892070261,
        3.425115348050496
    ],
    "50": [
        -3.1974335474728512,
        2.7591322210657094
    ],
    "51": [
        -0.6305208015888302,
        1.5799046272212327
    ],
    "52": [
        -2.499447908237814,
        2.5888953979110907
    ],
    "53": [
        3.328353776709881,
        2.4151761269043366
    ],
    "54": [
        2.336150266464319,
        1.2348760850868665
    ],
    "55": [
        -1.9707567252946503,
        -0.16237240401261427
    ],
    "56": [
        -0.4822046604644654,
        4.811519383432058
    ],
    "57": [
        1.4887103153442072,
        -1.7538981160382905
    ],
    "58": [
        -0.8418562771114426,
        1.507097783589405
    ],
    "59": [
        0.8036551936974533,
        2.3907661894420364
    ],
    "60": [
        -0.9886645866167068,
        4.197560017941525
    ],
    "61": [
        -2.165919604037901,
        -0.4167153606494308
    ],
    "62": [
        -1.941076145623596,
        3.4562193245607626
    ],
    "63": [
        -3.133373393801736,
        2.9417590522003594
    ],
    "64": [
        -3.0005647615976105,
        1.0746379897580844
    ],
    "65": [
        -0.013823709300541553,
        -0.2734708553838503
    ],
    "66": [
        -1.313612293344371,
        -2.493774207483393
    ],
    "67": [
        0.41469090647424034,
        3.3423070456448927
    ],
    "68": [
        -0.23057393646751279,
        -4.227034686333947
    ],
    "69": [
        4.035815778284121,
        0.8120434199351272
    ],
    "70": [
        2.7286863638824586,
        0.8163727407054086
    ],
    "71": [
        -4.1826116479091935,
        -1.6166826933049305
    ],
    "72": [
        3.3518381668485873,
        1.1050192250041406
    ],
    "73": [
        2.466073853021219,
        1.1404182434891603
    ],
    "74": [
        -0.4568651888078832,
        -3.1933908791711234
    ],
    "75": [
        -1.2799466341902792,
        0.8736413975071462
    ],
    "76": [
        -4.521325316968059,
        -2.8654298366558586
    ],
    "77": [
        2.7913117517193724,
        -2.101414157042377
    ],
    "78": [
        1.9783346925842147,
        -3.296446972753267
    ],
    "79": [
        -4.831023557593766,
        -2.557792327639757
    ],
    "80": [
        -2.2297577585058015,
        0.021698550092543345
    ],
    "81": [
        -3.448012824224624,
        0.9779331690705165
    ],
    "82": [
        -1.750010045358867,
        5.530212372103007
    ],
    "83": [
        -0.7897382209921546,
        -2.2006701184701303
    ],
    "84": [
        -3.6650827519513154,
        -0.5566491948706008
    ],
    "85": [
        1.3931629245050758,
        4.558163659369104
    ],
    "86": [
        -0.6623780419917602,
        -5.194406382008914
    ],
    "87": [
        0.8255775019690367,
        2.169780619602661
    ],
    "88": [
        -2.491501186979808,
        3.35771499058903
    ],
    "89": [
        -0.2784217663657116,
        -1.311293781909912
    ],
    "90": [
        0.3889893533508444,
        3.629151876630236
    ],
    "91": [
        -0.6089283522123612,
        2.704401888560616
    ],
    "92": [
        -0.2070766144233176,
        -4.290337113575851
    ],
    "93": [
        -0.616186249593563,
        -5.5934821341632635
    ],
    "94": [
        -4.288184788527292,
        -1.0734260814616452
    ],
    "95": [
        0.7641021594650251,
        -1.933383662674927
    ],
    "96": [
        2.995054207854403,
        -1.8284037762050072
    ],
    "97": [
        0.5725841377439856,
        0.5878944311495926
    ],
    "98": [
        -1.4461747935465858,
        -5.431128954332845
    ],
    "99": [
        4.003791423306377,
        -1.5422002541738191
    ],
    "100": [
        1.3702390756164071,
        -2.1876051665003757
    ],
    "101": [
        -1.6516598370645665,
        5.410745636817552
    ],
    "102": [
        -0.2935237621709359,
        -2.538319656787743
    ],
    "103": [
        -0.07161665705874376,
        -2.662549503547778
    ],
    "104": [
        2.911597468726205,
        -1.7502234922253583
    ],
    "105": [
        0.9920801667187841,
        -0.3638430265570143
    ],
    "106": [
        0.8385812265319836,
        1.248294539993723
    ],