{
    "0": [
        -0.9863130471721733,
        -2.059494282109288
    ],
    "1": [
        -3.643590263798109,
        0.9235944451077261
    ],
    "2": [
        1.91170490554461,
        3.1759456185508763
    ],
    "3": [
        1.1985589593540014,
        2.091416799212743
    ],
    "4": [
        2.559424725552371,
        -0.4107145875115283
    ],
    "5": [
        -0.5333250838932002,
        -5.6224051435650315
    ],
    "6": [
        -0.2457175803246024,
        3.37483750640119
    ],
    "7": [
        2.635986899874246,
        -1.8416094626322872
    ],
    "8": [
        3.4167930046836683,
        -2.5628244376635783
    ],
    "9": [
        -2.2504731922031422,
        0.38473169568878524
    ],
    "10": [
        -3.459400302243973,
        -2.7534262393604116
    ],
    "11": [
        0.45926277855917996,
        0.012326432213820564
    ],
    "12": [
        -1.167881300104948,
        3.048751489413685
    ],
    "13": [
        -3.726065323794636,
        1.6105781808457895
    ],
    "14": [
        -1.062388910218995,
        3.044654952142203
    ],
    "15": [
        1.4238008431770126,
        0.9433573042330129
    ],
    "16": [
        4.665800737468538,
        -1.3902235550988502
    ],
    "17": [
        0.0464601305766173,
        1.1102473660587129
    ],
    "18": [
        -1.0867224670746138,
        -1.2116480524259545
    ],
    "19": [
        -3.380364937318449,
        1.1782219863139878
    ],
    "20": [
        0.5147162732100838,
        -4.924054661905985
    ],
    "21": [
        0.818397491547113,
        5.591025670562426
    ],
    "22": [
        0.18737647729300305,
        -0.38815696003233546
    ],
    "23": [
        -0.11354075089122334,
        -5.36002885218504
    ],
    "24": [
        -3.0456134495586342,
        -0.759702883421882
    ],
    "25": [
        -1.5652276547518407,
        1.192660971050946
    ],
    "26": [
        0.5879227434251715,
        1.7932870163278862
    ],
    "27": [
        -1.733327859733516,
        0.1384068965299872
    ],
    "28": [
        3.169941636952958,
        -0.8188907880170794
    ],
    "29": [
        -3.716417099877576,
        -2.015717935834911
    ],
    "30": [
        0.9730380667057814,
        -1.7540821600247463
    ],
    "31": [
        -3.9451411610884084,
        0.4370965979899805
    ],
    "32": [
        -1.4175493792218086,
        -2.129047295596788
    ],
    "33": [
        -1.2977160124318614,
        -2.98126828407508
    ],
    "34": [
        3.0352770138432943,
        1.8490797347449228
    ],
    "35": [
        -0.8465271025069436,
        3.6290676835513778
    ],
    "36": [
        -0.4716202035151434,
        4.522361147911465
    ],
    "37": [
        1.2879631081104375,
        -3.3654162733916544
    ],
    "38": [
        3.091612287229263,
        -1.6714566818884142
    ],
    "39": [
        0.12915960579997626,
        3.990711154109622
    ],
    "40": [
        -0.9095139334762361,
        1.2356631904130417
    ],
    "41": [
        -0.6797123894528594,
        -2.6791890939840397
    ],
    "42": [
        -3.517923294926736,
        -0.6474173194385275
    ],
    "43": [
        -5.8328598798699005,
        -1.1396023518393434
    ],
    "44": [
        0.048120941031698894,
        4.794691001236999
    ],
    "45": [
        3.0726339729089895,
        0.46752562439643974
    ],
    "46": [
        0.8273247786072199,
        -1.1815548919480867
    ],
    "47": [
        2.510446959965178,
        2.1329754883532797
    ],
    "48": [
        -2.933420131044531,
        1.3193264383514185
    ],
    "49": [
        0.8131751953912958,
        2.085336646406367
    ],
    "50": [
        -3.4638064311280603,
        -1.454817904059935
    ],
    "51": [
        1.4756165454802002,
        3.0853654905963843
    ],
    "52": [
        -3.6652830057752452,
        -2.4285774696362616
    ],
    "53": [
        1.0920681975444206,
        1.0309272268253122
    ],
    "54": [
        2.5298459819218597,
        -2.51340323531292
    ],
    "55": [
        -0.9249566589757148,
        -4.7783666660731665
    ],
    "56": [
        1.4204718206874345,
        3.305741014432714
    ],
    "57": [
        4.604348800549961,
        -1.3475954146695284
    ],
    "58": [
        3.68694741908019,
        -0.2722168479425881
    ],
    "59": [
        0.9056989009769174,
        -0.007627476158766397
    ],
    "60": [
        1.5491743774371163,
        2.086270428848476
    ],
    "61": [
        -3.292444133538391,
        1.115399684511381
    ],
    "62": [
        1.4988599835280683,
        -3.462746169376757
    ],
    "63": [
        2.581611326121942,
        -1.8065362236522404
    ],
    "64": [
        0.5172064974929406,
        1.656811488086244
    ],
    "65": [
        -1.1099064156800886,
        -2.6776060504656782
    ],
    "66": [
        2.163035941638346,
        -0.8175451308608254
    ],
    "67": [
        0.7232566923522241,
        1.4352210254511877
    ],
    "68": [
        -4.543225016328906,
        -0.6640398914455545
    ],
    "69": [
        -4.3479177341093,
        -0.0672994202678069
    ],
    "70": [
        3.7945151512848576,
        -0.3661477629214439
    ],
    "71": [
        -0.5234924842855326,
        2.441152774794829
    ],
    "72": [
        -0.37555467677149673,
        0.23763423073848725
    ],
    "73": [
        2.239044428362003,
        -0.29178664752786376
    ],
    "74": [
        -1.23762669338478,
        -2.8961784353111457
    ],
    "75": [
        -2.7371595264236253,
        1.359832686422116
    ],
    "76": [
        -0.2652304795729355,
        -4.61012574594607
    ],
    "77": [
        1.6704374313715329,
        1.9121873908077727
    ],
    "78": [
        1.3461832912810596,
        -0.07442887857946191
    ],
    "79": [
        3.15018938183661,
        0.7110641479126275
    ],
    "80": [
        1.573460542372911,
        3.248216796833005
    ],
    "81": [
        -3.0078235181182684,
        -1.3098504143812517
    ],
    "82": [
        -4.626815331227955,
        -0.7497328560018324
    ],
    "83": [
        4.156639152154608,
        -1.2479816991918338
    ],
    "84": [
        -0.507726692095509,
        2.4345417192139793
    ],
    "85": [
        -0.25345622644639515,
        -0.18888457782152612
    ],
    "86": [
        -3.796723354646892,
        -1.9817120079613053
    ],
    "87": [
        2.4114910141865717,
        0.8712686149027379
    ],
    "88": [
        4.094868569570826,
        -0.311830697138339
    ],
    "89": [
        -4.573532399430612,
        -0.46866597882698685
    ],
    "90": [
        -3.965003371379845,
        1.2549096876432908
    ],
    "91": [
        3.2021669186455997,
        0.6115061343368661
    ],
    "92": [
        -0.5743540276481669,
        -0.9877307394455992
    ],
    "93": [
        1.7455135975849971,
        -3.3891778352173327
    ],
    "94": [
        0.9142113053050256,
        -2.699062442736494
    ],
    "95": [
        2.6123832264984927,
        -2.317384925169898
    ],
    "96": [
        4.089024641431306,
        -1.1464185591493379
    ],
    "97": [
        1.0536658218247144,
        1.4104507110366058
    ],
    "98": [
        2.536063505324474,
        1.1542012811819018
    ],
    "99": [
        2.397590479593806,
        -2.143849558565766
    ],
    "100": [
        0.7964069804529348,
        5.635096343755968
    ],
    "101": [
        -0.6737703376640831,
        -5.959224113395578
    ],
    "102": [
        3.1791665500669604,
        -2.4680873198376077
    ],
    "103": [
        1.9154329036294049,
        1.0035725308488597
    ],
    "104": [
        3.426972588671394,
        -0.6805527791232401
    ],
    "105": [
        -3.453445797398467,
        -2.7073041548441323
    ],
    "106": [
        -0.45930715497812474,
        -2.1739970837946085
    ],