{
    "0": [
        2.4151849425442995,
        -4.428569972938225
    ],
    "1": [
        8.63571393488466,
        7.75829749104655
    ],
    "2": [
        1.8894475262010717,
        -4.5647829786194825
    ],
    "3": [
        0.5980390802643576,
        -4.34238131674325
    ],
    "4": [
        0.4562184387863497,
        -5.809492679485203
    ],
    "5": [
        0.819304554860135,
        -6.0588376098917065
    ],
    "6": [
        2.137380887606185,
        -5.004683439342263
    ],
    "7": [
        1.4091314111957647,
        -5.5686330143459175
    ],
    "8": [
        1.4202225793210448,
        -6.348330802601708
    ],
    "9": [
        1.0866302634205662,
        -4.746119317256274
    ],
    "10": [
        10.003721290491498,
        5.091567657782935
    ],
    "11": [
        2.4002079823544107,
        -4.517022847427268
    ],
    "12": [
        0.19162423787048233,
        -5.241326762900237
    ],
    "13": [
        2.476008191393165,
        -5.3940822019370005
    ],
    "14": [
        2.469424737911647,
        -4.433129574848713
    ],
    "15": [
        1.8063696014831483,
        -4.090076909915746
    ],
    "16": [
        7.885485705890742,
        7.2458059470237535
    ],
    "17": [
        0.7466093784592167,
        -4.31980616643195
    ],
    "18": [
        8.445846199307933,
        7.562307727781621
    ],
    "19": [
        1.8373036330590704,
        -5.909754732433304
    ],
    "20": [
        0.8349788666159865,
        -6.024923090087608
    ],
    "21": [
        8.233668302776577,
        7.27896117384343
    ],
    "22": [
        0.8909447699520063,
        -4.81131608156522
    ],
    "23": [
        0.5665993518460595,
        -4.538983733129548
    ],
    "24": [
        10.07328888132966,
        5.009957191693903
    ],
    "25": [
        1.7920674617650336,
        -4.214678667066306
    ],
    "26": [
        1.636264336153042,
        -4.278721912571839
    ],
    "27": [
        1.7692270753294985,
        -5.54707767565532
    ],
    "28": [
        1.6509380048214024,
        -4.700936431984086
    ],
    "29": [
        0.5440152526520383,
        -5.451861549509526
    ],
    "30": [
        8.2557932261986,
        7.233385586268598
    ],
    "31": [
        0.10584490116184331,
        -5.3093184341872535
    ],
    "32": [
        1.8423223484167526,
        -5.885218166611883
    ],
    "33": [
        0.6820026161769452,
        -4.500827850491786
    ],
    "34": [
        1.3973655644290126,
        -4.077124334215975
    ],
    "35": [
        0.907424517126177,
        -5.201812087663943
    ],
    "36": [
        1.6600400228067875,
        -4.816876092671765
    ],
    "37": [
        0.4516825618880189,
        -5.71592195492833
    ],
    "38": [
        -6.189802707904278,
        6.433609949048868
    ],
    "39": [
        8.537204676139762,
        7.660953953019165
    ],
    "40": [
        1.371831526018164,
        -6.61673004904762
    ],
    "41": [
        1.5803592585029231,
        -4.871927636544107
    ],
    "42": [
        0.3021078032073974,
        -5.033602121563959
    ],
    "43": [
        2.166551880330669,
        -5.251866697548703
    ],
    "44": [
        2.0420408474747833,
        -5.220166190975634
    ],
    "45": [
        1.453594514712922,
        -4.0544617231259625
    ],
    "46": [
        1.7734406909945997,
        -6.0287553603247535
    ],
    "47": [
        -6.142937311927577,
        6.432460913586771
    ],
    "48": [
        1.6375328485084548,
        -4.286392213992036
    ],
    "49": [
        5.88151506230116,
        7.57866561126062
    ],
    "50": [
        5.290461290842023,
        6.59870322647049
    ],
    "51": [
        6.415925113046052,
        6.15950977029658
    ],
    "52": [
        4.152239986568182,
        4.855999124933114
    ],
    "53": [
        4.154158713605058,
        5.12955522527304
    ],
    "54": [
        6.063305414141059,
        5.696295637435127
    ],
    "55": [
        5.2751274342578505,
        5.426972106464045
    ],
    "56": [
        4.671754516160208,
        4.783843787352037
    ],
    "57": [
        4.022839452832001,
        -1.8502266807949668
    ],
    "58": [
        5.595175476990592,
        6.968066259804416
    ],
    "59": [
        3.964587467189182,
        -2.112440003421986
    ],
    "60": [
        6.011592681324416,
        5.244381393720862
    ],
    "61": [
        3.1566273768545483,
        -4.903807373707586
    ],
    "62": [
        4.047913280578639,
        6.877407319789942
    ],
    "63": [
        3.869220406440822,
        -1.7101954134602488
    ],
    "64": [
        4.454119823377214,
        5.453887894081649
    ],
    "65": [
        4.920187556493179,
        4.889606437724357
    ],
    "66": [
        5.23571130555025,
        5.088544084387218
    ],
    "67": [
        5.177021401910492,
        6.949156885011538
    ],
    "68": [
        5.424125356004216,
        4.817114750136118
    ],
    "69": [
        6.6078542203767405,
        6.5292363369808095
    ],
    "70": [
        4.03231210673221,
        -2.1418524178384195
    ],
    "71": [
        5.80262270598484,
        7.317046933318086
    ],
    "72": [
        5.520622296033446,
        4.943334334731076
    ],
    "73": [
        5.515318190692184,
        4.839223840079822
    ],
    "74": [
        5.627946685636891,
        7.029067106513174
    ],
    "75": [
        3.135591063247059,
        -4.918669275673949
    ],
    "76": [
        6.668142263705084,
        6.313064573389497
    ],
    "77": [
        4.123098070863094,
        7.030988448328316
    ],
    "78": [
        4.730779518066187,
        4.769866144836743
    ],
    "79": [
        5.549215357798593,
        7.47401400060949
    ],
    "80": [
        4.22397396426077,
        7.192333865903645
    ],
    "81": [
        5.117146031344731,
        4.619579759067342
    ],
    "82": [
        3.754316213174667,
        7.873771753120781
    ],
    "83": [
        3.9032308447251887,
        7.649970111703065
    ],
    "84": [
        6.120980232976793,
        5.445106521946467
    ],
    "85": [
        4.096538917326491,
        4.8177193315153275
    ],
    "86": [
        4.593969194968853,
        7.219455049119122
    ],
    "87": [
        1.3672240889541671,
        -6.643807801070134
    ],
    "88": [
        5.348465614758656,
        7.407026304237643
    ],
    "89": [
        4.753366695186319,
        5.6899335386303225
    ],
    "90": [
        5.756894511891181,
        7.239093092546088
    ],
    "91": [
        5.3630862682465406,
        6.620005750822522
    ],
    "92": [
        3.842343376937102,
        -1.7839352656962717
    ],
    "93": [
        3.726761111575827,
        7.885073435901606
    ],
    "94": [
        4.055859995237775,
        -1.8405837268365346
    ],
    "95": [
        5.699344542333968,
        6.46925804246846
    ],
    "96": [
        5.827396099895816,
        6.139194104884372
    ],
    "97": [
        5.6660618457395024,
        6.213529449469958
    ],
    "98": [
        4.949261820038748,
        5.994914409321827
    ],
    "99": [
        8.217108025296566,
        -0.12023401237667497
    ],
    "100": [
        7.252086394301591,
        -0.2173424076070335
    ],
    "101": [
        7.304195440528117,
        0.6266779310258623
    ],
    "102": [
        6.8354035039525645,
        0.34614530988397985
    ],
    "103": [
        9.482339193503032,
        -0.3779047099435985
    ],
    "104": [
        10.521212513235268,
        -1.0661783955556619
    ],
    "105": [
        7.834097318045279,
        0.8248894075264057
    ],
    "106": [
        9.606920029956974,
        -0.7333117921044251
    ],
    "107": [
        8.376097805877523,
        -0.1730989688248522
    ],
    "108": [
        8.936192403123586,
        -1.3087529243752654
    ],