{
    "0": [
        -0.6003391453487996,
        -7.798867430273554
    ],
    "1": [
        -3.8366320703684886,
        -6.871745719414207
    ],
    "2": [
        -2.165533266812009,
        -10.019654765869682
    ],
    "3": [
        -0.43129669473968746,
        -10.451139413183387
    ],
    "4": [
        -1.0549351961740847,
        -7.490892909566297
    ],
    "5": [
        -1.11943441795807,
        -7.364043369142967
    ],
    "6": [
        -0.4546329135915812,
        -9.123228397369209
    ],
    "7": [
        -1.8180302427335646,
        -7.992988640458841
    ],
    "8": [
        -0.4111025916448421,
        -9.779107379208119
    ],
    "9": [
        -2.0093429996266945,
        -9.537167291362382
    ],
    "10": [
        -0.6201006697874454,
        -7.979758840769452
    ],
    "11": [
        -0.8158013409644924,
        -8.53164814710384
    ],
    "12": [
        -1.9569759215457294,
        -8.930670859843103
    ],
    "13": [
        -4.609156104081526,
        -3.699059433256634
    ],
    "14": [
        -3.769646535155541,
        -6.931438644429923
    ],
    "15": [
        -0.35495930570600254,
        -10.86228630834383
    ],
    "16": [
        -1.9818233434830304,
        -8.543753485485883
    ],
    "17": [
        -1.5726371516621445,
        -10.58555520471738
    ],
    "18": [
        -0.1934879106948555,
        -8.90698051399185
    ],
    "19": [
        -0.7531330572216648,
        -8.288030070462337
    ],
    "20": [
        -2.1932777927521396,
        -10.038631862711364
    ],
    "21": [
        -1.5934136806643053,
        -8.315968576800358
    ],
    "22": [
        -2.1188883261072933,
        -8.339255019798465
    ],
    "23": [
        -0.6383794125545965,
        -9.10930752003667
    ],
    "24": [
        -0.40035650752392904,
        -10.803096758710101
    ],
    "25": [
        -3.488315341826831,
        -8.677009971704326
    ],
    "26": [
        -1.0766761053039353,
        -10.411732547179403
    ],
    "27": [
        -0.22424133390727152,
        -10.993583926300222
    ],
    "28": [
        -1.4289463290403654,
        -9.658754418887485
    ],
    "29": [
        -1.463621223248602,
        -7.95629942210528
    ],
    "30": [
        -0.1971067635127115,
        -8.973772917804883
    ],
    "31": [
        -1.0880581518333121,
        -9.146973919754574
    ],
    "32": [
        -3.4675321427442727,
        -8.669184045738266
    ],
    "33": [
        -2.178544937092575,
        -10.03954635348501
    ],
    "34": [
        -1.7180136726124209,
        -8.265435382346942
    ],
    "35": [
        -0.08162061368347273,
        -9.710317543974657
    ],
    "36": [
        -1.5156882074321496,
        -7.91997932350729
    ],
    "37": [
        -1.8189009197625228,
        -9.563600120756526
    ],
    "38": [
        -0.34542700680787064,
        -8.36665438371326
    ],
    "39": [
        -0.1765627979753519,
        -9.710422836366181
    ],
    "40": [
        -1.314073827242202,
        -9.751244457783047
    ],
    "41": [
        -0.6370667240578061,
        -8.071352236548748
    ],
    "42": [
        -0.8316747634969985,
        -10.473425021934474
    ],
    "43": [
        -1.4141228162832293,
        -8.06475988870367
    ],
    "44": [
        -3.34486796674153,
        -8.927676884675758
    ],
    "45": [
        -0.14240332373470954,
        -8.542167713217324
    ],
    "46": [
        -0.6924935967650907,
        -9.114385225568032
    ],
    "47": [
        -0.7451995102120794,
        -7.7745206482863205
    ],
    "48": [
        -1.8094232200847884,
        -9.626252008304371
    ],
    "49": [
        -0.16660334893141981,
        -10.980246501525643
    ],
    "50": [
        -1.9902693394985693,
        -8.151898256413538
    ],
    "51": [
        -2.064917422304839,
        -8.531023765595368
    ],
    "52": [
        -1.1838999671119375,
        -10.45854170257302
    ],
    "53": [
        -3.383461283903342,
        -8.87766873737261
    ],
    "54": [
        -0.8317758937599842,
        -9.682614878586676
    ],
    "55": [
        -1.6227388090338537,
        -10.645199322434683
    ],
    "56": [
        -4.671532591163729,
        -3.639617547565418
    ],
    "57": [
        -6.329022934106678,
        1.1871630977718146
    ],
    "58": [
        -8.034908515154317,
        1.0449903040868365
    ],
    "59": [
        -7.270733131467436,
        0.7248812758746643
    ],
    "60": [
        -7.598870869955341,
        0.9664687480315659
    ],
    "61": [
        -8.138520842217758,
        1.7050370818080847
    ],
    "62": [
        -5.9907253538165595,
        0.5751091466669853
    ],
    "63": [
        -7.914185708337126,
        1.5359155438933958
    ],
    "64": [
        -7.380579659847623,
        1.3493697450761521
    ],
    "65": [
        -5.7476763293927835,
        0.6851981107952072
    ],
    "66": [
        -7.035454138346367,
        -0.839853388675756
    ],
    "67": [
        -7.322275517714894,
        0.8983894685540257
    ],
    "68": [
        -8.05942513844653,
        1.333142872916575
    ],
    "69": [
        -5.6017753963079615,
        -0.7320900917631974
    ],
    "70": [
        -6.55000733245044,
        -0.789677305320947
    ],
    "71": [
        -4.699190284121318,
        -3.5873691699066392
    ],
    "72": [
        -6.6957254177643994,
        -0.3388642346111127
    ],
    "73": [
        -6.017269977271569,
        -1.3285164652725696
    ],
    "74": [
        -7.383683579942764,
        0.22304821800104802
    ],
    "75": [
        -6.921286638565707,
        -0.32692736646416265
    ],
    "76": [
        -7.365585650122657,
        0.3933764860763833
    ],
    "77": [
        -5.988347877580076,
        -1.31154543764563
    ],
    "78": [
        -7.073349310549731,
        1.2981534883888957
    ],
    "79": [
        -8.325014628624686,
        1.5641265903050252
    ],
    "80": [
        -5.680313625324831,
        0.9064590038444116
    ],
    "81": [
        -6.35270540932908,
        -0.837522392078244
    ],
    "82": [
        -7.730286954874201,
        2.113676256506719
    ],
    "83": [
        -7.711399185098733,
        2.0431104319749394
    ],
    "84": [
        -7.641114355618276,
        1.1465059070251957
    ],
    "85": [
        -6.095879177176919,
        -0.39357100900906306
    ],
    "86": [
        -6.529213868556162,
        -0.4522001880097656
    ],
    "87": [
        -5.999267804006111,
        0.599068804628204
    ],
    "88": [
        -6.138551820786359,
        1.0230963242151727
    ],
    "89": [
        -5.94755383776432,
        -1.4046079965611817
    ],
    "90": [
        -5.174598833401374,
        -0.7148002113472995
    ],
    "91": [
        -8.698061365278202,
        1.4024911331883607
    ],
    "92": [
        -6.492974855701263,
        -0.11206637076077153
    ],
    "93": [
        -6.308601446631616,
        0.5190447486110528
    ],
    "94": [
        -7.163852200757221,
        -0.2733034706798174
    ],
    "95": [
        -7.531555086558219,
        1.7782779376590838
    ],
    "96": [
        -7.113733227795999,
        1.2668841497753904
    ],
    "97": [
        -6.00170376530668,
        -0.9437165249183395
    ],
    "98": [
        -5.10956933191799,
        -0.7024591323696324
    ],
    "99": [
        -8.636171232802548,
        1.449492490456337
    ],
    "100": [
        -6.575944557982098,
        1.334584442163698
    ],
    "101": [
        -5.784087635849452,
        -0.6792808399506534
    ],
    "102": [
        -6.276918296936507,
        -0.6457166628184237
    ],
    "103": [
        -6.395967265170394,
        0.21120139959191597
    ],
    "104": [
        -6.35300578192497,
        0.6697999903441227
    ],
    "105": [
        -6.875640538006945,
        -0.21493071736675307
    ],
    "106": [
        -6.798663655290639,
        -0.7484633880235705
    ],