{
    "0": [
        -8.945006524445475,
        5.689845313010398
    ],
    "1": [
        -7.433070984535448,
        5.835054408624208
    ],
    "2": [
        -6.884783209499964,
        5.951215719166443
    ],
    "3": [
        -7.408005748427282,
        6.156227279869004
    ],
    "4": [
        -7.00009601074325,
        4.957489827610397
    ],
    "5": [
        -8.537157902227566,
        5.061244529901131
    ],
    "6": [
        -8.126893688961179,
        5.176967927095449
    ],
    "7": [
        -6.393900143609187,
        5.955833775357702
    ],
    "8": [
        -5.909216171802376,
        5.389307294434711
    ],
    "9": [
        -7.879872026562844,
        7.157794586355319
    ],
    "10": [
        -7.655509515760581,
        5.751078644602805
    ],
    "11": [
        -7.478972055757069,
        6.9792290752239055
    ],
    "12": [
        -7.219033262933371,
        6.758111681240928
    ],
    "13": [
        -5.994830714061784,
        5.593594317265408
    ],
    "14": [
        -6.927922465577296,
        5.097067436992653
    ],
    "15": [
        -9.089991548185779,
        5.1219147699061836
    ],
    "16": [
        -7.383915908752632,
        5.7274853105734636
    ],
    "17": [
        -7.501433932168182,
        6.792212986364241
    ],
    "18": [
        -7.7707462403620235,
        5.7757407385332105
    ],
    "19": [
        -8.902215664732868,
        5.288327181677204
    ],
    "20": [
        -8.079361361381642,
        5.458033022762281
    ],
    "21": [
        -6.676680745067421,
        5.49033419603035
    ],
    "22": [
        -9.007167232859556,
        5.130184710475094
    ],
    "23": [
        -8.17481211700049,
        7.145963122923778
    ],
    "24": [
        -8.018211591709637,
        5.674878660922964
    ],
    "25": [
        -7.749791311140463,
        6.669535866777849
    ],
    "26": [
        -8.057273874055948,
        7.035888887810733
    ],
    "27": [
        -9.113361301018768,
        5.101549199122784
    ],
    "28": [
        -7.484874701075427,
        5.036614643200888
    ],
    "29": [
        -8.196876055759656,
        6.593527616474608
    ],
    "30": [
        -8.056103555693817,
        6.675711490909693
    ],
    "31": [
        -6.477228287899419,
        5.694859045362399
    ],
    "32": [
        -6.955917202327408,
        6.410866265992858
    ],
    "33": [
        -7.5494791182427194,
        6.9236883014248995
    ],
    "34": [
        -8.354853152674668,
        5.035576634268558
    ],
    "35": [
        -7.761508159889445,
        6.6880676148104445
    ],
    "36": [
        -7.521005924824949,
        5.070202568108178
    ],
    "37": [
        -6.939108910566981,
        6.113037656547929
    ],
    "38": [
        -5.940010786914226,
        5.43303688766679
    ],
    "39": [
        -7.974331860744445,
        4.980337204106837
    ],
    "40": [
        -8.330649712664744,
        6.511570499779056
    ],
    "41": [
        -8.073916091533897,
        7.2232427149948215
    ],
    "42": [
        -3.150964532716494,
        -0.6842923703912174
    ],
    "43": [
        -3.033595426578057,
        -1.7049685244989314
    ],
    "44": [
        -4.7630458399633,
        0.013867261903525607
    ],
    "45": [
        -2.4796527280677525,
        -1.1169509917569447
    ],
    "46": [
        -4.140474802003919,
        -0.9388458402840936
    ],
    "47": [
        -4.879766149269045,
        -0.7720933821813856
    ],
    "48": [
        -2.773370717755503,
        -1.756254142092938
    ],
    "49": [
        -2.865001759575451,
        -1.833077972398442
    ],
    "50": [
        -2.9730700092169253,
        -0.9233827174839506
    ],
    "51": [
        -4.569307614404826,
        -0.6259684386215616
    ],
    "52": [
        -2.854187298010657,
        -1.4647017642626534
    ],
    "53": [
        -3.8515748238801812,
        -1.835993022433593
    ],
    "54": [
        -3.182280427242819,
        -1.389501774279121
    ],
    "55": [
        -4.817809395906766,
        -1.7305230813136792
    ],
    "56": [
        -4.50510854083569,
        -1.380443760565254
    ],
    "57": [
        -2.0044856785473395,
        -1.2897888714196557
    ],
    "58": [
        -3.6639223761306243,
        -1.1556842290836098
    ],
    "59": [
        -5.43759345807457,
        -0.8547246431592801
    ],
    "60": [
        -3.8241486661823285,
        -0.3769644425134677
    ],
    "61": [
        -3.3256542223647245,
        -0.841861957219193
    ],
    "62": [
        -4.907805729007533,
        -1.701333693497836
    ],
    "63": [
        -5.361487287201895,
        -1.1822399433760715
    ],
    "64": [
        -3.59274060685446,
        -1.098346280493784
    ],
    "65": [
        -4.104664233365107,
        -0.5487579611361548
    ],
    "66": [
        -3.4175101680061193,
        -0.9413159278110959
    ],
    "67": [
        -4.000781549959381,
        -2.100568232513227
    ],
    "68": [
        -3.7139579046499755,
        -0.6584314736905248
    ],
    "69": [
        -4.593045821849408,
        -1.2753938917301166
    ],
    "70": [
        -4.871921232378887,
        -0.11838597476150992
    ],
    "71": [
        -3.1580246968101715,
        -0.5490761900151377
    ],
    "72": [
        -5.013942057763904,
        -1.480322669308808
    ],
    "73": [
        -3.9045948194950073,
        -2.3870460640650877
    ],
    "74": [
        -5.201907727993171,
        -1.3175625568200973
    ],
    "75": [
        -4.175572723153212,
        -0.4806713102188718
    ],
    "76": [
        -4.233553549519311,
        -1.4717465621128714
    ],
    "77": [
        -4.516326809019386,
        0.04427955858033128
    ],
    "78": [
        -4.438881697624047,
        -1.3148331806722338
    ],
    "79": [
        -5.26573684686277,
        -1.357474349161595
    ],
    "80": [
        -4.480512205017349,
        0.03348451770864447
    ],
    "81": [
        -4.610260065100893,
        -1.062705413421063
    ],
    "82": [
        -4.811897099934961,
        -1.351636208592811
    ],
    "83": [
        -4.822878379099165,
        -0.6966483233104133
    ],
    "84": [
        -4.3244482593667986,
        -1.4703410222900013
    ],
    "85": [
        -5.226282938869943,
        -0.8950902519136097
    ],
    "86": [
        -1.9983226503864142,
        -1.3257585633938138
    ],
    "87": [
        -4.119138413011406,
        -0.8644395274944516
    ],
    "88": [
        3.637838415710385,
        4.810862488210255
    ],
    "89": [
        0.9562217323330251,
        4.801650032573224
    ],
    "90": [
        2.417110412796716,
        5.451919588249858
    ],
    "91": [
        3.577767015131841,
        4.764834303746259
    ],
    "92": [
        1.6719698802537788,
        4.14548954949497
    ],
    "93": [
        1.85529630804279,
        5.310508101064764
    ],
    "94": [
        1.9327932205176572,
        4.995239400772661
    ],
    "95": [
        1.2813306375893458,
        4.626066090922736
    ],
    "96": [
        1.7814073866106028,
        4.7487051189244625
    ],
    "97": [
        1.0838725630348491,
        4.835554074446803
    ],
    "98": [
        0.7427979466401073,
        5.183130861964333
    ],
    "99": [
        1.6431269031134461,
        4.6733625752489
    ],
    "100": [
        2.8092682612601196,
        5.735080990339712
    ],
    "101": [
        1.60648796937948,
        5.708669467104647
    ],
    "102": [
        2.587044199617851,
        5.225698460024983
    ],
    "103": [
        3.0833134077695656,
        4.128007330442143
    ],
    "104": [
        2.0401431825171246,
        4.155912906729105
    ],
    "105": [
        2.754859107847114,
        5.739736481448189
    ],
    "106": [
        3.3371943855124546,
        4.67463719548103
    ],
    "107": [
        2.3316901091099522,
        5.072692350999926
    ],