{
    "0": [
        1.0,
        0.0
    ],
    "1": [
        0.997269173385788,
        0.07385252747487396
    ],
    "2": [
        0.989091608371146,
        0.1473016980546375
    ],
    "3": [
        0.9755119679804366,
        0.2199463578396686
    ],
    "4": [
        0.9566044195004408,
        0.2913897468893246
    ],
    "5": [
        0.9324722294043558,
        0.3612416661871529
    ],
    "6": [
        0.9032471993461288,
        0.42912060877260894
    ],
    "7": [
        0.8690889463055284,
        0.4946558433997788
    ],
    "8": [
        0.8301840308155507,
        0.5574894393428855
    ],
    "9": [
        0.7867449380334832,
        0.6172782212897929
    ],
    "10": [
        0.7390089172206591,
        0.6736956436465572
    ],
    "11": [
        0.6872366859692627,
        0.7264335740162241
    ],
    "12": [
        0.631711006253251,
        0.7752039761111298
    ],
    "13": [
        0.5727351400805053,
        0.819740482907221
    ],
    "14": [
        0.510631193180907,
        0.8597998514483723
    ],
    "15": [
        0.4457383557765383,
        0.8951632913550623
    ],
    "16": [
        0.37841105004231035,
        0.9256376597815562
    ],
    "17": [
        0.30901699437494745,
        0.9510565162951535
    ],
    "18": [
        0.2379351950426188,
        0.9712810319161138
    ],
    "19": [
        0.16555387618413,
        0.9862007473534026
    ],
    "20": [
        0.09226835946330202,
        0.9957341762950345
    ],
    "21": [
        0.018478904959129915,
        0.9998292504580527
    ],
    "22": [
        -0.055411474915969955,
        0.9984636039674339
    ],
    "23": [
        -0.1289992165302033,
        0.9916446955107427
    ],
    "24": [
        -0.20188240915701006,
        0.9794097676013659
    ],
    "25": [
        -0.27366299007208267,
        0.9618256431728192
    ],
    "26": [
        -0.34394891863392796,
        0.9389883606150566
    ],
    "27": [
        -0.41235631747390333,
        0.9110226492460884
    ],
    "28": [
        -0.4785115691012864,
        0.878081248083698
    ],
    "29": [
        -0.5420533564724495,
        0.8403440716378927
    ],
    "30": [
        -0.6026346363792563,
        0.7980172272802396
    ],
    "31": [
        -0.6599245348787227,
        0.7513318895568732
    ],
    "32": [
        -0.7136101544117522,
        0.7005430375932911
    ],
    "33": [
        -0.7633982827411028,
        0.6459280624867876
    ],
    "34": [
        -0.8090169943749473,
        0.5877852522924732
    ],
    "35": [
        -0.850217135729614,
        0.5264321628773561
    ],
    "36": [
        -0.8867736859200619,
        0.4622038835403133
    ],
    "37": [
        -0.9184869857459229,
        0.3954512068705428
    ],
    "38": [
        -0.9451838281608195,
        0.32653871284008334
    ],
    "39": [
        -0.9667184042691874,
        0.25584277759443586
    ],
    "40": [
        -0.9829730996839018,
        0.18374951781657037
    ],
    "41": [
        -0.9938591368952736,
        0.1106526818915011
    ],
    "42": [
        -0.9993170601430229,
        0.03695149938914491
    ],
    "43": [
        -0.9993170601430229,
        -0.03695149938914467
    ],
    "44": [
        -0.9938591368952736,
        -0.11065268189150086
    ],
    "45": [
        -0.9829730996839018,
        -0.18374951781657012
    ],
    "46": [
        -0.9667184042691874,
        -0.25584277759443563
    ],
    "47": [
        -0.9451838281608196,
        -0.3265387128400831
    ],
    "48": [
        -0.9184869857459231,
        -0.3954512068705422
    ],
    "49": [
        -0.886773685920062,
        -0.46220388354031305
    ],
    "50": [
        -0.8502171357296143,
        -0.5264321628773555
    ],
    "51": [
        -0.8090169943749476,
        -0.587785252292473
    ],
    "52": [
        -0.7633982827411032,
        -0.645928062486787
    ],
    "53": [
        -0.7136101544117524,
        -0.7005430375932908
    ],
    "54": [
        -0.6599245348787228,
        -0.751331889556873
    ],
    "55": [
        -0.6026346363792565,
        -0.7980172272802395
    ],
    "56": [
        -0.5420533564724496,
        -0.8403440716378925
    ],
    "57": [
        -0.478511569101287,
        -0.8780812480836977
    ],
    "58": [
        -0.4123563174739034,
        -0.9110226492460884
    ],
    "59": [
        -0.3439489186339282,
        -0.9389883606150565
    ],
    "60": [
        -0.2736629900720831,
        -0.961825643172819
    ],
    "61": [
        -0.20188240915701075,
        -0.9794097676013658
    ],
    "62": [
        -0.1289992165302031,
        -0.9916446955107427
    ],
    "63": [
        -0.055411474915969976,
        -0.9984636039674339
    ],
    "64": [
        0.01847890495912967,
        -0.9998292504580527
    ],
    "65": [
        0.09226835946330154,
        -0.9957341762950346
    ],
    "66": [
        0.1655538761841293,
        -0.9862007473534027
    ],
    "67": [
        0.2379351950426188,
        -0.9712810319161138
    ],
    "68": [
        0.30901699437494723,
        -0.9510565162951536
    ],
    "69": [
        0.3784110500423099,
        -0.9256376597815564
    ],
    "70": [
        0.4457383557765377,
        -0.8951632913550626
    ],
    "71": [
        0.510631193180907,
        -0.8597998514483723
    ],
    "72": [
        0.5727351400805051,
        -0.8197404829072212
    ],
    "73": [
        0.6317110062532507,
        -0.77520397611113
    ],
    "74": [
        0.6872366859692624,
        -0.7264335740162245
    ],
    "75": [
        0.7390089172206592,
        -0.6736956436465571
    ],
    "76": [
        0.7867449380334832,
        -0.617278221289793
    ],
    "77": [
        0.8301840308155505,
        -0.5574894393428859
    ],
    "78": [
        0.869088946305528,
        -0.4946558433997793
    ],
    "79": [
        0.903247199346129,
        -0.4291206087726088
    ],
    "80": [
        0.9324722294043558,
        -0.36124166618715303
    ],
    "81": [
        0.9566044195004407,
        -0.2913897468893249
    ],
    "82": [
        0.9755119679804365,
        -0.21994635783966912
    ],
    "83": [
        0.9890916083711458,
        -0.14730169805463822
    ],
    "84": [
        0.997269173385788,
        -0.07385252747487399
    ]
}