{
    "0": [
        1.0,
        0.0
    ],
    "1": [
        0.99675730813421,
        0.08046656871672588
    ],
    "2": [
        0.9870502626379128,
        0.16041128085776024
    ],
    "3": [
        0.970941817426052,
        0.23931566428755774
    ],
    "4": [
        0.9485364419471455,
        0.3166679938014725
    ],
    "5": [
        0.9199794436588242,
        0.39196660986007503
    ],
    "6": [
        0.8854560256532099,
        0.4647231720437685
    ],
    "7": [
        0.8451900855437947,
        0.534465826127801
    ],
    "8": [
        0.7994427634035012,
        0.6007422642379788
    ],
    "9": [
        0.7485107481711012,
        0.6631226582407951
    ],
    "10": [
        0.6927243535095995,
        0.7212024473438144
    ],
    "11": [
        0.6324453755953773,
        0.7746049618276546
    ],
    "12": [
        0.5680647467311559,
        0.8229838658936564
    ],
    "13": [
        0.5000000000000001,
        0.8660254037844386
    ],
    "14": [
        0.42869256140305423,
        0.9034504346103822
    ],
    "15": [
        0.3546048870425358,
        0.9350162426854147
    ],
    "16": [
        0.27821746391645275,
        0.9605181116313722
    ],
    "17": [
        0.20002569377604446,
        0.9797906520422677
    ],
    "18": [
        0.12053668025532323,
        0.992708874098054
    ],
    "19": [
        0.04026594010941524,
        0.9991889981715696
    ],
    "20": [
        -0.0402659401094149,
        0.9991889981715697
    ],
    "21": [
        -0.12053668025532288,
        0.992708874098054
    ],
    "22": [
        -0.20002569377604434,
        0.9797906520422677
    ],
    "23": [
        -0.2782174639164524,
        0.9605181116313724
    ],
    "24": [
        -0.35460488704253545,
        0.9350162426854148
    ],
    "25": [
        -0.4286925614030539,
        0.9034504346103824
    ],
    "26": [
        -0.4999999999999998,
        0.8660254037844387
    ],
    "27": [
        -0.5680647467311557,
        0.8229838658936565
    ],
    "28": [
        -0.6324453755953772,
        0.7746049618276546
    ],
    "29": [
        -0.6927243535095994,
        0.7212024473438146
    ],
    "30": [
        -0.7485107481711009,
        0.6631226582407955
    ],
    "31": [
        -0.799442763403501,
        0.6007422642379792
    ],
    "32": [
        -0.8451900855437946,
        0.5344658261278012
    ],
    "33": [
        -0.8854560256532098,
        0.4647231720437687
    ],
    "34": [
        -0.9199794436588242,
        0.39196660986007514
    ],
    "35": [
        -0.9485364419471454,
        0.3166679938014729
    ],
    "36": [
        -0.9709418174260519,
        0.2393156642875581
    ],
    "37": [
        -0.9870502626379128,
        0.16041128085776052
    ],
    "38": [
        -0.9967573081342099,
        0.08046656871672608
    ],
    "39": [
        -1.0,
        1.2246467991473532e-16
    ],
    "40": [
        -0.99675730813421,
        -0.08046656871672539
    ],
    "41": [
        -0.987050262637913,
        -0.16041128085775982
    ],
    "42": [
        -0.9709418174260521,
        -0.23931566428755743
    ],
    "43": [
        -0.9485364419471456,
        -0.31666799380147226
    ],
    "44": [
        -0.9199794436588242,
        -0.3919666098600749
    ],
    "45": [
        -0.8854560256532099,
        -0.46472317204376845
    ],
    "46": [
        -0.845190085543795,
        -0.5344658261278007
    ],
    "47": [
        -0.7994427634035014,
        -0.6007422642379786
    ],
    "48": [
        -0.7485107481711013,
        -0.663122658240795
    ],
    "49": [
        -0.6927243535095996,
        -0.7212024473438143
    ],
    "50": [
        -0.6324453755953777,
        -0.7746049618276541
    ],
    "51": [
        -0.5680647467311559,
        -0.8229838658936564
    ],
    "52": [
        -0.5000000000000004,
        -0.8660254037844384
    ],
    "53": [
        -0.4286925614030541,
        -0.9034504346103823
    ],
    "54": [
        -0.3546048870425359,
        -0.9350162426854147
    ],
    "55": [
        -0.2782174639164533,
        -0.9605181116313721
    ],
    "56": [
        -0.20002569377604457,
        -0.9797906520422677
    ],
    "57": [
        -0.12053668025532357,
        -0.992708874098054
    ],
    "58": [
        -0.040265940109415144,
        -0.9991889981715696
    ],
    "59": [
        0.040265940109414776,
        -0.9991889981715697
    ],
    "60": [
        0.12053668025532233,
        -0.9927088740980541
    ],
    "61": [
        0.2000256937760442,
        -0.9797906520422678
    ],
    "62": [
        0.2782174639164521,
        -0.9605181116313725
    ],
    "63": [
        0.35460488704253557,
        -0.9350162426854148
    ],
    "64": [
        0.4286925614030538,
        -0.9034504346103824
    ],
    "65": [
        0.49999999999999933,
        -0.866025403784439
    ],
    "66": [
        0.5680647467311556,
        -0.8229838658936566
    ],
    "67": [
        0.6324453755953767,
        -0.774604961827655
    ],
    "68": [
        0.6927243535095993,
        -0.7212024473438147
    ],
    "69": [
        0.7485107481711007,
        -0.6631226582407955
    ],
    "70": [
        0.7994427634035006,
        -0.6007422642379796
    ],
    "71": [
        0.8451900855437946,
        -0.5344658261278014
    ],
    "72": [
        0.8854560256532096,
        -0.4647231720437692
    ],
    "73": [
        0.9199794436588241,
        -0.39196660986007525
    ],
    "74": [
        0.9485364419471454,
        -0.31666799380147304
    ],
    "75": [
        0.9709418174260518,
        -0.23931566428755865
    ],
    "76": [
        0.9870502626379128,
        -0.16041128085776063
    ],
    "77": [
        0.9967573081342099,
        -0.08046656871672664
    ]
}