{
    "0": [
        1.0,
        0.0
    ],
    "1": [
        0.9981755542233175,
        0.06037849742228605
    ],
    "2": [
        0.992708874098054,
        0.12053668025532305
    ],
    "3": [
        0.9836199069471436,
        0.18025503781390573
    ],
    "4": [
        0.970941817426052,
        0.23931566428755774
    ],
    "5": [
        0.9547208665085456,
        0.2975030538552029
    ],
    "6": [
        0.9350162426854148,
        0.35460488704253557
    ],
    "7": [
        0.9118998459920901,
        0.41041280545275677
    ],
    "8": [
        0.8854560256532099,
        0.4647231720437685
    ],
    "9": [
        0.8557812723014475,
        0.5173378141776568
    ],
    "10": [
        0.8229838658936565,
        0.5680647467311557
    ],
    "11": [
        0.7871834806090502,
        0.6167188726285431
    ],
    "12": [
        0.7485107481711012,
        0.6631226582407951
    ],
    "13": [
        0.7071067811865476,
        0.7071067811865475
    ],
    "14": [
        0.6631226582407953,
        0.7485107481711011
    ],
    "15": [
        0.6167188726285431,
        0.7871834806090502
    ],
    "16": [
        0.5680647467311559,
        0.8229838658936564
    ],
    "17": [
        0.5173378141776568,
        0.8557812723014475
    ],
    "18": [
        0.4647231720437686,
        0.8854560256532099
    ],
    "19": [
        0.41041280545275693,
        0.9118998459920901
    ],
    "20": [
        0.3546048870425358,
        0.9350162426854147
    ],
    "21": [
        0.297503053855203,
        0.9547208665085456
    ],
    "22": [
        0.23931566428755782,
        0.970941817426052
    ],
    "23": [
        0.18025503781390587,
        0.9836199069471435
    ],
    "24": [
        0.12053668025532323,
        0.992708874098054
    ],
    "25": [
        0.060378497422286286,
        0.9981755542233175
    ],
    "26": [
        6.123233995736766e-17,
        1.0
    ],
    "27": [
        -0.06037849742228594,
        0.9981755542233175
    ],
    "28": [
        -0.12053668025532288,
        0.992708874098054
    ],
    "29": [
        -0.18025503781390553,
        0.9836199069471436
    ],
    "30": [
        -0.2393156642875577,
        0.970941817426052
    ],
    "31": [
        -0.29750305385520287,
        0.9547208665085457
    ],
    "32": [
        -0.35460488704253545,
        0.9350162426854148
    ],
    "33": [
        -0.4104128054527566,
        0.9118998459920902
    ],
    "34": [
        -0.4647231720437685,
        0.8854560256532099
    ],
    "35": [
        -0.5173378141776565,
        0.8557812723014477
    ],
    "36": [
        -0.5680647467311557,
        0.8229838658936565
    ],
    "37": [
        -0.6167188726285431,
        0.7871834806090502
    ],
    "38": [
        -0.663122658240795,
        0.7485107481711013
    ],
    "39": [
        -0.7071067811865475,
        0.7071067811865476
    ],
    "40": [
        -0.7485107481711009,
        0.6631226582407955
    ],
    "41": [
        -0.7871834806090501,
        0.6167188726285432
    ],
    "42": [
        -0.8229838658936564,
        0.5680647467311558
    ],
    "43": [
        -0.8557812723014474,
        0.517337814177657
    ],
    "44": [
        -0.8854560256532098,
        0.4647231720437687
    ],
    "45": [
        -0.91189984599209,
        0.41041280545275716
    ],
    "46": [
        -0.9350162426854147,
        0.35460488704253584
    ],
    "47": [
        -0.9547208665085456,
        0.29750305385520304
    ],
    "48": [
        -0.9709418174260519,
        0.2393156642875581
    ],
    "49": [
        -0.9836199069471435,
        0.18025503781390592
    ],
    "50": [
        -0.992708874098054,
        0.1205366802553235
    ],
    "51": [
        -0.9981755542233175,
        0.06037849742228634
    ],
    "52": [
        -1.0,
        1.2246467991473532e-16
    ],
    "53": [
        -0.9981755542233175,
        -0.060378497422285654
    ],
    "54": [
        -0.992708874098054,
        -0.12053668025532283
    ],
    "55": [
        -0.9836199069471436,
        -0.18025503781390567
    ],
    "56": [
        -0.9709418174260521,
        -0.23931566428755743
    ],
    "57": [
        -0.9547208665085457,
        -0.2975030538552028
    ],
    "58": [
        -0.9350162426854149,
        -0.35460488704253523
    ],
    "59": [
        -0.9118998459920902,
        -0.41041280545275655
    ],
    "60": [
        -0.8854560256532099,
        -0.46472317204376845
    ],
    "61": [
        -0.8557812723014477,
        -0.5173378141776565
    ],
    "62": [
        -0.8229838658936565,
        -0.5680647467311556
    ],
    "63": [
        -0.7871834806090505,
        -0.6167188726285426
    ],
    "64": [
        -0.7485107481711013,
        -0.663122658240795
    ],
    "65": [
        -0.7071067811865477,
        -0.7071067811865475
    ],
    "66": [
        -0.6631226582407955,
        -0.7485107481711009
    ],
    "67": [
        -0.6167188726285436,
        -0.7871834806090497
    ],
    "68": [
        -0.5680647467311559,
        -0.8229838658936564
    ],
    "69": [
        -0.5173378141776571,
        -0.8557812723014473
    ],
    "70": [
        -0.4647231720437691,
        -0.8854560256532096
    ],
    "71": [
        -0.4104128054527568,
        -0.9118998459920901
    ],
    "72": [
        -0.3546048870425359,
        -0.9350162426854147
    ],
    "73": [
        -0.29750305385520354,
        -0.9547208665085455
    ],
    "74": [
        -0.23931566428755774,
        -0.970941817426052
    ],
    "75": [
        -0.18025503781390598,
        -0.9836199069471435
    ],
    "76": [
        -0.12053668025532357,
        -0.992708874098054
    ],
    "77": [
        -0.06037849742228685,
        -0.9981755542233174
    ],
    "78": [
        -1.8369701987210297e-16,
        -1.0
    ],
    "79": [
        0.06037849742228559,
        -0.9981755542233175
    ],
    "80": [
        0.12053668025532233,
        -0.9927088740980541
    ],
    "81": [
        0.18025503781390562,
        -0.9836199069471436
    ],
    "82": [
        0.23931566428755738,
        -0.9709418174260521
    ],
    "83": [
        0.2975030538552023,
        -0.9547208665085458
    ],
    "84": [
        0.35460488704253557,
        -0.9350162426854148
    ],
    "85": [
        0.4104128054527565,
        -0.9118998459920902
    ],
    "86": [
        0.464723172043768,
        -0.8854560256532101
    ],
    "87": [
        0.5173378141776568,
        -0.8557812723014475
    ],
    "88": [
        0.5680647467311556,
        -0.8229838658936566
    ],
    "89": [
        0.6167188726285426,
        -0.7871834806090505
    ],
    "90": [
        0.6631226582407946,
        -0.7485107481711016
    ],
    "91": [
        0.7071067811865474,
        -0.7071067811865477
    ],
    "92": [
        0.7485107481711007,
        -0.6631226582407955
    ],
    "93": [
        0.7871834806090497,
        -0.6167188726285436
    ],
    "94": [
        0.8229838658936564,
        -0.5680647467311559
    ],
    "95": [
        0.8557812723014473,
        -0.5173378141776571
    ],
    "96": [
        0.8854560256532096,
        -0.4647231720437692
    ],
    "97": [
        0.9118998459920901,
        -0.4104128054527569
    ],
    "98": [
        0.9350162426854147,
        -0.35460488704253595
    ],
    "99": [
        0.9547208665085455,
        -0.2975030538552036
    ],
    "100": [
        0.9709418174260518,
        -0.23931566428755865
    ],
    "101": [
        0.9836199069471435,
        -0.18025503781390603
    ],
    "102": [
        0.992708874098054,
        -0.12053668025532363
    ],
    "103": [
        0.9981755542233174,
        -0.06037849742228691
    ]
}