{
    "0": [
        1.0,
        0.0
    ],
    "1": [
        0.9976687691905392,
        0.06824241336467098
    ],
    "2": [
        0.9906859460363308,
        0.1361666490962466
    ],
    "3": [
        0.9790840876823229,
        0.20345601305263378
    ],
    "4": [
        0.9629172873477992,
        0.2697967711570243
    ],
    "5": [
        0.9422609221188205,
        0.3348796121709861
    ],
    "6": [
        0.917211301505453,
        0.39840108984624145
    ],
    "7": [
        0.8878852184023752,
        0.46006503773115215
    ],
    "8": [
        0.8544194045464886,
        0.5195839500354336
    ],
    "9": [
        0.8169698930104421,
        0.5766803221148671
    ],
    "10": [
        0.7757112907044199,
        0.6310879443260528
    ],
    "11": [
        0.7308359642781241,
        0.6825531432186541
    ],
    "12": [
        0.6825531432186541,
        0.730835964278124
    ],
    "13": [
        0.6310879443260529,
        0.7757112907044198
    ],
    "14": [
        0.5766803221148672,
        0.816969893010442
    ],
    "15": [
        0.5195839500354336,
        0.8544194045464886
    ],
    "16": [
        0.4600650377311522,
        0.8878852184023752
    ],
    "17": [
        0.39840108984624156,
        0.9172113015054529
    ],
    "18": [
        0.3348796121709863,
        0.9422609221188204
    ],
    "19": [
        0.26979677115702444,
        0.9629172873477992
    ],
    "20": [
        0.20345601305263397,
        0.9790840876823228
    ],
    "21": [
        0.1361666490962466,
        0.9906859460363308
    ],
    "22": [
        0.068242413364671,
        0.9976687691905392
    ],
    "23": [
        6.123233995736766e-17,
        1.0
    ],
    "24": [
        -0.06824241336467088,
        0.9976687691905392
    ],
    "25": [
        -0.13616664909624646,
        0.9906859460363308
    ],
    "26": [
        -0.20345601305263364,
        0.9790840876823229
    ],
    "27": [
        -0.2697967711570241,
        0.9629172873477994
    ],
    "28": [
        -0.33487961217098616,
        0.9422609221188205
    ],
    "29": [
        -0.39840108984624145,
        0.917211301505453
    ],
    "30": [
        -0.4600650377311521,
        0.8878852184023752
    ],
    "31": [
        -0.5195839500354333,
        0.8544194045464887
    ],
    "32": [
        -0.5766803221148671,
        0.8169698930104421
    ],
    "33": [
        -0.6310879443260529,
        0.7757112907044198
    ],
    "34": [
        -0.6825531432186539,
        0.7308359642781243
    ],
    "35": [
        -0.7308359642781241,
        0.6825531432186541
    ],
    "36": [
        -0.7757112907044197,
        0.631087944326053
    ],
    "37": [
        -0.816969893010442,
        0.5766803221148672
    ],
    "38": [
        -0.8544194045464883,
        0.5195839500354339
    ],
    "39": [
        -0.8878852184023752,
        0.46006503773115226
    ],
    "40": [
        -0.9172113015054528,
        0.3984010898462418
    ],
    "41": [
        -0.9422609221188204,
        0.33487961217098633
    ],
    "42": [
        -0.9629172873477992,
        0.2697967711570243
    ],
    "43": [
        -0.9790840876823228,
        0.20345601305263403
    ],
    "44": [
        -0.9906859460363308,
        0.13616664909624665
    ],
    "45": [
        -0.9976687691905392,
        0.0682424133646713
    ],
    "46": [
        -1.0,
        1.2246467991473532e-16
    ],
    "47": [
        -0.9976687691905393,
        -0.0682424133646706
    ],
    "48": [
        -0.9906859460363308,
        -0.1361666490962464
    ],
    "49": [
        -0.9790840876823229,
        -0.2034560130526338
    ],
    "50": [
        -0.9629172873477994,
        -0.26979677115702405
    ],
    "51": [
        -0.9422609221188205,
        -0.3348796121709861
    ],
    "52": [
        -0.9172113015054532,
        -0.3984010898462412
    ],
    "53": [
        -0.8878852184023753,
        -0.46006503773115204
    ],
    "54": [
        -0.8544194045464888,
        -0.5195839500354332
    ],
    "55": [
        -0.8169698930104421,
        -0.576680322114867
    ],
    "56": [
        -0.7757112907044198,
        -0.6310879443260528
    ],
    "57": [
        -0.7308359642781243,
        -0.6825531432186539
    ],
    "58": [
        -0.6825531432186541,
        -0.730835964278124
    ],
    "59": [
        -0.6310879443260531,
        -0.7757112907044196
    ],
    "60": [
        -0.5766803221148672,
        -0.816969893010442
    ],
    "61": [
        -0.5195839500354336,
        -0.8544194045464886
    ],
    "62": [
        -0.4600650377311527,
        -0.887885218402375
    ],
    "63": [
        -0.39840108984624184,
        -0.9172113015054528
    ],
    "64": [
        -0.3348796121709864,
        -0.9422609221188204
    ],
    "65": [
        -0.26979677115702433,
        -0.9629172873477992
    ],
    "66": [
        -0.20345601305263367,
        -0.9790840876823229
    ],
    "67": [
        -0.13616664909624715,
        -0.9906859460363306
    ],
    "68": [
        -0.06824241336467135,
        -0.9976687691905392
    ],
    "69": [
        -1.8369701987210297e-16,
        -1.0
    ],
    "70": [
        0.06824241336467098,
        -0.9976687691905392
    ],
    "71": [
        0.1361666490962459,
        -0.9906859460363309
    ],
    "72": [
        0.2034560130526333,
        -0.979084087682323
    ],
    "73": [
        0.269796771157024,
        -0.9629172873477994
    ],
    "74": [
        0.33487961217098605,
        -0.9422609221188205
    ],
    "75": [
        0.3984010898462415,
        -0.9172113015054529
    ],
    "76": [
        0.4600650377311516,
        -0.8878852184023756
    ],
    "77": [
        0.5195839500354332,
        -0.8544194045464888
    ],
    "78": [
        0.576680322114867,
        -0.8169698930104422
    ],
    "79": [
        0.6310879443260528,
        -0.7757112907044198
    ],
    "80": [
        0.6825531432186536,
        -0.7308359642781246
    ],
    "81": [
        0.7308359642781237,
        -0.6825531432186545
    ],
    "82": [
        0.7757112907044196,
        -0.6310879443260531
    ],
    "83": [
        0.8169698930104419,
        -0.5766803221148673
    ],
    "84": [
        0.8544194045464886,
        -0.5195839500354336
    ],
    "85": [
        0.8878852184023749,
        -0.46006503773115276
    ],
    "86": [
        0.9172113015054528,
        -0.3984010898462419
    ],
    "87": [
        0.9422609221188204,
        -0.33487961217098644
    ],
    "88": [
        0.9629172873477992,
        -0.2697967711570244
    ],
    "89": [
        0.9790840876823229,
        -0.20345601305263372
    ],
    "90": [
        0.9906859460363306,
        -0.1361666490962472
    ],
    "91": [
        0.9976687691905392,
        -0.0682424133646714
    ]
}