{
    "0": [
        1.0,
        0.0
    ],
    "1": [
        0.9983390502829166,
        0.0576119838245842
    ],
    "2": [
        0.9933617186395917,
        0.11503258643270028
    ],
    "3": [
        0.985084539265195,
        0.17207106235703482
    ],
    "4": [
        0.9735350081172067,
        0.22853793551668905
    ],
    "5": [
        0.9587514915766122,
        0.2842456286376647
    ],
    "6": [
        0.9407830989986429,
        0.3390090863657046
    ],
    "7": [
        0.9196895195764362,
        0.39264639000156876
    ],
    "8": [
        0.8955408240595394,
        0.4449793618166591
    ],
    "9": [
        0.8684172319859258,
        0.4958341569415147
    ],
    "10": [
        0.8384088452007575,
        0.5450418408609857
    ],
    "11": [
        0.8056153485471164,
        0.5924389505977035
    ],
    "12": [
        0.7701456787229806,
        0.6378680377196522
    ],
    "13": [
        0.7321176624044686,
        0.681178191368027
    ],
    "14": [
        0.691657624837472,
        0.7222255395679296
    ],
    "15": [
        0.6488999701978904,
        0.7608737271566005
    ],
    "16": [
        0.6039867351144776,
        0.7969943687415576
    ],
    "17": [
        0.5570671168374438,
        0.8304674751839579
    ],
    "18": [
        0.5082969776201947,
        0.8611818521904507
    ],
    "19": [
        0.4578383269606003,
        0.8890354696894374
    ],
    "20": [
        0.4058587834217358,
        0.9139358007647083
    ],
    "21": [
        0.3525310178198708,
        0.9358001290205542
    ],
    "22": [
        0.2980321796293837,
        0.9545558233573135
    ],
    "23": [
        0.2425433085100223,
        0.9701405792445815
    ],
    "24": [
        0.18624873291136068,
        0.9825026256905945
    ],
    "25": [
        0.1293354577522263,
        0.9916008972202587
    ],
    "26": [
        0.0719925432091671,
        0.9974051702905276
    ],
    "27": [
        0.014410476677557366,
        0.9998961636899731
    ],
    "28": [
        -0.04321946000837385,
        0.9990656025890314
    ],
    "29": [
        -0.10070582599455825,
        0.9949162460281538
    ],
    "30": [
        -0.15785765735435403,
        0.9874618777525517
    ],
    "31": [
        -0.21448510145150526,
        0.9767272604239822
    ],
    "32": [
        -0.2704000476115077,
        0.9627480533616749
    ],
    "33": [
        -0.32541675200635084,
        0.9455706940856602
    ],
    "34": [
        -0.3793524546768355,
        0.9252522440559977
    ],
    "35": [
        -0.43202798664277947,
        0.9018601991203439
    ],
    "36": [
        -0.4832683650843506,
        0.8754722652995347
    ],
    "37": [
        -0.5329033746173973,
        0.8461761006559981
    ],
    "38": [
        -0.5807681327318369,
        0.8140690241024869
    ],
    "39": [
        -0.6267036375147725,
        0.7792576921184369
    ],
    "40": [
        -0.6705572958388571,
        0.7418577444478688
    ],
    "41": [
        -0.7121834302613185,
        0.7019934199557868
    ],
    "42": [
        -0.7514437629497719,
        0.6597971439191648
    ],
    "43": [
        -0.7882078750272742,
        0.6154090881234928
    ],
    "44": [
        -0.8223536398107175,
        0.5689767052262023
    ],
    "45": [
        -0.8537676285033886,
        0.5206542389337667
    ],
    "46": [
        -0.8823454869940243,
        0.4706022116196205
    ],
    "47": [
        -0.9079922825106748,
        0.41898689108497783
    ],
    "48": [
        -0.9306228189778253,
        0.3659797382339163
    ],
    "49": [
        -0.9501619200291906,
        0.3117568374974989
    ],
    "50": [
        -0.9665446787360442,
        0.25649831189900096
    ],
    "51": [
        -0.9797166732215075,
        0.20038772470334096
    ],
    "52": [
        -0.9896341474445524,
        0.14361146963837496
    ],
    "53": [
        -0.9962641565531691,
        0.08635815171367738
    ],
    "54": [
        -0.9995846763238512,
        0.02881796069366688
    ],
    "55": [
        -0.9995846763238512,
        -0.028817960693666194
    ],
    "56": [
        -0.9962641565531691,
        -0.08635815171367714
    ],
    "57": [
        -0.9896341474445525,
        -0.1436114696383747
    ],
    "58": [
        -0.9797166732215075,
        -0.2003877247033407
    ],
    "59": [
        -0.9665446787360442,
        -0.2564983118990007
    ],
    "60": [
        -0.9501619200291908,
        -0.31175683749749866
    ],
    "61": [
        -0.9306228189778255,
        -0.3659797382339156
    ],
    "62": [
        -0.907992282510675,
        -0.4189868910849772
    ],
    "63": [
        -0.8823454869940244,
        -0.4706022116196203
    ],
    "64": [
        -0.8537676285033887,
        -0.5206542389337665
    ],
    "65": [
        -0.8223536398107176,
        -0.5689767052262021
    ],
    "66": [
        -0.7882078750272743,
        -0.6154090881234926
    ],
    "67": [
        -0.751443762949772,
        -0.6597971439191647
    ],
    "68": [
        -0.712183430261319,
        -0.7019934199557863
    ],
    "69": [
        -0.6705572958388576,
        -0.7418577444478683
    ],
    "70": [
        -0.6267036375147726,
        -0.7792576921184368
    ],
    "71": [
        -0.5807681327318368,
        -0.814069024102487
    ],
    "72": [
        -0.5329033746173976,
        -0.846176100655998
    ],
    "73": [
        -0.4832683650843512,
        -0.8754722652995344
    ],
    "74": [
        -0.4320279866427797,
        -0.9018601991203438
    ],
    "75": [
        -0.3793524546768361,
        -0.9252522440559974
    ],
    "76": [
        -0.3254167520063509,
        -0.9455706940856602
    ],
    "77": [
        -0.27040004761150815,
        -0.9627480533616748
    ],
    "78": [
        -0.2144851014515053,
        -0.9767272604239822
    ],
    "79": [
        -0.15785765735435428,
        -0.9874618777525517
    ],
    "80": [
        -0.10070582599455893,
        -0.9949162460281537
    ],
    "81": [
        -0.043219460008374094,
        -0.9990656025890314
    ],
    "82": [
        0.014410476677556678,
        -0.9998961636899731
    ],
    "83": [
        0.07199254320916708,
        -0.9974051702905276
    ],
    "84": [
        0.12933545775222585,
        -0.9916008972202588
    ],
    "85": [
        0.18624873291136065,
        -0.9825026256905947
    ],
    "86": [
        0.24254330851002207,
        -0.9701405792445815
    ],
    "87": [
        0.29803217962938305,
        -0.9545558233573137
    ],
    "88": [
        0.35253101781987056,
        -0.9358001290205543
    ],
    "89": [
        0.40585878342173515,
        -0.9139358007647086
    ],
    "90": [
        0.4578383269606003,
        -0.8890354696894374
    ],
    "91": [
        0.5082969776201942,
        -0.861181852190451
    ],
    "92": [
        0.5570671168374438,
        -0.8304674751839579
    ],
    "93": [
        0.6039867351144773,
        -0.7969943687415578
    ],
    "94": [
        0.6488999701978898,
        -0.760873727156601
    ],
    "95": [
        0.6916576248374717,
        -0.7222255395679297
    ],
    "96": [
        0.7321176624044683,
        -0.6811781913680275
    ],
    "97": [
        0.7701456787229805,
        -0.6378680377196523
    ],
    "98": [
        0.8056153485471161,
        -0.5924389505977038
    ],
    "99": [
        0.8384088452007575,
        -0.5450418408609857
    ],
    "100": [
        0.8684172319859257,
        -0.49583415694151506
    ],
    "101": [
        0.895540824059539,
        -0.44497936181665976
    ],
    "102": [
        0.9196895195764361,
        -0.392646390001569
    ],
    "103": [
        0.9407830989986427,
        -0.33900908636570515
    ],
    "104": [
        0.9587514915766122,
        -0.28424562863766484
    ],
    "105": [
        0.9735350081172066,
        -0.22853793551668955
    ],