{
    "0": [
        1.0,
        0.0
    ],
    "1": [
        0.99924795250423,
        0.03877537125681671
    ],
    "2": [
        0.996992941167792,
        0.07749242067193093
    ],
    "3": [
        0.993238357741943,
        0.11609291412523022
    ],
    "4": [
        0.987989849476809,
        0.15451879280784048
    ],
    "5": [
        0.9812553106273847,
        0.19271226054808968
    ],
    "6": [
        0.9730448705798238,
        0.23061587074244014
    ],
    "7": [
        0.9633708786158803,
        0.26817261276063736
    ],
    "8": [
        0.9522478853384153,
        0.3053259976951131
    ],
    "9": [
        0.9396926207859084,
        0.3420201433256687
    ],
    "10": [
        0.9257239692688904,
        0.3781998581716425
    ],
    "11": [
        0.9103629409661467,
        0.4138107245051391
    ],
    "12": [
        0.8936326403234123,
        0.4487991802004621
    ],
    "13": [
        0.8755582313020909,
        0.4831125992966384
    ],
    "14": [
        0.8561668995302665,
        0.5166993711518628
    ],
    "15": [
        0.8354878114129365,
        0.549508978070806
    ],
    "16": [
        0.8135520702629676,
        0.5814920712880266
    ],
    "17": [
        0.7903926695187593,
        0.6126005451932028
    ],
    "18": [
        0.766044443118978,
        0.6427876096865393
    ],
    "19": [
        0.7405440131090046,
        0.6720078605555224
    ],
    "20": [
        0.7139297345578991,
        0.7002173477671685
    ],
    "21": [
        0.6862416378687336,
        0.7273736415730486
    ],
    "22": [
        0.6575213685690636,
        0.7534358963276607
    ],
    "23": [
        0.6278121246720986,
        0.77836491192416
    ],
    "24": [
        0.5971585917027863,
        0.8021231927550437
    ],
    "25": [
        0.5656068754865388,
        0.8246750041091067
    ],
    "26": [
        0.5332044328016914,
        0.845986425919841
    ],
    "27": [
        0.5000000000000001,
        0.8660254037844386
    ],
    "28": [
        0.46604351970253893,
        0.8847617971766577
    ],
    "29": [
        0.43138606568125354,
        0.9021674247810376
    ],
    "30": [
        0.3960797660391569,
        0.918216106880274
    ],
    "31": [
        0.3601777248047105,
        0.9328837047320004
    ],
    "32": [
        0.3237339420583211,
        0.9461481568757504
    ],
    "33": [
        0.2868032327110903,
        0.9579895123154889
    ],
    "34": [
        0.24944114405798137,
        0.9683899605278059
    ],
    "35": [
        0.21170387222941084,
        0.9773338582506355
    ],
    "36": [
        0.17364817766693041,
        0.984807753012208
    ],
    "37": [
        0.13533129975013117,
        0.9908004033648453
    ],
    "38": [
        0.09681087070317916,
        0.9953027957931658
    ],
    "39": [
        0.0581448289104759,
        0.9983081582712682
    ],
    "40": [
        0.019391331771824435,
        0.9998119704485015
    ],
    "41": [
        -0.019391331771824314,
        0.9998119704485015
    ],
    "42": [
        -0.058144828910475774,
        0.9983081582712682
    ],
    "43": [
        -0.09681087070317905,
        0.9953027957931658
    ],
    "44": [
        -0.13533129975013106,
        0.9908004033648453
    ],
    "45": [
        -0.1736481776669303,
        0.984807753012208
    ],
    "46": [
        -0.2117038722294107,
        0.9773338582506356
    ],
    "47": [
        -0.24944114405798126,
        0.9683899605278059
    ],
    "48": [
        -0.28680323271109,
        0.9579895123154889
    ],
    "49": [
        -0.3237339420583208,
        0.9461481568757505
    ],
    "50": [
        -0.36017772480471016,
        0.9328837047320006
    ],
    "51": [
        -0.3960797660391566,
        0.9182161068802741
    ],
    "52": [
        -0.43138606568125326,
        0.9021674247810377
    ],
    "53": [
        -0.4660435197025386,
        0.8847617971766579
    ],
    "54": [
        -0.4999999999999998,
        0.8660254037844387
    ],
    "55": [
        -0.533204432801691,
        0.8459864259198412
    ],
    "56": [
        -0.5656068754865384,
        0.8246750041091069
    ],
    "57": [
        -0.597158591702786,
        0.802123192755044
    ],
    "58": [
        -0.6278121246720983,
        0.7783649119241601
    ],
    "59": [
        -0.6575213685690635,
        0.7534358963276608
    ],
    "60": [
        -0.6862416378687335,
        0.7273736415730488
    ],
    "61": [
        -0.7139297345578989,
        0.7002173477671687
    ],
    "62": [
        -0.7405440131090044,
        0.6720078605555225
    ],
    "63": [
        -0.7660444431189779,
        0.6427876096865395
    ],
    "64": [
        -0.7903926695187592,
        0.612600545193203
    ],
    "65": [
        -0.8135520702629675,
        0.5814920712880268
    ],
    "66": [
        -0.8354878114129363,
        0.5495089780708062
    ],
    "67": [
        -0.8561668995302664,
        0.516699371151863
    ],
    "68": [
        -0.8755582313020908,
        0.48311259929663863
    ],
    "69": [
        -0.8936326403234122,
        0.44879918020046233
    ],
    "70": [
        -0.9103629409661466,
        0.4138107245051393
    ],
    "71": [
        -0.9257239692688903,
        0.37819985817164264
    ],
    "72": [
        -0.9396926207859083,
        0.3420201433256689
    ],
    "73": [
        -0.9522478853384153,
        0.30532599769511326
    ],
    "74": [
        -0.9633708786158803,
        0.26817261276063753
    ],
    "75": [
        -0.9730448705798238,
        0.23061587074244033
    ],
    "76": [
        -0.9812553106273847,
        0.19271226054808982
    ],
    "77": [
        -0.987989849476809,
        0.15451879280784062
    ],
    "78": [
        -0.993238357741943,
        0.11609291412523036
    ],
    "79": [
        -0.996992941167792,
        0.07749242067193107
    ],
    "80": [
        -0.99924795250423,
        0.038775371256816835
    ],
    "81": [
        -1.0,
        1.2246467991473532e-16
    ],
    "82": [
        -0.99924795250423,
        -0.03877537125681659
    ],
    "83": [
        -0.996992941167792,
        -0.07749242067193084
    ],
    "84": [
        -0.993238357741943,
        -0.11609291412523012
    ],
    "85": [
        -0.987989849476809,
        -0.1545187928078404
    ],
    "86": [
        -0.9812553106273847,
        -0.1927122605480896
    ],
    "87": [
        -0.9730448705798238,
        -0.23061587074244008
    ],
    "88": [
        -0.9633708786158803,
        -0.26817261276063725
    ],
    "89": [
        -0.9522478853384153,
        -0.30532599769511304
    ],
    "90": [
        -0.9396926207859084,
        -0.34202014332566866
    ],
    "91": [
        -0.9257239692688904,
        -0.37819985817164237
    ],
    "92": [
        -0.9103629409661467,
        -0.41381072450513906
    ],
    "93": [
        -0.8936326403234123,
        -0.4487991802004621
    ],
    "94": [
        -0.8755582313020909,
        -0.4831125992966384
    ],
    "95": [
        -0.8561668995302665,
        -0.5166993711518628
    ],
    "96": [
        -0.8354878114129367,
        -0.5495089780708056
    ],
    "97": [
        -0.8135520702629678,
        -0.5814920712880263
    ],
    "98": [
        -0.7903926695187596,
        -0.6126005451932024
    ],
    "99": [
        -0.7660444431189783,
        -0.6427876096865389
    ],
    "100": [
        -0.7405440131090049,
        -0.6720078605555221
    ],
    "101": [
        -0.7139297345578994,
        -0.7002173477671682
    ],
    "102": [
        -0.6862416378687339,
        -0.7273736415730484
    ],
    "103": [
        -0.6575213685690641,
        -0.7534358963276604
    ],
    "104": [
        -0.6278121246720989,
        -0.7783649119241597
    ],
    "105": [
        -0.5971585917027862,
        -0.8021231927550437
    ],
    "106": [
        -0.565606875486539,
        -0.8246750041091064
    ],