{
    "0": [
        1.0,
        0.0
    ],
    "1": [
        0.9987569212189223,
        0.04984588566069716
    ],
    "2": [
        0.9950307753654014,
        0.09956784659581666
    ],
    "3": [
        0.9888308262251285,
        0.14904226617617444
    ],
    "4": [
        0.9801724878485438,
        0.19814614319939758
    ],
    "5": [
        0.969077286229078,
        0.24675739769029365
    ],
    "6": [
        0.9555728057861407,
        0.2947551744109042
    ],
    "7": [
        0.9396926207859083,
        0.34202014332566877
    ],
    "8": [
        0.9214762118704076,
        0.38843479627469474
    ],
    "9": [
        0.9009688679024191,
        0.4338837391175581
    ],
    "10": [
        0.8782215733702285,
        0.47825397862131824
    ],
    "11": [
        0.8532908816321556,
        0.5214352033794981
    ],
    "12": [
        0.8262387743159949,
        0.5633200580636221
    ],
    "13": [
        0.7971325072229225,
        0.6038044103254774
    ],
    "14": [
        0.766044443118978,
        0.6427876096865394
    ],
    "15": [
        0.7330518718298263,
        0.6801727377709195
    ],
    "16": [
        0.6982368180860729,
        0.7158668492597184
    ],
    "17": [
        0.6616858375968594,
        0.7497812029677342
    ],
    "18": [
        0.6234898018587336,
        0.7818314824680298
    ],
    "19": [
        0.5837436722347898,
        0.8119380057158565
    ],
    "20": [
        0.5425462638657594,
        0.8400259231507714
    ],
    "21": [
        0.4999999999999999,
        0.8660254037844387
    ],
    "22": [
        0.4562106573531629,
        0.8898718088114687
    ],
    "23": [
        0.4112871031306115,
        0.9115058523116731
    ],
    "24": [
        0.365341024366395,
        0.9308737486442042
    ],
    "25": [
        0.31848665025168443,
        0.9479273461671317
    ],
    "26": [
        0.27084046814300516,
        0.962624246950012
    ],
    "27": [
        0.22252093395631445,
        0.9749279121818236
    ],
    "28": [
        0.17364817766693022,
        0.9848077530122081
    ],
    "29": [
        0.12434370464748506,
        0.9922392066001721
    ],
    "30": [
        0.07473009358642417,
        0.9972037971811801
    ],
    "31": [
        0.024930691738072813,
        0.9996891820008162
    ],
    "32": [
        -0.024930691738072913,
        0.9996891820008162
    ],
    "33": [
        -0.07473009358642427,
        0.9972037971811801
    ],
    "34": [
        -0.12434370464748516,
        0.9922392066001721
    ],
    "35": [
        -0.1736481776669303,
        0.984807753012208
    ],
    "36": [
        -0.22252093395631434,
        0.9749279121818236
    ],
    "37": [
        -0.2708404681430052,
        0.962624246950012
    ],
    "38": [
        -0.31848665025168454,
        0.9479273461671317
    ],
    "39": [
        -0.3653410243663951,
        0.9308737486442042
    ],
    "40": [
        -0.41128710313061156,
        0.9115058523116731
    ],
    "41": [
        -0.45621065735316296,
        0.8898718088114685
    ],
    "42": [
        -0.5000000000000002,
        0.8660254037844385
    ],
    "43": [
        -0.5425462638657593,
        0.8400259231507715
    ],
    "44": [
        -0.58374367223479,
        0.8119380057158564
    ],
    "45": [
        -0.6234898018587335,
        0.7818314824680299
    ],
    "46": [
        -0.6616858375968595,
        0.7497812029677341
    ],
    "47": [
        -0.6982368180860727,
        0.7158668492597186
    ],
    "48": [
        -0.7330518718298263,
        0.6801727377709194
    ],
    "49": [
        -0.7660444431189782,
        0.6427876096865391
    ],
    "50": [
        -0.7971325072229225,
        0.6038044103254774
    ],
    "51": [
        -0.826238774315995,
        0.5633200580636218
    ],
    "52": [
        -0.8532908816321556,
        0.5214352033794981
    ],
    "53": [
        -0.8782215733702287,
        0.4782539786213181
    ],
    "54": [
        -0.900968867902419,
        0.43388373911755823
    ],
    "55": [
        -0.9214762118704077,
        0.3884347962746946
    ],
    "56": [
        -0.9396926207859084,
        0.3420201433256685
    ],
    "57": [
        -0.9555728057861408,
        0.2947551744109042
    ],
    "58": [
        -0.969077286229078,
        0.24675739769029342
    ],
    "59": [
        -0.9801724878485438,
        0.1981461431993976
    ],
    "60": [
        -0.9888308262251285,
        0.14904226617617428
    ],
    "61": [
        -0.9950307753654014,
        0.09956784659581673
    ],
    "62": [
        -0.9987569212189223,
        0.04984588566069704
    ],
    "63": [
        -1.0,
        1.2246467991473532e-16
    ],
    "64": [
        -0.9987569212189223,
        -0.04984588566069723
    ],
    "65": [
        -0.9950307753654014,
        -0.09956784659581693
    ],
    "66": [
        -0.9888308262251285,
        -0.14904226617617447
    ],
    "67": [
        -0.9801724878485438,
        -0.1981461431993978
    ],
    "68": [
        -0.969077286229078,
        -0.24675739769029362
    ],
    "69": [
        -0.9555728057861407,
        -0.2947551744109044
    ],
    "70": [
        -0.9396926207859084,
        -0.34202014332566866
    ],
    "71": [
        -0.9214762118704076,
        -0.3884347962746948
    ],
    "72": [
        -0.9009688679024191,
        -0.433883739117558
    ],
    "73": [
        -0.8782215733702285,
        -0.47825397862131824
    ],
    "74": [
        -0.8532908816321555,
        -0.5214352033794983
    ],
    "75": [
        -0.8262387743159949,
        -0.5633200580636221
    ],
    "76": [
        -0.7971325072229224,
        -0.6038044103254775
    ],
    "77": [
        -0.766044443118978,
        -0.6427876096865393
    ],
    "78": [
        -0.7330518718298262,
        -0.6801727377709195
    ],
    "79": [
        -0.6982368180860729,
        -0.7158668492597183
    ],
    "80": [
        -0.6616858375968594,
        -0.7497812029677342
    ],
    "81": [
        -0.6234898018587337,
        -0.7818314824680297
    ],
    "82": [
        -0.5837436722347898,
        -0.8119380057158565
    ],
    "83": [
        -0.5425462638657592,
        -0.8400259231507715
    ],
    "84": [
        -0.4999999999999996,
        -0.8660254037844388
    ],
    "85": [
        -0.4562106573531632,
        -0.8898718088114684
    ],
    "86": [
        -0.4112871031306116,
        -0.9115058523116731
    ],
    "87": [
        -0.3653410243663949,
        -0.9308737486442044
    ],
    "88": [
        -0.3184866502516841,
        -0.9479273461671318
    ],
    "89": [
        -0.2708404681430046,
        -0.9626242469500123
    ],
    "90": [
        -0.2225209339563146,
        -0.9749279121818236
    ],
    "91": [
        -0.17364817766693033,
        -0.984807753012208
    ],
    "92": [
        -0.12434370464748495,
        -0.9922392066001721
    ],
    "93": [
        -0.07473009358642384,
        -0.9972037971811801
    ],
    "94": [
        -0.024930691738073156,
        -0.9996891820008162
    ],
    "95": [
        0.02493069173807279,
        -0.9996891820008162
    ],
    "96": [
        0.07473009358642436,
        -0.9972037971811801
    ],
    "97": [
        0.12434370464748548,
        -0.9922392066001721
    ],
    "98": [
        0.17364817766693083,
        -0.984807753012208
    ],
    "99": [
        0.22252093395631423,
        -0.9749279121818236
    ],
    "100": [
        0.2708404681430051,
        -0.962624246950012
    ],
    "101": [
        0.3184866502516846,
        -0.9479273461671317
    ],
    "102": [
        0.3653410243663954,
        -0.9308737486442041
    ],
    "103": [
        0.4112871031306113,
        -0.9115058523116732
    ],
    "104": [
        0.45621065735316285,
        -0.8898718088114687
    ],
    "105": [
        0.5000000000000001,
        -0.8660254037844386
    ],