{
    "0": [
        1.0,
        0.0
    ],
    "1": [
        0.9993250234920638,
        0.036735506292772425
    ],
    "2": [
        0.9973010051548273,
        0.07342142137803533
    ],
    "3": [
        0.9939306773179495,
        0.11000822099407928
    ],
    "4": [
        0.9892185897656579,
        0.14644651468042152
    ],
    "5": [
        0.983171103594755,
        0.18268711245260688
    ],
    "6": [
        0.9757963826274356,
        0.21868109120637577
    ],
    "7": [
        0.9671043823905108,
        0.25437986076155633
    ],
    "8": [
        0.9571068366759141,
        0.2897352294565246
    ],
    "9": [
        0.9458172417006346,
        0.32469946920468346
    ],
    "10": [
        0.9332508378874571,
        0.35922537992513726
    ],
    "11": [
        0.9194245892911078,
        0.3932663532605831
    ],
    "12": [
        0.9043571606975775,
        0.4267764354964036
    ],
    "13": [
        0.8880688924275376,
        0.4597103895960224
    ],
    "14": [
        0.8705817728778624,
        0.4920237562687781
    ],
    "15": [
        0.8519194088383271,
        0.5236729139878779
    ],
    "16": [
        0.8321069936235501,
        0.5546151378774088
    ],
    "17": [
        0.8111712730632022,
        0.5848086573889135
    ],
    "18": [
        0.7891405093963936,
        0.6142127126896678
    ],
    "19": [
        0.766044443118978,
        0.6427876096865393
    ],
    "20": [
        0.7419142528352816,
        0.670494773611149
    ],
    "21": [
        0.7167825131684513,
        0.6972968010939954
    ],
    "22": [
        0.6906831507862444,
        0.7231575106572466
    ],
    "23": [
        0.6636513986016214,
        0.7480419915580353
    ],
    "24": [
        0.6357237482099681,
        0.7719166509163208
    ],
    "25": [
        0.6069379006271568,
        0.7947492590636996
    ],
    "26": [
        0.5773327153949466,
        0.8165089930519428
    ],
    "27": [
        0.546948158122427,
        0.8371664782625285
    ],
    "28": [
        0.515825246534324,
        0.8566938280609963
    ],
    "29": [
        0.4840059950989989,
        0.8750646814425936
    ],
    "30": [
        0.4515333583108894,
        0.8922542386183939
    ],
    "31": [
        0.41845117270396115,
        0.9082392944938463
    ],
    "32": [
        0.3848040976744457,
        0.9229982699945627
    ],
    "33": [
        0.35063755519275447,
        0.9365112411970548
    ],
    "34": [
        0.3159976684859526,
        0.9487599662250943
    ],
    "35": [
        0.28093119977356945,
        0.959727909875389
    ],
    "36": [
        0.24548548714079924,
        0.9694002659393304
    ],
    "37": [
        0.20970838063431035,
        0.9777639771906793
    ],
    "38": [
        0.17364817766693041,
        0.984807753012208
    ],
    "39": [
        0.13735355781840825,
        0.9905220846375032
    ],
    "40": [
        0.10087351712026828,
        0.9948992579873537
    ],
    "41": [
        0.06425730191347014,
        0.9979333640833947
    ],
    "42": [
        0.02755434236816206,
        0.9996203070249514
    ],
    "43": [
        -0.009185814244726299,
        0.9999578095183124
    ],
    "44": [
        -0.04591357043997175,
        0.9989454159509686
    ],
    "45": [
        -0.08257934547233227,
        0.9965844930066698
    ],
    "46": [
        -0.11913364226822364,
        0.9928782278204649
    ],
    "47": [
        -0.15552711424444313,
        0.9878316236762194
    ],
    "48": [
        -0.19171063192373816,
        0.981451493252418
    ],
    "49": [
        -0.22763534925729312,
        0.9737464494253677
    ],
    "50": [
        -0.263252769564599,
        0.9647268936422204
    ],
    "51": [
        -0.2985148110016943,
        0.9544050018795075
    ],
    "52": [
        -0.33337387146939523,
        0.9427947082061434
    ],
    "53": [
        -0.367782892873893,
        0.9299116859730877
    ],
    "54": [
        -0.40169542465296926,
        0.9157733266550575
    ],
    "55": [
        -0.435065686482073,
        0.9003987163728536
    ],
    "56": [
        -0.4678486300756076,
        0.8838086101279944
    ],
    "57": [
        -0.4999999999999998,
        0.8660254037844387
    ],
    "58": [
        -0.5314763934164557,
        0.847073103835222
    ],
    "59": [
        -0.562235318672754,
        0.8269772949948183
    ],
    "60": [
        -0.5922352526649799,
        0.8057651056609783
    ],
    "61": [
        -0.6214356968917646,
        0.7834651712926662
    ],
    "62": [
        -0.6497972321253594,
        0.7601075957535366
    ],
    "63": [
        -0.6772815716257409,
        0.7357239106731318
    ],
    "64": [
        -0.7038516128259114,
        0.7103470328806641
    ],
    "65": [
        -0.7294714874186207,
        0.6840112199688432
    ],
    "66": [
        -0.7541066097768961,
        0.6567520240477346
    ],
    "67": [
        -0.7777237236430138,
        0.6286062437510823
    ],
    "68": [
        -0.800290947022884,
        0.5996118745598819
    ],
    "69": [
        -0.8217778152252451,
        0.5698080575102663
    ],
    "70": [
        -0.8421553219875656,
        0.5392350263549464
    ],
    "71": [
        -0.8613959586331359,
        0.5079340532495343
    ],
    "72": [
        -0.879473751206489,
        0.4759473930370737
    ],
    "73": [
        -0.89636429553702,
        0.443318226205986
    ],
    "74": [
        -0.9120447901834704,
        0.4100906005984402
    ],
    "75": [
        -0.9264940672148018,
        0.3763093719478356
    ],
    "76": [
        -0.9396926207859083,
        0.3420201433256689
    ],
    "77": [
        -0.9516226334695917,
        0.30726920357953047
    ],
    "78": [
        -0.9622680003092504,
        0.27210346484533515
    ],
    "79": [
        -0.9716143505598138,
        0.23657039921814246
    ],
    "80": [
        -0.9796490670875739,
        0.20071797466705907
    ],
    "81": [
        -0.9863613034027223,
        0.16459459028073403
    ],
    "82": [
        -0.9917419983016023,
        0.12824901093086322
    ],
    "83": [
        -0.9957838880989075,
        0.09173030144190358
    ],
    "84": [
        -0.9984815164333162,
        0.05508776035586557
    ],
    "85": [
        -0.9998312416333227,
        0.018370853381597486
    ],
    "86": [
        -0.9998312416333228,
        -0.01837085338159724
    ],
    "87": [
        -0.9984815164333163,
        -0.05508776035586533
    ],
    "88": [
        -0.9957838880989075,
        -0.09173030144190335
    ],
    "89": [
        -0.9917419983016024,
        -0.12824901093086297
    ],
    "90": [
        -0.9863613034027224,
        -0.16459459028073378
    ],
    "91": [
        -0.9796490670875739,
        -0.20071797466705882
    ],
    "92": [
        -0.9716143505598138,
        -0.2365703992181422
    ],
    "93": [
        -0.9622680003092504,
        -0.27210346484533493
    ],
    "94": [
        -0.9516226334695919,
        -0.30726920357953025
    ],
    "95": [
        -0.9396926207859084,
        -0.34202014332566866
    ],
    "96": [
        -0.926494067214802,
        -0.376309371947835
    ],
    "97": [
        -0.9120447901834707,
        -0.4100906005984396
    ],
    "98": [
        -0.8963642955370204,
        -0.4433182262059854
    ],
    "99": [
        -0.8794737512064893,
        -0.4759473930370731
    ],
    "100": [
        -0.8613959586331363,
        -0.5079340532495337
    ],
    "101": [
        -0.842155321987566,
        -0.5392350263549457
    ],
    "102": [
        -0.8217778152252454,
        -0.5698080575102658
    ],
    "103": [
        -0.8002909470228844,
        -0.5996118745598813
    ],
    "104": [
        -0.7777237236430142,
        -0.6286062437510818
    ],
    "105": [
        -0.7541066097768966,
        -0.656752024047734
    ],
    "106": [
        -0.7294714874186211,
        -0.6840112199688426
    ],