{
    "0": [
        0.017102967369590345,
        0.9314315131188902
    ],
    "1": [
        -0.3875153242890067,
        0.37812541079247447
    ],
    "2": [
        -0.3185990234890114,
        -0.5160517242140567
    ],
    "3": [
        0.1529298384964765,
        -0.4830073200804437
    ],
    "4": [
        0.42016697192483177,
        -0.15230890217502616
    ],
    "5": [
        -0.6534799113817316,
        -0.13350490030545542
    ],
    "6": [
        -0.16069053047017282,
        -0.03265716081578455
    ],
    "7": [
        0.16762799317025853,
        0.312490045588297
    ],
    "8": [
        -1.0406192490910817,
        0.3573138971105452
    ],
    "9": [
        -0.7855586670470418,
        -0.8731097830996217
    ],
    "10": [
        0.31219302569210405,
        -1.0344902839085868
    ],
    "11": [
        0.8614297383044897,
        0.2562265257900774
    ]
}