{
    "0": [
        -0.9607411611598646,
        1.1069366391972442
    ],
    "1": [
        -0.16832042970375097,
        0.5604775405864437
    ],
    "2": [
        -0.22290135581290937,
        1.009226968702666
    ],
    "3": [
        0.1974473585988724,
        1.038073898174414
    ],
    "4": [
        0.4351459062015968,
        0.6779657703322153
    ],
    "5": [
        0.19386105035986193,
        0.1778991693820799
    ],
    "6": [
        1.215257893812075,
        0.725609875194055
    ],
    "7": [
        0.8154883054577267,
        1.5433287183416877
    ],
    "8": [
        0.8568059502593668,
        -0.13915075780547487
    ],
    "9": [
        -0.2626022113156991,
        -0.38581952532776975
    ],
    "10": [
        -0.9253100623107237,
        0.20876013918516115
    ],
    "11": [
        -0.1873917414223345,
        2.0333613822237764
    ]
}