{
    "0": [
        -0.11418287008022414,
        0.5569734054450381
    ],
    "1": [
        0.49793296463221787,
        0.5796103818416944
    ],
    "2": [
        -0.16546588842066187,
        0.11906901156519646
    ],
    "3": [
        0.25456498078532935,
        0.9296289619580245
    ],
    "4": [
        -0.7942162766681511,
        0.48317557818698337
    ],
    "5": [
        -0.19744225860743347,
        1.0463044138786484
    ],
    "6": [
        -0.5084973165831644,
        -0.2679894306399871
    ],
    "7": [
        0.541076314016826,
        0.17856130929279249
    ],
    "8": [
        0.3293322946483728,
        -0.17126929482926415
    ],
    "9": [
        -0.057922711881987776,
        -0.37785817278457556
    ],
    "10": [
        -0.6025262379466714,
        0.8504606884787406
    ],
    "11": [
        -0.7741352058460375,
        0.0759038967549049
    ]
}