{
    "0": [
        -0.6882226530557288,
        -0.4492590389356511
    ],
    "1": [
        -1.6001970737241897,
        0.05975362913192377
    ],
    "2": [
        -0.19149798930911807,
        0.2618591240614422
    ],
    "3": [
        -0.848907925402676,
        0.5773876097278788
    ],
    "4": [
        0.1368567197117728,
        -1.7080469778022285
    ],
    "5": [
        0.4004898044087347,
        0.6831107834399105
    ],
    "6": [
        -0.1769487335658031,
        -0.3620308843429212
    ],
    "7": [
        0.32691189124903863,
        -0.4592618763843965
    ],
    "8": [
        0.6888614293691241,
        -0.008364027584122562
    ],
    "9": [
        1.190552588382422,
        0.24844922558040208
    ],
    "10": [
        0.9014056283062953,
        -0.8513884813473764
    ],
    "11": [
        1.4463423075516844,
        -0.6401181247226472
    ]
}