{
    "0": [
        0.11165034786867832,
        -1.2617036362871707
    ],
    "1": [
        0.5740414495642533,
        0.15184471494556273
    ],
    "2": [
        0.058764145002433064,
        -0.572804699586226
    ],
    "3": [
        1.2210905641263692,
        -0.38140300962303497
    ],
    "4": [
        -0.9358211764331031,
        -0.5483368286612677
    ],
    "5": [
        0.5579576088269181,
        -0.6959815521936464
    ],
    "6": [
        -0.10337743245947326,
        0.05612881043664403
    ],
    "7": [
        1.136023990570324,
        0.4092966337604431
    ],
    "8": [
        0.7793601553841691,
        1.1032760230813363
    ],
    "9": [
        -0.014141966649152998,
        0.5508307375516247
    ],
    "10": [
        0.06993863878456157,
        1.4020838169048062
    ],
    "11": [
        -0.896036261354123,
        1.1432970624995715
    ]
}