{
    "0": [
        1.0,
        0.0
    ],
    "1": [
        0.999630104536087,
        0.027196582600977664
    ],
    "2": [
        0.9985206917896564,
        0.05437304541687925
    ],
    "3": [
        0.9966725824941932,
        0.08150928354706316
    ],
    "4": [
        0.994087143864188,
        0.10858522184874535
    ],
    "5": [
        0.9907662885836834,
        0.13558082978840785
    ],
    "6": [
        0.9867124733912889,
        0.1624761362602058
    ],
    "7": [
        0.9819286972627067,
        0.1892512443604102
    ],
    "8": [
        0.9764184991921175,
        0.21588634610695698
    ],
    "9": [
        0.9701859555740645,
        0.24236173709321232
    ],
    "10": [
        0.9632356771877736,
        0.26865783106511393
    ],
    "11": [
        0.9555728057861408,
        0.29475517441090415
    ],
    "12": [
        0.9472030102919101,
        0.3206344605527355
    ],
    "13": [
        0.938132482603856,
        0.3462765442295015
    ],
    "14": [
        0.9283679330160726,
        0.3716624556603275
    ],
    "15": [
        0.9179165852537594,
        0.39677341457824244
    ],
    "16": [
        0.9067861711291744,
        0.42159084412364994
    ],
    "17": [
        0.8949849248217099,
        0.4460963845873202
    ],
    "18": [
        0.8825215767863213,
        0.47027190699273674
    ],
    "19": [
        0.8694053472948154,
        0.49409952650774863
    ],
    "20": [
        0.8556459396147774,
        0.517561615675607
    ],
    "21": [
        0.8412535328311812,
        0.5406408174555976
    ],
    "22": [
        0.8262387743159949,
        0.563320058063622
    ],
    "23": [
        0.8106127718513515,
        0.5855825596032285
    ],
    "24": [
        0.7943870854121127,
        0.6074118524777474
    ],
    "25": [
        0.7775737186139037,
        0.6287917875743494
    ],
    "26": [
        0.7601851098329482,
        0.6497065482110123
    ],
    "27": [
        0.7422341230042699,
        0.6701406618375595
    ],
    "28": [
        0.7237340381050702,
        0.6900790114821119
    ],
    "29": [
        0.7046985413303214,
        0.7095068469344868
    ],
    "30": [
        0.6851417149678443,
        0.728409795658269
    ],
    "31": [
        0.6650780269803587,
        0.7467738734234837
    ],
    "32": [
        0.6445223203022166,
        0.7645854946520022
    ],
    "33": [
        0.6234898018587336,
        0.7818314824680298
    ],
    "34": [
        0.6019960313162434,
        0.7984990784462387
    ],
    "35": [
        0.5800569095711983,
        0.8145759520503356
    ],
    "36": [
        0.5576886669868295,
        0.8300502097550806
    ],
    "37": [
        0.5349078513860726,
        0.8449104038450085
    ],
    "38": [
        0.5117313158096372,
        0.8591455408833462
    ],
    "39": [
        0.4881762060482814,
        0.8727450898448561
    ],
    "40": [
        0.46425994795851055,
        0.8856989899065941
    ],
    "41": [
        0.440000234571087,
        0.8979976578908145
    ],
    "42": [
        0.41541501300188644,
        0.9096319953545183
    ],
    "43": [
        0.3905224711747844,
        0.9205933953203986
    ],
    "44": [
        0.3653410243663952,
        0.9308737486442041
    ],
    "45": [
        0.3398893015826169,
        0.9404654500138114
    ],
    "46": [
        0.3141861317770626,
        0.9493614035755646
    ],
    "47": [
        0.28825052992157096,
        0.9575550281837245
    ],
    "48": [
        0.26210168293910224,
        0.9650402622691399
    ],
    "49": [
        0.23575893550942728,
        0.9718115683235417
    ],
    "50": [
        0.2092417757581085,
        0.9778639369961413
    ],
    "51": [
        0.18256982083936169,
        0.983192890799503
    ],
    "52": [
        0.15576280242346308,
        0.9877944874219481
    ],
    "53": [
        0.12884055209943904,
        0.991665322644042
    ],
    "54": [
        0.10182298670383554,
        0.994802532857004
    ],
    "55": [
        0.07473009358642439,
        0.9972037971811801
    ],
    "56": [
        0.0475819158237424,
        0.998867339183008
    ],
    "57": [
        0.020398537391405434,
        0.9997919281892065
    ],
    "58": [
        -0.006799931693834615,
        0.999976880197217
    ],
    "59": [
        -0.03399337025129773,
        0.9994220583812218
    ],
    "60": [
        -0.06116166082184248,
        0.9981278731933669
    ],
    "61": [
        -0.08828470455058068,
        0.9960952820601133
    ],
    "62": [
        -0.11534243605582657,
        0.9933257886739414
    ],
    "63": [
        -0.142314838273285,
        0.9898214418809328
    ],
    "64": [
        -0.1691819572644938,
        0.9855848341650529
    ],
    "65": [
        -0.1959239169785665,
        0.980619099730255
    ],
    "66": [
        -0.22252093395631434,
        0.9749279121818236
    ],
    "67": [
        -0.2489533319658699,
        0.9685154818086757
    ],
    "68": [
        -0.27520155655898504,
        0.9613865524686268
    ],
    "69": [
        -0.30124618953723403,
        0.9535463980789277
    ],
    "70": [
        -0.32706796331742144,
        0.9450008187146686
    ],
    "71": [
        -0.3526477751855641,
        0.9357561363179361
    ],
    "72": [
        -0.3779667014289064,
        0.9258191900208982
    ],
    "73": [
        -0.40300601133551134,
        0.9151973310862754
    ],
    "74": [
        -0.4277471810510707,
        0.9038984174689446
    ],
    "75": [
        -0.45217190728268547,
        0.891930808002694
    ],
    "76": [
        -0.4762621208394747,
        0.8793033562164343
    ],
    "77": [
        -0.4999999999999998,
        0.8660254037844387
    ],
    "78": [
        -0.5233679836966119,
        0.8521067736154566
    ],
    "79": [
        -0.5463487845069706,
        0.8375577625858147
    ],
    "80": [
        -0.5689254014431222,
        0.8223891339218814
    ],
    "81": [
        -0.5910811325286764,
        0.8066121092375301
    ],
    "82": [
        -0.6127995871547769,
        0.7902383602324903
    ],
    "83": [
        -0.6340646982057246,
        0.7732800000577303
    ],
    "84": [
        -0.654860733945285,
        0.7557495743542583
    ],
    "85": [
        -0.6751723096548833,
        0.7376600519719707
    ],
    "86": [
        -0.6949843990150795,
        0.7190248153754145
    ],
    "87": [
        -0.7142823452219036,
        0.6998576507435618
    ],
    "88": [
        -0.7330518718298261,
        0.6801727377709197
    ],
    "89": [
        -0.7512790933133432,
        0.6599846391775197
    ],
    "90": [
        -0.7689505253393618,
        0.6393082899355518
    ],
    "91": [
        -0.7860530947427873,
        0.6181589862206055
    ],
    "92": [
        -0.8025741491979325,
        0.5965523740956991
    ],
    "93": [
        -0.8185014665785934,
        0.5745044379364636
    ],
    "94": [
        -0.8338232639998671,
        0.5520314886060469
    ],
    "95": [
        -0.8485282065350234,
        0.5291501513884851
    ],
    "96": [
        -0.8626054156009806,
        0.5058773536894684
    ],
    "97": [
        -0.8760444770061826,
        0.4822303125135996
    ],
    "98": [
        -0.8888354486549234,
        0.4582265217274105
    ],
    "99": [
        -0.900968867902419,
        0.43388373911755823
    ],
    "100": [
        -0.9124357585551869,
        0.4092199732537755
    ],
    "101": [
        -0.9232276375115515,
        0.38425347016629446
    ],
    "102": [
        -0.9333365210373668,
        0.3590026998475987
    ],
    "103": [
        -0.9427549306723099,
        0.3334863425884907
    ],
    "104": [
        -0.9514758987623784,
        0.3077232751585818
    ],
    "105": [
        -0.9594929736144973,
        0.28173255684143006
    ],
    "106": [
        -0.9668002242694235,
        0.25553341533465346
    ],