{
    "0": [
        0.2931750456515497,
        0.8352911501695548
    ],
    "1": [
        1.2297214706499335,
        -2.207027198029598
    ],
    "2": [
        0.66427458910409,
        -0.6914094905785623
    ],
    "3": [
        1.3659581349973304,
        -0.7068072428693595
    ],
    "4": [
        -1.217281838704182,
        0.8247836997240378
    ],
    "5": [
        -1.2630607832748508,
        -1.2708419905134085
    ],
    "6": [
        -2.0673714448418767,
        -0.5844419202793938
    ],
    "7": [
        -0.5898854079957743,
        -0.3610209935270007
    ],
    "8": [
        0.5210727028624597,
        1.7286791228788927
    ],
    "9": [
        -1.6333230730463904,
        0.18308678306844126
    ],
    "10": [
        -0.3763164820556109,
        -3.341771549221861
    ],
    "11": [
        3.1274570223642657,
        0.7078113848487205
    ],
    "12": [
        -2.1688829545910537,
        -1.9950050950992007
    ],
    "13": [
        -3.3085550194483426,
        -1.7126434189750885
    ],
    "14": [
        2.2914968317561595,
        -1.702062166212367
    ],
    "15": [
        -0.2850896873245593,
        2.8660194795704688
    ],
    "16": [
        2.3442269634164443,
        1.2318792948308024
    ],
    "17": [
        2.355102211681401,
        -2.907569388837262
    ],
    "18": [
        2.628293808641687,
        -0.9600997331500916
    ],
    "19": [
        4.334884288554493,
        1.5874323736287876
    ],
    "20": [
        -0.7409294900174536,
        -2.3564295977969785
    ],
    "21": [
        -1.3036240711593927,
        2.869487698392248
    ],
    "22": [
        5.312309446825594,
        1.2589413153739384
    ],
    "23": [
        2.239323436974633,
        2.1741384349448576
    ],
    "24": [
        2.397242066702193,
        -4.114291920459752
    ],
    "25": [
        -2.971115453759353,
        -0.05771934950095294
    ],
    "26": [
        0.6499366904973047,
        3.017894993635219
    ],
    "27": [
        1.6863773004262017,
        2.5326768284104437
    ],
    "28": [
        -2.6297520904461464,
        2.67053647761399
    ],
    "29": [
        -0.9767907311033405,
        1.445216515134981
    ],
    "30": [
        0.17071625311056873,
        -2.1612334063592384
    ]
}