{
    "0": [
        0.3985909184922449,
        -0.6156814261601443
    ],
    "1": [
        -1.221326564256191,
        0.24167206726406829
    ],
    "2": [
        1.8449441922161127,
        0.11340699501372233
    ],
    "3": [
        0.6892828467691137,
        -1.743812136581465
    ],
    "4": [
        0.9135416000250786,
        0.3263793963832862
    ],
    "5": [
        0.5634380234679703,
        0.9069662482007003
    ],
    "6": [
        -2.224055314633503,
        -1.2444845461124936
    ],
    "7": [
        -2.0901321837060975,
        -0.24765458143617494
    ],
    "8": [
        2.430151612580535,
        -2.1521190820504077
    ],
    "9": [
        1.499762086547515,
        -0.2628557874484716
    ],
    "10": [
        -0.24081651004384838,
        1.7363671211621508
    ],
    "11": [
        0.07696761871893056,
        -2.984132027879885
    ],
    "12": [
        -2.9830579589671764,
        -1.2366479526432341
    ],
    "13": [
        -1.8235477432795153,
        -2.580180415249234
    ],
    "14": [
        2.7382128958125733,
        -1.0336937844663232
    ],
    "15": [
        3.3832945292915966,
        -2.0871298232779796
    ],
    "16": [
        -0.35921493312071673,
        -1.726393908716285
    ],
    "17": [
        -0.5375515891178536,
        1.27410705349893
    ],
    "18": [
        2.543901404674315,
        2.0609999243678363
    ],
    "19": [
        -1.4584556116521064,
        3.1354432402897454
    ],
    "20": [
        0.3501333562636596,
        2.7300541429345935
    ],
    "21": [
        -4.433326135518555,
        -1.5800313561458512
    ],
    "22": [
        -1.218608296344108,
        -4.584481756704742
    ],
    "23": [
        2.058187900241826,
        4.073404524464781
    ],
    "24": [
        2.8836126508147433,
        -0.19686909794379595
    ],
    "25": [
        -1.770745129151108,
        1.1723394867986863
    ],
    "26": [
        -0.31655116659378446,
        -3.799256243403271
    ],
    "27": [
        4.39957012112718,
        -1.7469139362536439
    ],
    "28": [
        -1.913401037064416,
        -3.5248658508238107
    ],
    "29": [
        0.7465589118682914,
        1.9154192384248778
    ],
    "30": [
        -1.5521369528661466,
        -1.648636890890019
    ],
    "31": [
        -3.5344538685648637,
        -2.9622159400793238
    ],
    "32": [
        2.136200015509284,
        2.9373336491510664
    ],
    "33": [
        -1.245314958145073,
        2.3976250944993867
    ],
    "34": [
        -2.6370132539362086,
        2.3362572547699982
    ],
    "35": [
        2.980564395150992,
        0.6403571647469775
    ],
    "36": [
        3.716500981797765,
        1.2662290813676014
    ],
    "37": [
        -3.2737705168169744,
        1.673035849753236
    ]
}