{
    "0": [
        -0.438761128195,
        -0.835298579171634
    ],
    "1": [
        -0.5110568549496419,
        -0.27164157225673186
    ],
    "2": [
        -0.2595100890412583,
        -3.097090079878061
    ],
    "3": [
        0.6821436978057285,
        0.38693103267629364
    ],
    "4": [
        -0.9190470831480329,
        1.1203855962312061
    ],
    "5": [
        2.126497079910162,
        0.7364556940343965
    ],
    "6": [
        -2.292802983907852,
        1.2544153212513853
    ],
    "7": [
        -1.4899791152763104,
        1.4115428758017416
    ],
    "8": [
        2.6272809108490325,
        2.021374698717038
    ],
    "9": [
        -2.1907214829191077,
        -0.8800850775372124
    ],
    "10": [
        -1.2011249036919822,
        2.6028518473933286
    ],
    "11": [
        0.5243466596621362,
        -2.717694253367545
    ],
    "12": [
        2.4219457780231544,
        2.7099635400756075
    ],
    "13": [
        2.1524885998366847,
        -2.468177459060435
    ],
    "14": [
        -0.4706975655850873,
        -3.6814577985912287
    ],
    "15": [
        -4.08012429932116,
        0.4203486923417999
    ],
    "16": [
        1.4751611068186317,
        -2.5469400292199063
    ],
    "17": [
        1.776557027738776,
        2.322961850315688
    ],
    "18": [
        -2.219755838008512,
        0.21694353209499298
    ],
    "19": [
        3.81802945682221,
        1.987202961321892
    ],
    "20": [
        1.44759577498687,
        -4.565158321942302
    ],
    "21": [
        -0.405997391179609,
        1.9455471141539686
    ],
    "22": [
        -1.5963942750990203,
        -2.83473362163088
    ],
    "23": [
        0.6919651134111282,
        -1.2300946222048181
    ],
    "24": [
        -4.1314503697126055,
        -0.7162678940735645
    ],
    "25": [
        -1.3903705981391217,
        -1.9080455129335268
    ],
    "26": [
        3.4878287283864795,
        3.704079337893008
    ],
    "27": [
        1.9229933869029512,
        -1.6472289634618873
    ],
    "28": [
        -0.48608995838822294,
        -1.8679640879896862
    ],
    "29": [
        3.5488056470759375,
        0.8903159604290207
    ],
    "30": [
        2.4194766283212314,
        -4.184245040686992
    ],
    "31": [
        1.2805434490888281,
        -0.7222223742132627
    ],
    "32": [
        -2.5151223843175745,
        3.667704749789221
    ],
    "33": [
        2.828013242691183,
        -1.2891446722667874
    ],
    "34": [
        -1.1148500497041984,
        4.302354912690079
    ],
    "35": [
        -0.7208780391175502,
        0.4739485244823782
    ],
    "36": [
        1.8944864133773647,
        -0.07777856555118953
    ],
    "37": [
        -2.8504681088293125,
        2.415937361166575
    ],
    "38": [
        0.29451783960709926,
        3.5312130599418956
    ],
    "39": [
        -2.749772934642169,
        -3.880510324441831
    ],
    "40": [
        1.2475748343739592,
        1.45486397659271
    ],
    "41": [
        0.18540215170241042,
        2.79480774589807
    ],
    "42": [
        -2.838595186887782,
        -1.8890333960427863
    ]
}