{
    "0": [
        -0.974224670089395,
        -0.3012458799450093
    ],
    "1": [
        3.209479113666659,
        -0.6493357209211571
    ],
    "2": [
        -2.227752987899011,
        -2.668679152006426
    ],
    "3": [
        -0.12755208830365605,
        -2.1019145460345237
    ],
    "4": [
        3.061694714253995,
        -2.828509945752079
    ],
    "5": [
        0.24631991331424277,
        -4.330413383665814
    ],
    "6": [
        0.2919895483027193,
        3.869614830573567
    ],
    "7": [
        0.2639482376240608,
        3.2314717342697787
    ],
    "8": [
        -0.3760517146294203,
        1.3473628770868966
    ],
    "9": [
        -1.6838699011169584,
        1.2323236453470243
    ],
    "10": [
        -2.5319671662423184,
        6.033310847964651
    ],
    "11": [
        0.3722844086060002,
        0.10475947519991605
    ],
    "12": [
        2.177293389810776,
        -3.347461927337468
    ],
    "13": [
        -2.032667253420023,
        2.76178231888874
    ],
    "14": [
        1.065662864767773,
        1.852581877184025
    ],
    "15": [
        0.07295093091976634,
        1.9453921940291188
    ],
    "16": [
        -0.3478099163603293,
        0.1336124170132017
    ],
    "17": [
        -1.7477640755284007,
        0.1610744903663458
    ],
    "18": [
        0.824940164373504,
        -0.3370560700080756
    ],
    "19": [
        1.8144982685513011,
        3.145277264966732
    ],
    "20": [
        1.384806351232458,
        -0.7033833212397125
    ],
    "21": [
        -2.6006346910159177,
        0.6924934136455942
    ],
    "22": [
        -0.6244938100732447,
        2.278069854997972
    ],
    "23": [
        -1.4524692428262984,
        -4.170950159280724
    ],
    "24": [
        0.4446380280536786,
        0.6872856761000044
    ],
    "25": [
        1.4983046936003603,
        0.9901159482767382
    ],
    "26": [
        0.6154306368427573,
        -1.6167238351836979
    ],
    "27": [
        2.28915683481483,
        -4.843762827249766
    ],
    "28": [
        -1.6052253896447148,
        3.8799718559596843
    ],
    "29": [
        -3.892373304172029,
        1.343377706421927
    ],
    "30": [
        2.138174701938401,
        -0.04935734822538874
    ],
    "31": [
        -0.4789063406619477,
        -1.3398925491985003
    ],
    "32": [
        1.735875120569335,
        1.7331045320901473
    ],
    "33": [
        1.5093515524559653,
        2.6017994984047172
    ],
    "34": [
        -0.9332300151657268,
        -5.803279761659079
    ]
}