{
    "0": [
        -2.113218841025317,
        -2.1466786936848368
    ],
    "1": [
        12.2152859119289,
        -2.9359188323693224
    ],
    "2": [
        -5.142585818366847,
        1.1042485258348973
    ],
    "3": [
        -4.158968876330977,
        1.7283075190599229
    ],
    "4": [
        -3.3791605820749564,
        1.4513327623940615
    ],
    "5": [
        2.9863954595693443,
        0.9914199352574466
    ],
    "6": [
        10.140134758343471,
        -1.1971296812142491
    ],
    "7": [
        -6.6364659659316505,
        -0.6281727970794537
    ],
    "8": [
        0.2792530568935771,
        -1.4675276238848158
    ],
    "9": [
        14.863051191791943,
        -4.081813639946895
    ],
    "10": [
        17.305244440767797,
        -5.110514248267878
    ],
    "11": [
        6.629987595760622,
        0.5632451796202783
    ],
    "12": [
        19.035590133801346,
        -6.357491193860653
    ],
    "13": [
        -8.380244463265685,
        2.745943049052149
    ],
    "14": [
        6.219427504214272,
        -0.6859755465336527
    ],
    "15": [
        9.332272500360883,
        -1.5807128092469
    ],
    "16": [
        -2.7965875827168754,
        3.1175000199479865
    ],
    "17": [
        -2.6608705811595414,
        -3.840131789521106
    ],
    "18": [
        18.74367467291983,
        -4.782132911927399
    ],
    "19": [
        2.2021087097980034,
        -0.15695828022733582
    ],
    "20": [
        1.594404705313557,
        -1.41310013829212
    ],
    "21": [
        8.598789220131797,
        -0.7449053533865332
    ],
    "22": [
        20.41696629757237,
        -7.211322506276235
    ],
    "23": [
        -7.777450356763934,
        3.865332812639805
    ],
    "24": [
        -6.497664561429028,
        2.4841421261595014
    ],
    "25": [
        10.149612691088745,
        -0.08610570346447871
    ],
    "26": [
        -1.2458747273606146,
        1.242028736491197
    ],
    "27": [
        -4.915241228997973,
        0.2541969713695012
    ],
    "28": [
        11.489004651806306,
        1.0019291732825963
    ],
    "29": [
        -1.536726946448018,
        2.923546892820026
    ],
    "30": [
        -4.046962566405416,
        -0.781187679456344
    ]
}