{
    "0": [
        -1.2808159195068256,
        3.4460491099457387
    ],
    "1": [
        -3.200615995651725,
        -3.743684630625185
    ],
    "2": [
        1.8262353098135586,
        1.9092023960913043
    ],
    "3": [
        0.24602718418494451,
        0.5039471442170315
    ],
    "4": [
        -1.0230643615140562,
        6.140112091837397
    ],
    "5": [
        4.1290024670380285,
        -3.4056838780034706
    ],
    "6": [
        -0.31539731402734705,
        4.16718632988528
    ],
    "7": [
        0.9582030536119271,
        2.1138554525531594
    ],
    "8": [
        -1.2285018876748872,
        2.3928239732127285
    ],
    "9": [
        1.6751831956147543,
        -2.0379167016006083
    ],
    "10": [
        -1.7238679934258812,
        -0.24430655232836188
    ],
    "11": [
        4.324599449655063,
        -2.2092382770643404
    ],
    "12": [
        0.7967795244576144,
        -1.080846480940759
    ],
    "13": [
        3.161831849126441,
        3.7130522811744804
    ],
    "14": [
        -4.832376030052262,
        1.620874748131072
    ],
    "15": [
        -1.3182965957325286,
        -2.4976578863103382
    ],
    "16": [
        2.554065864736766,
        -0.3276176818440843
    ],
    "17": [
        1.3211961072118694,
        -2.393760809176543
    ],
    "18": [
        -0.10147465248505509,
        -1.271294619405433
    ],
    "19": [
        3.089012901669194,
        -3.7241909261194075
    ],
    "20": [
        4.006972805341044,
        -1.6170308635966721
    ],
    "21": [
        -2.726529548817758,
        1.1554565471434266
    ],
    "22": [
        -0.7447512099948947,
        0.13128024787844084
    ],
    "23": [
        3.246356717167283,
        -1.277226911740288
    ],
    "24": [
        2.3738899192972758,
        -2.7649665945000668
    ],
    "25": [
        1.3494560354774305,
        -3.1127599237714723
    ],
    "26": [
        -2.257386813075689,
        6.040228111900499
    ],
    "27": [
        0.7016888120232881,
        -4.854366852286698
    ],
    "28": [
        -0.3765402268610733,
        -5.228193109323062
    ],
    "29": [
        -3.189399557876924,
        7.846376919633053
    ],
    "30": [
        1.7006271027721533,
        -0.7971813806502562
    ],
    "31": [
        0.21149787628460404,
        -3.027378793747492
    ],
    "32": [
        2.9222514589734083,
        -3.2373864353496518
    ],
    "33": [
        3.4128445784644232,
        0.7454824107282293
    ]
}