{
    "0": [
        -3.6880923368724927,
        2.7748439880813485
    ],
    "1": [
        -1.5752548638629718,
        2.133353671428895
    ],
    "2": [
        0.9907881627847547,
        -3.9580932702452345
    ],
    "3": [
        3.50860454802769,
        2.7461817569488542
    ],
    "4": [
        -1.070964516291955,
        -4.58438596312615
    ],
    "5": [
        -1.3509007196865719,
        3.985701450528449
    ],
    "6": [
        2.1852624117373436,
        3.3718929135441065
    ],
    "7": [
        4.8851425918432065,
        -0.11798899893983608
    ],
    "8": [
        2.8477683641857467,
        -3.3763162487541303
    ],
    "9": [
        1.3523169030299238,
        -2.6603690623860876
    ],
    "10": [
        0.8333113150680461,
        4.286856094000453
    ],
    "11": [
        3.3265297230012782,
        -1.5067582929144376
    ],
    "12": [
        3.429834969570744,
        -0.7538929109860635
    ],
    "13": [
        -3.3092211215868677,
        4.6247477184061205
    ],
    "14": [
        1.3697894462343634,
        1.4907421132240866
    ],
    "15": [
        2.034404037729525,
        -0.9632706262998327
    ],
    "16": [
        0.4876647761196987,
        2.786466734509473
    ],
    "17": [
        0.6352196192366791,
        1.7269724515707114
    ],
    "18": [
        -4.014393994024433,
        0.39602368752721306
    ],
    "19": [
        -0.5991088264640057,
        -1.102039701114292
    ],
    "20": [
        -4.188690166193194,
        -0.955004078590506
    ],
    "21": [
        0.6241848568318308,
        -0.9202402533797168
    ],
    "22": [
        -2.0552007629267366,
        -0.5986552226863122
    ],
    "23": [
        4.819948057995476,
        1.4391869575741874
    ],
    "24": [
        1.3731443253500386,
        -0.16039663201020068
    ],
    "25": [
        -2.583568461634627,
        0.31413499010902896
    ],
    "26": [
        -1.992232444057222,
        -2.5410081523628403
    ],
    "27": [
        -3.0621415008246227,
        -0.8042060351592737
    ],
    "28": [
        3.007365058157804,
        0.2743304009855955
    ],
    "29": [
        4.229438045958494,
        -5.286758985931548
    ],
    "30": [
        -0.4274404592318795,
        0.260004560070469
    ],
    "31": [
        0.6900739402168591,
        0.052842935632740444
    ],
    "32": [
        0.40461513662212095,
        -3.0198540720926594
    ],
    "33": [
        2.4928501934942147,
        1.1787197570981507
    ],
    "34": [
        1.2812312211712504,
        0.47429529541344095
    ],
    "35": [
        1.3076031712998382,
        -1.4420719845260075
    ],
    "36": [
        -3.983970801307265,
        1.2571941032097977
    ],
    "37": [
        0.026381414987503026,
        -1.5864230748055228
    ]
}