{
    "0": [
        2.1303261075738957,
        -2.961116550886605
    ],
    "1": [
        -0.1659390668312108,
        -3.1880822494833065
    ],
    "2": [
        -2.658956432755466,
        -2.4227980905113196
    ],
    "3": [
        -4.610271294527763,
        -3.1965653923319244
    ],
    "4": [
        -5.946978044243285,
        -2.504897404884347
    ],
    "5": [
        -5.028497246351711,
        -1.0639130945998918
    ],
    "6": [
        -2.9798086815842413,
        0.022850023005360227
    ],
    "7": [
        -0.9406645521584144,
        2.145201182102396
    ],
    "8": [
        0.4587538844301865,
        2.427252911598715
    ],
    "9": [
        -1.420255766951843,
        3.3814851530257775
    ],
    "10": [
        -2.3977476523662276,
        1.6398389537698215
    ],
    "11": [
        -0.8911680398734516,
        0.6267413516782945
    ],
    "12": [
        0.36336345082484056,
        -0.4085156843368463
    ],
    "13": [
        1.9768289432169883,
        -0.552775857216956
    ],
    "14": [
        1.1817007588647899,
        -2.382923103695799
    ],
    "15": [
        1.4686187454815391,
        -1.3563074300583273
    ],
    "16": [
        0.6742901429076762,
        1.0222033379305
    ],
    "17": [
        0.49105764863921997,
        3.5607716055847853
    ],
    "18": [
        -0.6558891209860277,
        4.807351875717753
    ],
    "19": [
        -0.17262902600060148,
        3.87078476985435
    ],
    "20": [
        1.1567717637707635,
        2.7861281608522925
    ],
    "21": [
        2.711469624559046,
        1.3376293871296583
    ],
    "22": [
        4.6347298108048305,
        1.2166919957153308
    ],
    "23": [
        4.3675833137795514,
        -0.07950210794074697
    ],
    "24": [
        4.071357431785434,
        -2.1051238190512738
    ]
}