{
    "0": [
        3.1049643717442588,
        3.461901174414564
    ],
    "1": [
        1.1134535070023301,
        4.025321136056382
    ],
    "2": [
        -0.5846522949405406,
        2.199811766682078
    ],
    "3": [
        0.6557552682322798,
        1.436689852635189
    ],
    "4": [
        1.2788915383313275,
        0.8358625173195579
    ],
    "5": [
        3.21556783239079,
        -0.1475852370537244
    ],
    "6": [
        4.475697703596864,
        1.5390132953180033
    ],
    "7": [
        5.3039120028545685,
        -0.326937072301684
    ],
    "8": [
        3.8856074956058357,
        -2.3285131558262955
    ],
    "9": [
        1.2967939739018284,
        -2.777886395410145
    ],
    "10": [
        -0.6052404624393948,
        -3.379917553006167
    ],
    "11": [
        0.5390814209683424,
        -3.864027725959356
    ],
    "12": [
        1.1660159528011158,
        -1.5400791892764865
    ],
    "13": [
        0.91465583425159,
        -0.9062921080696702
    ],
    "14": [
        -0.7585458221878932,
        0.15509277750010078
    ],
    "15": [
        -1.3287916077044188,
        0.5236275800476076
    ],
    "16": [
        -1.7942649415104837,
        -1.3673370627681376
    ],
    "17": [
        -3.261416633037704,
        -0.6294417055940847
    ],
    "18": [
        -4.645267136797588,
        -1.1125693103666376
    ],
    "19": [
        -3.075148649397938,
        -2.4216118597986087
    ],
    "20": [
        -0.3732440735024927,
        -1.9431342938221376
    ],
    "21": [
        2.1584180224203022,
        -2.0627109301545277
    ],
    "22": [
        4.614937534368987,
        -1.8291211072485511
    ],
    "23": [
        6.459605897086358,
        -2.9265880539098217
    ],
    "24": [
        5.345484721122696,
        -3.3244118825498727
    ],
    "25": [
        3.224862486888405,
        -2.0886747383581117
    ],
    "26": [
        0.4983220330713859,
        -0.570854739510289
    ],
    "27": [
        -1.9801649674236261,
        1.187944323496172
    ],
    "28": [
        -4.3383116532090495,
        0.8367114219117648
    ],
    "29": [
        -4.4599371449773795,
        0.0977925009275333
    ],
    "30": [
        -2.088051436754767,
        -0.3596857694079445
    ],
    "31": [
        0.20777655478504845,
        0.6575518988713839
    ],
    "32": [
        1.709044226851072,
        2.7721609934033786
    ]
}