{
    "0": [
        -1.9435717999981887,
        3.8960438254495204
    ],
    "1": [
        -1.762802439811379,
        2.4257907060967416
    ],
    "2": [
        -0.6979710190910552,
        2.0917639757478685
    ],
    "3": [
        1.4033161004082322,
        2.7274562256638792
    ],
    "4": [
        0.33948681643538403,
        3.066060340631088
    ],
    "5": [
        -0.055337823301784606,
        1.9091774128385224
    ],
    "6": [
        -0.9698853169632846,
        0.581687959374138
    ],
    "7": [
        1.143656624933621,
        -0.05285565683182365
    ],
    "8": [
        3.1487052885407727,
        -0.12938259582698192
    ],
    "9": [
        3.0350020207140824,
        1.6943369524955558
    ],
    "10": [
        1.9932743402980058,
        1.3045257131921175
    ],
    "11": [
        2.2804279863476413,
        -1.0103532577655299
    ],
    "12": [
        3.3675672877771436,
        -1.8978389155365278
    ],
    "13": [
        2.4292810842611723,
        -3.156931077306864
    ],
    "14": [
        0.8713642037632656,
        -2.1819796190602543
    ],
    "15": [
        -1.2363082358033728,
        -0.946342186575179
    ],
    "16": [
        -1.9018670921150833,
        0.4095681825305358
    ],
    "17": [
        -2.891081696517209,
        0.10477480430068115
    ],
    "18": [
        -4.820423171697882,
        1.2685838186960499
    ],
    "19": [
        -5.3823012769405345,
        3.0042378632404336
    ],
    "20": [
        -4.065102555030668,
        4.166303209595678
    ]
}