{
    "0": [
        10.027104320635017,
        -0.0650148929228553
    ],
    "1": [
        0.6638231190198519,
        -2.1519086584263265
    ],
    "2": [
        11.572790742760347,
        2.833696395809142
    ],
    "3": [
        10.154639551128122,
        1.9555366652347737
    ],
    "4": [
        8.641614397622597,
        1.8514745127382672
    ],
    "5": [
        10.344829102768866,
        2.590874215378697
    ],
    "6": [
        9.54121275921144,
        3.0711484078713873
    ],
    "7": [
        8.511761773716852,
        0.5325843018557443
    ],
    "8": [
        6.338874760768779,
        0.523676649218655
    ],
    "9": [
        3.089906475227599,
        -0.3428390842643989
    ],
    "10": [
        10.171128066015845,
        1.2277229059415267
    ],
    "11": [
        -0.18781280120513116,
        -1.2432320034287503
    ],
    "12": [
        7.38303207075974,
        -0.17295624793589384
    ],
    "13": [
        -11.250623088789354,
        -3.0845481302716284
    ],
    "14": [
        -12.903616830007483,
        -3.3403820261642942
    ],
    "15": [
        -5.078733406513754,
        -3.417584135817838
    ],
    "16": [
        -3.6679167274511504,
        -1.9569674808520552
    ],
    "17": [
        -4.559973419215909,
        -5.06515956928588
    ],
    "18": [
        -9.035584883168573,
        -2.718028982335187
    ],
    "19": [
        -8.137929245016757,
        -1.7433523658641659
    ],
    "20": [
        -5.844734884864062,
        -5.036282380868533
    ],
    "21": [
        -4.781502064500585,
        -0.8266092076457023
    ],
    "22": [
        -4.8687713085003,
        -1.5269760708877282
    ],
    "23": [
        -6.234691303442952,
        -1.4623374412852506
    ],
    "24": [
        -6.495835163304399,
        -2.553993416803596
    ],
    "25": [
        -7.215835214900359,
        0.050903251272076656
    ]
}