{
    "0": [
        3.429904522270472,
        5.431342098228013
    ],
    "1": [
        1.7925163682676937,
        3.384022502058967
    ],
    "2": [
        -3.3935106588912443,
        2.451058080117439
    ],
    "3": [
        3.843922047839511,
        7.852051440664231
    ],
    "4": [
        3.466577532322596,
        4.583384529065293
    ],
    "5": [
        4.793331428257461,
        5.253609543359097
    ],
    "6": [
        3.0565963529884543,
        6.154177974440702
    ],
    "7": [
        -1.2645699717260184,
        2.5127756629154288
    ],
    "8": [
        1.6536423902621715,
        4.556392059781683
    ],
    "9": [
        -0.055995614438556086,
        2.028639551515168
    ],
    "10": [
        -1.9238260313100795,
        1.4297682401906635
    ],
    "11": [
        -1.0526559333472665,
        -4.744567664937748
    ],
    "12": [
        -1.6167342817923651,
        -1.0241063777305937
    ],
    "13": [
        -2.5395637103880957,
        -3.3441325464477223
    ],
    "14": [
        -4.905210063198102,
        -3.9344308526279965
    ],
    "15": [
        -3.325831021545288,
        -3.1277621838244536
    ],
    "16": [
        -1.5698893420760127,
        -2.8614694357722272
    ],
    "17": [
        -3.0454405071705977,
        -1.9319783797879582
    ],
    "18": [
        -0.06336584808610911,
        -3.944058321466966
    ],
    "19": [
        -4.51618379247963,
        -2.8494810127169283
    ],
    "20": [
        -4.441952904435363,
        -4.755311911030784
    ],
    "21": [
        -2.2448748785331336,
        -0.7848620758616958
    ],
    "22": [
        0.9899291794884574,
        6.164118246561038
    ]
}