{
    "0": [
        -5.111805388262792,
        4.318702128128175
    ],
    "1": [
        -3.818661177766843,
        2.992975725833607
    ],
    "2": [
        -6.408987637948717,
        3.2668653910787864
    ],
    "3": [
        -7.250369529170536,
        2.6594629157805425
    ],
    "4": [
        -0.5845192927451063,
        -0.22879554238788413
    ],
    "5": [
        -3.1808643036940256,
        1.219291781781341
    ],
    "6": [
        -5.816034059096196,
        1.8015322987808802
    ],
    "7": [
        -7.893767532661529,
        5.834954812552766
    ],
    "8": [
        -6.892884072222991,
        4.421383526025426
    ],
    "9": [
        -9.312930936453808,
        0.7415512384671185
    ],
    "10": [
        -7.75888452332752,
        1.3937456884356194
    ],
    "11": [
        7.834568235299658,
        -4.732797183364861
    ],
    "12": [
        9.448286252000212,
        -5.005125216900193
    ],
    "13": [
        6.390020175043004,
        -3.060497785973332
    ],
    "14": [
        9.092335626130236,
        -5.790872370470218
    ],
    "15": [
        4.421470542256561,
        -4.827721498643505
    ],
    "16": [
        2.9768244809231788,
        -3.463913936746901
    ],
    "17": [
        5.898718872868752,
        -1.8920685036807952
    ],
    "18": [
        4.473817070284947,
        -2.059747717002761
    ],
    "19": [
        2.002956323711232,
        -1.6667873617087645
    ],
    "20": [
        6.198689746942028,
        -5.327574881510782
    ]
}