{
    "0": [
        -0.15161104805398318,
        0.1996916631888599
    ],
    "1": [
        0.13261651438074074,
        1.3361472329170834
    ],
    "2": [
        1.053303775340207,
        -1.0417481248214004
    ],
    "3": [
        -0.6660675761139021,
        -0.3962145869903564
    ],
    "4": [
        1.0916438946362967,
        0.5018137891413073
    ],
    "5": [
        0.5621879496630866,
        -1.2925957709882763
    ],
    "6": [
        1.0343426509381075,
        0.4898902091841153
    ],
    "7": [
        0.05713784135636568,
        1.247651767679543
    ],
    "8": [
        -0.6383046055331139,
        -0.3324783042101149
    ],
    "9": [
        -1.0913709962369393,
        0.6846194931740772
    ],
    "10": [
        0.588510875963494,
        -1.3139918536300765
    ],
    "11": [
        -0.05808389109923473,
        0.4347962663496103
    ],
    "12": [
        -0.6754747040077425,
        -0.45154894169505333
    ],
    "13": [
        -0.6340001474469499,
        -0.7250284020276645
    ],
    "14": [
        -1.0884044564793782,
        0.6735016915808165
    ],
    "15": [
        0.4653823380683628,
        -1.4148796845837142
    ],
    "16": [
        0.018191584624585255,
        1.400373555731266
    ]
}