{
    "0": [
        -1.0222777164469892,
        0.43161937728576927
    ],
    "1": [
        -1.1020001017897991,
        -0.280478015730413
    ],
    "2": [
        0.9251599947835984,
        -0.7185256602840138
    ],
    "3": [
        -0.32486314026970176,
        1.6019313775266566
    ],
    "4": [
        -0.26872015994088727,
        -1.8446392573147588
    ],
    "5": [
        0.03411582113551015,
        -0.8952149741260058
    ],
    "6": [
        0.08622427233788521,
        -0.5038873415616685
    ],
    "7": [
        0.2873563963806802,
        0.0839042008648141
    ],
    "8": [
        0.08017025307588543,
        -0.8386783398228346
    ],
    "9": [
        -0.7316126304268549,
        0.8368471103258814
    ],
    "10": [
        1.0486854630704432,
        -0.7766024738579276
    ],
    "11": [
        -0.33569064137311333,
        1.548441298433893
    ],
    "12": [
        0.7625287590865888,
        1.0103814410039824
    ],
    "13": [
        -0.4416987821471192,
        1.5097842639342405
    ],
    "14": [
        -0.9755476288903675,
        0.7749255443143284
    ],
    "15": [
        1.0355138378557878,
        -0.7953011432126722
    ],
    "16": [
        -0.1840765117202423,
        -1.7830868907372306
    ],
    "17": [
        0.7160177760225479,
        1.0764421532969255
    ],
    "18": [
        -0.005606577776287924,
        -0.8051263143685752
    ],
    "19": [
        0.4163213170324198,
        0.3672636440295918
    ]
}