{
    "0": [
        -0.9114045347429391,
        -0.2891404778311695
    ],
    "1": [
        0.7681665294223544,
        0.5985079270027938
    ],
    "2": [
        0.13225990416847555,
        -0.6660518747986832
    ],
    "3": [
        0.7508606613862815,
        0.6283346494624826
    ],
    "4": [
        0.7402172422046507,
        0.6078069149398466
    ],
    "5": [
        0.13983592246455845,
        -0.6755784254584971
    ],
    "6": [
        0.10803870799318105,
        -0.6801468079829731
    ],
    "7": [
        -0.8216224840114206,
        0.016180889938351317
    ],
    "8": [
        -0.8637489167928931,
        0.08769614558278827
    ],
    "9": [
        -0.9559428326667574,
        0.41687986530133836
    ],
    "10": [
        0.74411582349558,
        0.5664730011692516
    ],
    "11": [
        0.16922397707892967,
        -0.6109618073255274
    ]
}