{
    "0": [
        -0.7240107800489106,
        -0.12557081840764717
    ],
    "1": [
        -0.09883120906871667,
        -1.362003313953748
    ],
    "2": [
        0.05818886883571217,
        0.7845651329681722
    ],
    "3": [
        0.06484482808252778,
        0.8659811876264172
    ],
    "4": [
        0.05770335172792329,
        0.7848616532769519
    ],
    "5": [
        0.06989130000305366,
        0.8927169596391398
    ],
    "6": [
        0.06261481713692518,
        0.8725931836769263
    ],
    "7": [
        0.06941769699257527,
        0.8935555893402061
    ],
    "8": [
        -0.099003627752694,
        -1.3667699303387355
    ],
    "9": [
        0.6859585762608269,
        -0.4389274037716486
    ],
    "10": [
        0.6629653743453243,
        -0.33248205933263364
    ],
    "11": [
        -0.7177378246321506,
        -0.10762082800434492
    ],
    "12": [
        -0.09200137188240554,
        -1.360899352719061
    ]
}