{
    "0": [
        -1.3795861173527602,
        -0.4673736399355892
    ],
    "1": [
        0.9193286971133876,
        0.5077122360232496
    ],
    "2": [
        -1.3688564010064281,
        -0.39793234408008793
    ],
    "3": [
        0.817036115485223,
        0.49006654874459166
    ],
    "4": [
        0.0627285723662272,
        -1.1298068687856295
    ],
    "5": [
        0.02895675298492506,
        -1.0766916426120217
    ],
    "6": [
        -0.32464740188118135,
        0.46870856700848673
    ],
    "7": [
        1.0501024887904897,
        0.3699093072609827
    ],
    "8": [
        -1.3757601432795301,
        -0.35964554145104977
    ],
    "9": [
        -0.08456953233253728,
        0.6627608219577765
    ],
    "10": [
        0.1094311755133166,
        0.652660706154585
    ],
    "11": [
        0.034612410213078704,
        -1.0618713036202907
    ],
    "12": [
        0.6035012587005717,
        0.830375691664536
    ],
    "13": [
        0.907722124685213,
        0.5111274616704486
    ]
}