{
    "0": [
        0.1409279613474559,
        1.0978187523808964
    ],
    "1": [
        0.1750311315874764,
        1.0917112396741926
    ],
    "2": [
        0.6095098436903047,
        1.0995177501509907
    ],
    "3": [
        1.0032584303709373,
        0.8753881378431014
    ],
    "4": [
        1.3190799003090343,
        -0.05665760224212324
    ],
    "5": [
        1.313616771923521,
        -0.035596916525800104
    ],
    "6": [
        1.3317929074606454,
        -0.17049922737766288
    ],
    "7": [
        -0.31769854334272085,
        -0.2841140400316964
    ],
    "8": [
        -0.32965987453749923,
        -0.3606478667294959
    ],
    "9": [
        -1.1843522472983523,
        -1.2825260879421418
    ],
    "10": [
        -1.2021877455094925,
        -1.29664315459467
    ],
    "11": [
        -1.1927957780246679,
        -1.286200846132573
    ],
    "12": [
        -1.2021732100843912,
        -1.2913710993399663
    ],
    "13": [
        -0.4428643817733877,
        -0.2755974011547586
    ],
    "14": [
        0.09740623966876427,
        1.1082373752135704
    ],
    "15": [
        -0.11889140578762758,
        1.0671809868081334
    ]
}