{
    "0": [
        0.9460446176654091,
        0.6416218902533899
    ],
    "1": [
        -0.8397658916666053,
        0.3058021292774651
    ],
    "2": [
        -0.8575479766503884,
        0.315122627669413
    ],
    "3": [
        -0.8394228668046413,
        0.3159883724490271
    ],
    "4": [
        -0.575030224747314,
        -1.0347249922638762
    ],
    "5": [
        -0.5789146118360975,
        -1.0614664873504154
    ],
    "6": [
        -0.5284270390911239,
        -1.0988940070000597
    ],
    "7": [
        -0.5653770160068756,
        -1.0304097714611578
    ],
    "8": [
        -0.5481517635874713,
        -1.0785273184613526
    ],
    "9": [
        -0.825185304936527,
        0.2914875407400368
    ],
    "10": [
        1.0251256886451277,
        0.6449153578363589
    ],
    "11": [
        1.1517467314426941,
        0.9800218208041951
    ],
    "12": [
        1.0351511990867213,
        0.6537479112630233
    ],
    "13": [
        1.0326221563283262,
        0.6579813849834517
    ],
    "14": [
        0.9671323021587686,
        0.49733354126049534
    ]
}