{
    "0": [
        0.7977881580051438,
        -0.5459501995150973
    ],
    "1": [
        0.8261633786019242,
        -0.5700975680641003
    ],
    "2": [
        0.8398997473916427,
        -0.5356335026662098
    ],
    "3": [
        0.8496243853846419,
        -0.501964957361873
    ],
    "4": [
        -0.7922297749388623,
        -0.2355768713444517
    ],
    "5": [
        -0.8116836476010238,
        -0.21903222795448274
    ],
    "6": [
        -0.0010798664862683438,
        1.0739252610124068
    ],
    "7": [
        0.004392405155622114,
        1.082474989556843
    ],
    "8": [
        0.00315466939785658,
        1.0827747645698143
    ],
    "9": [
        -0.05073713671969138,
        1.0707329830843189
    ],
    "10": [
        -0.8080580419935242,
        -0.2551882518657478
    ],
    "11": [
        -0.8145045886214195,
        -0.28227024891383756
    ],
    "12": [
        -0.042729687576047226,
        -1.1641941705375842
    ]
}