{
    "0": [
        -0.3176919543742258,
        0.07086673478675376
    ],
    "1": [
        0.05921888713672363,
        -0.07532345562058484
    ],
    "2": [
        -1.3101165380605675,
        -0.10401018406733353
    ],
    "3": [
        -0.18348455004178188,
        -1.3656687629430402
    ],
    "4": [
        -1.2356757476565612,
        -0.05964690684371732
    ],
    "5": [
        -0.6235891475878477,
        0.107943911503523
    ],
    "6": [
        -0.5729556741112756,
        0.16230093594082629
    ],
    "7": [
        -0.2724750295202396,
        0.09373632246364583
    ],
    "8": [
        0.47967911407562003,
        0.4391691474516497
    ],
    "9": [
        0.728218098006939,
        0.6007786384750045
    ],
    "10": [
        0.7952509253522329,
        0.6647146237786208
    ],
    "11": [
        1.0098806043665247,
        0.8777752915772705
    ],
    "12": [
        1.2491316763177047,
        1.117257507528275
    ],
    "13": [
        -0.10479427260345897,
        -1.4086834205248047
    ],
    "14": [
        0.4216553820967217,
        0.2554913493691773
    ],
    "15": [
        -0.12225177339650983,
        -1.3767017328752797
    ]
}