{
    "0": [
        -0.0007442692605437173,
        -0.7534797850775075
    ],
    "1": [
        -0.109933769039956,
        -0.8692479276250902
    ],
    "2": [
        -0.1899088641286717,
        -0.7836397997994595
    ],
    "3": [
        -0.8045080862852281,
        -0.2614282216201316
    ],
    "4": [
        -0.841438803535921,
        -0.2186378598901424
    ],
    "5": [
        -0.24716756080423874,
        0.7496144416087009
    ],
    "6": [
        -0.18637572709293648,
        0.7687686736341419
    ],
    "7": [
        -0.3067684301995617,
        0.809470434345279
    ],
    "8": [
        -0.24683670395546375,
        0.8505677515823509
    ],
    "9": [
        -1.3327337994476376,
        1.168094576187407
    ],
    "10": [
        -1.3717907035006527,
        1.1898409341579113
    ],
    "11": [
        -1.401372689922852,
        1.1785954877425562
    ],
    "12": [
        -1.3915436130909709,
        1.1749304914344556
    ],
    "13": [
        0.9753513804491472,
        -0.43816967375428195
    ],
    "14": [
        1.7238398345598638,
        -0.7899245108443447
    ],
    "15": [
        1.7237723003862366,
        -0.7932929262159432
    ],
    "16": [
        1.7689588128906046,
        -0.8452364670074743
    ],
    "17": [
        1.7559085583773195,
        -0.8438125380364863
    ],
    "18": [
        0.4832921336014635,
        -1.2930130808219547
    ]
}