{
    "0": [
        -4.738120285333893,
        -2.66711700359296
    ],
    "1": [
        -5.282786303298315,
        -2.6123112518301
    ],
    "2": [
        -5.275149003540167,
        -2.8119041282039277
    ],
    "3": [
        -4.348647591035382,
        -2.678803233750079
    ],
    "4": [
        -4.6381869406899074,
        -2.705584604399643
    ],
    "5": [
        -3.5872871001301143,
        -2.408010998471825
    ],
    "6": [
        -5.396339195256616,
        -2.298584531961172
    ],
    "7": [
        -4.347182838532291,
        -2.6286232425677536
    ],
    "8": [
        -5.424016385853984,
        -2.5931132998605424
    ],
    "9": [
        -5.351925683764577,
        -2.6060646793452893
    ],
    "10": [
        5.8467616215022735,
        3.390439097316351
    ],
    "11": [
        4.800981192441896,
        2.290966243471397
    ],
    "12": [
        4.740312208323014,
        2.226407779505518
    ],
    "13": [
        5.241181412253039,
        2.7327603607667204
    ],
    "14": [
        5.055435084120597,
        2.5448534098645794
    ],
    "15": [
        5.842569513594406,
        3.3864699115825996
    ],
    "16": [
        5.231257294512157,
        2.7204300207350887
    ],
    "17": [
        5.798023156484313,
        3.341726882098472
    ],
    "18": [
        5.833119844203554,
        3.3760632686424756
    ]
}