{
    "0": [
        7.308713063175919,
        5.3603419495239155
    ],
    "1": [
        7.172253668160448,
        5.429851360413849
    ],
    "2": [
        7.647818900052888,
        5.182738519692349
    ],
    "3": [
        7.167718203804821,
        5.433843378884182
    ],
    "4": [
        7.605563816881232,
        5.203935909792638
    ],
    "5": [
        7.058648826067007,
        5.492005774539928
    ],
    "6": [
        7.827930128854266,
        5.086006468652625
    ],
    "7": [
        7.101017698445707,
        5.464010942129744
    ],
    "8": [
        -8.412814670028627,
        -6.09325194292458
    ],
    "9": [
        -8.412797734957323,
        -6.093239512166107
    ],
    "10": [
        -8.412799307997222,
        -6.093240371211232
    ],
    "11": [
        -8.412826989041644,
        -6.093260802608725
    ],
    "12": [
        -8.412797265173689,
        -6.093239214639922
    ],
    "13": [
        -8.412849817662222,
        -6.0932779729839055
    ],
    "14": [
        -8.412778520581547,
        -6.093224487094762
    ]
}