{
    "0": [
        -12.210999776574429,
        2.742056294573997
    ],
    "1": [
        -12.210927783104509,
        2.741939037817234
    ],
    "2": [
        -12.247573899241885,
        2.7866803643399995
    ],
    "3": [
        -11.918360903339156,
        2.3760603802394638
    ],
    "4": [
        -12.30682441625526,
        2.8601815087799967
    ],
    "5": [
        -12.248415729321238,
        2.787701314780997
    ],
    "6": [
        -12.247932143401599,
        2.787073018588318
    ],
    "7": [
        -11.85897883881444,
        2.301914169205718
    ],
    "8": [
        -12.21143398902472,
        2.7423067333367976
    ],
    "9": [
        -12.209772289131724,
        2.7418516486118625
    ],
    "10": [
        13.361137509463202,
        -2.805276607223366
    ],
    "11": [
        13.321610340672912,
        -2.7617213474744498
    ],
    "12": [
        13.671133543078714,
        -3.1576928034007543
    ],
    "13": [
        13.753458528140563,
        -3.252443850171985
    ],
    "14": [
        13.66578222537392,
        -3.15227068373599
    ],
    "15": [
        13.30010497297902,
        -2.736489961828868
    ],
    "16": [
        13.691473521897407,
        -3.1818547611595447
    ],
    "17": [
        13.384044824434122,
        -2.8313632911689917
    ],
    "18": [
        13.52247430216909,
        -2.988651164110459
    ]
}