{
    "0": [
        -1.848058668626273,
        1.451484768976825
    ],
    "1": [
        -2.3601506166205883,
        1.7749701429758051
    ],
    "2": [
        -1.9545772512208834,
        1.4438863200311118
    ],
    "3": [
        -2.461928710020416,
        1.7710342947963102
    ],
    "4": [
        -1.3857922535457785,
        1.6930272458142577
    ],
    "5": [
        -1.7594520008695806,
        1.555773779702263
    ],
    "6": [
        -1.4114103870803725,
        1.6683546525616508
    ],
    "7": [
        -1.9001668883287595,
        1.5894219002592083
    ],
    "8": [
        -2.4465139714906856,
        1.8495840036165996
    ],
    "9": [
        1.8483526349529287,
        -1.5319051455217467
    ],
    "10": [
        1.96300733349163,
        -1.660401142433198
    ],
    "11": [
        1.6557543725604074,
        -1.3271923977269386
    ],
    "12": [
        2.0542071291030206,
        -1.7598633955208633
    ],
    "13": [
        1.9629559319909937,
        -1.6601413411326922
    ],
    "14": [
        1.823486398028047,
        -1.5043002100799363
    ],
    "15": [
        2.1320671239987545,
        -1.8499342560333067
    ],
    "16": [
        1.963766245718939,
        -1.6608919142336056
    ],
    "17": [
        2.1244535779586187,
        -1.8429073060517362
    ]
}