{
    "0": [
        1.0,
        0.0
    ],
    "1": [
        0.9996629653035124,
        0.025960658708678364
    ],
    "2": [
        0.998652088398823,
        0.05190381813189974
    ],
    "3": [
        0.9969680506871134,
        0.07781199077993985
    ],
    "4": [
        0.9946119873266613,
        0.10366771274658874
    ],
    "5": [
        0.9915854864676663,
        0.12945355548103543
    ],
    "6": [
        0.9878905881817251,
        0.15515213753592053
    ],
    "7": [
        0.9835297830866824,
        0.180746136283638
    ],
    "8": [
        0.9785060106677815,
        0.20621829959298818
    ],
    "9": [
        0.9728226572962473,
        0.23155145745831132
    ],
    "10": [
        0.966483553946637,
        0.2567285335732631
    ],
    "11": [
        0.9594929736144974,
        0.28173255684142967
    ],
    "12": [
        0.9518556284360696,
        0.3065466728160249
    ],
    "13": [
        0.943576666511982,
        0.3311541550609564
    ],
    "14": [
        0.9346616684370731,
        0.35553841642560485
    ],
    "15": [
        0.9251166435386837,
        0.37968302022571393
    ],
    "16": [
        0.9149480258259531,
        0.40357169132285653
    ],
    "17": [
        0.9041626696528502,
        0.42718832709500715
    ],
    "18": [
        0.8927678450978637,
        0.4505170082908268
    ],
    "19": [
        0.8807712330634643,
        0.47354200976034294
    ],
    "20": [
        0.8681809200986439,
        0.4962478110547916
    ],
    "21": [
        0.85500539294802,
        0.5186191068884773
    ],
    "22": [
        0.8412535328311812,
        0.5406408174555976
    ],
    "23": [
        0.8269346094561286,
        0.562298098595078
    ],
    "24": [
        0.81205827477085,
        0.5835763517965671
    ],
    "25": [
        0.796634556457236,
        0.6044612340408463
    ],
    "26": [
        0.780673851171728,
        0.6249386674680185
    ],
    "27": [
        0.7641869175372491,
        0.6449948488669639
    ],
    "28": [
        0.7471848688911463,
        0.6646162589796615
    ],
    "29": [
        0.72967916579403,
        0.6837896716141072
    ],
    "30": [
        0.7116816083045602,
        0.7025021625596853
    ],
    "31": [
        0.693204328025389,
        0.7207411182989831
    ],
    "32": [
        0.674259779925618,
        0.738494244510177
    ],
    "33": [
        0.654860733945285,
        0.7557495743542583
    ],
    "34": [
        0.6350202663875384,
        0.7724954765415133
    ],
    "35": [
        0.6147517511043009,
        0.7887206631718201
    ],
    "36": [
        0.5940688504813663,
        0.8044141973434756
    ],
    "37": [
        0.572985506229002,
        0.8195655005254273
    ],
    "38": [
        0.5515159299842706,
        0.8341643596879366
    ],
    "39": [
        0.5296745937313986,
        0.8482009341868694
    ],
    "40": [
        0.5074762200466557,
        0.8616657623969739
    ],
    "41": [
        0.48493577217431655,
        0.8745497680896721
    ],
    "42": [
        0.4620684439403962,
        0.8868442665510675
    ],
    "43": [
        0.43888964951095577,
        0.8985409704360455
    ],
    "44": [
        0.41541501300188644,
        0.9096319953545183
    ],
    "45": [
        0.3916603579471702,
        0.9201098651860519
    ],
    "46": [
        0.36764169663272006,
        0.9299675171192889
    ],
    "47": [
        0.3433752193029886,
        0.9391983064127748
    ],
    "48": [
        0.31887728324761866,
        0.9477960108739739
    ],
    "49": [
        0.2941644017754964,
        0.9557548350534588
    ],
    "50": [
        0.26925323308363447,
        0.9630694141514463
    ],
    "51": [
        0.24416056902839128,
        0.9697348176340438
    ],
    "52": [
        0.21890332380659488,
        0.9757465525567718
    ],
    "53": [
        0.19349852255419972,
        0.9811005665931204
    ],
    "54": [
        0.16796328987016487,
        0.985793250766098
    ],
    "55": [
        0.14231483827328512,
        0.9898214418809327
    ],
    "56": [
        0.11657045659975915,
        0.993182424657285
    ],
    "57": [
        0.09074749834931436,
        0.995873933559535
    ],
    "58": [
        0.06486336998774303,
        0.9978941543239108
    ],
    "59": [
        0.038935519213737745,
        0.9992417251814281
    ],
    "60": [
        0.012981423197930875,
        0.9999157377758169
    ],
    "61": [
        -0.012981423197930974,
        0.9999157377758169
    ],
    "62": [
        -0.03893551921373762,
        0.9992417251814281
    ],
    "63": [
        -0.0648633699877429,
        0.9978941543239108
    ],
    "64": [
        -0.09074749834931424,
        0.995873933559535
    ],
    "65": [
        -0.11657045659975925,
        0.993182424657285
    ],
    "66": [
        -0.14231483827328523,
        0.9898214418809327
    ],
    "67": [
        -0.16796328987016473,
        0.985793250766098
    ],
    "68": [
        -0.1934985225541996,
        0.9811005665931204
    ],
    "69": [
        -0.21890332380659477,
        0.9757465525567719
    ],
    "70": [
        -0.2441605690283914,
        0.9697348176340438
    ],
    "71": [
        -0.2692532330836346,
        0.9630694141514463
    ],
    "72": [
        -0.2941644017754963,
        0.9557548350534589
    ],
    "73": [
        -0.3188772832476185,
        0.9477960108739739
    ],
    "74": [
        -0.3433752193029885,
        0.9391983064127749
    ],
    "75": [
        -0.36764169663272017,
        0.9299675171192889
    ],
    "76": [
        -0.3916603579471703,
        0.9201098651860519
    ],
    "77": [
        -0.4154150130018863,
        0.9096319953545184
    ],
    "78": [
        -0.43888964951095566,
        0.8985409704360455
    ],
    "79": [
        -0.46206844394039587,
        0.8868442665510677
    ],
    "80": [
        -0.48493577217431666,
        0.8745497680896721
    ],
    "81": [
        -0.5074762200466556,
        0.861665762396974
    ],
    "82": [
        -0.5296745937313987,
        0.8482009341868693
    ],
    "83": [
        -0.5515159299842706,
        0.8341643596879366
    ],
    "84": [
        -0.5729855062290019,
        0.8195655005254274
    ],
    "85": [
        -0.5940688504813663,
        0.8044141973434756
    ],
    "86": [
        -0.6147517511043008,
        0.7887206631718202
    ],
    "87": [
        -0.6350202663875385,
        0.7724954765415133
    ],
    "88": [
        -0.654860733945285,
        0.7557495743542583
    ],
    "89": [
        -0.6742597799256179,
        0.7384942445101772
    ],
    "90": [
        -0.693204328025389,
        0.7207411182989831
    ],
    "91": [
        -0.7116816083045601,
        0.7025021625596855
    ],
    "92": [
        -0.72967916579403,
        0.6837896716141071
    ],
    "93": [
        -0.7471848688911463,
        0.6646162589796615
    ],
    "94": [
        -0.764186917537249,
        0.644994848866964
    ],
    "95": [
        -0.780673851171728,
        0.6249386674680185
    ],
    "96": [
        -0.796634556457236,
        0.6044612340408464
    ],
    "97": [
        -0.81205827477085,
        0.5835763517965671
    ],
    "98": [
        -0.8269346094561286,
        0.562298098595078
    ],
    "99": [
        -0.8412535328311811,
        0.5406408174555978
    ],
    "100": [
        -0.85500539294802,
        0.5186191068884773
    ],
    "101": [
        -0.8681809200986438,
        0.4962478110547917
    ],
    "102": [
        -0.8807712330634644,
        0.4735420097603428
    ],
    "103": [
        -0.8927678450978637,
        0.45051700829082686
    ],
    "104": [
        -0.9041626696528502,
        0.42718832709500737
    ],
    "105": [
        -0.9149480258259531,
        0.4035716913228565
    ],
    "106": [
        -0.9251166435386837,
        0.37968302022571404
    ],