{
    "0": [
        1.0,
        0.0
    ],
    "1": [
        0.9995114576004659,
        0.03125453767682429
    ],
    "2": [
        0.998046307749216,
        0.06247853701998265
    ],
    "3": [
        0.9956059820218981,
        0.09364148953435077
    ],
    "4": [
        0.9921928648236853,
        0.12471294637273277
    ],
    "5": [
        0.9878102910595095,
        0.15566254808696697
    ],
    "6": [
        0.9824625428755761,
        0.18646005429168117
    ],
    "7": [
        0.9761548454753453,
        0.21707537321171355
    ],
    "8": [
        0.9688933620140637,
        0.2474785910843287
    ],
    "9": [
        0.9606851875768402,
        0.27764000138750056
    ],
    "10": [
        0.9515383422461454,
        0.30753013386570344
    ],
    "11": [
        0.9414617632655113,
        0.33711978332485076
    ],
    "12": [
        0.9304652963070866,
        0.36638003816824616
    ],
    "13": [
        0.9185596858515798,
        0.3952823086456653
    ],
    "14": [
        0.9057565646899906,
        0.4237983547879663
    ],
    "15": [
        0.8920684425573865,
        0.45190031399993386
    ],
    "16": [
        0.8775086939098312,
        0.4795607282843979
    ],
    "17": [
        0.8620915448564065,
        0.5067525710710252
    ],
    "18": [
        0.8458320592590974,
        0.5334492736235703
    ],
    "19": [
        0.8287461240141216,
        0.5596247509997839
    ],
    "20": [
        0.810850433529085,
        0.5852534275386132
    ],
    "21": [
        0.7921624734111293,
        0.6103102618497921
    ],
    "22": [
        0.7727005033820113,
        0.6347707712814022
    ],
    "23": [
        0.7524835394368066,
        0.6586110558415005
    ],
    "24": [
        0.731531335263669,
        0.6818078215504377
    ],
    "25": [
        0.7098643629428033,
        0.7043384032010522
    ],
    "26": [
        0.6875037929435059,
        0.7261807865044991
    ],
    "27": [
        0.6644714734388217,
        0.7473136296000771
    ],
    "28": [
        0.6407899089580261,
        0.7677162839080364
    ],
    "29": [
        0.6164822383977913,
        0.787368814304992
    ],
    "30": [
        0.5915722124135223,
        0.8062520186022298
    ],
    "31": [
        0.5660841702129532,
        0.8243474463078735
    ],
    "32": [
        0.5400430157746757,
        0.8416374166545789
    ],
    "33": [
        0.5134741935148419,
        0.8581050358751443
    ],
    "34": [
        0.4864036634258111,
        0.873734213709152
    ],
    "35": [
        0.4588578757110357,
        0.8885096791245191
    ],
    "36": [
        0.43086374494097046,
        0.9024169952385883
    ],
    "37": [
        0.4024486237552537,
        0.9154425734241893
    ],
    "38": [
        0.3736402761368597,
        0.9275736865868777
    ],
    "39": [
        0.344466850284333,
        0.9387984816003864
    ],
    "40": [
        0.3149568511086103,
        0.9491059908881351
    ],
    "41": [
        0.28513911238130707,
        0.9584861431394824
    ],
    "42": [
        0.2550427685616765,
        0.9669297731502506
    ],
    "43": [
        0.22469722632977182,
        0.9744286307779073
    ],
    "44": [
        0.1941321358536275,
        0.9809753890026542
    ],
    "45": [
        0.16337736181853021,
        0.9865636510865465
    ],
    "46": [
        0.13246295424668797,
        0.991187956823649
    ],
    "47": [
        0.10141911913581184,
        0.9948437878751196
    ],
    "48": [
        0.070276188945293,
        0.9975275721840101
    ],
    "49": [
        0.03906459295881926,
        0.9992366874654682
    ],
    "50": [
        0.007814827552383908,
        0.9999694637689326
    ],
    "51": [
        -0.023442573603260443,
        0.9997251851098159
    ],
    "52": [
        -0.05467706937658579,
        0.9985040901690829
    ],
    "53": [
        -0.0858581410165659,
        0.9963073720600383
    ],
    "54": [
        -0.11695532197208247,
        0.9931371771625542
    ],
    "55": [
        -0.1479382276603298,
        0.9889966030258751
    ],
    "56": [
        -0.17877658515512931,
        0.9838896953420494
    ],
    "57": [
        -0.20944026276614444,
        0.9778214439929451
    ],
    "58": [
        -0.23989929948009772,
        0.9707977781747126
    ],
    "59": [
        -0.27012393423522213,
        0.9628255606044562
    ],
    "60": [
        -0.30008463500034077,
        0.953912580814779
    ],
    "61": [
        -0.3297521276301665,
        0.9440675475427478
    ],
    "62": [
        -0.3590974244686246,
        0.933300080220719
    ],
    "63": [
        -0.3880918526722496,
        0.9216206995773375
    ],
    "64": [
        -0.4167070822259866,
        0.9090408173578922
    ],
    "65": [
        -0.44491515362401657,
        0.8955727251740742
    ],
    "66": [
        -0.47268850518856537,
        0.8812295824940284
    ],
    "67": [
        -0.4999999999999998,
        0.8660254037844387
    ],
    "68": [
        -0.5268229524119006,
        0.8499750448172042
    ],
    "69": [
        -0.5531311541251994,
        0.8330941881540915
    ],
    "70": [
        -0.5788988997959115,
        0.8153993278235415
    ],
    "71": [
        -0.6041010121514356,
        0.7969077532046046
    ],
    "72": [
        -0.6287128665908847,
        0.7776375321337522
    ],
    "73": [
        -0.6527104152454095,
        0.7576074932510667
    ],
    "74": [
        -0.6760702104750045,
        0.7368372076030655
    ],
    "75": [
        -0.6987694277788417,
        0.7153469695201276
    ],
    "76": [
        -0.7207858880967425,
        0.6931577767872119
    ],
    "77": [
        -0.7420980794800011,
        0.6702913101272416
    ],
    "78": [
        -0.7626851781103818,
        0.6467699120171988
    ],
    "79": [
        -0.7825270686467567,
        0.6226165648576291
    ],
    "80": [
        -0.8016043638794973,
        0.5978548685168888
    ],
    "81": [
        -0.8198984236734246,
        0.5725090172720719
    ],
    "82": [
        -0.8373913731808006,
        0.5466037761691489
    ],
    "83": [
        -0.8540661203065707,
        0.5201644568254182
    ],
    "84": [
        -0.8699063724087902,
        0.49321689269790747
    ],
    "85": [
        -0.8848966522179167,
        0.4657874138418979
    ],
    "86": [
        -0.8990223129594146,
        0.4379028211842262
    ],
    "87": [
        -0.9122695526648968,
        0.4095903603365063
    ],
    "88": [
        -0.9246254276578174,
        0.3808776949738567
    ],
    "89": [
        -0.9360778652005415,
        0.3517928798051445
    ],
    "90": [
        -0.9466156752904341,
        0.3223643331611538
    ],
    "91": [
        -0.9562285615934408,
        0.2926208092274697
    ],
    "92": [
        -0.9649071315044797,
        0.2625913699491983
    ],
    "93": [
        -0.9726429053248131,
        0.23230535663498308
    ],
    "94": [
        -0.979428324547432,
        0.20179236128805816
    ],
    "95": [
        -0.9852567592423589,
        0.17108219769235014
    ],
    "96": [
        -0.9901225145346509,
        0.14020487228188577
    ],
    "97": [
        -0.994020836168776,
        0.10919055482195948
    ],
    "98": [
        -0.9969479151539236,
        0.07806954893071483
    ],
    "99": [
        -0.9989008914857114,
        0.04687226246994031
    ],
    "100": [
        -0.999877856940653,
        0.015629177834008034
    ],
    "101": [
        -0.999877856940653,
        -0.015629177834007787
    ],
    "102": [
        -0.9989008914857115,
        -0.046872262469940064
    ],
    "103": [
        -0.9969479151539236,
        -0.07806954893071504
    ],
    "104": [
        -0.994020836168776,
        -0.10919055482195925
    ],
    "105": [
        -0.9901225145346509,
        -0.14020487228188555
    ],
    "106": [
        -0.985256759242359,
        -0.17108219769234992
    ],