{
    "0": [
        1.0,
        0.0
    ],
    "1": [
        0.9996891820008162,
        0.024930691738072875
    ],
    "2": [
        0.9987569212189223,
        0.04984588566069716
    ],
    "3": [
        0.9972037971811801,
        0.07473009358642425
    ],
    "4": [
        0.9950307753654014,
        0.09956784659581666
    ],
    "5": [
        0.9922392066001721,
        0.12434370464748518
    ],
    "6": [
        0.9888308262251285,
        0.14904226617617444
    ],
    "7": [
        0.984807753012208,
        0.17364817766693036
    ],
    "8": [
        0.9801724878485438,
        0.19814614319939758
    ],
    "9": [
        0.9749279121818236,
        0.2225209339563144
    ],
    "10": [
        0.969077286229078,
        0.24675739769029365
    ],
    "11": [
        0.962624246950012,
        0.27084046814300516
    ],
    "12": [
        0.9555728057861407,
        0.2947551744109042
    ],
    "13": [
        0.9479273461671318,
        0.31848665025168443
    ],
    "14": [
        0.9396926207859083,
        0.34202014332566877
    ],
    "15": [
        0.9308737486442042,
        0.36534102436639504
    ],
    "16": [
        0.9214762118704076,
        0.38843479627469474
    ],
    "17": [
        0.9115058523116731,
        0.4112871031306115
    ],
    "18": [
        0.9009688679024191,
        0.4338837391175581
    ],
    "19": [
        0.8898718088114685,
        0.45621065735316296
    ],
    "20": [
        0.8782215733702285,
        0.47825397862131824
    ],
    "21": [
        0.8660254037844386,
        0.5
    ],
    "22": [
        0.8532908816321556,
        0.5214352033794981
    ],
    "23": [
        0.8400259231507714,
        0.5425462638657594
    ],
    "24": [
        0.8262387743159949,
        0.5633200580636221
    ],
    "25": [
        0.8119380057158565,
        0.5837436722347898
    ],
    "26": [
        0.7971325072229225,
        0.6038044103254774
    ],
    "27": [
        0.7818314824680298,
        0.6234898018587335
    ],
    "28": [
        0.766044443118978,
        0.6427876096865394
    ],
    "29": [
        0.7497812029677341,
        0.6616858375968595
    ],
    "30": [
        0.7330518718298263,
        0.6801727377709195
    ],
    "31": [
        0.7158668492597184,
        0.6982368180860729
    ],
    "32": [
        0.6982368180860729,
        0.7158668492597184
    ],
    "33": [
        0.6801727377709194,
        0.7330518718298263
    ],
    "34": [
        0.6616858375968594,
        0.7497812029677342
    ],
    "35": [
        0.6427876096865394,
        0.766044443118978
    ],
    "36": [
        0.6234898018587336,
        0.7818314824680298
    ],
    "37": [
        0.6038044103254773,
        0.7971325072229225
    ],
    "38": [
        0.5837436722347898,
        0.8119380057158565
    ],
    "39": [
        0.563320058063622,
        0.8262387743159949
    ],
    "40": [
        0.5425462638657594,
        0.8400259231507714
    ],
    "41": [
        0.5214352033794981,
        0.8532908816321557
    ],
    "42": [
        0.4999999999999999,
        0.8660254037844387
    ],
    "43": [
        0.47825397862131824,
        0.8782215733702285
    ],
    "44": [
        0.4562106573531629,
        0.8898718088114687
    ],
    "45": [
        0.4338837391175582,
        0.9009688679024191
    ],
    "46": [
        0.4112871031306115,
        0.9115058523116731
    ],
    "47": [
        0.3884347962746948,
        0.9214762118704076
    ],
    "48": [
        0.365341024366395,
        0.9308737486442042
    ],
    "49": [
        0.3420201433256686,
        0.9396926207859084
    ],
    "50": [
        0.31848665025168443,
        0.9479273461671317
    ],
    "51": [
        0.2947551744109041,
        0.9555728057861408
    ],
    "52": [
        0.27084046814300516,
        0.962624246950012
    ],
    "53": [
        0.24675739769029356,
        0.969077286229078
    ],
    "54": [
        0.22252093395631445,
        0.9749279121818236
    ],
    "55": [
        0.19814614319939755,
        0.9801724878485438
    ],
    "56": [
        0.17364817766693022,
        0.9848077530122081
    ],
    "57": [
        0.14904226617617441,
        0.9888308262251285
    ],
    "58": [
        0.12434370464748506,
        0.9922392066001721
    ],
    "59": [
        0.09956784659581666,
        0.9950307753654014
    ],
    "60": [
        0.07473009358642417,
        0.9972037971811801
    ],
    "61": [
        0.0498458856606972,
        0.9987569212189223
    ],
    "62": [
        0.024930691738072813,
        0.9996891820008162
    ],
    "63": [
        6.123233995736766e-17,
        1.0
    ],
    "64": [
        -0.024930691738072913,
        0.9996891820008162
    ],
    "65": [
        -0.049845885660697295,
        0.9987569212189223
    ],
    "66": [
        -0.07473009358642427,
        0.9972037971811801
    ],
    "67": [
        -0.09956784659581676,
        0.9950307753654014
    ],
    "68": [
        -0.12434370464748516,
        0.9922392066001721
    ],
    "69": [
        -0.14904226617617453,
        0.9888308262251285
    ],
    "70": [
        -0.1736481776669303,
        0.984807753012208
    ],
    "71": [
        -0.19814614319939763,
        0.9801724878485438
    ],
    "72": [
        -0.22252093395631434,
        0.9749279121818236
    ],
    "73": [
        -0.24675739769029367,
        0.969077286229078
    ],
    "74": [
        -0.2708404681430052,
        0.962624246950012
    ],
    "75": [
        -0.2947551744109042,
        0.9555728057861407
    ],
    "76": [
        -0.31848665025168454,
        0.9479273461671317
    ],
    "77": [
        -0.3420201433256687,
        0.9396926207859084
    ],
    "78": [
        -0.3653410243663951,
        0.9308737486442042
    ],
    "79": [
        -0.3884347962746947,
        0.9214762118704076
    ],
    "80": [
        -0.41128710313061156,
        0.9115058523116731
    ],
    "81": [
        -0.43388373911755806,
        0.9009688679024191
    ],
    "82": [
        -0.45621065735316296,
        0.8898718088114685
    ],
    "83": [
        -0.4782539786213183,
        0.8782215733702284
    ],
    "84": [
        -0.5000000000000002,
        0.8660254037844385
    ],
    "85": [
        -0.521435203379498,
        0.8532908816321557
    ],
    "86": [
        -0.5425462638657593,
        0.8400259231507715
    ],
    "87": [
        -0.5633200580636221,
        0.8262387743159948
    ],
    "88": [
        -0.58374367223479,
        0.8119380057158564
    ],
    "89": [
        -0.6038044103254776,
        0.7971325072229223
    ],
    "90": [
        -0.6234898018587335,
        0.7818314824680299
    ],
    "91": [
        -0.6427876096865394,
        0.766044443118978
    ],
    "92": [
        -0.6616858375968595,
        0.7497812029677341
    ],
    "93": [
        -0.6801727377709196,
        0.7330518718298262
    ],
    "94": [
        -0.6982368180860727,
        0.7158668492597186
    ],
    "95": [
        -0.7158668492597184,
        0.6982368180860729
    ],
    "96": [
        -0.7330518718298263,
        0.6801727377709194
    ],
    "97": [
        -0.7497812029677343,
        0.6616858375968593
    ],
    "98": [
        -0.7660444431189782,
        0.6427876096865391
    ],
    "99": [
        -0.7818314824680298,
        0.6234898018587336
    ],
    "100": [
        -0.7971325072229225,
        0.6038044103254774
    ],
    "101": [
        -0.8119380057158565,
        0.5837436722347897
    ],
    "102": [
        -0.826238774315995,
        0.5633200580636218
    ],
    "103": [
        -0.8400259231507714,
        0.5425462638657595
    ],
    "104": [
        -0.8532908816321556,
        0.5214352033794981
    ],
    "105": [
        -0.8660254037844387,
        0.49999999999999994
    ],
    "106": [
        -0.8782215733702287,
        0.4782539786213181
    ],