{
    "0": [
        1.0,
        0.0
    ],
    "1": [
        0.9997080140801929,
        0.024163745236132288
    ],
    "2": [
        0.9988322268323266,
        0.048313379525507065
    ],
    "3": [
        0.9973731496914912,
        0.07243480016176236
    ],
    "4": [
        0.9953316347176486,
        0.0965139209145151
    ],
    "5": [
        0.992708874098054,
        0.12053668025532305
    ],
    "6": [
        0.9895063994510511,
        0.14448904956922132
    ],
    "7": [
        0.9857260809316509,
        0.16835704134703852
    ],
    "8": [
        0.9813701261394134,
        0.19212671735370837
    ],
    "9": [
        0.9764410788292721,
        0.21578419676780614
    ],
    "10": [
        0.970941817426052,
        0.23931566428755774
    ],
    "11": [
        0.9648755533435515,
        0.2627073781985869
    ],
    "12": [
        0.9582458291091662,
        0.28594567839868923
    ],
    "13": [
        0.9510565162951535,
        0.3090169943749474
    ],
    "14": [
        0.9433118132577432,
        0.3319078531285284
    ],
    "15": [
        0.9350162426854148,
        0.35460488704253557
    ],
    "16": [
        0.9261746489577766,
        0.3770948416883204
    ],
    "17": [
        0.9167921953165824,
        0.39936458356569554
    ],
    "18": [
        0.9068743608505454,
        0.4214011077725291
    ],
    "19": [
        0.8964269372957038,
        0.4431915455992413
    ],
    "20": [
        0.8854560256532099,
        0.4647231720437685
    ],
    "21": [
        0.873968032626518,
        0.4859834132426061
    ],
    "22": [
        0.8619696668800493,
        0.5069598538135903
    ],
    "23": [
        0.8494679351215211,
        0.5276402441061327
    ],
    "24": [
        0.8364701380102267,
        0.5480125073546699
    ],
    "25": [
        0.8229838658936565,
        0.5680647467311557
    ],
    "26": [
        0.8090169943749475,
        0.5877852522924731
    ],
    "27": [
        0.7945776797137543,
        0.6071625078187112
    ],
    "28": [
        0.7796743540632225,
        0.6261851975383136
    ],
    "29": [
        0.7643157205458483,
        0.6448422127361706
    ],
    "30": [
        0.7485107481711012,
        0.6631226582407951
    ],
    "31": [
        0.7322686665977736,
        0.6810158587867972
    ],
    "32": [
        0.7155989607441211,
        0.698511365248937
    ],
    "33": [
        0.6985113652489371,
        0.715598960744121
    ],
    "34": [
        0.6810158587867972,
        0.7322686665977735
    ],
    "35": [
        0.6631226582407953,
        0.7485107481711011
    ],
    "36": [
        0.6448422127361706,
        0.7643157205458483
    ],
    "37": [
        0.6261851975383137,
        0.7796743540632224
    ],
    "38": [
        0.6071625078187113,
        0.7945776797137543
    ],
    "39": [
        0.5877852522924731,
        0.8090169943749475
    ],
    "40": [
        0.5680647467311559,
        0.8229838658936564
    ],
    "41": [
        0.5480125073546701,
        0.8364701380102266
    ],
    "42": [
        0.5276402441061327,
        0.849467935121521
    ],
    "43": [
        0.5069598538135904,
        0.8619696668800493
    ],
    "44": [
        0.4859834132426062,
        0.8739680326265179
    ],
    "45": [
        0.4647231720437686,
        0.8854560256532099
    ],
    "46": [
        0.44319154559924134,
        0.8964269372957038
    ],
    "47": [
        0.42140110777252926,
        0.9068743608505454
    ],
    "48": [
        0.39936458356569565,
        0.9167921953165824
    ],
    "49": [
        0.37709484168832047,
        0.9261746489577765
    ],
    "50": [
        0.3546048870425358,
        0.9350162426854147
    ],
    "51": [
        0.33190785312852855,
        0.943311813257743
    ],
    "52": [
        0.30901699437494745,
        0.9510565162951535
    ],
    "53": [
        0.28594567839868945,
        0.9582458291091661
    ],
    "54": [
        0.2627073781985871,
        0.9648755533435515
    ],
    "55": [
        0.23931566428755782,
        0.970941817426052
    ],
    "56": [
        0.21578419676780636,
        0.976441078829272
    ],
    "57": [
        0.19212671735370854,
        0.9813701261394134
    ],
    "58": [
        0.16835704134703863,
        0.9857260809316508
    ],
    "59": [
        0.14448904956922135,
        0.9895063994510511
    ],
    "60": [
        0.12053668025532323,
        0.992708874098054
    ],
    "61": [
        0.09651392091451523,
        0.9953316347176486
    ],
    "62": [
        0.0724348001617624,
        0.9973731496914912
    ],
    "63": [
        0.048313379525507266,
        0.9988322268323265
    ],
    "64": [
        0.024163745236132416,
        0.9997080140801929
    ],
    "65": [
        6.123233995736766e-17,
        1.0
    ],
    "66": [
        -0.024163745236132073,
        0.9997080140801929
    ],
    "67": [
        -0.04831337952550692,
        0.9988322268323266
    ],
    "68": [
        -0.07243480016176228,
        0.9973731496914912
    ],
    "69": [
        -0.09651392091451488,
        0.9953316347176486
    ],
    "70": [
        -0.12053668025532288,
        0.992708874098054
    ],
    "71": [
        -0.1444890495692212,
        0.9895063994510511
    ],
    "72": [
        -0.16835704134703852,
        0.9857260809316509
    ],
    "73": [
        -0.1921267173537082,
        0.9813701261394134
    ],
    "74": [
        -0.21578419676780602,
        0.9764410788292721
    ],
    "75": [
        -0.2393156642875577,
        0.970941817426052
    ],
    "76": [
        -0.26270737819858675,
        0.9648755533435515
    ],
    "77": [
        -0.2859456783986891,
        0.9582458291091662
    ],
    "78": [
        -0.30901699437494734,
        0.9510565162951536
    ],
    "79": [
        -0.3319078531285282,
        0.9433118132577432
    ],
    "80": [
        -0.35460488704253545,
        0.9350162426854148
    ],
    "81": [
        -0.37709484168832036,
        0.9261746489577766
    ],
    "82": [
        -0.3993645835656953,
        0.9167921953165825
    ],
    "83": [
        -0.4214011077725289,
        0.9068743608505455
    ],
    "84": [
        -0.44319154559924123,
        0.8964269372957038
    ],
    "85": [
        -0.4647231720437685,
        0.8854560256532099
    ],
    "86": [
        -0.4859834132426061,
        0.8739680326265179
    ],
    "87": [
        -0.5069598538135901,
        0.8619696668800494
    ],
    "88": [
        -0.5276402441061325,
        0.8494679351215212
    ],
    "89": [
        -0.5480125073546698,
        0.8364701380102268
    ],
    "90": [
        -0.5680647467311557,
        0.8229838658936565
    ],
    "91": [
        -0.587785252292473,
        0.8090169943749475
    ],
    "92": [
        -0.6071625078187112,
        0.7945776797137543
    ],
    "93": [
        -0.6261851975383134,
        0.7796743540632226
    ],
    "94": [
        -0.6448422127361704,
        0.7643157205458485
    ],
    "95": [
        -0.663122658240795,
        0.7485107481711013
    ],
    "96": [
        -0.681015858786797,
        0.7322686665977737
    ],
    "97": [
        -0.6985113652489369,
        0.7155989607441212
    ],
    "98": [
        -0.715598960744121,
        0.698511365248937
    ],
    "99": [
        -0.7322686665977736,
        0.6810158587867972
    ],
    "100": [
        -0.7485107481711009,
        0.6631226582407955
    ],
    "101": [
        -0.7643157205458481,
        0.6448422127361708
    ],
    "102": [
        -0.7796743540632223,
        0.6261851975383139
    ],
    "103": [
        -0.7945776797137541,
        0.6071625078187113
    ],
    "104": [
        -0.8090169943749473,
        0.5877852522924732
    ],
    "105": [
        -0.8229838658936564,
        0.5680647467311558
    ],
    "106": [
        -0.8364701380102265,
        0.5480125073546703
    ],