{
    "0": [
        1.0,
        0.0
    ],
    "1": [
        0.9996456111234526,
        0.026620521437774766
    ],
    "2": [
        0.9985826956767619,
        0.05322217484217865
    ],
    "3": [
        0.9968120070307501,
        0.07978610555308308
    ],
    "4": [
        0.9943348002101371,
        0.1062934856473654
    ],
    "5": [
        0.9911528310040072,
        0.13272552728372197
    ],
    "6": [
        0.9872683547213446,
        0.15906349601907205
    ],
    "7": [
        0.982684124592521,
        0.18528872408711433
    ],
    "8": [
        0.9774033898178667,
        0.21138262362962432
    ],
    "9": [
        0.97142989326471,
        0.2373266998711148
    ],
    "10": [
        0.9647678688145159,
        0.26310256422752126
    ],
    "11": [
        0.9574220383620055,
        0.288691947339621
    ],
    "12": [
        0.9493976084683813,
        0.31407671202194876
    ],
    "13": [
        0.9407002666710333,
        0.3392388661180302
    ],
    "14": [
        0.9313361774523384,
        0.3641605752528222
    ],
    "15": [
        0.921311977870413,
        0.38882417547332065
    ],
    "16": [
        0.9106347728549132,
        0.41321218576837815
    ],
    "17": [
        0.8993121301712192,
        0.43730732045885534
    ],
    "18": [
        0.8873520750565717,
        0.4610925014493258
    ],
    "19": [
        0.8747630845319613,
        0.48455087033265015
    ],
    "20": [
        0.8615540813938061,
        0.5076658003388399
    ],
    "21": [
        0.8477344278896709,
        0.5304209081197424
    ],
    "22": [
        0.833313919082515,
        0.5528000653611933
    ],
    "23": [
        0.8183027759081691,
        0.5747874102144068
    ],
    "24": [
        0.8027116379309637,
        0.5963673585385013
    ],
    "25": [
        0.7865515558026426,
        0.6175246149461918
    ],
    "26": [
        0.7698339834299063,
        0.63824418364482
    ],
    "27": [
        0.7525707698561385,
        0.6585113790650386
    ],
    "28": [
        0.7347741508630673,
        0.6783118362696161
    ],
    "29": [
        0.7164567402983152,
        0.6976315211349847
    ],
    "30": [
        0.6976315211349847,
        0.7164567402983151
    ],
    "31": [
        0.6783118362696161,
        0.7347741508630672
    ],
    "32": [
        0.6585113790650386,
        0.7525707698561385
    ],
    "33": [
        0.6382441836448202,
        0.7698339834299062
    ],
    "34": [
        0.6175246149461919,
        0.7865515558026425
    ],
    "35": [
        0.5963673585385015,
        0.8027116379309636
    ],
    "36": [
        0.5747874102144069,
        0.818302775908169
    ],
    "37": [
        0.5528000653611935,
        0.833313919082515
    ],
    "38": [
        0.5304209081197425,
        0.8477344278896709
    ],
    "39": [
        0.50766580033884,
        0.8615540813938061
    ],
    "40": [
        0.4845508703326502,
        0.8747630845319613
    ],
    "41": [
        0.4610925014493259,
        0.8873520750565715
    ],
    "42": [
        0.43730732045885545,
        0.8993121301712192
    ],
    "43": [
        0.41321218576837826,
        0.9106347728549131
    ],
    "44": [
        0.38882417547332077,
        0.921311977870413
    ],
    "45": [
        0.3641605752528223,
        0.9313361774523384
    ],
    "46": [
        0.3392388661180304,
        0.9407002666710332
    ],
    "47": [
        0.3140767120219489,
        0.9493976084683813
    ],
    "48": [
        0.28869194733962117,
        0.9574220383620055
    ],
    "49": [
        0.26310256422752143,
        0.9647678688145159
    ],
    "50": [
        0.237326699871115,
        0.97142989326471
    ],
    "51": [
        0.2113826236296245,
        0.9774033898178666
    ],
    "52": [
        0.18528872408711453,
        0.9826841245925209
    ],
    "53": [
        0.15906349601907227,
        0.9872683547213446
    ],
    "54": [
        0.13272552728372197,
        0.9911528310040072
    ],
    "55": [
        0.10629348564736542,
        0.9943348002101371
    ],
    "56": [
        0.0797861055530831,
        0.9968120070307501
    ],
    "57": [
        0.05322217484217869,
        0.9985826956767619
    ],
    "58": [
        0.026620521437774814,
        0.9996456111234526
    ],
    "59": [
        6.123233995736766e-17,
        1.0
    ],
    "60": [
        -0.026620521437774693,
        0.9996456111234526
    ],
    "61": [
        -0.05322217484217857,
        0.9985826956767619
    ],
    "62": [
        -0.07978610555308298,
        0.9968120070307501
    ],
    "63": [
        -0.1062934856473653,
        0.9943348002101371
    ],
    "64": [
        -0.13272552728372186,
        0.9911528310040072
    ],
    "65": [
        -0.1590634960190719,
        0.9872683547213446
    ],
    "66": [
        -0.1852887240871142,
        0.982684124592521
    ],
    "67": [
        -0.21138262362962418,
        0.9774033898178667
    ],
    "68": [
        -0.23732669987111465,
        0.97142989326471
    ],
    "69": [
        -0.2631025642275211,
        0.964767868814516
    ],
    "70": [
        -0.28869194733962084,
        0.9574220383620056
    ],
    "71": [
        -0.3140767120219486,
        0.9493976084683814
    ],
    "72": [
        -0.33923886611803006,
        0.9407002666710333
    ],
    "73": [
        -0.36416057525282197,
        0.9313361774523385
    ],
    "74": [
        -0.38882417547332043,
        0.9213119778704131
    ],
    "75": [
        -0.41321218576837815,
        0.9106347728549132
    ],
    "76": [
        -0.43730732045885534,
        0.8993121301712192
    ],
    "77": [
        -0.4610925014493256,
        0.8873520750565718
    ],
    "78": [
        -0.4845508703326501,
        0.8747630845319613
    ],
    "79": [
        -0.5076658003388397,
        0.8615540813938063
    ],
    "80": [
        -0.5304209081197424,
        0.847734427889671
    ],
    "81": [
        -0.5528000653611931,
        0.8333139190825152
    ],
    "82": [
        -0.5747874102144068,
        0.8183027759081691
    ],
    "83": [
        -0.5963673585385011,
        0.8027116379309639
    ],
    "84": [
        -0.6175246149461918,
        0.7865515558026426
    ],
    "85": [
        -0.6382441836448198,
        0.7698339834299065
    ],
    "86": [
        -0.6585113790650385,
        0.7525707698561386
    ],
    "87": [
        -0.6783118362696161,
        0.7347741508630673
    ],
    "88": [
        -0.6976315211349846,
        0.7164567402983153
    ],
    "89": [
        -0.7164567402983152,
        0.6976315211349847
    ],
    "90": [
        -0.7347741508630671,
        0.6783118362696162
    ],
    "91": [
        -0.7525707698561385,
        0.6585113790650386
    ],
    "92": [
        -0.769833983429906,
        0.6382441836448203
    ],
    "93": [
        -0.7865515558026425,
        0.6175246149461919
    ],
    "94": [
        -0.8027116379309635,
        0.5963673585385016
    ],
    "95": [
        -0.818302775908169,
        0.5747874102144069
    ],
    "96": [
        -0.8333139190825148,
        0.5528000653611936
    ],
    "97": [
        -0.8477344278896709,
        0.5304209081197425
    ],
    "98": [
        -0.861554081393806,
        0.5076658003388402
    ],
    "99": [
        -0.8747630845319613,
        0.48455087033265026
    ],
    "100": [
        -0.8873520750565714,
        0.4610925014493262
    ],
    "101": [
        -0.8993121301712191,
        0.4373073204588555
    ],
    "102": [
        -0.910634772854913,
        0.41321218576837854
    ],
    "103": [
        -0.921311977870413,
        0.3888241754733208
    ],
    "104": [
        -0.9313361774523383,
        0.3641605752528225
    ],
    "105": [
        -0.9407002666710332,
        0.33923886611803045
    ],
    "106": [
        -0.9493976084683812,
        0.3140767120219492
    ],