{
    "0": [
        -12.921843064563298,
        -10.129752305941606
    ],
    "1": [
        -10.506592273024697,
        -9.055223720596992
    ],
    "2": [
        -14.634538145395341,
        -10.92896927956603
    ],
    "3": [
        -11.476447972557583,
        -10.48001612803679
    ],
    "4": [
        -7.1479663894062035,
        -7.627308265785629
    ],
    "5": [
        -12.173068942293169,
        -8.802075645268673
    ],
    "6": [
        -3.593933683785117,
        -5.048623271142003
    ],
    "7": [
        -7.894566004134954,
        -9.81651914912076
    ],
    "8": [
        0.3519842162259604,
        -2.154986088491113
    ],
    "9": [
        -8.382082598318728,
        -11.559770788297282
    ],
    "10": [
        0.7103457962279935,
        -3.853215475708313
    ],
    "11": [
        1.7058276401147008,
        -3.160145489250178
    ],
    "12": [
        0.3840284066518441,
        -4.804678045979998
    ],
    "13": [
        -2.184951847397482,
        -2.0056112809531217
    ],
    "14": [
        -0.3913794754640041,
        -0.7361588061386504
    ],
    "15": [
        1.9010553355880837,
        -1.201256999504779
    ],
    "16": [
        1.2751544555672578,
        -4.713025903067443
    ],
    "17": [
        1.9612836658735937,
        -4.278843154571979
    ],
    "18": [
        -1.3071827506305904,
        -3.985341388412875
    ],
    "19": [
        2.570349006459942,
        -3.7346565719272005
    ],
    "20": [
        -0.4618684973992509,
        -4.563197176789621
    ],
    "21": [
        -1.8255342698482864,
        -3.1154511429791665
    ],
    "22": [
        2.623005205884069,
        -2.2202811765587884
    ],
    "23": [
        -0.5225999813243818,
        -3.501476505832904
    ],
    "24": [
        0.8211095073017894,
        -0.061136793621156614
    ],
    "25": [
        1.7143801665286718,
        0.317866433651774
    ],
    "26": [
        2.069809321672974,
        0.6661145750675324
    ],
    "27": [
        1.4301442671643727,
        0.8822592866561895
    ],
    "28": [
        0.26354587866175416,
        0.6970722347473886
    ],
    "29": [
        1.1898550559547694,
        1.6892253751952857
    ],
    "30": [
        -1.735706774662863,
        -1.0588698527427658
    ],
    "31": [
        2.9067696676496544,
        -2.9628677024989925
    ],
    "32": [
        -1.3408048937240438,
        -2.210972049052752
    ],
    "33": [
        1.8415571271991154,
        2.076049007369728
    ],
    "34": [
        2.8940327841874667,
        1.5534967267106488
    ],
    "35": [
        3.2434554364229977,
        0.6649842185379113
    ],
    "36": [
        2.3559420559689,
        1.8222335140964208
    ],
    "37": [
        4.158861803973146,
        1.9165335928810396
    ],
    "38": [
        -1.4763985475189243,
        2.3805499745758785
    ],
    "39": [
        0.7711936112428336,
        2.940426100335239
    ],
    "40": [
        0.9154095769844486,
        4.9673148890128624
    ],
    "41": [
        1.982969032085122,
        4.072082463609588
    ],
    "42": [
        0.8235655862377036,
        7.192918798037553
    ]
}