{
    "0": [
        1.1087108141348017,
        -0.05264935760450098
    ],
    "1": [
        0.3443853652129049,
        0.2788235588636585
    ],
    "2": [
        -0.16736132890959687,
        -1.2441116234454528
    ],
    "3": [
        -0.9698448385599723,
        -0.6125169664810457
    ],
    "4": [
        -0.39065022294303187,
        0.16486659081991403
    ],
    "5": [
        3.160779121633311,
        0.5025115253191771
    ],
    "6": [
        -1.4900482685315433,
        -0.38496441515311336
    ],
    "7": [
        0.5857715530864247,
        -0.5473698678189562
    ],
    "8": [
        2.3971497617507413,
        1.211087996940692
    ],
    "9": [
        1.0176252171891995,
        -1.150039234682135
    ],
    "10": [
        -1.1970522263020147,
        -1.7037216430976998
    ],
    "11": [
        0.6858043272702959,
        2.5324192698037518
    ],
    "12": [
        0.168973941715135,
        1.5759334725781706
    ],
    "13": [
        1.4978529784326773,
        -2.396726742321805
    ],
    "14": [
        -1.6165267606181628,
        0.43882442224887996
    ],
    "15": [
        0.05890450619198881,
        -3.3717931718773286
    ],
    "16": [
        -1.505080669743523,
        -2.878835930977315
    ],
    "17": [
        -2.884231474338278,
        -0.7594000758334412
    ],
    "18": [
        -0.4652750749574657,
        2.4805755658168067
    ],
    "19": [
        -2.1030189355111704,
        1.4483863498988496
    ],
    "20": [
        -0.12471501650102582,
        -2.2671650009252664
    ]
}