{
    "0": [
        1.4629889767933515,
        0.9355724397285963
    ],
    "1": [
        0.33379444604606234,
        1.9331874520506764
    ],
    "2": [
        3.532296136595565,
        1.0005530773307096
    ],
    "3": [
        0.8546534613253868,
        2.6315282145514023
    ],
    "4": [
        3.0565529149516966,
        0.4035885539397279
    ],
    "5": [
        2.75019888586257,
        -0.17458069205571924
    ],
    "6": [
        2.5039882928181765,
        -0.851045903467173
    ],
    "7": [
        0.032352399364523034,
        1.028409498626707
    ],
    "8": [
        1.9419676803470758,
        2.9126909523505513
    ],
    "9": [
        0.5827602899292952,
        -0.6416943521815841
    ],
    "10": [
        3.9971203273967135,
        -0.40479436992188017
    ],
    "11": [
        2.7954940692713404,
        2.3806972442264382
    ],
    "12": [
        -2.4654642435518768,
        1.318028534083762
    ],
    "13": [
        6.31074811659271,
        -2.010731998281508
    ],
    "14": [
        5.788348210600914,
        -0.462700861703806
    ],
    "15": [
        -6.057845674995321,
        1.4307722134850283
    ],
    "16": [
        -3.4315978721821043,
        2.332717777698923
    ],
    "17": [
        -7.769738027599403,
        0.42032268650825017
    ],
    "18": [
        -9.146790216676532,
        -0.10330505576129881
    ],
    "19": [
        -8.520564416072586,
        0.9853935816615629
    ],
    "20": [
        -6.557295424449223,
        2.9935295604594736
    ],
    "21": [
        -7.42008621781846,
        2.29176942892905
    ],
    "22": [
        8.212483582180916,
        -3.235637638183578
    ],
    "23": [
        9.641634723320985,
        -4.131595973766124
    ],
    "24": [
        -10.374725744008655,
        1.16677147762775
    ]
}