{
    "0": [
        0.7996031728907596,
        0.6278656204600116
    ],
    "1": [
        0.8969950829200996,
        -0.23962398985963346
    ],
    "2": [
        0.3054047242197422,
        1.3075159758709962
    ],
    "3": [
        -0.6714943021550288,
        -0.0709078763477499
    ],
    "4": [
        11.591512138347236,
        -4.414983759843925
    ],
    "5": [
        9.754975045381334,
        -4.266394089312883
    ],
    "6": [
        13.35020928617233,
        -4.9556749198408765
    ],
    "7": [
        9.936584940900811,
        -3.525589355775193
    ],
    "8": [
        7.400937607302683,
        -3.2329276906065525
    ],
    "9": [
        -2.5457091009326525,
        -0.7559745406310096
    ],
    "10": [
        -1.6360119628075684,
        -1.2184367018661342
    ],
    "11": [
        -4.22857858289033,
        -0.5752010790920968
    ],
    "12": [
        -2.221688242423396,
        0.28720939347747576
    ],
    "13": [
        -2.0005200072962395,
        -2.0203108983050226
    ],
    "14": [
        -7.744183836472963,
        -0.9628076538785431
    ],
    "15": [
        -1.1039169080244575,
        1.9147385108825326
    ],
    "16": [
        3.4469243375507816,
        -1.684785080238978
    ],
    "17": [
        0.076093346810416,
        -1.618072067292127
    ],
    "18": [
        -1.1622796823748829,
        3.270845354003414
    ],
    "19": [
        -2.705370740666689,
        -3.80171397074578
    ],
    "20": [
        -0.3510549967968874,
        5.029987816472894
    ],
    "21": [
        -2.3979899430041316,
        4.755389576965912
    ],
    "22": [
        -1.4290057708104074,
        5.284403249779103
    ],
    "23": [
        8.8817327812442,
        -2.3324883523978195
    ],
    "24": [
        6.830062580960173,
        -4.648459405616975
    ],
    "25": [
        7.924617811393862,
        -1.7528977931775693
    ],
    "26": [
        7.522188693532006,
        -5.050315296189691
    ],
    "27": [
        8.44487835488834,
        -4.403249395978079
    ],
    "28": [
        -9.051286154696404,
        0.22391388311424518
    ],
    "29": [
        -9.665315974794048,
        -0.6541107517264957
    ],
    "30": [
        -8.761183812449254,
        -2.3993690150386917
    ],
    "31": [
        -9.551531813506882,
        -1.6766546664998112
    ]
}