{
    "0": [
        3.631459163165433,
        0.3838162783923271
    ],
    "1": [
        1.7672298895155478,
        -1.5091257642899283
    ],
    "2": [
        4.514632182756634,
        -2.0114560684644487
    ],
    "3": [
        -2.0109991745324396,
        5.280577875218584
    ],
    "4": [
        -2.701218657856574,
        2.8605528039930017
    ],
    "5": [
        4.279032459199216,
        -2.856423217271446
    ],
    "6": [
        -4.6893817446299595,
        4.652277743839556
    ],
    "7": [
        0.5587705771665122,
        -3.925793592036884
    ],
    "8": [
        -3.029578402970165,
        5.455231908246989
    ],
    "9": [
        3.723526152315566,
        -3.5098792061884434
    ],
    "10": [
        -5.31491837630987,
        2.959261460782468
    ],
    "11": [
        -0.9369531972039904,
        0.7255421104361778
    ],
    "12": [
        -4.357868101745584,
        3.0033273524465907
    ],
    "13": [
        1.905162347037953,
        0.09363220653857089
    ],
    "14": [
        3.606693751579437,
        -1.3552709241827574
    ],
    "15": [
        0.2194405370714993,
        -1.6734108832521126
    ],
    "16": [
        2.2635968919294136,
        -4.274824949618159
    ],
    "17": [
        -0.12178620200282897,
        -3.3329394416924756
    ],
    "18": [
        2.723651594268141,
        0.6909904170843396
    ],
    "19": [
        0.7962547752018345,
        -2.8763184101454855
    ],
    "20": [
        1.7428736907542226,
        -3.4076458895843347
    ],
    "21": [
        4.545022595336762,
        -1.13067940105891
    ],
    "22": [
        4.198518781974429,
        -0.3240992492703524
    ],
    "23": [
        -0.4590713961733714,
        0.5338044593807613
    ],
    "24": [
        3.4609115261323433,
        -2.3717868307567898
    ],
    "25": [
        2.6871695462078162,
        -3.0170872663625135
    ],
    "26": [
        3.0661135110987687,
        -0.4321982801776397
    ],
    "27": [
        3.053649522891431,
        -3.9979352396041192
    ],
    "28": [
        0.03485771741807675,
        1.3670711724617854
    ],
    "29": [
        -0.38539390489753994,
        1.0945057176724082
    ],
    "30": [
        -0.3973003947190497,
        -2.4532821908493805
    ],
    "31": [
        -1.1251623938608637,
        0.17404403108923014
    ],
    "32": [
        1.3557758541648657,
        -4.276209945514837
    ],
    "33": [
        -5.02088778150725,
        2.0494160354254434
    ],
    "34": [
        -2.6946175161920176,
        4.550456669430704
    ],
    "35": [
        -1.4370785457529105,
        4.502806660103087
    ],
    "36": [
        -3.9047410386316437,
        5.196926115785074
    ],
    "37": [
        -4.2530563059941455,
        1.5827660089777893
    ],
    "38": [
        -3.8707402094951733,
        4.1680896176464834
    ],
    "39": [
        -5.095405725901719,
        3.8598601098826077
    ]
}