{
    "0": [
        -1.5399593505088802,
        13.751574822153499
    ],
    "1": [
        -2.01616082185169,
        11.949416955758227
    ],
    "2": [
        0.16423450451064847,
        -4.297680244154629
    ],
    "3": [
        2.303966928826545,
        -3.1677889711624165
    ],
    "4": [
        1.0779419660084961,
        6.130739153595499
    ],
    "5": [
        0.33377921429473045,
        4.945492500562927
    ],
    "6": [
        2.174096159828372,
        -5.866843310761111
    ],
    "7": [
        1.3235986983265864,
        -4.302199974226471
    ],
    "8": [
        4.5235811508782815,
        -2.4404908633945874
    ],
    "9": [
        2.7058636980133945,
        -1.675756574343869
    ],
    "10": [
        1.2662031588337646,
        -2.0410789912252705
    ],
    "11": [
        4.818144329772835,
        -3.408038787356693
    ],
    "12": [
        0.08208494377753295,
        6.996906273557457
    ],
    "13": [
        -1.6205068407300356,
        4.423343500359733
    ],
    "14": [
        3.349067503654113,
        -4.449824853781343
    ],
    "15": [
        -0.6671483500082238,
        6.429194208617014
    ],
    "16": [
        -1.5097728266920036,
        6.184338811021591
    ],
    "17": [
        3.843534773698358,
        -3.299867589668374
    ],
    "18": [
        -1.717443180778731,
        5.31743717649403
    ],
    "19": [
        3.784874629285508,
        -1.8339454798836756
    ],
    "20": [
        2.4937557289197465,
        -5.098125110313941
    ],
    "21": [
        -3.480808762612696,
        13.09680632725972
    ],
    "22": [
        1.773405465157658,
        4.48359536804556
    ],
    "23": [
        1.360263672628323,
        -5.480517832929717
    ],
    "24": [
        -2.646012877708117,
        13.820148232182602
    ],
    "25": [
        2.3318859610734077,
        5.4174531568543305
    ],
    "26": [
        4.0893263658177155,
        -5.0872706901991425
    ],
    "27": [
        0.0955618055317987,
        -3.4608629270440656
    ],
    "28": [
        -0.699789754288744,
        3.9159856381456026
    ],
    "29": [
        4.556500010193412,
        -4.307516128030279
    ],
    "30": [
        1.5608793104168217,
        1.0041526831971825
    ],
    "31": [
        1.05023236318339,
        0.8800545941119602
    ],
    "32": [
        0.5906818391909369,
        -5.076574950438575
    ],
    "33": [
        3.284696451352914,
        -5.6392223205431495
    ],
    "34": [
        0.4007229389460638,
        -2.6429239482712354
    ],
    "35": [
        -0.9318729813009845,
        8.715050844775073
    ],
    "36": [
        1.1532339487799166,
        7.098679166096229
    ],
    "37": [
        2.090098168772375,
        6.408637142528616
    ]
}