{
    "0": [
        -5.586745143004352,
        -3.158812158207629
    ],
    "1": [
        -3.8799020197785348,
        -1.528841765765109
    ],
    "2": [
        -0.05525412704306474,
        4.172233549730392
    ],
    "3": [
        -0.6578834559621959,
        2.7454269705254575
    ],
    "4": [
        -6.140111246489295,
        -1.5163797229317182
    ],
    "5": [
        -6.072555092374191,
        -2.4303475933762404
    ],
    "6": [
        -1.7364916142642781,
        -0.21957236447264786
    ],
    "7": [
        -2.5285336927681934,
        0.36821754131200324
    ],
    "8": [
        -1.377596722239538,
        1.245465072269049
    ],
    "9": [
        -0.6513318098753583,
        0.9664736054577207
    ],
    "10": [
        -2.0981692117372392,
        1.5592818932696926
    ],
    "11": [
        -0.17147416850268116,
        -0.7948017265384746
    ],
    "12": [
        -2.92131755289716,
        -1.9051076548829604
    ],
    "13": [
        -3.7105847226766526,
        10.702073880031682
    ],
    "14": [
        -3.6921443520494033,
        8.58041440466568
    ],
    "15": [
        1.2245414298245874,
        3.9329923840782284
    ],
    "16": [
        4.83424970098739,
        -4.4582652657265
    ],
    "17": [
        3.8800750286728865,
        -2.524091377888455
    ],
    "18": [
        3.5159089461617943,
        0.8461541008611546
    ],
    "19": [
        7.4134189843292795,
        1.3085331035842034
    ],
    "20": [
        -1.8044631868806833,
        4.121492200875743
    ],
    "21": [
        8.588387551811627,
        2.9842807298837117
    ],
    "22": [
        9.418691020799514,
        0.7359575616592697
    ],
    "23": [
        9.34383419716633,
        2.4487599503318354
    ],
    "24": [
        6.084414980925744,
        -0.6781003892018888
    ],
    "25": [
        9.657759859865402,
        1.6229637575445408
    ],
    "26": [
        -3.126885395158577,
        0.8398530330130923
    ],
    "27": [
        -2.6379219751203027,
        5.888162108603863
    ],
    "28": [
        -2.0913802464570006,
        6.176221267902815
    ],
    "29": [
        -2.6956035042113813,
        3.965747749659971
    ],
    "30": [
        -2.8426959261853963,
        3.090922915944511
    ],
    "31": [
        0.7626409879559432,
        4.776218334875204
    ],
    "32": [
        1.074169217696855,
        2.9497305786738064
    ],
    "33": [
        -0.18558659443717038,
        5.1796278895646015
    ],
    "34": [
        1.7577492650146063,
        0.07253721666954167
    ],
    "35": [
        -1.124762638427452,
        4.814923716767021
    ],
    "36": [
        5.539805732118729,
        -2.340019418316689
    ],
    "37": [
        6.074552952207577,
        -5.86259438874505
    ],
    "38": [
        2.7925874695924935,
        -4.227538173987761
    ],
    "39": [
        6.045281498104346,
        -3.1360018927683284
    ],
    "40": [
        5.512151118364267,
        -3.853975068600549
    ],
    "41": [
        3.8075368054319636,
        -4.903128626588342
    ],
    "42": [
        3.8424098580709396,
        -3.9800824639458265
    ],
    "43": [
        -4.715014899303025,
        10.550581044625476
    ],
    "44": [
        -5.421424118105232,
        9.819910613214972
    ],
    "45": [
        7.894344393290217,
        -8.61971430878392
    ],
    "46": [
        9.444193355590087,
        -9.909744784444145
    ],
    "47": [
        8.472937203225227,
        -10.546475913513632
    ],
    "48": [
        -4.763953352491737,
        -3.587341280847952
    ]
}