{
    "0": [
        0.2575350640706217,
        7.403281915696625
    ],
    "1": [
        -0.9465933460820734,
        6.190349660155654
    ],
    "2": [
        -3.2065765888895537,
        1.122637705174876
    ],
    "3": [
        -1.5868320113049355,
        1.5616914197209053
    ],
    "4": [
        7.384800799041834,
        -3.601442771612495
    ],
    "5": [
        5.640354530288848,
        -2.7575302816777176
    ],
    "6": [
        1.706572104717131,
        -0.910635810470385
    ],
    "7": [
        1.012476854891784,
        -0.06387511194493813
    ],
    "8": [
        -6.960140145449308,
        -1.0416981947848758
    ],
    "9": [
        -5.028806764404535,
        -0.11090368424858837
    ],
    "10": [
        -3.1220265089774926,
        2.2886119723320566
    ],
    "11": [
        4.254123870303783,
        -11.806320643644106
    ],
    "12": [
        3.993489461840464,
        -10.237308316901295
    ],
    "13": [
        4.8196261502644955,
        -2.0325024356913706
    ],
    "14": [
        1.7440248389115607,
        -2.485508307864472
    ],
    "15": [
        7.482137329705066,
        -1.6180047039839107
    ],
    "16": [
        -4.8997132737906135,
        3.4245348308883705
    ],
    "17": [
        -7.4967328531010935,
        4.569413279122593
    ],
    "18": [
        -6.243751141394309,
        4.6608330196978525
    ],
    "19": [
        -9.309861631991055,
        5.4415164658336534
    ],
    "20": [
        -1.2276757387251513,
        3.251369662945514
    ],
    "21": [
        3.233804639602421,
        -1.6563245568662073
    ],
    "22": [
        0.28886128450941845,
        8.731886727211736
    ],
    "23": [
        -1.5254728393393562,
        8.976271775082246
    ],
    "24": [
        -1.6813359790291027,
        7.7069457080377965
    ],
    "25": [
        5.510651785569586,
        -11.083282244459367
    ],
    "26": [
        -7.058777767410609,
        -0.027902708827644347
    ],
    "27": [
        9.439689428450958,
        -1.4037946689627636
    ],
    "28": [
        2.8964957603961117,
        -6.5267009433509475
    ],
    "29": [
        -2.3534858269390875,
        3.1498283313977846
    ],
    "30": [
        -1.4249822113186057,
        0.059647495345579706
    ],
    "31": [
        -0.07172593246705389,
        1.7119659321845246
    ],
    "32": [
        -2.5830427277586683,
        0.0875587070573334
    ],
    "33": [
        -0.19736843167335488,
        2.8115985976880067
    ],
    "34": [
        -1.9235748342446213,
        10.975238578391684
    ],
    "35": [
        3.0700442186087344,
        -11.74833644471268
    ],
    "36": [
        1.1411074100944276,
        10.571908698366023
    ],
    "37": [
        1.1413931874317678,
        -4.147503849857284
    ],
    "38": [
        2.525492050950471,
        -3.9929600733860204
    ],
    "39": [
        -6.20041852461907,
        -1.7405347644869602
    ],
    "40": [
        4.931229422884928,
        -12.782721599987095
    ],
    "41": [
        5.554725517865281,
        -14.573379276114695
    ]
}