{
    "0": [
        3.8608521330189487,
        -1.33013781786455
    ],
    "1": [
        3.161309223685749,
        0.42427515290765067
    ],
    "2": [
        -5.639393738883043,
        -1.6924950366234017
    ],
    "3": [
        -3.799281461984975,
        -1.2040254940131
    ],
    "4": [
        -4.077115111711013,
        -2.8278559821191176
    ],
    "5": [
        5.053761885794427,
        0.7960325181314477
    ],
    "6": [
        3.0751920284604664,
        2.105630277339302
    ],
    "7": [
        -0.5638379936910406,
        3.8881667303641745
    ],
    "8": [
        -0.42268491651647305,
        2.0812449229350807
    ],
    "9": [
        -1.6564948678999296,
        3.3286985971662433
    ],
    "10": [
        -0.40580892542288943,
        -0.29402580550239366
    ],
    "11": [
        -0.5188222900394236,
        -2.45753062046892
    ],
    "12": [
        4.862713373732573,
        1.6681127856021558
    ],
    "13": [
        4.670718102381829,
        -0.825620555133708
    ],
    "14": [
        2.817324191699639,
        -1.0025620779883213
    ],
    "15": [
        5.167940888011696,
        -0.0685135313047451
    ],
    "16": [
        1.3613181041112907,
        1.5119696387267783
    ],
    "17": [
        4.028500098535301,
        2.0386100692483216
    ],
    "18": [
        -0.5401443580906016,
        -4.181654624248828
    ],
    "19": [
        -5.609454955560993,
        -0.6769325990199295
    ],
    "20": [
        -5.11706514553761,
        -2.5614368691615295
    ],
    "21": [
        -4.823672146536275,
        0.06957988199531781
    ]
}