{
    "0": [
        -2.53049732339482,
        8.566900679279735
    ],
    "1": [
        -4.174763265625715,
        9.435922180134929
    ],
    "2": [
        -1.2381829752046598,
        4.910834382776656
    ],
    "3": [
        -1.9221587287144768,
        10.354718662447219
    ],
    "4": [
        -2.6370628275073997,
        10.580550006464007
    ],
    "5": [
        -3.638374018233568,
        10.317340542516389
    ],
    "6": [
        -0.20158636263211663,
        -1.0861865509346782
    ],
    "7": [
        -1.3108010118986884,
        -0.05456751167613197
    ],
    "8": [
        -4.05375282272815,
        0.09296936811362196
    ],
    "9": [
        -6.110251497490935,
        0.19898912834294957
    ],
    "10": [
        2.3029948304192285,
        8.290584682820091
    ],
    "11": [
        0.7002893827394634,
        7.243550141142896
    ],
    "12": [
        1.6051873499945741,
        1.0149179188596391
    ],
    "13": [
        3.1437817547248352,
        2.162477145483209
    ],
    "14": [
        3.551199945078107,
        1.0982122012157194
    ],
    "15": [
        -3.109514211796464,
        -5.977280223628428
    ],
    "16": [
        -1.5492857789186238,
        -5.087547288393495
    ],
    "17": [
        -2.310087782139847,
        -6.725675575933583
    ],
    "18": [
        5.881748769008109,
        -2.6363172543236497
    ],
    "19": [
        4.049192077067471,
        -2.062787800590347
    ],
    "20": [
        -1.640944826420823,
        -14.992433962442636
    ],
    "21": [
        -1.646513988596943,
        -16.82656207763959
    ],
    "22": [
        -1.6397510819948906,
        -12.448243172702837
    ],
    "23": [
        -0.701144697872795,
        -13.78852864241688
    ],
    "24": [
        1.4414715848305357,
        9.021399360036442
    ],
    "25": [
        -2.6401248496176892,
        -13.769604248941013
    ],
    "26": [
        -1.6061729364915258,
        -8.971605312601172
    ],
    "27": [
        -1.5350485158427425,
        -1.5753215247029098
    ],
    "28": [
        -0.1375370073782304,
        0.8097837238756989
    ],
    "29": [
        -1.3787470515762188,
        1.512772892404813
    ],
    "30": [
        -3.3704292348152376,
        1.5438030247171877
    ],
    "31": [
        -3.5626784161516785,
        -1.4006352772258421
    ],
    "32": [
        1.5884104722534618,
        -1.2033331392278408
    ],
    "33": [
        -2.549156525657401,
        0.039044820613971465
    ],
    "34": [
        -1.1031529077399806,
        -6.78192188340436
    ],
    "35": [
        -0.15064277247946725,
        -6.150477994029488
    ],
    "36": [
        -1.6292297178451263,
        6.316802522566898
    ],
    "37": [
        -5.0318989156786005,
        2.5858707524671174
    ],
    "38": [
        -5.350942421365761,
        -2.2543765667918945
    ]
}