{
    "0": [
        -6.660592768477748,
        5.740259772768099
    ],
    "1": [
        -9.166304903893112,
        3.0554402493605664
    ],
    "2": [
        -2.536985028498678,
        2.629922587084297
    ],
    "3": [
        -8.936732939567053,
        10.431256023957202
    ],
    "4": [
        6.6813119162685,
        -3.5069172707222287
    ],
    "5": [
        8.62947385682645,
        -4.403730861666764
    ],
    "6": [
        3.9732345453274363,
        -2.207281402513233
    ],
    "7": [
        0.7676956725929164,
        0.5852465114973906
    ],
    "8": [
        -0.2329643345509216,
        2.2309371456983036
    ],
    "9": [
        -11.654929258495367,
        2.2355618363354943
    ],
    "10": [
        -12.858551804559882,
        1.1609114454269969
    ],
    "11": [
        -11.28040109495459,
        1.5227459424644294
    ],
    "12": [
        6.7238694957577305,
        -7.117612608849848
    ],
    "13": [
        5.360427967401315,
        -5.473991590643675
    ],
    "14": [
        -10.56777246911879,
        2.7701399479443967
    ],
    "15": [
        5.658512048698796,
        -7.556038571390711
    ],
    "16": [
        -7.315057660066104,
        15.485527935393455
    ],
    "17": [
        -8.639468142003667,
        14.264679956835176
    ],
    "18": [
        5.52273586994134,
        -1.1629802428675438
    ],
    "19": [
        0.6478904844278756,
        -0.0351870327163608
    ],
    "20": [
        5.582354048851828,
        -2.3942633541847025
    ],
    "21": [
        -0.35717678724290947,
        6.30559492985541
    ],
    "22": [
        -1.3193438036459737,
        4.727481924351501
    ],
    "23": [
        -16.522131767092144,
        13.869271076369534
    ],
    "24": [
        -14.674214383670886,
        13.440588998508968
    ],
    "25": [
        -9.938051079955613,
        4.410534699044256
    ],
    "26": [
        -9.771434435384876,
        15.773074234685096
    ],
    "27": [
        3.1990061049865552,
        -4.049413792089712
    ],
    "28": [
        2.72389443836502,
        -3.084657940871727
    ],
    "29": [
        4.194854347767082,
        -4.04133805195373
    ],
    "30": [
        5.1275649742472575,
        -3.508050526296592
    ],
    "31": [
        6.915283855218366,
        -1.69600667072002
    ],
    "32": [
        4.53872479518962,
        -0.7645314816955545
    ],
    "33": [
        -12.040684394051045,
        11.902637085304733
    ],
    "34": [
        -11.43235714775134,
        13.321901033233011
    ],
    "35": [
        -10.327335263651717,
        11.979301866710564
    ],
    "36": [
        -15.91808275229993,
        14.893488394301054
    ],
    "37": [
        -5.904589393163505,
        2.765356241087573
    ],
    "38": [
        1.1865544091915778,
        3.2543619306755396
    ],
    "39": [
        -8.20702473294777,
        11.527830237916667
    ],
    "40": [
        -2.7690245020785937,
        3.961315245905664
    ],
    "41": [
        -2.577693429997128,
        1.1036690841882728
    ],
    "42": [
        -10.978428506328997,
        3.8387057181081787
    ],
    "43": [
        -8.967264242046378,
        16.330267881473944
    ],
    "44": [
        -8.018211679931486,
        16.216427575129202
    ],
    "45": [
        9.0114317245535,
        -1.4132857515640025
    ],
    "46": [
        -9.961833077536408,
        1.3112829464661886
    ],
    "47": [
        -3.633012671822414,
        1.711185257388195
    ],
    "48": [
        -8.951972190173297,
        1.4426038939711991
    ]
}