{
    "0": [
        0.9223778664607167,
        1.2294787838849899
    ],
    "1": [
        -0.42981294495913813,
        1.9546666971868127
    ],
    "2": [
        2.7515911182102593,
        -0.4535224470470732
    ],
    "3": [
        -2.47449191340824,
        -0.11733741220902638
    ],
    "4": [
        0.3575476132975417,
        2.9024576621367677
    ],
    "5": [
        1.5679321850222943,
        2.5920923062330203
    ],
    "6": [
        2.4516503315567557,
        1.189266859778897
    ],
    "7": [
        1.3361336698404287,
        -0.2978122518433649
    ],
    "8": [
        0.11284276499873494,
        0.04473619161657407
    ],
    "9": [
        3.3868271841609827,
        3.3975116831276875
    ],
    "10": [
        4.0538678248451,
        -1.6914824419335057
    ],
    "11": [
        -5.487840079289846,
        -0.7696176643453715
    ],
    "12": [
        -4.763056819853992,
        -2.016527777121585
    ],
    "13": [
        -4.650287189681689,
        0.39114556362635455
    ],
    "14": [
        -6.1106614487450654,
        1.3464614448786871
    ],
    "15": [
        7.7000073148472525,
        8.094728310439239
    ],
    "16": [
        6.573433272561272,
        6.926149871162899
    ],
    "17": [
        -5.932457318554247,
        -3.4489218650849125
    ],
    "18": [
        5.100016273774275,
        5.370318624950353
    ],
    "19": [
        -6.530813204062126,
        -2.4342082772274094
    ],
    "20": [
        -4.766083804369298,
        -3.723398203667258
    ],
    "21": [
        4.89799965584648,
        3.755111414058322
    ]
}