{
    "0": [
        1.0,
        0.0
    ],
    "1": [
        0.9993770622619782,
        0.03529146390585247
    ],
    "2": [
        0.9975090251507638,
        0.07053895904231096
    ],
    "3": [
        0.994398216007982,
        0.10569857141959299
    ],
    "4": [
        0.9900485105144543,
        0.14072649653889052
    ],
    "5": [
        0.9844653278615834,
        0.17557909396732074
    ],
    "6": [
        0.9776556239997144,
        0.21021294170847107
    ],
    "7": [
        0.9696278829718882,
        0.2445848903007999
    ],
    "8": [
        0.9603921063437793,
        0.27865211657649214
    ],
    "9": [
        0.9499598007429908,
        0.3123721770137941
    ],
    "10": [
        0.9383439635232295,
        0.3457030606163563
    ],
    "11": [
        0.9255590665712211,
        0.3786032412537033
    ],
    "12": [
        0.9116210382765418,
        0.4110317293976218
    ],
    "13": [
        0.8965472436868285,
        0.442948123190008
    ],
    "14": [
        0.8803564628730913,
        0.4743126587785522
    ],
    "15": [
        0.8630688675320841,
        0.5050862598575473
    ],
    "16": [
        0.844705995854882,
        0.5352305863520993
    ],
    "17": [
        0.8252907256929775,
        0.5647080821850867
    ],
    "18": [
        0.8048472460553258,
        0.5934820220673562
    ],
    "19": [
        0.7834010269718525,
        0.6215165572528594
    ],
    "20": [
        0.7609787877609677,
        0.648776760201726
    ],
    "21": [
        0.7376084637406223,
        0.6752286680956304
    ],
    "22": [
        0.7133191714243803,
        0.7008393251512329
    ],
    "23": [
        0.6881411722458688,
        0.7255768236789827
    ],
    "24": [
        0.6621058348568005,
        0.7494103438361251
    ],
    "25": [
        0.6352455960455385,
        0.7723101920243889
    ],
    "26": [
        0.607593920324899,
        0.7942478378845109
    ],
    "27": [
        0.5791852582395335,
        0.815195949841512
    ],
    "28": [
        0.5500550034448414,
        0.8351284291564355
    ],
    "29": [
        0.5202394486108822,
        0.8540204424421263
    ],
    "30": [
        0.4897757402062284,
        0.8718484526025386
    ],
    "31": [
        0.4587018322180907,
        0.8885902481570269
    ],
    "32": [
        0.427056438866376,
        0.904224970913085
    ],
    "33": [
        0.39487898637059127,
        0.9187331419530561
    ],
    "34": [
        0.3622095638296826,
        0.9320966859024395
    ],
    "35": [
        0.32908887327601,
        0.9442989534495557
    ],
    "36": [
        0.29555817896568415,
        0.9553247420885155
    ],
    "37": [
        0.2616592559684407,
        0.9651603150596496
    ],
    "38": [
        0.22743433812110633,
        0.9737934184638004
    ],
    "39": [
        0.19292606540949692,
        0.9812132965291546
    ],
    "40": [
        0.15817743084430402,
        0.9874107050115952
    ],
    "41": [
        0.12323172689715887,
        0.992377922711879
    ],
    "42": [
        0.08813249156360183,
        0.996108761095289
    ],
    "43": [
        0.05292345412016307,
        0.9985985720017784
    ],
    "44": [
        0.017648480643128704,
        0.9998442534369986
    ],
    "45": [
        -0.017648480643128583,
        0.9998442534369986
    ],
    "46": [
        -0.052923454120162944,
        0.9985985720017784
    ],
    "47": [
        -0.0881324915636017,
        0.9961087610952891
    ],
    "48": [
        -0.12323172689715853,
        0.992377922711879
    ],
    "49": [
        -0.1581774308443039,
        0.9874107050115952
    ],
    "50": [
        -0.1929260654094968,
        0.9812132965291546
    ],
    "51": [
        -0.22743433812110622,
        0.9737934184638004
    ],
    "52": [
        -0.2616592559684406,
        0.9651603150596496
    ],
    "53": [
        -0.2955581789656838,
        0.9553247420885156
    ],
    "54": [
        -0.3290888732760099,
        0.9442989534495558
    ],
    "55": [
        -0.3622095638296825,
        0.9320966859024395
    ],
    "56": [
        -0.39487898637059116,
        0.9187331419530562
    ],
    "57": [
        -0.4270564388663757,
        0.9042249709130851
    ],
    "58": [
        -0.45870183221809036,
        0.888590248157027
    ],
    "59": [
        -0.48977574020622827,
        0.8718484526025387
    ],
    "60": [
        -0.5202394486108821,
        0.8540204424421264
    ],
    "61": [
        -0.5500550034448414,
        0.8351284291564356
    ],
    "62": [
        -0.5791852582395332,
        0.8151959498415122
    ],
    "63": [
        -0.6075939203248988,
        0.794247837884511
    ],
    "64": [
        -0.6352455960455385,
        0.772310192024389
    ],
    "65": [
        -0.6621058348568004,
        0.7494103438361251
    ],
    "66": [
        -0.6881411722458688,
        0.7255768236789827
    ],
    "67": [
        -0.71331917142438,
        0.7008393251512333
    ],
    "68": [
        -0.7376084637406222,
        0.6752286680956306
    ],
    "69": [
        -0.7609787877609677,
        0.6487767602017261
    ],
    "70": [
        -0.7834010269718525,
        0.6215165572528594
    ],
    "71": [
        -0.8048472460553258,
        0.5934820220673562
    ],
    "72": [
        -0.8252907256929772,
        0.5647080821850871
    ],
    "73": [
        -0.8447059958548819,
        0.5352305863520994
    ],
    "74": [
        -0.8630688675320841,
        0.5050862598575474
    ],
    "75": [
        -0.8803564628730913,
        0.4743126587785523
    ],
    "76": [
        -0.8965472436868286,
        0.442948123190008
    ],
    "77": [
        -0.9116210382765417,
        0.41103172939762206
    ],
    "78": [
        -0.925559066571221,
        0.37860324125370354
    ],
    "79": [
        -0.9383439635232295,
        0.3457030606163564
    ],
    "80": [
        -0.9499598007429908,
        0.31237217701379416
    ],
    "81": [
        -0.9603921063437793,
        0.27865211657649214
    ],
    "82": [
        -0.9696278829718881,
        0.24458489030080022
    ],
    "83": [
        -0.9776556239997144,
        0.2102129417084713
    ],
    "84": [
        -0.9844653278615834,
        0.17557909396732085
    ],
    "85": [
        -0.9900485105144543,
        0.14072649653889055
    ],
    "86": [
        -0.994398216007982,
        0.10569857141959295
    ],
    "87": [
        -0.9975090251507638,
        0.07053895904231126
    ],
    "88": [
        -0.9993770622619782,
        0.03529146390585268
    ],
    "89": [
        -1.0,
        1.2246467991473532e-16
    ],
    "90": [
        -0.9993770622619782,
        -0.03529146390585244
    ],
    "91": [
        -0.9975090251507638,
        -0.07053895904231101
    ],
    "92": [
        -0.9943982160079821,
        -0.1056985714195927
    ],
    "93": [
        -0.9900485105144544,
        -0.14072649653889033
    ],
    "94": [
        -0.9844653278615834,
        -0.1755790939673206
    ],
    "95": [
        -0.9776556239997144,
        -0.21021294170847107
    ],
    "96": [
        -0.9696278829718883,
        -0.24458489030079955
    ],
    "97": [
        -0.9603921063437794,
        -0.27865211657649186
    ],
    "98": [
        -0.9499598007429909,
        -0.31237217701379394
    ],
    "99": [
        -0.9383439635232296,
        -0.3457030606163562
    ],
    "100": [
        -0.9255590665712211,
        -0.3786032412537033
    ],
    "101": [
        -0.9116210382765421,
        -0.41103172939762145
    ],
    "102": [
        -0.8965472436868287,
        -0.44294812319000776
    ],
    "103": [
        -0.8803564628730914,
        -0.47431265877855205
    ],
    "104": [
        -0.8630688675320842,
        -0.5050862598575472
    ],
    "105": [
        -0.844705995854882,
        -0.5352305863520993
    ],
    "106": [
        -0.8252907256929776,
        -0.5647080821850865
    ],