{
    "0": [
        1.0,
        0.0
    ],
    "1": [
        0.9975090251507638,
        0.07053895904231096
    ],
    "2": [
        0.9900485105144543,
        0.14072649653889052
    ],
    "3": [
        0.9776556239997144,
        0.21021294170847107
    ],
    "4": [
        0.9603921063437793,
        0.27865211657649214
    ],
    "5": [
        0.9383439635232295,
        0.3457030606163563
    ],
    "6": [
        0.9116210382765418,
        0.4110317293976218
    ],
    "7": [
        0.8803564628730913,
        0.4743126587785522
    ],
    "8": [
        0.844705995854882,
        0.5352305863520993
    ],
    "9": [
        0.8048472460553258,
        0.5934820220673562
    ],
    "10": [
        0.7609787877609677,
        0.648776760201726
    ],
    "11": [
        0.7133191714243803,
        0.7008393251512329
    ],
    "12": [
        0.6621058348568005,
        0.7494103438361251
    ],
    "13": [
        0.607593920324899,
        0.7942478378845109
    ],
    "14": [
        0.5500550034448414,
        0.8351284291564355
    ],
    "15": [
        0.4897757402062284,
        0.8718484526025386
    ],
    "16": [
        0.427056438866376,
        0.904224970913085
    ],
    "17": [
        0.3622095638296826,
        0.9320966859024395
    ],
    "18": [
        0.29555817896568415,
        0.9553247420885155
    ],
    "19": [
        0.22743433812110633,
        0.9737934184638004
    ],
    "20": [
        0.15817743084430402,
        0.9874107050115952
    ],
    "21": [
        0.08813249156360183,
        0.996108761095289
    ],
    "22": [
        0.017648480643128704,
        0.9998442534369986
    ],
    "23": [
        -0.052923454120162944,
        0.9985985720017784
    ],
    "24": [
        -0.12323172689715853,
        0.992377922711879
    ],
    "25": [
        -0.1929260654094968,
        0.9812132965291546
    ],
    "26": [
        -0.2616592559684406,
        0.9651603150596496
    ],
    "27": [
        -0.3290888732760099,
        0.9442989534495558
    ],
    "28": [
        -0.39487898637059116,
        0.9187331419530562
    ],
    "29": [
        -0.45870183221809036,
        0.888590248157027
    ],
    "30": [
        -0.5202394486108821,
        0.8540204424421264
    ],
    "31": [
        -0.5791852582395332,
        0.8151959498415122
    ],
    "32": [
        -0.6352455960455385,
        0.772310192024389
    ],
    "33": [
        -0.6881411722458688,
        0.7255768236789827
    ],
    "34": [
        -0.7376084637406222,
        0.6752286680956306
    ],
    "35": [
        -0.7834010269718525,
        0.6215165572528594
    ],
    "36": [
        -0.8252907256929772,
        0.5647080821850871
    ],
    "37": [
        -0.8630688675320841,
        0.5050862598575474
    ],
    "38": [
        -0.8965472436868286,
        0.442948123190008
    ],
    "39": [
        -0.925559066571221,
        0.37860324125370354
    ],
    "40": [
        -0.9499598007429908,
        0.31237217701379416
    ],
    "41": [
        -0.9696278829718881,
        0.24458489030080022
    ],
    "42": [
        -0.9844653278615834,
        0.17557909396732085
    ],
    "43": [
        -0.994398216007982,
        0.10569857141959295
    ],
    "44": [
        -0.9993770622619782,
        0.03529146390585268
    ],
    "45": [
        -0.9993770622619782,
        -0.03529146390585244
    ],
    "46": [
        -0.9943982160079821,
        -0.1056985714195927
    ],
    "47": [
        -0.9844653278615834,
        -0.1755790939673206
    ],
    "48": [
        -0.9696278829718883,
        -0.24458489030079955
    ],
    "49": [
        -0.9499598007429909,
        -0.31237217701379394
    ],
    "50": [
        -0.9255590665712211,
        -0.3786032412537033
    ],
    "51": [
        -0.8965472436868287,
        -0.44294812319000776
    ],
    "52": [
        -0.8630688675320842,
        -0.5050862598575472
    ],
    "53": [
        -0.8252907256929776,
        -0.5647080821850865
    ],
    "54": [
        -0.7834010269718527,
        -0.6215165572528591
    ],
    "55": [
        -0.7376084637406223,
        -0.6752286680956304
    ],
    "56": [
        -0.688141172245869,
        -0.7255768236789825
    ],
    "57": [
        -0.635245596045539,
        -0.7723101920243886
    ],
    "58": [
        -0.5791852582395337,
        -0.8151959498415118
    ],
    "59": [
        -0.5202394486108823,
        -0.8540204424421263
    ],
    "60": [
        -0.4587018322180906,
        -0.8885902481570269
    ],
    "61": [
        -0.39487898637059116,
        -0.9187331419530562
    ],
    "62": [
        -0.3290888732760105,
        -0.9442989534495556
    ],
    "63": [
        -0.26165925596844103,
        -0.9651603150596495
    ],
    "64": [
        -0.19292606540949706,
        -0.9812132965291545
    ],
    "65": [
        -0.12323172689715878,
        -0.992377922711879
    ],
    "66": [
        -0.052923454120162965,
        -0.9985985720017784
    ],
    "67": [
        0.017648480643128014,
        -0.9998442534369987
    ],
    "68": [
        0.08813249156360135,
        -0.9961087610952891
    ],
    "69": [
        0.1581774308443038,
        -0.9874107050115952
    ],
    "70": [
        0.2274343381211063,
        -0.9737934184638004
    ],
    "71": [
        0.29555817896568415,
        -0.9553247420885155
    ],
    "72": [
        0.362209563829682,
        -0.9320966859024398
    ],
    "73": [
        0.42705643886637557,
        -0.9042249709130851
    ],
    "74": [
        0.48977574020622816,
        -0.8718484526025387
    ],
    "75": [
        0.5500550034448413,
        -0.8351284291564356
    ],
    "76": [
        0.6075939203248991,
        -0.7942478378845108
    ],
    "77": [
        0.6621058348568,
        -0.7494103438361256
    ],
    "78": [
        0.71331917142438,
        -0.7008393251512333
    ],
    "79": [
        0.7609787877609676,
        -0.6487767602017263
    ],
    "80": [
        0.8048472460553256,
        -0.5934820220673563
    ],
    "81": [
        0.844705995854882,
        -0.5352305863520992
    ],
    "82": [
        0.8803564628730911,
        -0.4743126587785528
    ],
    "83": [
        0.9116210382765417,
        -0.41103172939762217
    ],
    "84": [
        0.9383439635232295,
        -0.34570306061635653
    ],
    "85": [
        0.9603921063437793,
        -0.27865211657649225
    ],
    "86": [
        0.9776556239997144,
        -0.210212941708471
    ],
    "87": [
        0.9900485105144543,
        -0.14072649653889113
    ],
    "88": [
        0.9975090251507638,
        -0.07053895904231139
    ]
}