{
    "0": [
        1.0,
        0.0
    ],
    "1": [
        0.9989008914857115,
        0.046872262469940064
    ],
    "2": [
        0.9956059820218981,
        0.09364148953435077
    ],
    "3": [
        0.9901225145346509,
        0.14020487228188572
    ],
    "4": [
        0.9824625428755761,
        0.18646005429168117
    ],
    "5": [
        0.972642905324813,
        0.23230535663498325
    ],
    "6": [
        0.9606851875768402,
        0.27764000138750056
    ],
    "7": [
        0.9466156752904341,
        0.3223643331611537
    ],
    "8": [
        0.9304652963070866,
        0.36638003816824616
    ],
    "9": [
        0.9122695526648967,
        0.40959036033650636
    ],
    "10": [
        0.8920684425573865,
        0.45190031399993386
    ],
    "11": [
        0.8699063724087903,
        0.49321689269790736
    ],
    "12": [
        0.8458320592590974,
        0.5334492736235703
    ],
    "13": [
        0.8198984236734246,
        0.5725090172720719
    ],
    "14": [
        0.7921624734111293,
        0.6103102618497921
    ],
    "15": [
        0.762685178110382,
        0.6467699120171987
    ],
    "16": [
        0.731531335263669,
        0.6818078215504377
    ],
    "17": [
        0.6987694277788417,
        0.7153469695201276
    ],
    "18": [
        0.6644714734388217,
        0.7473136296000771
    ],
    "19": [
        0.6287128665908849,
        0.7776375321337521
    ],
    "20": [
        0.5915722124135223,
        0.8062520186022298
    ],
    "21": [
        0.5531311541251995,
        0.8330941881540915
    ],
    "22": [
        0.5134741935148419,
        0.8581050358751443
    ],
    "23": [
        0.47268850518856526,
        0.8812295824940285
    ],
    "24": [
        0.43086374494097046,
        0.9024169952385883
    ],
    "25": [
        0.3880918526722497,
        0.9216206995773374
    ],
    "26": [
        0.344466850284333,
        0.9387984816003864
    ],
    "27": [
        0.30008463500034066,
        0.953912580814779
    ],
    "28": [
        0.2550427685616765,
        0.9669297731502506
    ],
    "29": [
        0.20944026276614436,
        0.9778214439929451
    ],
    "30": [
        0.16337736181853021,
        0.9865636510865465
    ],
    "31": [
        0.11695532197208237,
        0.9931371771625542
    ],
    "32": [
        0.070276188945293,
        0.9975275721840101
    ],
    "33": [
        0.023442573603260568,
        0.9997251851098159
    ],
    "34": [
        -0.023442573603260443,
        0.9997251851098159
    ],
    "35": [
        -0.07027618894529288,
        0.9975275721840101
    ],
    "36": [
        -0.11695532197208247,
        0.9931371771625542
    ],
    "37": [
        -0.1633773618185301,
        0.9865636510865465
    ],
    "38": [
        -0.20944026276614444,
        0.9778214439929451
    ],
    "39": [
        -0.2550427685616764,
        0.9669297731502506
    ],
    "40": [
        -0.30008463500034077,
        0.953912580814779
    ],
    "41": [
        -0.3444668502843329,
        0.9387984816003864
    ],
    "42": [
        -0.3880918526722496,
        0.9216206995773375
    ],
    "43": [
        -0.43086374494097035,
        0.9024169952385884
    ],
    "44": [
        -0.47268850518856537,
        0.8812295824940284
    ],
    "45": [
        -0.5134741935148418,
        0.8581050358751443
    ],
    "46": [
        -0.5531311541251994,
        0.8330941881540915
    ],
    "47": [
        -0.5915722124135224,
        0.8062520186022298
    ],
    "48": [
        -0.6287128665908847,
        0.7776375321337522
    ],
    "49": [
        -0.6644714734388216,
        0.7473136296000772
    ],
    "50": [
        -0.6987694277788417,
        0.7153469695201276
    ],
    "51": [
        -0.7315313352636691,
        0.6818078215504376
    ],
    "52": [
        -0.7626851781103818,
        0.6467699120171988
    ],
    "53": [
        -0.7921624734111293,
        0.6103102618497922
    ],
    "54": [
        -0.8198984236734246,
        0.5725090172720719
    ],
    "55": [
        -0.8458320592590974,
        0.5334492736235702
    ],
    "56": [
        -0.8699063724087902,
        0.49321689269790747
    ],
    "57": [
        -0.8920684425573865,
        0.45190031399993386
    ],
    "58": [
        -0.9122695526648968,
        0.4095903603365063
    ],
    "59": [
        -0.9304652963070865,
        0.3663800381682464
    ],
    "60": [
        -0.9466156752904341,
        0.3223643331611538
    ],
    "61": [
        -0.9606851875768402,
        0.27764000138750056
    ],
    "62": [
        -0.9726429053248131,
        0.23230535663498308
    ],
    "63": [
        -0.9824625428755761,
        0.18646005429168136
    ],
    "64": [
        -0.9901225145346509,
        0.14020487228188577
    ],
    "65": [
        -0.9956059820218981,
        0.0936414895343507
    ],
    "66": [
        -0.9989008914857114,
        0.04687226246994031
    ],
    "67": [
        -1.0,
        1.2246467991473532e-16
    ],
    "68": [
        -0.9989008914857115,
        -0.046872262469940064
    ],
    "69": [
        -0.9956059820218981,
        -0.09364148953435089
    ],
    "70": [
        -0.9901225145346509,
        -0.14020487228188555
    ],
    "71": [
        -0.9824625428755762,
        -0.1864600542916811
    ],
    "72": [
        -0.972642905324813,
        -0.23230535663498328
    ],
    "73": [
        -0.9606851875768403,
        -0.27764000138750033
    ],
    "74": [
        -0.9466156752904342,
        -0.3223643331611536
    ],
    "75": [
        -0.9304652963070866,
        -0.36638003816824616
    ],
    "76": [
        -0.9122695526648967,
        -0.4095903603365065
    ],
    "77": [
        -0.8920684425573866,
        -0.45190031399993363
    ],
    "78": [
        -0.8699063724087903,
        -0.49321689269790725
    ],
    "79": [
        -0.8458320592590973,
        -0.5334492736235704
    ],
    "80": [
        -0.8198984236734245,
        -0.572509017272072
    ],
    "81": [
        -0.7921624734111294,
        -0.610310261849792
    ],
    "82": [
        -0.7626851781103821,
        -0.6467699120171987
    ],
    "83": [
        -0.731531335263669,
        -0.6818078215504377
    ],
    "84": [
        -0.6987694277788418,
        -0.7153469695201273
    ],
    "85": [
        -0.6644714734388218,
        -0.7473136296000771
    ],
    "86": [
        -0.6287128665908849,
        -0.777637532133752
    ],
    "87": [
        -0.5915722124135226,
        -0.8062520186022296
    ],
    "88": [
        -0.5531311541251992,
        -0.8330941881540916
    ],
    "89": [
        -0.513474193514842,
        -0.8581050358751442
    ],
    "90": [
        -0.4726885051885656,
        -0.8812295824940283
    ],
    "91": [
        -0.4308637449409702,
        -0.9024169952385884
    ],
    "92": [
        -0.3880918526722498,
        -0.9216206995773374
    ],
    "93": [
        -0.3444668502843333,
        -0.9387984816003863
    ],
    "94": [
        -0.3000846350003406,
        -0.953912580814779
    ],
    "95": [
        -0.2550427685616766,
        -0.9669297731502506
    ],
    "96": [
        -0.2094402627661449,
        -0.977821443992945
    ],
    "97": [
        -0.16337736181853013,
        -0.9865636510865465
    ],
    "98": [
        -0.11695532197208272,
        -0.9931371771625541
    ],
    "99": [
        -0.07027618894529268,
        -0.9975275721840101
    ],
    "100": [
        -0.023442573603260467,
        -0.9997251851098159
    ],
    "101": [
        0.0234425736032601,
        -0.9997251851098159
    ],
    "102": [
        0.0702761889452932,
        -0.9975275721840101
    ],
    "103": [
        0.11695532197208236,
        -0.9931371771625542
    ],
    "104": [
        0.16337736181852977,
        -0.9865636510865465
    ],
    "105": [
        0.20944026276614455,
        -0.9778214439929451
    ],