{
    "0": [
        1.0,
        0.0
    ],
    "1": [
        0.9946998756145891,
        0.1028209971373604
    ],
    "2": [
        0.9788556850953578,
        0.2045520661262008
    ],
    "3": [
        0.9526353808033825,
        0.30411483232751785
    ],
    "4": [
        0.9163169044870048,
        0.40045390565126643
    ],
    "5": [
        0.8702852410301553,
        0.4925480679538643
    ],
    "6": [
        0.8150283375168114,
        0.5794210982045637
    ],
    "7": [
        0.7511319308705199,
        0.6601521206712317
    ],
    "8": [
        0.6792733388972931,
        0.733885366432199
    ],
    "9": [
        0.6002142805483683,
        0.7998392447397193
    ],
    "10": [
        0.5147928015098309,
        0.8573146280763322
    ],
    "11": [
        0.42391439070986076,
        0.9057022630804714
    ],
    "12": [
        0.32854238191083485,
        0.9444892287836613
    ],
    "13": [
        0.22968774213179574,
        0.9732643737003824
    ],
    "14": [
        0.12839835514655099,
        0.9917226741361015
    ],
    "15": [
        0.025747913654988658,
        0.999668467514313
    ],
    "16": [
        -0.07717546212664618,
        0.9970175264485267
    ],
    "17": [
        -0.17928075881073544,
        0.9837979515735163
    ],
    "18": [
        -0.27948563485160915,
        0.9601498736716019
    ],
    "19": [
        -0.376727893635185,
        0.926323968251495
    ],
    "20": [
        -0.4699767430273197,
        0.8826787983255476
    ],
    "21": [
        -0.5582437220268646,
        0.829677013552619
    ],
    "22": [
        -0.6405931786981751,
        0.7678804460366001
    ],
    "23": [
        -0.7161521883143931,
        0.6979441547663439
    ],
    "24": [
        -0.7841198065767103,
        0.620609481827423
    ],
    "25": [
        -0.8437755598231856,
        0.5366961939916005
    ],
    "26": [
        -0.8944870822287954,
        0.44709379298511426
    ],
    "27": [
        -0.9357168190404935,
        0.352752086549095
    ],
    "28": [
        -0.9670277247913204,
        0.2546711202412288
    ],
    "29": [
        -0.9880878960910771,
        0.15389057670406214
    ],
    "30": [
        -0.9986740898848305,
        0.05147875477034673
    ],
    "31": [
        -0.9986740898848305,
        -0.051478754770346045
    ],
    "32": [
        -0.9880878960910772,
        -0.15389057670406148
    ],
    "33": [
        -0.9670277247913204,
        -0.25467112024122857
    ],
    "34": [
        -0.9357168190404939,
        -0.35275208654909435
    ],
    "35": [
        -0.8944870822287957,
        -0.44709379298511365
    ],
    "36": [
        -0.843775559823186,
        -0.5366961939916
    ],
    "37": [
        -0.7841198065767107,
        -0.6206094818274225
    ],
    "38": [
        -0.7161521883143935,
        -0.6979441547663433
    ],
    "39": [
        -0.6405931786981752,
        -0.7678804460366
    ],
    "40": [
        -0.5582437220268655,
        -0.8296770135526184
    ],
    "41": [
        -0.4699767430273207,
        -0.8826787983255471
    ],
    "42": [
        -0.3767278936351856,
        -0.9263239682514948
    ],
    "43": [
        -0.2794856348516098,
        -0.9601498736716017
    ],
    "44": [
        -0.1792807588107359,
        -0.9837979515735163
    ],
    "45": [
        -0.07717546212664643,
        -0.9970175264485267
    ],
    "46": [
        0.025747913654987745,
        -0.9996684675143132
    ],
    "47": [
        0.1283983551465503,
        -0.9917226741361016
    ],
    "48": [
        0.22968774213179508,
        -0.9732643737003827
    ],
    "49": [
        0.3285423819108344,
        -0.9444892287836614
    ],
    "50": [
        0.42391439070986053,
        -0.9057022630804715
    ],
    "51": [
        0.51479280150983,
        -0.8573146280763329
    ],
    "52": [
        0.6002142805483676,
        -0.7998392447397199
    ],
    "53": [
        0.6792733388972927,
        -0.7338853664321995
    ],
    "54": [
        0.7511319308705195,
        -0.6601521206712321
    ],
    "55": [
        0.8150283375168111,
        -0.5794210982045639
    ],
    "56": [
        0.8702852410301551,
        -0.4925480679538645
    ],
    "57": [
        0.9163169044870044,
        -0.40045390565126726
    ],
    "58": [
        0.9526353808033823,
        -0.30411483232751857
    ],
    "59": [
        0.9788556850953577,
        -0.20455206612620136
    ],
    "60": [
        0.9946998756145891,
        -0.1028209971373608
    ]
}