{
    "0": [
        1.0,
        0.0
    ],
    "1": [
        0.999034865600726,
        0.04392422240790868
    ],
    "2": [
        0.9961413253717212,
        0.08776365925980288
    ],
    "3": [
        0.9913249646234069,
        0.1314336886585815
    ],
    "4": [
        0.9845950802266584,
        0.17485001570906433
    ],
    "5": [
        0.9759646626673444,
        0.21792883522979833
    ],
    "6": [
        0.9654503709711981,
        0.26058699351958436
    ],
    "7": [
        0.9530725005474194,
        0.30274214886647205
    ],
    "8": [
        0.9388549440130799,
        0.3443129304893974
    ],
    "9": [
        0.9228251450739493,
        0.38521909560566236
    ],
    "10": [
        0.9050140455507668,
        0.42538168432107487
    ],
    "11": [
        0.8854560256532099,
        0.46472317204376856
    ],
    "12": [
        0.8641888376168482,
        0.5031676191275039
    ],
    "13": [
        0.8412535328311812,
        0.5406408174555976
    ],
    "14": [
        0.8166943825994217,
        0.5770704336825353
    ],
    "15": [
        0.7905587926829812,
        0.6123861488567709
    ],
    "16": [
        0.7628972117956068,
        0.6465197941552053
    ],
    "17": [
        0.733763034223804,
        0.6794054824673382
    ],
    "18": [
        0.7032124967615111,
        0.7109797355751019
    ],
    "19": [
        0.6713045701579703,
        0.7411816066828849
    ],
    "20": [
        0.6381008452883309,
        0.7699527980612303
    ],
    "21": [
        0.6036654142667042,
        0.7972377735771233
    ],
    "22": [
        0.5680647467311558,
        0.8229838658936565
    ],
    "23": [
        0.5313675615394372,
        0.8471413781321465
    ],
    "24": [
        0.49364469412311834,
        0.8696636798004691
    ],
    "25": [
        0.4549689597561651,
        0.8905072968024422
    ],
    "26": [
        0.41541501300188644,
        0.9096319953545183
    ],
    "27": [
        0.3750592036095618,
        0.9270008596478005
    ],
    "28": [
        0.33397942913890133,
        0.9425803631054774
    ],
    "29": [
        0.2922549845968171,
        0.9563404330981276
    ],
    "30": [
        0.24996640937674572,
        0.9682545089919784
    ],
    "31": [
        0.20719533179596908,
        0.9782995934180686
    ],
    "32": [
        0.16402431153102187,
        0.9864562966633516
    ],
    "33": [
        0.120536680255323,
        0.992708874098054
    ],
    "34": [
        0.07681638078664672,
        0.9970452565670431
    ],
    "35": [
        0.0329478050549208,
        0.9994570736865406
    ],
    "36": [
        -0.010984368796883501,
        0.9999396700012126
    ],
    "37": [
        -0.05489533986432743,
        0.9984921139704509
    ],
    "38": [
        -0.09870034817004555,
        0.9951171997664957
    ],
    "39": [
        -0.14231483827328523,
        0.9898214418809327
    ],
    "40": [
        -0.18565462248463532,
        0.9826150625499731
    ],
    "41": [
        -0.2286360433708973,
        0.9735119720227898
    ],
    "42": [
        -0.271176135236417,
        0.962529741710998
    ],
    "43": [
        -0.3131927842691789,
        0.9496895702711068
    ],
    "44": [
        -0.3546048870425357,
        0.9350162426854148
    ],
    "45": [
        -0.39533250706662154,
        0.9185380824203314
    ],
    "46": [
        -0.4352970290872649,
        0.9002868967544739
    ],
    "47": [
        -0.4744213108345605,
        0.8802979153820696
    ],
    "48": [
        -0.5126298319281858,
        0.8586097224101763
    ],
    "49": [
        -0.5498488396520348,
        0.8352641818809848
    ],
    "50": [
        -0.5860064913167861,
        0.8103063569629635
    ],
    "51": [
        -0.6210329929356018,
        0.7837844229668314
    ],
    "52": [
        -0.654860733945285,
        0.7557495743542583
    ],
    "53": [
        -0.6874244177128394,
        0.7262559259187933
    ],
    "54": [
        -0.7186611875755226,
        0.6953604083297665
    ],
    "55": [
        -0.7485107481711012,
        0.6631226582407952
    ],
    "56": [
        -0.7769154818241072,
        0.6296049031750113
    ],
    "57": [
        -0.8038205597634392,
        0.5948718414092159
    ],
    "58": [
        -0.8291740479566284,
        0.5589905170888133
    ],
    "59": [
        -0.8529270073564809,
        0.5220301908145903
    ],
    "60": [
        -0.8750335883665944,
        0.4840622059511376
    ],
    "61": [
        -0.8954511193434023,
        0.4451598509149809
    ],
    "62": [
        -0.9141401889639166,
        0.40539821770823675
    ],
    "63": [
        -0.931064722300175,
        0.36485405697086337
    ],
    "64": [
        -0.9461920504535486,
        0.3236056298312954
    ],
    "65": [
        -0.9594929736144974,
        0.28173255684142967
    ],
    "66": [
        -0.970941817426052,
        0.23931566428755768
    ],
    "67": [
        -0.9805164825422236,
        0.19643682817390762
    ],
    "68": [
        -0.9881984872856818,
        0.15317881617994772
    ],
    "69": [
        -0.9939730033223599,
        0.10962512789651714
    ],
    "70": [
        -0.9978288842841259,
        0.0658598336491715
    ],
    "71": [
        -0.9997586872842681,
        0.02196741221985486
    ],
    "72": [
        -0.9997586872842681,
        -0.021967412219854612
    ],
    "73": [
        -0.9978288842841259,
        -0.06585983364917125
    ],
    "74": [
        -0.9939730033223599,
        -0.10962512789651734
    ],
    "75": [
        -0.9881984872856817,
        -0.1531788161799479
    ],
    "76": [
        -0.9805164825422236,
        -0.1964368281739078
    ],
    "77": [
        -0.970941817426052,
        -0.23931566428755788
    ],
    "78": [
        -0.9594929736144974,
        -0.28173255684142984
    ],
    "79": [
        -0.9461920504535485,
        -0.3236056298312956
    ],
    "80": [
        -0.9310647223001751,
        -0.36485405697086315
    ],
    "81": [
        -0.9141401889639167,
        -0.40539821770823653
    ],
    "82": [
        -0.8954511193434024,
        -0.44515985091498067
    ],
    "83": [
        -0.8750335883665945,
        -0.48406220595113736
    ],
    "84": [
        -0.852927007356481,
        -0.5220301908145902
    ],
    "85": [
        -0.8291740479566283,
        -0.5589905170888135
    ],
    "86": [
        -0.8038205597634391,
        -0.594871841409216
    ],
    "87": [
        -0.7769154818241071,
        -0.6296049031750115
    ],
    "88": [
        -0.748510748171101,
        -0.6631226582407953
    ],
    "89": [
        -0.7186611875755224,
        -0.6953604083297666
    ],
    "90": [
        -0.6874244177128392,
        -0.7262559259187934
    ],
    "91": [
        -0.6548607339452852,
        -0.7557495743542582
    ],
    "92": [
        -0.6210329929356017,
        -0.7837844229668315
    ],
    "93": [
        -0.5860064913167858,
        -0.8103063569629636
    ],
    "94": [
        -0.5498488396520347,
        -0.835264181880985
    ],
    "95": [
        -0.5126298319281852,
        -0.8586097224101766
    ],
    "96": [
        -0.4744213108345599,
        -0.8802979153820699
    ],
    "97": [
        -0.43529702908726514,
        -0.9002868967544738
    ],
    "98": [
        -0.39533250706662176,
        -0.9185380824203313
    ],
    "99": [
        -0.3546048870425359,
        -0.9350162426854147
    ],
    "100": [
        -0.3131927842691792,
        -0.9496895702711068
    ],
    "101": [
        -0.2711761352364172,
        -0.9625297417109979
    ],
    "102": [
        -0.22863604337089755,
        -0.9735119720227898
    ],
    "103": [
        -0.18565462248463555,
        -0.9826150625499731
    ],
    "104": [
        -0.14231483827328523,
        -0.9898214418809327
    ],
    "105": [
        -0.09870034817004558,
        -0.9951171997664957
    ],