{
    "0": [
        -0.6288810800816026,
        -1.5540442720086087
    ],
    "1": [
        -1.3921718674815708,
        -2.489387435494979
    ],
    "2": [
        0.21128396808123182,
        -2.212398306389166
    ],
    "3": [
        -1.8906161611737946,
        -2.0781032410118243
    ],
    "4": [
        -0.8892110516037864,
        0.5241214471195227
    ],
    "5": [
        -1.2160318035368158,
        0.48293854726568813
    ],
    "6": [
        0.33981992403896827,
        -1.2690999442374902
    ],
    "7": [
        -0.19145595208400998,
        -2.5379310461239704
    ],
    "8": [
        -2.048910212204429,
        -1.3820029580502402
    ],
    "9": [
        -0.6673179284308122,
        -2.731981351405999
    ],
    "10": [
        -0.49807461503611056,
        -1.1989328399368706
    ],
    "11": [
        -0.8801164981380996,
        -1.1219194186319703
    ],
    "12": [
        0.45893811273301227,
        -3.806139166208874
    ],
    "13": [
        -1.2247183319683876,
        -1.3026878051825643
    ],
    "14": [
        -1.0259579028376051,
        -1.6265742065737343
    ],
    "15": [
        0.7382568465109998,
        4.64681346936552
    ],
    "16": [
        -0.28410008878600485,
        2.7081195072672344
    ],
    "17": [
        -1.732811359937642,
        2.9405623246006867
    ],
    "18": [
        -1.2453067952921568,
        2.9821741980522014
    ],
    "19": [
        -2.076534498787394,
        2.1335017259033364
    ],
    "20": [
        -2.28770616508957,
        1.6743342961762764
    ],
    "21": [
        -0.45113734455423216,
        1.9596745291682929
    ],
    "22": [
        -1.0172040515978276,
        2.064143365756328
    ],
    "23": [
        -1.5616760235035976,
        1.800036485940565
    ]
}