{
    "0": [
        1.273225498901107,
        -1.1572138184370933
    ],
    "1": [
        0.6138974677614915,
        -0.7249522778919049
    ],
    "2": [
        2.2239612323954274,
        -3.9000884199330965
    ],
    "3": [
        -0.1805106711560416,
        0.9333002492009252
    ],
    "4": [
        0.2194122269318445,
        0.06917423856393337
    ],
    "5": [
        -0.36584795448912144,
        -0.28840852310192994
    ],
    "6": [
        1.1222676219476981,
        -1.7506138725554448
    ],
    "7": [
        0.14199033312283257,
        -1.8561880403109803
    ],
    "8": [
        -0.871336837211537,
        -1.9435176756281842
    ],
    "9": [
        -1.4424263058835483,
        0.4310523654518203
    ],
    "10": [
        1.0411001839056846,
        -0.2512666465096326
    ],
    "11": [
        1.670192095538889,
        0.9909738991601608
    ],
    "12": [
        0.3176877749620137,
        1.5804400683717648
    ],
    "13": [
        0.2187734123882741,
        -2.5732568501095443
    ],
    "14": [
        0.9250390985481948,
        1.537504092402682
    ],
    "15": [
        2.2411184276256333,
        0.43785051072867137
    ],
    "16": [
        1.2853077840968201,
        2.353587075915251
    ],
    "17": [
        2.4096820351507215,
        0.9125302889248623
    ],
    "18": [
        2.2228082201735875,
        2.9795242578465233
    ],
    "19": [
        -0.23680040834964874,
        3.1538646957390126
    ],
    "20": [
        1.3964857139929971,
        0.1427288183134976
    ],
    "21": [
        -0.2986392842790224,
        -1.3412673649913722
    ],
    "22": [
        -1.0419403033290957,
        2.567821601895766
    ],
    "23": [
        -1.6764960549455092,
        -1.6304056063299028
    ],
    "24": [
        -0.8638717418737542,
        -0.698299465564511
    ],
    "25": [
        1.4596434615664504,
        -2.7494845265944687
    ],
    "26": [
        -1.820977418882412,
        -0.3417025986506432
    ],
    "27": [
        2.6939250162085826,
        -1.325908760884553
    ],
    "28": [
        3.62541883473057,
        -0.8032712150504574
    ],
    "29": [
        0.6328064249782489,
        2.787081867792413
    ],
    "30": [
        -2.2960100422616407,
        1.3198959531521814
    ],
    "31": [
        2.019373954676147,
        1.6613732157983865
    ],
    "32": [
        -0.4008786834400165,
        2.4095641447333094
    ],
    "33": [
        2.5849344423037337,
        -0.23802486437940706
    ],
    "34": [
        -0.6923679068950152,
        1.0887548743654625
    ],
    "35": [
        3.456604163124626,
        1.262006351031979
    ],
    "36": [
        2.8467562855534823,
        -2.8139029520436893
    ]
}