{
    "0": [
        -0.8485823197590281,
        1.3197511361508825
    ],
    "1": [
        0.0924862192153107,
        0.3067141634524177
    ],
    "2": [
        -2.6744923216225827,
        2.9946687888751655
    ],
    "3": [
        0.10165476068096455,
        1.0542129293418128
    ],
    "4": [
        0.25409164029746795,
        -0.5359004145380872
    ],
    "5": [
        -0.23834479878297457,
        -0.06928921566337956
    ],
    "6": [
        0.5361122637447343,
        -0.2664855593435029
    ],
    "7": [
        1.2888982407953824,
        0.24308890084108192
    ],
    "8": [
        -1.2016224716937731,
        0.27722077570973147
    ],
    "9": [
        1.3743162564844342,
        -1.1068244757448142
    ],
    "10": [
        0.009414505956347163,
        -1.4327665578888138
    ],
    "11": [
        -1.31125195256161,
        -1.3515106594996544
    ],
    "12": [
        1.6581732126080184,
        1.1325494408918655
    ],
    "13": [
        0.7441839054624897,
        1.4746856421672654
    ],
    "14": [
        1.5771518616399784,
        -0.5364796360035493
    ],
    "15": [
        -0.5429213479335364,
        -0.6829685477294142
    ],
    "16": [
        -1.622821140107039,
        -0.07014279522419647
    ],
    "17": [
        2.7386743617261327,
        -0.4567054279853114
    ],
    "18": [
        0.9756523322517542,
        -1.4742419645036438
    ],
    "19": [
        2.86776543684238,
        -1.3569493070980476
    ],
    "20": [
        1.744241429290517,
        -2.1814352873494647
    ],
    "21": [
        1.601905446851926,
        1.9667493259113213
    ],
    "22": [
        -0.21434056064773369,
        2.745104672171017
    ],
    "23": [
        -0.8230460221452724,
        2.0064968544458295
    ],
    "24": [
        -1.596053154045265,
        0.7500128974750323
    ],
    "25": [
        -0.0843358932831155,
        -2.327532597754387
    ],
    "26": [
        2.1028924139214418,
        0.11269160766914409
    ]
}