{
    "0": [
        -1.757286022080178,
        0.07220440811382149
    ],
    "1": [
        2.6835722899760466,
        1.0920575104361403
    ],
    "2": [
        -2.0369483230554106,
        1.5400456985556898
    ],
    "3": [
        1.2064481752160245,
        -1.4525680754440307
    ],
    "4": [
        1.4077990059471017,
        0.34636327659923266
    ],
    "5": [
        2.984630695241769,
        -1.435693076312293
    ],
    "6": [
        -0.932965312886363,
        -0.5297798415398214
    ],
    "7": [
        -0.08572382967742301,
        2.1083912013772412
    ],
    "8": [
        1.659965508166843,
        -0.3619766989649511
    ],
    "9": [
        1.0040030784870864,
        -0.7841845649589773
    ],
    "10": [
        -2.327776692538923,
        -0.9433941916425465
    ],
    "11": [
        1.889539757031821,
        1.1715968689425404
    ],
    "12": [
        3.8516750840010094,
        2.1364380565770342
    ],
    "13": [
        -1.5032214769771755,
        -1.4304016407797715
    ],
    "14": [
        -1.227730578823931,
        -2.266230838012395
    ],
    "15": [
        2.1842207759653998,
        -0.1398704764306098
    ],
    "16": [
        1.3070773324517795,
        1.7554870225949917
    ],
    "17": [
        2.2330416228763093,
        -2.038619510021087
    ],
    "18": [
        0.3935243035230455,
        1.684547012141638
    ],
    "19": [
        0.1235137823945279,
        -2.385853883274359
    ],
    "20": [
        0.48761387097050224,
        3.2781009260980802
    ],
    "21": [
        -2.566803891534076,
        -0.1273366316558265
    ],
    "22": [
        0.9074976394483599,
        1.2541481133060146
    ],
    "23": [
        0.7424740448902182,
        0.6260027999532786
    ],
    "24": [
        -0.06600682910034221,
        0.6497168251989243
    ],
    "25": [
        -0.5332580220943978,
        0.4056515326632735
    ],
    "26": [
        -0.3249668982192286,
        -1.6299510704519742
    ],
    "27": [
        -0.35445523642887883,
        -0.5400425300202556
    ],
    "28": [
        0.1728005336288202,
        -1.1974858515140259
    ],
    "29": [
        0.4259650243116316,
        -0.4559539029406922
    ],
    "30": [
        -0.5157119692462107,
        -0.015147941061191774
    ]
}