{
    "0": [
        0.42005703781000997,
        -1.0254669105825753
    ],
    "1": [
        -0.4258965030448736,
        2.219134866639929
    ],
    "2": [
        2.2494666065467825,
        -1.063653801806789
    ],
    "3": [
        0.8725180727415779,
        0.6536306321991665
    ],
    "4": [
        -2.6454433839750715,
        3.632151835080117
    ],
    "5": [
        2.6028140137381817,
        0.2795604195868652
    ],
    "6": [
        -0.1856794660713701,
        -3.0300528120940875
    ],
    "7": [
        0.2970429548476135,
        2.302331372769607
    ],
    "8": [
        -1.3168409323557868,
        -0.837775857713187
    ],
    "9": [
        1.0547136620834014,
        0.14220970557539567
    ],
    "10": [
        2.893235450568621,
        -0.9487983210754917
    ],
    "11": [
        -2.033726803120968,
        -3.073982412719458
    ],
    "12": [
        2.9637624346339875,
        -2.991953984331187
    ],
    "13": [
        -0.08055364746120418,
        0.9403606036389067
    ],
    "14": [
        -1.4111877378782296,
        -1.6204298060277733
    ],
    "15": [
        0.35005741425360376,
        1.3680870938785863
    ],
    "16": [
        0.6331161809595337,
        -1.556933977926804
    ],
    "17": [
        1.291271700048907,
        -1.271491816497356
    ],
    "18": [
        1.6593876389713385,
        0.9171455129119354
    ],
    "19": [
        -3.6481049141366944,
        -3.0440356894194442
    ],
    "20": [
        1.1638200691549083,
        -0.4040756351106074
    ],
    "21": [
        1.6521522396138832,
        1.4636398835304754
    ],
    "22": [
        -0.43292048475592304,
        -1.080028860074781
    ],
    "23": [
        -0.06049484577463494,
        -1.7756191679995046
    ],
    "24": [
        1.201611976139202,
        2.877163515826513
    ],
    "25": [
        -0.9516274287353912,
        0.04754168107176308
    ],
    "26": [
        3.003308169213113,
        0.7694513758918465
    ],
    "27": [
        -0.3300203384304982,
        -0.30538876157639855
    ],
    "28": [
        0.6125782523369052,
        -0.22300137764573222
    ],
    "29": [
        1.544116744286235,
        -2.600148395092335
    ],
    "30": [
        -2.7296019366392663,
        0.41499263868148245
    ],
    "31": [
        -1.750452510061607,
        -2.5452979354340433
    ],
    "32": [
        2.000746794751008,
        2.2595596311408337
    ],
    "33": [
        -0.8427619663252809,
        1.8223486164594884
    ],
    "34": [
        0.9620876126928629,
        -2.084606959761568
    ],
    "35": [
        -1.1022735465350366,
        4.697207063197024
    ]
}