{
    "0": [
        0.9084841063856697,
        -0.7086245505301128
    ],
    "1": [
        -1.1579890870018041,
        -1.8441861567427733
    ],
    "2": [
        2.2233416263051935,
        -1.285558416471845
    ],
    "3": [
        -1.4797914746092329,
        2.525248081862881
    ],
    "4": [
        0.2078302880720756,
        -0.88655990401772
    ],
    "5": [
        -0.9914874815806567,
        -0.15869242666827
    ],
    "6": [
        -1.0389582677355698,
        1.5983286971508912
    ],
    "7": [
        -0.43896027026824597,
        0.8787649777876824
    ],
    "8": [
        0.5155395997955557,
        1.6974923369739612
    ],
    "9": [
        -1.7194660438356155,
        1.7294290059231645
    ],
    "10": [
        1.4760981848049615,
        1.4087545313584533
    ],
    "11": [
        -2.533498224425056,
        -1.6041040229483747
    ],
    "12": [
        0.18612691005081836,
        3.11331919951377
    ],
    "13": [
        -0.7325911565678992,
        -0.4741271885970218
    ],
    "14": [
        0.5792859450218818,
        1.2401432873230633
    ],
    "15": [
        0.08232549743206219,
        -0.08626867193415072
    ],
    "16": [
        0.9452730078302858,
        2.6690709809223154
    ],
    "17": [
        -3.0140740822956245,
        -2.6265977711925026
    ],
    "18": [
        -0.4967613737133872,
        0.23531717640008826
    ],
    "19": [
        0.5358400848286949,
        0.5606520861911617
    ],
    "20": [
        -1.385608592506818,
        -2.3420369301119943
    ],
    "21": [
        1.7877169943870326,
        -0.12652663568808642
    ],
    "22": [
        -1.4931838430355562,
        0.14961058444432365
    ],
    "23": [
        1.8931573833944255,
        0.4785808470394156
    ],
    "24": [
        -2.0950092428696387,
        -1.2731919167514936
    ],
    "25": [
        2.9494952137045787,
        -0.22413070143783675
    ],
    "26": [
        -0.34015111608142135,
        1.7621004080865397
    ],
    "27": [
        0.18730217805606947,
        0.3233056110839285
    ],
    "28": [
        -2.8308526653688295,
        0.17342389935884314
    ],
    "29": [
        -2.94535708627515,
        -1.1235747298387202
    ],
    "30": [
        -0.9621797304685122,
        1.1237291511553342
    ],
    "31": [
        0.5615469441795327,
        -1.4359886031813693
    ],
    "32": [
        -1.8793610659808468,
        -0.580023493769774
    ],
    "33": [
        -2.1081733112539003,
        0.9831456470953135
    ],
    "34": [
        0.17436137614373046,
        1.1725427949142735
    ]
}