{
    "0": [
        1.5411007253375528,
        -3.5475467205730755
    ],
    "1": [
        3.3776981472748413,
        -2.8883838142505263
    ],
    "2": [
        2.836908315247963,
        -0.795127491556128
    ],
    "3": [
        -1.2170422014896165,
        0.3079342280674924
    ],
    "4": [
        -0.38407035047848886,
        -2.7024068476447676
    ],
    "5": [
        -1.4181748837755899,
        1.2609402472626892
    ],
    "6": [
        0.892361646178916,
        0.7281960004049812
    ],
    "7": [
        -1.507741996119004,
        2.0394597025811247
    ],
    "8": [
        -1.9049605518675086,
        -1.011030443027476
    ],
    "9": [
        1.1907959728609927,
        -0.06704488887485467
    ],
    "10": [
        -0.2717513622619002,
        4.836299707915716
    ],
    "11": [
        0.4027718797051098,
        -1.5710768639200048
    ],
    "12": [
        -0.6576337404449323,
        2.776793636877787
    ],
    "13": [
        -0.24614652724176664,
        -2.2546107145227734
    ],
    "14": [
        -2.6239412330659606,
        -1.8603495896385984
    ],
    "15": [
        0.1489264592082833,
        0.1322245622396903
    ],
    "16": [
        1.5885696600952797,
        -2.4543973612521173
    ],
    "17": [
        -0.5860940720700775,
        0.9008719827261468
    ],
    "18": [
        -1.8551333203031968,
        0.43284626959218025
    ],
    "19": [
        1.679896342028954,
        1.1011473355768817
    ],
    "20": [
        -0.9502594134683235,
        -0.7856056756357733
    ],
    "21": [
        0.03756517880879792,
        2.453560958608841
    ],
    "22": [
        0.11111048668527365,
        -0.5689051415704038
    ],
    "23": [
        0.6360257437475136,
        0.01809521411684186
    ],
    "24": [
        -6.299618211694099,
        3.9582034502954926
    ],
    "25": [
        0.25753023776614276,
        -1.0914807816573608
    ],
    "26": [
        -4.3317774240695766,
        2.8576719469290093
    ],
    "27": [
        1.8045958426810018,
        -0.4071942411738841
    ],
    "28": [
        1.415079364324897,
        -1.748148076037617
    ],
    "29": [
        1.0848219277404416,
        -0.9236031087982115
    ],
    "30": [
        2.7426729605618054,
        0.026336064027105765
    ],
    "31": [
        1.6594121947697484,
        -0.9813801653348972
    ],
    "32": [
        -0.7086223169197362,
        3.525485252077337
    ],
    "33": [
        4.437442803910765,
        1.040182360537388
    ],
    "34": [
        2.3993907407146113,
        0.7097000406547674
    ],
    "35": [
        0.920287028220071,
        -2.9909145355533697
    ],
    "36": [
        2.216209937707092,
        -1.5295967109706639
    ],
    "37": [
        -0.18563546135338935,
        1.1250680073031583
    ],
    "38": [
        0.6038906884928511,
        1.595497136393486
    ]
}