{
    "0": [
        -1.6883915713390716,
        -4.002947260292338
    ],
    "1": [
        -0.9452842665074478,
        -0.3967698388984161
    ],
    "2": [
        0.48203855534017953,
        -1.235032231053417
    ],
    "3": [
        -2.3775375705845985,
        -0.489908865968152
    ],
    "4": [
        2.249665108913319,
        1.1901306991149554
    ],
    "5": [
        1.3972615950391354,
        -1.648046193453448
    ],
    "6": [
        0.3811261186659829,
        -3.3718051746241895
    ],
    "7": [
        -3.5333526944568043,
        -0.7933950935353818
    ],
    "8": [
        -2.5828518567207785,
        -3.694909545630931
    ],
    "9": [
        -1.3518432613917246,
        0.35645132193346746
    ],
    "10": [
        -0.7236210132337854,
        -4.018537897936376
    ],
    "11": [
        -0.14968458586217293,
        -1.7187239113954793
    ],
    "12": [
        1.4524421477404204,
        -0.8091136134256283
    ],
    "13": [
        -3.039154546817688,
        0.6162969556108361
    ],
    "14": [
        0.24092759752339368,
        2.0925652578622813
    ],
    "15": [
        -0.11761212224315597,
        -0.6465462666771241
    ],
    "16": [
        -3.142158345642699,
        -2.737073625730781
    ],
    "17": [
        0.605435475056567,
        0.8328718704804826
    ],
    "18": [
        -0.6163751844548871,
        0.27139542496678537
    ],
    "19": [
        -0.635080569587714,
        -1.7317749825863125
    ],
    "20": [
        -1.4436017415999347,
        -1.29657274455726
    ],
    "21": [
        3.343785322378377,
        -0.3505785455085857
    ],
    "22": [
        0.37091786659793163,
        0.04374801747586691
    ],
    "23": [
        -1.87449047149729,
        -2.496270785694566
    ],
    "24": [
        -0.7525190010071822,
        1.1443823189776603
    ],
    "25": [
        -1.2765948466967292,
        1.4681330373810515
    ],
    "26": [
        1.305730442007806,
        0.46856732856323186
    ],
    "27": [
        0.41649834264728114,
        -2.478156297025969
    ],
    "28": [
        1.5347260437155243,
        0.03052988364863737
    ],
    "29": [
        -2.6978066794341715,
        -1.7184118649410174
    ]
}