{
    "0": [
        -1.8456367556022109,
        -1.9387659097447458
    ],
    "1": [
        -0.7226462219145149,
        -3.5068798509776733
    ],
    "2": [
        0.057746623036046454,
        -3.2645136246095516
    ],
    "3": [
        1.1685921583292116,
        -1.9829661216475383
    ],
    "4": [
        1.323699735863186,
        -2.5236499435968995
    ],
    "5": [
        2.5335939334878215,
        -1.9775115779435852
    ],
    "6": [
        1.7147460079397077,
        -0.04032394999419242
    ],
    "7": [
        3.1246355427606383,
        -1.0566935393393595
    ],
    "8": [
        3.7297449387144863,
        -0.21453741592473421
    ],
    "9": [
        3.92904298701607,
        0.6074959808194506
    ],
    "10": [
        2.459459971254319,
        0.467205692009011
    ],
    "11": [
        2.4371431224594677,
        1.7461378610860716
    ],
    "12": [
        1.276439903365573,
        2.070296057338734
    ],
    "13": [
        -0.15657388834565591,
        1.7246871617926893
    ],
    "14": [
        -0.632548201552589,
        1.8574075930329714
    ],
    "15": [
        -2.2702260125912153,
        1.3422544492999933
    ],
    "16": [
        -2.7435612104811242,
        2.4264567786205706
    ],
    "17": [
        -3.4061131347379727,
        3.0157872611058494
    ],
    "18": [
        -2.775326538998211,
        3.5623811446097564
    ],
    "19": [
        -1.6650335076046774,
        3.678311726315185
    ],
    "20": [
        -1.4409301167163262,
        4.763679147683665
    ],
    "21": [
        0.020053814827401716,
        4.160618519255447
    ],
    "22": [
        -0.23611753354892911,
        3.494460193880852
    ],
    "23": [
        0.7609510129648739,
        2.993496704781366
    ],
    "24": [
        0.7321106240588864,
        1.685034401868991
    ],
    "25": [
        0.6023673169084092,
        0.5929749981505158
    ],
    "26": [
        0.02684990515550576,
        0.1199732785479411
    ],
    "27": [
        -0.5378910875868143,
        -0.41068286686484895
    ],
    "28": [
        0.20769678300731376,
        -1.239468841972625
    ],
    "29": [
        -0.5672699067410398,
        -2.411575257718539
    ],
    "30": [
        -1.4931373142499482,
        -2.756500760279748
    ],
    "31": [
        -1.948181674909019,
        -3.5823553015801983
    ]
}