{
    "0": [
        -0.6444230872814082,
        1.5700594376180788
    ],
    "1": [
        -1.1610079329404988,
        3.5027980615664873
    ],
    "2": [
        0.6671574524578645,
        3.7073804147250504
    ],
    "3": [
        0.023290577822820263,
        3.8382959172180873
    ],
    "4": [
        2.119241669852507,
        3.884472555558322
    ],
    "5": [
        1.4829996510415926,
        2.026109548882385
    ],
    "6": [
        3.544265003609263,
        2.134489374985506
    ],
    "7": [
        3.7041175520583356,
        1.159590678646981
    ],
    "8": [
        4.593683186553385,
        -0.01991961485799338
    ],
    "9": [
        3.2108462402710156,
        -0.9897473768728661
    ],
    "10": [
        3.6174573431464996,
        -2.0886060319758317
    ],
    "11": [
        2.923377662809537,
        -2.9484625211103
    ],
    "12": [
        2.0893638331598985,
        -3.7515376095567308
    ],
    "13": [
        0.6248255840543193,
        -2.0749735590946687
    ],
    "14": [
        0.024536815258110575,
        -4.137565677261043
    ],
    "15": [
        -1.0056117158530213,
        -3.471158364798761
    ],
    "16": [
        -1.9925599950318087,
        -2.9640761158920865
    ],
    "17": [
        -1.2736020370859809,
        -0.9387917828720496
    ],
    "18": [
        -1.9322161235596167,
        -1.480968025559325
    ],
    "19": [
        -1.6390639870547365,
        -2.3192373611344563
    ],
    "20": [
        -0.6438722181326219,
        -2.8644596523642765
    ],
    "21": [
        -0.3738077413841828,
        -1.4676098155613286
    ],
    "22": [
        1.2793783717663236,
        -2.0840612458552066
    ],
    "23": [
        1.6162804427558963,
        -0.8393496290241729
    ],
    "24": [
        2.351167574645412,
        0.049739826548404795
    ],
    "25": [
        0.8984951989157454,
        1.5210737564948003
    ],
    "26": [
        2.1210727633706585,
        2.160697135549846
    ],
    "27": [
        0.9594555540020925,
        2.6905385154268413
    ],
    "28": [
        0.394296121517241,
        1.8467151016612284
    ],
    "29": [
        0.3106472982524804,
        0.2953103034182531
    ],
    "30": [
        2.064261580238013,
        0.8937885655714013
    ],
    "31": [
        1.2479643816975896,
        0.9290580386332624
    ],
    "32": [
        0.8974999872062788,
        -0.058455340712686085
    ],
    "33": [
        -0.7594823463079319,
        0.5363584610209496
    ],
    "34": [
        -0.5592613390359427,
        -0.9846199340438635
    ],
    "35": [
        -0.0023970844163858484,
        -0.5577115893975734
    ],
    "36": [
        -2.29718648254176,
        -0.8970432979048558
    ],
    "37": [
        -1.7757078759294151,
        0.8116248420437179
    ],
    "38": [
        -3.0116485716885704,
        0.4959746086284183
    ],
    "39": [
        -2.4461906047095554,
        2.836954658290811
    ],
    "40": [
        -3.7320189300898363,
        2.444849761670933
    ],
    "41": [
        -1.8367442774500862,
        2.6938943773635486
    ],
    "42": [
        -2.5399995297126043,
        1.937180530537842
    ],
    "43": [
        -1.6528522190027974,
        1.4950163736156592
    ]
}