{
    "0": [
        2.324116237992828,
        -1.6378358476805241
    ],
    "1": [
        2.7103871179039123,
        -2.46270900809335
    ],
    "2": [
        1.1127018513851916,
        -2.8407827645115273
    ],
    "3": [
        1.2111676343996387,
        -1.9217217105256608
    ],
    "4": [
        -0.6404030292231909,
        -1.6302316825501288
    ],
    "5": [
        0.7599404702906875,
        -1.2633941048963682
    ],
    "6": [
        -0.13337582566602083,
        -2.267186438496105
    ],
    "7": [
        1.234274437441258,
        -0.8866340975461957
    ],
    "8": [
        1.4877294797685483,
        -2.3162522677858566
    ],
    "9": [
        2.956910015515304,
        -1.6200888752089861
    ],
    "10": [
        1.7741041682371663,
        -1.3656716202057375
    ],
    "11": [
        2.0036008751883214,
        -0.5164851667456989
    ],
    "12": [
        0.3640423247138939,
        -0.0003038888442606671
    ],
    "13": [
        0.04369308485501657,
        -0.9160636850850861
    ],
    "14": [
        -0.8001409924220799,
        0.4030167721753477
    ],
    "15": [
        -1.5067686531552928,
        -1.1378871042842431
    ],
    "16": [
        -2.1145891024723147,
        -0.18638811176704503
    ],
    "17": [
        -1.3278379700936616,
        -0.04657236270038918
    ],
    "18": [
        -1.2417602138277943,
        1.3304497379947722
    ],
    "19": [
        0.08464360624612119,
        1.3562136830422442
    ],
    "20": [
        -0.33335906134309184,
        2.800728792054895
    ],
    "21": [
        0.895162609188975,
        2.804190362371146
    ],
    "22": [
        0.8557901975623414,
        1.8419155130119023
    ],
    "23": [
        1.6539663765771204,
        1.0275630562919926
    ],
    "24": [
        2.265384011808787,
        0.17687695066770343
    ],
    "25": [
        3.166412730824556,
        -0.4828738735076721
    ]
}