{
    "0": [
        -1.8543433016056008,
        3.363748800318543
    ],
    "1": [
        -1.1350709084282584,
        3.9745291742410376
    ],
    "2": [
        -2.9017183506187014,
        4.694976943348586
    ],
    "3": [
        -2.9691157496857015,
        3.8304867617244387
    ],
    "4": [
        -3.7967267690744753,
        3.151087888796425
    ],
    "5": [
        -2.214491358559417,
        1.646081477087046
    ],
    "6": [
        -3.6772613047944454,
        1.253845010367694
    ],
    "7": [
        -4.5850355506633615,
        1.2975161983730699
    ],
    "8": [
        -4.6208245252245055,
        0.3928875542157351
    ],
    "9": [
        -3.6594595310244094,
        0.23920153730962224
    ],
    "10": [
        -2.2785324578034984,
        0.6538885300734627
    ],
    "11": [
        -1.2727476505085067,
        0.557640051541455
    ],
    "12": [
        -1.0882800362173872,
        -0.5267427744681715
    ],
    "13": [
        -0.23518718473504546,
        -0.766293726714807
    ],
    "14": [
        0.7864564532451195,
        -0.4008973102353777
    ],
    "15": [
        0.7132500123697486,
        0.7582236642757268
    ],
    "16": [
        2.0361553666413683,
        -0.018039905672064503
    ],
    "17": [
        1.2839328722197962,
        1.780713968082328
    ],
    "18": [
        2.944840413428278,
        1.067456628024093
    ],
    "19": [
        4.231881324641575,
        0.4528885077214399
    ],
    "20": [
        5.193875425748102,
        -0.42814137199891544
    ],
    "21": [
        6.076770942136473,
        -1.6337060736899367
    ],
    "22": [
        5.65578699555081,
        -2.4990327056066004
    ],
    "23": [
        6.611101799751405,
        -3.4647662333425653
    ],
    "24": [
        6.193869420675894,
        -3.6199793032550063
    ],
    "25": [
        5.3228286803567,
        -4.523948759795664
    ],
    "26": [
        4.912854047721269,
        -3.973051572266087
    ],
    "27": [
        2.9578132472247827,
        -3.3718129762748466
    ],
    "28": [
        3.4245913167869775,
        -3.111055253112362
    ],
    "29": [
        1.76432820184353,
        -2.2826436337683584
    ],
    "30": [
        0.6817817362240024,
        -2.550332911556258
    ],
    "31": [
        -0.6786576369230487,
        -1.2886300126765244
    ],
    "32": [
        -1.2697255589549676,
        -1.6984489911387226
    ],
    "33": [
        -1.6521145545817533,
        -0.4347414545391133
    ],
    "34": [
        0.4491177054151388,
        -1.0635719530918955
    ],
    "35": [
        -0.2264029445157037,
        1.1174377885785909
    ],
    "36": [
        0.0015177759218810598,
        1.6435382404075558
    ],
    "37": [
        1.326248396581548,
        2.5890130157206044
    ],
    "38": [
        0.7743757093678516,
        3.6878998104251624
    ],
    "39": [
        0.17429306218139995,
        3.5833114213447903
    ],
    "40": [
        -0.7996555264880479,
        3.0774179638768797
    ]
}