{
    "0": [
        1.7543377077489684,
        0.5875378772726813
    ],
    "1": [
        2.7837440814915357,
        0.694666996948216
    ],
    "2": [
        1.5142006237131473,
        2.3252635310802807
    ],
    "3": [
        3.0325462892345803,
        2.45608341619357
    ],
    "4": [
        3.4424952423929422,
        3.3562999342950244
    ],
    "5": [
        2.368110694536789,
        1.0027914286168202
    ],
    "6": [
        2.227735059140784,
        0.05984523497044282
    ],
    "7": [
        0.7675296527938057,
        1.5126671589827139
    ],
    "8": [
        2.2387469763033674,
        1.7149345233677353
    ],
    "9": [
        1.0040112494156674,
        0.4128861491539035
    ],
    "10": [
        0.8573941751509644,
        -0.544626437777318
    ],
    "11": [
        -2.23521374183346,
        -5.112940752746478
    ],
    "12": [
        -0.4483548681815707,
        -3.701438295026442
    ],
    "13": [
        -2.427172055343561,
        -2.4436414077360245
    ],
    "14": [
        -1.7715404266804484,
        -3.6610942625241147
    ],
    "15": [
        -1.1424417829495341,
        -4.601069489899642
    ],
    "16": [
        -2.686606399237516,
        -3.6789620629794615
    ],
    "17": [
        -3.493031052042697,
        -3.206937296424016
    ],
    "18": [
        -0.6718230391023486,
        -1.9276253989158831
    ],
    "19": [
        -2.7931711854128407,
        -4.617694411993644
    ],
    "20": [
        -1.293315932289037,
        -2.9113587232312574
    ]
}