{
    "0": [
        -3.3803614207972847,
        1.8437274388607612
    ],
    "1": [
        -3.009291805087395,
        0.4929722354442595
    ],
    "2": [
        -4.898474938394384,
        -0.3568637587316204
    ],
    "3": [
        -5.047022145480613,
        0.10923959179517748
    ],
    "4": [
        -4.070166077879263,
        0.844169876914109
    ],
    "5": [
        -6.085289287843547,
        2.4155858827956074
    ],
    "6": [
        -4.6625785701986695,
        1.9216703939073563
    ],
    "7": [
        -4.113309350952804,
        -0.7821218052954453
    ],
    "8": [
        -6.4073933735959585,
        -0.7972087284034287
    ],
    "9": [
        -4.560166583976458,
        1.100655275351057
    ],
    "10": [
        -6.076334143377101,
        0.2336051962420081
    ],
    "11": [
        -3.9905049357431253,
        0.007338358804740185
    ],
    "12": [
        -5.066352620956774,
        0.8537741811298686
    ],
    "13": [
        4.435554198512364,
        0.1784959024211909
    ],
    "14": [
        3.965904664663866,
        0.6948961050426441
    ],
    "15": [
        3.1729005967176276,
        0.9937831220877609
    ],
    "16": [
        1.438029471585414,
        0.1229373599426409
    ],
    "17": [
        2.4786789533603653,
        1.5153302867471392
    ],
    "18": [
        4.81257930866913,
        -0.6451206624625118
    ],
    "19": [
        3.686846882598369,
        -2.022669464744654
    ],
    "20": [
        3.3838951826599017,
        -0.0741829785394956
    ],
    "21": [
        4.760308085563679,
        1.2453848568114136
    ],
    "22": [
        3.913261621339117,
        -0.47289077491026943
    ],
    "23": [
        4.971122889199963,
        -1.7015388251513444
    ],
    "24": [
        3.3630305894446844,
        -1.1938196741670224
    ],
    "25": [
        2.9414481577511626,
        -0.32206602673512125
    ]
}