{
    "0": [
        3.7446431849457813,
        2.9654681715840563
    ],
    "1": [
        2.4550427421484535,
        0.23806971934967588
    ],
    "2": [
        4.300650557082125,
        1.4788724906488167
    ],
    "3": [
        3.3242799617063503,
        1.4921042822484067
    ],
    "4": [
        3.2395993491239876,
        0.9089804718584015
    ],
    "5": [
        0.5151393145461389,
        1.4094015114094591
    ],
    "6": [
        3.2091632519418622,
        2.0387732623692023
    ],
    "7": [
        5.291483783874962,
        1.8791951868201355
    ],
    "8": [
        4.994042858684675,
        2.5418890358371917
    ],
    "9": [
        4.224086360286528,
        0.5255150101765428
    ],
    "10": [
        2.406170345015583,
        1.887961380009856
    ],
    "11": [
        3.9574708884012835,
        1.857313367455207
    ],
    "12": [
        -2.0089553762266554,
        -3.9793494898112725
    ],
    "13": [
        -1.9293334351778615,
        -5.713223567881585
    ],
    "14": [
        -0.7716265262277293,
        -4.908087710467186
    ],
    "15": [
        0.5802439051779434,
        -5.371558108624605
    ],
    "16": [
        -3.7269746427312906,
        -5.175344607141027
    ],
    "17": [
        0.6678581484136666,
        -6.091112795874519
    ],
    "18": [
        0.30890185468207315,
        -3.4904920414317813
    ],
    "19": [
        -0.8927859018990608,
        -5.380838635673136
    ],
    "20": [
        -0.0387388969341559,
        -6.70989106029217
    ],
    "21": [
        -0.30906088358721995,
        -5.376462805988231
    ],
    "22": [
        -0.8343555663136645,
        -6.3363498988491
    ],
    "23": [
        -0.012510285265357147,
        -4.904894713843322
    ],
    "24": [
        -6.289993728328103,
        1.9416768494420122
    ],
    "25": [
        -7.713832216688365,
        1.8469362409879653
    ],
    "26": [
        -3.3231127797152378,
        1.335461751936967
    ],
    "27": [
        -5.398329233554298,
        1.3423657869995005
    ],
    "28": [
        -5.104289743857468,
        0.5965503425015468
    ],
    "29": [
        -6.019322780288381,
        -0.3900185098181926
    ],
    "30": [
        -8.930350818449313,
        1.2857540417380398
    ],
    "31": [
        -4.764222439573422,
        1.1486572173041254
    ],
    "32": [
        -7.447446739562286,
        0.31020040550936573
    ],
    "33": [
        -5.794575624961798,
        0.9717520192490756
    ],
    "34": [
        -7.665331424894813,
        1.3059501696264753
    ],
    "35": [
        -4.798193046329868,
        -0.8669507713260985
    ]
}