{
    "0": [
        -1.2389541253390366,
        -3.1725505241140417
    ],
    "1": [
        0.14685277622833257,
        -4.580709201011612
    ],
    "2": [
        1.4881248277284607,
        -5.014664084335502
    ],
    "3": [
        -1.8890060279592917,
        -4.005633565911463
    ],
    "4": [
        1.6820345622369068,
        -4.326256216276988
    ],
    "5": [
        3.024585951917168,
        -3.643008036020729
    ],
    "6": [
        0.6592110348828902,
        -5.374774517119802
    ],
    "7": [
        2.6750738678373236,
        -4.9572519869906335
    ],
    "8": [
        1.9706426893831626,
        -3.534640300140423
    ],
    "9": [
        1.3993719202935622,
        -2.946321474145105
    ],
    "10": [
        1.278857550682724,
        -6.053805044652865
    ],
    "11": [
        0.22785915198314408,
        -3.876840353374656
    ],
    "12": [
        -0.6657853059341897,
        -4.230854230367073
    ],
    "13": [
        -0.41220795095519935,
        -1.3718791441476783
    ],
    "14": [
        0.8133974141878929,
        -2.9586921823340195
    ],
    "15": [
        -0.10159202756789483,
        -2.6965104877748174
    ],
    "16": [
        2.603675910795055,
        -3.056422224742425
    ],
    "17": [
        0.719279715208584,
        -3.478762230128415
    ],
    "18": [
        0.8313442500902467,
        -4.680866451999082
    ],
    "19": [
        0.21761847560121939,
        3.6934300672642095
    ],
    "20": [
        -0.3705672913982915,
        1.269687204303341
    ],
    "21": [
        -0.9175930665170545,
        5.056828975949931
    ],
    "22": [
        -1.7075219319256438,
        1.8120977059061918
    ],
    "23": [
        -3.8282566117884884,
        1.6744927927138478
    ],
    "24": [
        -0.9690553611335838,
        3.991971409699992
    ],
    "25": [
        -2.230363067796799,
        3.6318209348825814
    ],
    "26": [
        -2.9962520251003704,
        2.6382081739087844
    ],
    "27": [
        -0.6124735014835303,
        4.486778725429154
    ],
    "28": [
        -0.6130688787619463,
        3.013120403590999
    ],
    "29": [
        -1.398332821676279,
        2.4018684675883866
    ],
    "30": [
        -1.909887649375474,
        3.4756947899524917
    ],
    "31": [
        -1.4027451898058083,
        3.418672728712853
    ],
    "32": [
        -2.101247751904432,
        5.398063490913882
    ],
    "33": [
        -3.452484192864545,
        4.148529301921111
    ],
    "34": [
        -2.033563614598877,
        4.248433035438092
    ],
    "35": [
        -2.913298134836818,
        4.759026676244735
    ],
    "36": [
        -1.317966455981296,
        1.0331517950436522
    ],
    "37": [
        -2.545120341039418,
        2.5030072588344137
    ]
}