{
    "0": [
        -7.509868373006355,
        -1.6014404464474339
    ],
    "1": [
        -5.900221540762209,
        -2.4070436147214176
    ],
    "2": [
        -6.891517084075626,
        -2.0093613700973303
    ],
    "3": [
        -8.23103181497359,
        -2.755877468462511
    ],
    "4": [
        -7.6706883465236055,
        -3.434933006400845
    ],
    "5": [
        -6.057611609386553,
        -1.2395376555120192
    ],
    "6": [
        -7.181761917992934,
        -2.385387942334689
    ],
    "7": [
        -6.4833433399551925,
        -3.2531901024954832
    ],
    "8": [
        -5.4080565463414105,
        -2.8905963802319565
    ],
    "9": [
        -3.9836957676768043,
        -2.4593762402145116
    ],
    "10": [
        -6.428270773338188,
        -2.7257860647922114
    ],
    "11": [
        -7.013082601147879,
        -3.7089880336033922
    ],
    "12": [
        -5.801066471510532,
        -3.724240741517196
    ],
    "13": [
        -7.206713653505709,
        -2.8784906119581386
    ],
    "14": [
        -8.479746304756825,
        -2.094863958974669
    ],
    "15": [
        5.426482732102227,
        3.645382478050218
    ],
    "16": [
        6.995635650154121,
        3.8091701136375398
    ],
    "17": [
        8.970083437799538,
        4.622088524782739
    ],
    "18": [
        7.421294967424312,
        2.6981684330351334
    ],
    "19": [
        5.149063199952119,
        1.94267537348337
    ],
    "20": [
        8.071183460666928,
        3.978915851579689
    ],
    "21": [
        6.262202604448837,
        3.646460637337881
    ],
    "22": [
        6.557654399747445,
        2.9161526079853415
    ],
    "23": [
        7.458770552972538,
        3.225945903364075
    ],
    "24": [
        9.001708249814472,
        3.5492703621694064
    ],
    "25": [
        6.543331340279627,
        4.466433180948359
    ],
    "26": [
        6.868587653853769,
        5.878181856736669
    ],
    "27": [
        5.887455321862291,
        4.626234059479818
    ],
    "28": [
        6.885270846865548,
        1.8610681418803616
    ],
    "29": [
        7.560153838539145,
        5.17365445552391
    ],
    "30": [
        0.6832454078550785,
        -6.52701693284963
    ],
    "31": [
        -1.4237908672123394,
        -3.7430909283896265
    ],
    "32": [
        1.944591239462802,
        -5.734252724265059
    ],
    "33": [
        2.28224559493139,
        -4.940540487658277
    ],
    "34": [
        1.435299117907212,
        -5.475632947777692
    ],
    "35": [
        2.3132901515456137,
        -3.8414157298488742
    ],
    "36": [
        -0.20647675075819355,
        -3.7406471853502388
    ],
    "37": [
        0.6440047118492742,
        -4.650374987326583
    ],
    "38": [
        2.176133860628628,
        -6.907324882342866
    ],
    "39": [
        1.671327623617452,
        -3.7858892048132495
    ],
    "40": [
        0.8924059815457082,
        -2.1588757259529996
    ],
    "41": [
        -0.8321803633420708,
        -5.934350544393155
    ],
    "42": [
        2.642050672074647,
        -3.0885594719597744
    ],
    "43": [
        0.7158904257224428,
        -4.097675824847138
    ],
    "44": [
        0.4863508309922167,
        -5.711127077436018
    ]
}