{
    "0": [
        -0.39984520415789326,
        -0.824883162439237
    ],
    "1": [
        -0.029568360419701456,
        1.9803194799139545
    ],
    "2": [
        -0.28755225403618767,
        -2.3031249826998503
    ],
    "3": [
        -0.0635920084117565,
        -0.98401885989679
    ],
    "4": [
        -0.6375513001786333,
        -0.37765631830078306
    ],
    "5": [
        0.21756722865801903,
        0.32143935397663004
    ],
    "6": [
        -0.023400609502603587,
        0.47512246791897805
    ],
    "7": [
        1.0410292029859638,
        -0.9273084978769424
    ],
    "8": [
        0.8953622252539496,
        -1.8502330753955016
    ],
    "9": [
        -0.6623155086303418,
        -0.4930137216155561
    ],
    "10": [
        -0.47001258398902346,
        -0.6756896523956462
    ],
    "11": [
        -0.9762134250402776,
        -1.9818907283936609
    ],
    "12": [
        1.0486934599897375,
        -1.0245856661436674
    ],
    "13": [
        0.010809388618267857,
        1.9984067598344613
    ],
    "14": [
        0.9174157833858423,
        -1.9393961497396957
    ],
    "15": [
        0.9409599571959077,
        -1.9213614173723395
    ],
    "16": [
        -0.19346379547355874,
        2.1882712687561057
    ],
    "17": [
        1.0825487680531325,
        -0.9744308997643651
    ],
    "18": [
        0.33437527818419976,
        0.7398203532907353
    ],
    "19": [
        -1.4578358404064398,
        1.3044689647995442
    ],
    "20": [
        -1.4859051724088403,
        1.3849550299157594
    ],
    "21": [
        1.11466889250948,
        -0.9848531534239235
    ],
    "22": [
        -1.5178963816748872,
        1.376579432597774
    ],
    "23": [
        0.5678370668643427,
        0.6836751855881618
    ],
    "24": [
        1.3379061856447092,
        1.7772998537124707
    ],
    "25": [
        1.8541151579285895,
        0.4091742489675436
    ],
    "26": [
        0.6649429508852973,
        -2.2331595372122814
    ],
    "27": [
        0.11550128144801386,
        1.7610442674302966
    ],
    "28": [
        -0.6628938639177435,
        1.0454902539497617
    ],
    "29": [
        -0.97884676156281,
        2.228308254992454
    ],
    "30": [
        -0.6442814148037832,
        -0.3209844165755529
    ],
    "31": [
        1.346736998139141,
        1.773337726374896
    ],
    "32": [
        0.05590179667349893,
        -0.9400509964299406
    ],
    "33": [
        1.3444833984666766,
        1.8000485535710942
    ],
    "34": [
        -0.9739781282396143,
        -1.9419369098355732
    ],
    "35": [
        0.0017643307211161474,
        2.2020477267794814
    ],
    "36": [
        -1.1223182339866606,
        -0.4657468053795588
    ],
    "37": [
        -1.024597934494094,
        2.2335792007332795
    ],
    "38": [
        -1.5979987492446308,
        -1.7843230508146348
    ],
    "39": [
        1.8563103211418122,
        0.4456146980239275
    ],
    "40": [
        -0.4250934250074212,
        -1.4210614933209884
    ],
    "41": [
        0.1989774781379492,
        0.15980893688947617
    ],
    "42": [
        -1.3127461952987391,
        -1.9191025229903156
    ]
}