{
    "0": [
        -0.811268446628405,
        -0.4459824632998073
    ],
    "1": [
        -1.243914755969525,
        0.4326331538487209
    ],
    "2": [
        1.4373720376137245,
        -1.4970507769114674
    ],
    "3": [
        -0.5360157544559505,
        -0.9626194273277293
    ],
    "4": [
        -0.955322627580748,
        -0.3147652150201097
    ],
    "5": [
        -1.1258409561914577,
        0.4392476562800458
    ],
    "6": [
        -0.513195348917221,
        -0.8072542871949051
    ],
    "7": [
        -0.8830824898407088,
        -1.269398280721096
    ],
    "8": [
        0.6880322159195542,
        1.07748943493365
    ],
    "9": [
        -1.0197806538241383,
        -0.33847566728571765
    ],
    "10": [
        1.8126007448576633,
        0.2022110603841205
    ],
    "11": [
        0.28749939807209457,
        -0.09732224491069896
    ],
    "12": [
        0.7033444413279265,
        1.1585466215831461
    ],
    "13": [
        1.8622214720514283,
        -0.040088826330741956
    ],
    "14": [
        0.6255676132204228,
        1.2142131864745276
    ],
    "15": [
        -1.2819884230147243,
        0.47028924442538456
    ],
    "16": [
        0.6904221932720016,
        1.1798581831122055
    ],
    "17": [
        -1.539192534478711,
        1.5133878232108073
    ],
    "18": [
        -0.30774736177278306,
        1.7581225446827766
    ],
    "19": [
        0.32310722842408945,
        -1.7003838638700035
    ],
    "20": [
        -0.4905808776088132,
        -1.0225824211587375
    ],
    "21": [
        0.4792007383155583,
        -0.1867370288880874
    ],
    "22": [
        1.4831220541839825,
        -1.4649743666510595
    ],
    "23": [
        0.378040010980482,
        -1.768761531319437
    ],
    "24": [
        -0.2820546469579355,
        1.7534588382669356
    ],
    "25": [
        1.7874331910925128,
        0.4594101005770219
    ],
    "26": [
        -0.6382660188665494,
        -1.2984752931382575
    ],
    "27": [
        -1.556310141567868,
        1.5651123512380742
    ],
    "28": [
        1.8814768655468574,
        0.1925910219961331
    ],
    "29": [
        0.31301518478703416,
        -1.770158204809361
    ],
    "30": [
        -1.5678943519897808,
        1.5684586778236513
    ]
}