{
    "0": [
        0.38598232893055595,
        0.14586451981830928
    ],
    "1": [
        0.06968831925430852,
        0.8099621480846819
    ],
    "2": [
        0.31213455855073935,
        0.18082254756834626
    ],
    "3": [
        1.5072877407101792,
        0.23314994194011662
    ],
    "4": [
        0.9237629025594654,
        -0.15960049184912162
    ],
    "5": [
        1.218119960240065,
        0.13566086992631643
    ],
    "6": [
        0.7149017149844514,
        1.012322151945786
    ],
    "7": [
        1.0492152573165647,
        -0.05094299768061594
    ],
    "8": [
        -0.3641916525370954,
        1.1526732450357051
    ],
    "9": [
        -0.09860321594206489,
        -1.5244409295217038
    ],
    "10": [
        -0.13510997663208002,
        -1.4621078537102035
    ],
    "11": [
        -1.4564157727047462,
        0.8430073157962878
    ],
    "12": [
        1.5306454757220482,
        -1.0070027335522935
    ],
    "13": [
        -1.1760345108280177,
        -0.11088725980744041
    ],
    "14": [
        1.5257646122463093,
        -1.1239022935722587
    ],
    "15": [
        -0.11914330102570325,
        -1.5338780949758763
    ],
    "16": [
        1.5244607267211023,
        -1.13602888196502
    ],
    "17": [
        -0.35785493104586674,
        1.6779989419348635
    ],
    "18": [
        -0.3536136675816097,
        1.6966187943572417
    ],
    "19": [
        -1.5359769810592736,
        1.1593655586514187
    ],
    "20": [
        1.6720623201488767,
        0.2689169732238885
    ],
    "21": [
        -1.5323868724503962,
        1.1880345129101437
    ],
    "22": [
        -1.0539798010216517,
        -0.03882098174094928
    ],
    "23": [
        -0.14530705429550483,
        -1.5460807786272213
    ],
    "24": [
        0.26499858997858805,
        -0.4225555389353455
    ],
    "25": [
        -1.4102620882182269,
        -1.0489726863021258
    ],
    "26": [
        -1.4533317139059747,
        -1.0675782246270205
    ],
    "27": [
        -0.6503458865095215,
        0.860173051370368
    ],
    "28": [
        -1.7502568974809067,
        -0.1282428530433508
    ],
    "29": [
        0.8937898158754312,
        0.996472027347084
    ]
}