{
    "0": [
        0.5021307708220295,
        -0.6020093617417999
    ],
    "1": [
        1.2596639468599538,
        -1.5011789969489149
    ],
    "2": [
        -1.4063536310681553,
        -0.24281485316293328
    ],
    "3": [
        -0.2748500108022256,
        0.5216792469376006
    ],
    "4": [
        0.5081844905244672,
        -0.6571742117539432
    ],
    "5": [
        0.3568595869873423,
        0.38318996747038514
    ],
    "6": [
        -0.28412733506538146,
        0.37141800120736734
    ],
    "7": [
        0.36773596284178645,
        0.43133972038590396
    ],
    "8": [
        -0.7478247195742558,
        -1.3783168478823322
    ],
    "9": [
        0.3511887738827255,
        -1.5517246396673423
    ],
    "10": [
        -1.2024127995222607,
        1.0638645643651208
    ],
    "11": [
        -0.5025959262623196,
        0.5142498279536203
    ],
    "12": [
        -0.5093169458469688,
        0.5532942973939217
    ],
    "13": [
        1.3596891602582666,
        -1.3809232853817726
    ],
    "14": [
        0.6177005107189562,
        1.5582471063722427
    ],
    "15": [
        0.36429599978765204,
        1.4022569250413386
    ],
    "16": [
        1.2029920048961333,
        -0.14725194665383645
    ],
    "17": [
        -1.2134173013911855,
        1.163511648090713
    ],
    "18": [
        -1.3948234781607187,
        -0.3261672015691417
    ],
    "19": [
        0.6138197187639687,
        1.6023063213347615
    ],
    "20": [
        0.7578616738696748,
        1.7267746637208379
    ],
    "21": [
        1.3473676871616629,
        -1.4922889925280542
    ],
    "22": [
        -0.47195196912162984,
        -0.7458924965453879
    ],
    "23": [
        1.1291421345319286,
        -0.0790481930042981
    ],
    "24": [
        0.4144639290342873,
        0.5606594432142513
    ],
    "25": [
        -0.9999520877231554,
        -1.4048625350910808
    ],
    "26": [
        -1.2064815479271154,
        1.167885491484538
    ],
    "27": [
        -0.938988598475536,
        -1.5110236630417684
    ]
}