{
    "0": [
        -1.704344478879026,
        -0.5390877648540142
    ],
    "1": [
        0.9240530700527025,
        2.3655941983086697
    ],
    "2": [
        1.3735573038394437,
        1.2042891255218056
    ],
    "3": [
        -1.789136202293058,
        -0.6951858307939132
    ],
    "4": [
        -0.48127808753587686,
        -2.423974131121198
    ],
    "5": [
        0.33437088713074736,
        0.11604012353012827
    ],
    "6": [
        0.2068683361155026,
        -0.7230490399335974
    ],
    "7": [
        0.9066200561492468,
        2.3667098454628688
    ],
    "8": [
        -1.7622758081188357,
        -0.9483558160965373
    ],
    "9": [
        1.2205533696318631,
        -1.7561158887860118
    ],
    "10": [
        -0.24009021657370155,
        1.159617483063763
    ],
    "11": [
        -0.3284649899910841,
        -0.12029709931912347
    ],
    "12": [
        -0.3340836137714218,
        -0.20392951403495108
    ],
    "13": [
        -0.40256112518600595,
        -2.4731059217883047
    ],
    "14": [
        0.8374983290626421,
        2.3796137306676384
    ],
    "15": [
        -0.7815935944222074,
        -1.9474233163524128
    ],
    "16": [
        -0.8116421273755554,
        -1.8838371662618947
    ],
    "17": [
        -0.7582333304209001,
        0.8285714806375779
    ],
    "18": [
        1.7099192709742894,
        0.33295299403502643
    ],
    "19": [
        -0.016977845060266006,
        2.1872305238508307
    ],
    "20": [
        1.1242234352698435,
        -1.843953501944553
    ],
    "21": [
        0.0113507736691556,
        2.1524328772614787
    ],
    "22": [
        0.03884673716448983,
        -1.3356400868772926
    ],
    "23": [
        -0.5691325343359779,
        1.8899008645641562
    ],
    "24": [
        -0.6756777925359545,
        -2.174659729076347
    ],
    "25": [
        -1.3096808739560348,
        -0.337499877899897
    ],
    "26": [
        0.2793827081451745,
        0.029545629301525267
    ],
    "27": [
        1.1921538710975117,
        -1.7827467073983319
    ],
    "28": [
        -0.1198216975766,
        -1.3329068354030538
    ],
    "29": [
        -1.8434807630189134,
        -0.34688685783184425
    ],
    "30": [
        -0.3540913639710972,
        -0.10087557303062056
    ],
    "31": [
        1.656701659437266,
        0.116042101556598
    ],
    "32": [
        0.8474389833474625,
        2.368254000824561
    ],
    "33": [
        -0.7557695331065606,
        0.8153617395590977
    ],
    "34": [
        -0.007028435540036071,
        2.1785838379313818
    ],
    "35": [
        1.6524588183754059,
        0.11233726477437322
    ],
    "36": [
        -1.3342944764902622,
        -0.3819219762562902
    ],
    "37": [
        2.06366128069665,
        0.7483748142086348
    ]
}