{
    "0": [
        -1.4783326241560601,
        0.8443299747079636
    ],
    "1": [
        -1.6684172190827429,
        -0.28755750254933377
    ],
    "2": [
        0.5141005191794186,
        -0.880195629131939
    ],
    "3": [
        -0.7889780314471944,
        1.424418180490222
    ],
    "4": [
        -0.6768670799377503,
        -1.4575734478838815
    ],
    "5": [
        -0.7223290072865174,
        0.20036196976301612
    ],
    "6": [
        -1.0686429115187792,
        0.22190350478851556
    ],
    "7": [
        1.6685214594256403,
        0.011082839371731601
    ],
    "8": [
        1.1430708406331371,
        -0.6381331612269934
    ],
    "9": [
        -0.2828139279202908,
        -0.14933845501670662
    ],
    "10": [
        0.7481510618771656,
        1.1924677468727325
    ],
    "11": [
        -0.8628524280364509,
        1.3307562929182772
    ],
    "12": [
        -0.3993039205513522,
        -0.038381798154638935
    ],
    "13": [
        -1.1874288955275798,
        -1.063176012459847
    ],
    "14": [
        2.2312939522726247,
        -0.9723914159771176
    ],
    "15": [
        2.2218722936062325,
        -0.8804075223277912
    ],
    "16": [
        -1.4778760024580588,
        0.6071778125423755
    ],
    "17": [
        -1.4188327999444441,
        -0.0898333407263554
    ],
    "18": [
        0.7069235993488299,
        1.2941712944307635
    ],
    "19": [
        -1.505386645650849,
        0.8803094525773268
    ],
    "20": [
        -0.8280621175476464,
        -1.4463046751572453
    ],
    "21": [
        -0.06139371640630742,
        1.7818908090480283
    ],
    "22": [
        1.1686306242168367,
        -0.5472257711984154
    ],
    "23": [
        0.04960537161197642,
        -1.3766102444488992
    ],
    "24": [
        -0.8478867173876061,
        -1.4899526487079147
    ],
    "25": [
        1.612255304922975,
        0.06998765765312087
    ],
    "26": [
        0.7180467868878222,
        1.2957731401632908
    ],
    "27": [
        0.08113528946772242,
        1.725875768762738
    ],
    "28": [
        2.2578089776879415,
        -0.9557772155094981
    ],
    "29": [
        0.7443973447062624,
        1.5999016336979601
    ],
    "30": [
        1.4991669590408896,
        -1.2874868531523258
    ],
    "31": [
        -1.1303640139721,
        -0.9347078615789712
    ],
    "32": [
        -1.4175694431019403,
        0.8722254511896568
    ],
    "33": [
        0.4583571170481946,
        -0.8575799737698462
    ]
}