{
    "0": [
        -0.939271285363458,
        -1.3478234488265524
    ],
    "1": [
        2.187544451825824,
        -0.09040119313259609
    ],
    "2": [
        -0.8987242126966889,
        1.9527887043037826
    ],
    "3": [
        0.025639480706333595,
        0.9188964665614154
    ],
    "4": [
        -1.4146192477605573,
        0.39102743828455555
    ],
    "5": [
        1.1015329656623483,
        1.039727021725207
    ],
    "6": [
        0.2305618434094292,
        1.9181303825514597
    ],
    "7": [
        -0.8882572299400456,
        1.9241993015934908
    ],
    "8": [
        0.9693801537521869,
        -1.3870233453378433
    ],
    "9": [
        1.7986668107652546,
        3.779158921624785
    ],
    "10": [
        -1.5085085300161327,
        0.39740686578207374
    ],
    "11": [
        0.039226076589972125,
        0.9856061090111643
    ],
    "12": [
        -1.156866342945972,
        -1.0424205935763955
    ],
    "13": [
        0.29279624971698004,
        -0.10865665472131703
    ],
    "14": [
        0.9276812972414905,
        -0.5188231907442575
    ],
    "15": [
        -0.9266258485270157,
        1.9812001354070714
    ],
    "16": [
        0.17209618897582057,
        -0.07238835730473658
    ],
    "17": [
        0.24579570718711108,
        -1.61544899764997
    ],
    "18": [
        -0.041234749392231373,
        1.8071339190410298
    ],
    "19": [
        1.7957106140156467,
        3.7771187807167994
    ],
    "20": [
        0.9283759908685731,
        1.34715095468441
    ],
    "21": [
        0.8434771157289422,
        1.992850717080469
    ],
    "22": [
        -1.780812957257096,
        -1.349950908824487
    ],
    "23": [
        -1.4591627249789725,
        0.11483477921168994
    ],
    "24": [
        0.34871476252290945,
        -0.2328713445592756
    ],
    "25": [
        -1.7828326693589316,
        -1.3512793092441773
    ],
    "26": [
        -0.7248454975566981,
        -0.4533762229143594
    ],
    "27": [
        -0.013445973537923539,
        0.9889908714064748
    ],
    "28": [
        -0.10291110319551944,
        -1.5885578806196157
    ],
    "29": [
        0.7084669796601168,
        -1.7325552178974202
    ],
    "30": [
        1.2132346005072752,
        -0.630994354159875
    ],
    "31": [
        1.8476117653405975,
        -0.3723182150214055
    ],
    "32": [
        -0.6503946130046975,
        -2.1615155462158913
    ],
    "33": [
        0.7022792651423766,
        -1.5344599521666145
    ],
    "34": [
        -1.2703342560104303,
        -0.11164490241818026
    ],
    "35": [
        -0.7364617708461078,
        -2.0002588367105534
    ],
    "36": [
        -0.9791148626381424,
        -1.0772870777517611
    ],
    "37": [
        -1.7975013867659762,
        -1.362879364635638
    ],
    "38": [
        1.7966044303480324,
        3.7799248365829254
    ],
    "39": [
        -0.9576101626826811,
        -0.5583961442144889
    ],
    "40": [
        0.740129217329647,
        -2.1123870855404223
    ],
    "41": [
        -1.119786406862657,
        -0.4092378225200335
    ],
    "42": [
        2.2760559833975123,
        0.041585728155256074
    ],
    "43": [
        -0.38005458262554614,
        -2.0288926957693643
    ],
    "44": [
        0.33779446326911344,
        -1.8858832712468643
    ]
}