{
    "0": [
        1.7409244003413187,
        -0.436546446788876
    ],
    "1": [
        -0.26858841621021146,
        1.8794410059504116
    ],
    "2": [
        1.350183620560269,
        -1.1454762636577165
    ],
    "3": [
        1.0688795528284847,
        1.6005544465771955
    ],
    "4": [
        1.4034145580341653,
        -1.1486454177968657
    ],
    "5": [
        -1.9299059748479563,
        0.11887480080770452
    ],
    "6": [
        0.21420435167792995,
        -2.0647655539833014
    ],
    "7": [
        1.0993011908480885,
        1.5071853696924649
    ],
    "8": [
        0.4662273174775038,
        0.9028026648128247
    ],
    "9": [
        -1.5068816880982268,
        -0.8865108662738521
    ],
    "10": [
        -0.1591658638035871,
        -0.8093995311901239
    ],
    "11": [
        -0.6528290582789684,
        0.8068553743647353
    ],
    "12": [
        0.4903497564908892,
        0.7959145570864354
    ],
    "13": [
        0.695267447173896,
        1.685345492417552
    ],
    "14": [
        -0.15567119914794203,
        -0.6464552550411913
    ],
    "15": [
        -0.17847320834993763,
        1.9167613193402016
    ],
    "16": [
        -0.9397444807269544,
        0.6875546728285755
    ],
    "17": [
        0.09918076249057872,
        -1.9466864481312793
    ],
    "18": [
        -1.8832752953237226,
        0.14701779888548216
    ],
    "19": [
        -1.8522433582018683,
        0.11543681412366347
    ],
    "20": [
        1.4911000608082663,
        -0.9667773220072782
    ],
    "21": [
        1.2630921864146414,
        1.4976194692493063
    ],
    "22": [
        1.744657230635216,
        -0.4041979897083028
    ],
    "23": [
        1.1536964761900246,
        1.5629138741659236
    ],
    "24": [
        -0.03554320830637847,
        -2.0887412178473035
    ],
    "25": [
        -0.7250606388610423,
        -1.7990299765291304
    ],
    "26": [
        -0.2637089403774371,
        1.8880252749658606
    ],
    "27": [
        -0.29428271891217284,
        -0.282540375027029
    ],
    "28": [
        1.3583565988855832,
        -1.4186947937605403
    ],
    "29": [
        -1.5980732152915382,
        -0.8725305696275534
    ],
    "30": [
        -1.306762495488322,
        0.6662976020634961
    ],
    "31": [
        -1.8811819287121243,
        0.13474398198082227
    ],
    "32": [
        -0.007443821918478477,
        -0.9963464919422869
    ]
}