{
    "0": [
        0.9356008102568278,
        -0.4204696976904132
    ],
    "1": [
        0.9687274724375872,
        0.38908658588507405
    ],
    "2": [
        0.9624941604573678,
        0.6546544962606458
    ],
    "3": [
        1.1631647365756166,
        1.357271750777745
    ],
    "4": [
        1.1822218728652025,
        1.3874029149931433
    ],
    "5": [
        1.2757426250592498,
        1.7408625091808243
    ],
    "6": [
        1.3104394700126782,
        1.8864479093728983
    ],
    "7": [
        1.3982700216304416,
        2.164041898987061
    ],
    "8": [
        1.578932510471592,
        3.064525331573364
    ],
    "9": [
        1.581445585407586,
        2.930233294476654
    ],
    "10": [
        1.5903206945687263,
        3.2787554506279895
    ],
    "11": [
        1.5910944605923127,
        3.3213104332402907
    ],
    "12": [
        1.5699256847080285,
        3.6692470425452273
    ],
    "13": [
        1.5482618055040511,
        4.188633974247564
    ],
    "14": [
        1.5521081215529087,
        4.201247128138261
    ],
    "15": [
        1.543431253845247,
        4.255872752260923
    ],
    "16": [
        1.53818507238468,
        4.313795375778341
    ],
    "17": [
        -3.019863048399044,
        -1.645328080769851
    ],
    "18": [
        -3.000243684428076,
        -1.8088624837422498
    ],
    "19": [
        -2.9929691023203358,
        -1.8123455258941656
    ],
    "20": [
        -2.8164517525545936,
        -2.0980495729681627
    ],
    "21": [
        -2.9622669065011706,
        -1.8599299139339602
    ],
    "22": [
        -2.467166780625707,
        -2.3386589636532737
    ],
    "23": [
        -2.2603588736261084,
        -2.468532601146587
    ],
    "24": [
        -2.1655698688874914,
        -2.5350690085129446
    ],
    "25": [
        -1.6952173251562321,
        -2.687398328760089
    ],
    "26": [
        -1.29419534970439,
        -2.818441624923293
    ],
    "27": [
        -0.8814622639386833,
        -2.7708465886754747
    ],
    "28": [
        -0.8291339993679632,
        -2.7790560631150893
    ],
    "29": [
        -0.46187338970179503,
        -2.714696390377806
    ],
    "30": [
        -0.2753263298935611,
        -2.5842332887075217
    ],
    "31": [
        0.12343684564181956,
        -2.2499120448400682
    ],
    "32": [
        0.21262653264648002,
        -2.033068585761064
    ],
    "33": [
        0.33111652534142877,
        -1.8748231737913446
    ],
    "34": [
        0.400751832543925,
        -1.6723187337602794
    ],
    "35": [
        0.9079935721129377,
        -0.6005442558987211
    ],
    "36": [
        0.919469892896025,
        -0.5587767651447111
    ],
    "37": [
        0.9363371155924654,
        -0.4720271562789198
    ]
}