{
    "0": [
        0.08498181312188446,
        1.4473766447534508
    ],
    "1": [
        -0.019497433297835487,
        0.6706845398442383
    ],
    "2": [
        -0.4552081136767705,
        0.06609074213732402
    ],
    "3": [
        -0.544808091611457,
        0.0640900754464564
    ],
    "4": [
        -0.6267293737577178,
        0.006280249978213526
    ],
    "5": [
        -1.1385107418057663,
        -0.3211936283814474
    ],
    "6": [
        -1.4506516351187715,
        -1.1848623316835605
    ],
    "7": [
        -1.4755185483612094,
        -1.2566473162237397
    ],
    "8": [
        -1.4709473321842834,
        -1.2977362010817943
    ],
    "9": [
        -1.4775048151172814,
        -1.2670205161315007
    ],
    "10": [
        0.9568419136465836,
        1.3525126175487712
    ],
    "11": [
        1.5227196053247671,
        1.1987614325408797
    ],
    "12": [
        1.5664526358166515,
        1.1670625685448197
    ],
    "13": [
        1.635899336766057,
        1.0856300521760058
    ],
    "14": [
        1.5045733321815487,
        -0.2423336557437743
    ],
    "15": [
        1.448667776850066,
        -0.37082701682127706
    ],
    "16": [
        1.2067042977416165,
        -0.7963676324714246
    ],
    "17": [
        1.1312319069469856,
        -0.9839125747245765
    ],
    "18": [
        1.0677444017659614,
        -1.041349804260392
    ],
    "19": [
        0.5359579805340521,
        -2.1214744832203873
    ],
    "20": [
        0.5416002459932957,
        -2.1313866986545094
    ],
    "21": [
        0.5273936283974769,
        -2.153323790956584
    ],
    "22": [
        0.5206509374568381,
        -2.136266518220408
    ],
    "23": [
        -1.3985794465752095,
        1.619501986506081
    ],
    "24": [
        -1.390436304868996,
        1.6175081651952423
    ],
    "25": [
        -1.3863431368282253,
        1.6168204267694994
    ],
    "26": [
        -1.3267214110019054,
        1.6234409355469035
    ],
    "27": [
        -0.21084193274670704,
        0.8737867346039438
    ],
    "28": [
        0.0655399959118319,
        1.5033092732815767
    ],
    "29": [
        0.0553385084965079,
        1.3918457237019641
    ]
}