{
    "0": [
        10.307711520916747,
        4.798725347503365
    ],
    "1": [
        9.004126132016513,
        4.114258980670943
    ],
    "2": [
        9.118331596082001,
        3.238638523466015
    ],
    "3": [
        9.754123969378533,
        3.788413586914804
    ],
    "4": [
        9.678517340922319,
        3.810116446069307
    ],
    "5": [
        9.109585912340133,
        3.7297963727610797
    ],
    "6": [
        8.976054587315913,
        3.2703159764598286
    ],
    "7": [
        9.470198672701088,
        4.058174975596013
    ],
    "8": [
        9.74281106536852,
        4.793490848076799
    ],
    "9": [
        9.00829110930445,
        4.075049777661059
    ],
    "10": [
        10.2009147013634,
        4.834065697239543
    ],
    "11": [
        8.92131523045603,
        3.8668502776456273
    ],
    "12": [
        10.311384519206625,
        4.801222110714783
    ],
    "13": [
        8.988521995026979,
        3.2188900841148365
    ],
    "14": [
        9.79522664032935,
        4.798630890512506
    ],
    "15": [
        8.998024423152016,
        4.217226321440921
    ],
    "16": [
        9.921828813644119,
        3.687271431032735
    ],
    "17": [
        9.098383833948336,
        3.996718610354927
    ],
    "18": [
        -9.863375875389675,
        -4.859051976129168
    ],
    "19": [
        -9.830885680156822,
        -3.81818440202143
    ],
    "20": [
        -10.23794513684398,
        -3.9531965173399
    ],
    "21": [
        -9.615017976541598,
        -4.595197455599479
    ],
    "22": [
        -9.615110019088412,
        -4.611870492732875
    ],
    "23": [
        -10.479178782804631,
        -5.028972679193135
    ],
    "24": [
        -10.779364741183077,
        -3.6683618150419104
    ],
    "25": [
        -10.720366019436959,
        -3.71734853180919
    ],
    "26": [
        -9.703923069663553,
        -4.748114154130219
    ],
    "27": [
        -10.883738923216221,
        -3.6484530902166075
    ],
    "28": [
        -9.742783148008229,
        -3.644276155371081
    ],
    "29": [
        -10.273471327860477,
        -3.793656494831616
    ],
    "30": [
        -9.550722380443158,
        -4.579051210469492
    ],
    "31": [
        -9.543831783040464,
        -4.564586827970986
    ],
    "32": [
        -10.152770129312898,
        -5.026038671686889
    ],
    "33": [
        -9.556271018033229,
        -3.8486995191181634
    ],
    "34": [
        -9.856596052449675,
        -4.992796264572945
    ]
}