{
    "0": [
        5.073278248209004,
        6.667629707967315
    ],
    "1": [
        4.013670267389253,
        5.880726274585165
    ],
    "2": [
        3.4479167033226217,
        4.68606013325158
    ],
    "3": [
        5.127110943237113,
        6.657120468905049
    ],
    "4": [
        4.099355595609491,
        5.81359491894351
    ],
    "5": [
        4.238714018898884,
        6.633982373765827
    ],
    "6": [
        3.8768163381882133,
        6.695619470203722
    ],
    "7": [
        5.30054638076771,
        5.837818917548451
    ],
    "8": [
        3.977958796300677,
        5.67865824444079
    ],
    "9": [
        4.486682042470825,
        6.912115185678912
    ],
    "10": [
        3.837570426801686,
        6.673732470704145
    ],
    "11": [
        3.3766619877280615,
        6.207156506201508
    ],
    "12": [
        5.146248789112962,
        6.677790237548296
    ],
    "13": [
        5.043412492972665,
        5.7451758289506625
    ],
    "14": [
        3.442447327782997,
        6.3208754119467585
    ],
    "15": [
        4.751612971558481,
        6.312255919416854
    ],
    "16": [
        4.948616635460041,
        5.67614151373828
    ],
    "17": [
        5.116512233350344,
        6.6963811786994345
    ],
    "18": [
        3.461197464852276,
        6.305786679433102
    ],
    "19": [
        3.827882374957654,
        6.7429381327285505
    ],
    "20": [
        5.054700702687343,
        5.8188652746660905
    ],
    "21": [
        -5.312737156168872,
        -6.100632420981535
    ],
    "22": [
        -5.240171375240376,
        -7.850812082756816
    ],
    "23": [
        -4.642338431418538,
        -7.820054427209273
    ],
    "24": [
        -5.247037067225266,
        -6.164904216283592
    ],
    "25": [
        -5.2291481163999824,
        -6.150003997231073
    ],
    "26": [
        -4.627967071011358,
        -7.5910337451842285
    ],
    "27": [
        -4.63890001965275,
        -6.638301152646607
    ],
    "28": [
        -4.630071053942885,
        -7.848352875578826
    ],
    "29": [
        -5.2139841049500735,
        -6.166034246000178
    ],
    "30": [
        -4.935292001578712,
        -7.053584056194742
    ],
    "31": [
        -5.103097749013852,
        -7.423438847560368
    ],
    "32": [
        -4.741754520300295,
        -6.832329808759004
    ],
    "33": [
        -4.716256842084159,
        -6.299184274694799
    ],
    "34": [
        -4.803838736441331,
        -7.994565420669714
    ],
    "35": [
        3.368124025492312,
        4.547541598762665
    ],
    "36": [
        -5.679928743114493,
        -7.9708036059201195
    ],
    "37": [
        -4.702454909434184,
        -6.452436719195994
    ],
    "38": [
        -5.0640382133265325,
        -7.052878427717891
    ],
    "39": [
        -5.758098695653084,
        -7.987946971864142
    ],
    "40": [
        -4.729921960193856,
        -7.790669151637786
    ]
}