{
    "0": [
        0.1948908919302772,
        0.9014372839272181
    ],
    "1": [
        -0.7277554344166104,
        0.3838368486750826
    ],
    "2": [
        0.5168150067553245,
        1.336963362071732
    ],
    "3": [
        1.0806720779179102,
        -3.1666660067502566
    ],
    "4": [
        -0.14651725224176193,
        -2.4393745259234327
    ],
    "5": [
        -0.4308734713881943,
        -0.7834969200640975
    ],
    "6": [
        -1.2039542347712908,
        -1.4860350592332008
    ],
    "7": [
        -1.3555131692043298,
        -0.8136378478982893
    ],
    "8": [
        -0.5652019868456923,
        -0.5046208423528613
    ],
    "9": [
        -0.30898700720543193,
        0.7115544823170602
    ],
    "10": [
        2.075722542263486,
        0.6841568015239027
    ],
    "11": [
        -0.04008831274023805,
        -0.29110839936654553
    ],
    "12": [
        0.39552915990261894,
        -0.46105638280120553
    ],
    "13": [
        -2.1919510820584813,
        -0.5283007910186197
    ],
    "14": [
        2.192627920687019,
        -0.13841750937929853
    ],
    "15": [
        -0.38026375119561173,
        -3.23983970898136
    ],
    "16": [
        0.8169462263524432,
        2.5746404130811276
    ],
    "17": [
        -1.2179313987374858,
        0.5619905340967476
    ],
    "18": [
        -0.3924645674075,
        0.009429231142188965
    ],
    "19": [
        0.5491223804642189,
        2.2538537277507023
    ],
    "20": [
        0.01871476860507304,
        2.7025821537525343
    ],
    "21": [
        1.135392565869033,
        -1.5414881537452492
    ],
    "22": [
        1.3448609072936644,
        0.27900236190109584
    ],
    "23": [
        0.08084107789535988,
        2.1415405379228476
    ],
    "24": [
        -1.8463847332211651,
        -0.8321746042398727
    ],
    "25": [
        -0.9038076045415124,
        0.020732967375139078
    ],
    "26": [
        2.783646627908023,
        -0.9458653615922425
    ],
    "27": [
        0.9230854295592748,
        3.068686254223304
    ],
    "28": [
        -1.3786959539886716,
        -0.547046494239765
    ],
    "29": [
        -0.22160600643617379,
        0.4000152896799941
    ],
    "30": [
        -0.00939173103708768,
        -2.63516719101009
    ],
    "31": [
        1.3919092325209315,
        1.024839469382437
    ],
    "32": [
        -0.5473689911622994,
        -3.186501422294672
    ],
    "33": [
        0.8125477959992442,
        -0.6451064641524902
    ],
    "34": [
        0.8421469271648654,
        2.185186240598447
    ],
    "35": [
        1.0435374411785014,
        2.6317834977702175
    ],
    "36": [
        0.6623974459452011,
        -0.06117152281016702
    ],
    "37": [
        0.9554623979761927,
        -2.5134790237162186
    ],
    "38": [
        -1.7030995726628086,
        2.4282640104480198
    ],
    "39": [
        -2.853966369070821,
        0.22204288001604333
    ],
    "40": [
        3.185510869301238,
        -0.10521263247461055
    ],
    "41": [
        -1.9540381334103207,
        1.6594002882176913
    ],
    "42": [
        -2.639164956077667,
        2.102784239706643
    ],
    "43": [
        -0.6924057606693559,
        2.326912107071296
    ],
    "44": [
        -1.470861512972104,
        1.5410561877053128
    ],
    "45": [
        -0.7706066095547364,
        -1.9303534727668876
    ],
    "46": [
        0.24624870902325835,
        1.5676733595831993
    ],
    "47": [
        -3.2969772789530882,
        1.1186314370320964
    ],
    "48": [
        3.3348548039245793,
        -0.5082751016243519
    ],
    "49": [
        1.325833541773417,
        -1.6992562576270087
    ],
    "50": [
        0.08287773766977047,
        -1.9538621600587969
    ],
    "51": [
        -0.313796029177019,
        1.7445266988803008
    ],
    "52": [
        -2.8557512071816333,
        1.3203689593150871
    ],
    "53": [
        -3.21117796868651,
        1.1770824140883853
    ],
    "54": [
        1.395245095961691,
        0.37987390042875135
    ],
    "55": [
        -0.9541777532163138,
        1.5962788991786954
    ],
    "56": [
        -1.118377684337112,
        2.5022728449520057
    ],
    "57": [
        3.0249680790243207,
        -0.2820915757032958
    ],
    "58": [
        1.829868733598837,
        -1.547323600638181
    ],
    "59": [
        0.4397182519207554,
        -0.9787500502007572
    ],
    "60": [
        2.755897165612968,
        0.13162139043366927
    ],
    "61": [
        -1.3781936037313134,
        2.1914751567590205
    ],
    "62": [
        -0.9713653543329155,
        1.8824698915141505
    ],
    "63": [
        -0.7885405608412048,
        -1.2838562425388365
    ],
    "64": [
        -0.42493418130009175,
        1.6683390892228207
    ],
    "65": [
        -0.280449752257816,
        -0.8397366539009979
    ],
    "66": [
        1.2610572065941499,
        1.4493443252271754
    ],
    "67": [
        -0.629363851912407,
        0.905355524321147
    ],
    "68": [
        0.11462273124222655,
        -3.7812718978642983
    ],
    "69": [
        0.6547527025821811,
        -1.8033826888713471
    ],
    "70": [
        0.024182701730510736,
        0.17613929178403664
    ],
    "71": [
        0.4889501111823149,
        -2.427136475107028
    ],
    "72": [
        1.5754656185332427,
        -0.9287055073105311
    ],
    "73": [
        1.7819382622832305,
        -0.4674986004621007
    ],
    "74": [
        0.4284108055925504,
        0.6101904229978831
    ],
    "75": [
        -2.9071609055964656,
        1.8534977623673812
    ],
    "76": [
        -2.3042248675248764,
        0.29052490505698325
    ],
    "77": [
        2.6356955637547697,
        -0.1976575365595281
    ],
    "78": [
        -2.5019340476704617,
        -0.05227061299751978
    ],
    "79": [
        2.1072472422856987,
        -1.2529676112719543
    ],
    "80": [
        -0.6901182386221665,
        -2.759937501159066
    ],
    "81": [
        -0.41014025997137704,
        -1.9372934683217617
    ],
    "82": [
        1.297742897750795,
        -0.036743836299830246
    ],
    "83": [
        -1.7630486293353629,
        0.33865088159300283
    ],
    "84": [
        -1.6400500262921431,
        -1.7931143271114611
    ],
    "85": [
        -2.4962001582619537,
        1.1771985615849179
    ],
    "86": [
        1.02207099917198,
        0.5212984699430178
    ],
    "87": [
        -1.0034444434842378,
        -0.42132503383664033
    ],
    "88": [
        1.42046246426106,
        -0.6034917574941667
    ],
    "89": [
        -0.9426335124916747,
        1.4198854852418576
    ],
    "90": [
        -1.4435488386893214,
        -2.255314947015585
    ],
    "91": [
        -0.46928585397748623,
        2.890537958235529
    ],
    "92": [
        1.0184730901094605,
        -2.6821856216067275
    ],
    "93": [
        2.629990897354213,
        -1.684321466699322
    ],
    "94": [
        -1.2367219038230246,
        -1.0866257837579407
    ],
    "95": [
        -0.02621502624296923,
        -1.1246421355552219
    ],
    "96": [
        -1.097050889139286,
        -2.289005103436854
    ],
    "97": [
        -1.6431196993762711,
        0.5395551011843579
    ],
    "98": [
        0.10127226884710794,
        3.4378931290560377
    ],
    "99": [
        0.32293861798150125,
        3.0862767639243787
    ],
    "100": [
        -0.8326912645500357,
        -0.93554016496993
    ],
    "101": [
        2.627422037992146,
        0.3977584036286467
    ],
    "102": [
        0.5194572577279839,
        -3.669404441020578
    ],
    "103": [
        1.5746657586976553,
        0.8042387465603925
    ],
    "104": [
        -0.36072022785849533,
        3.290792792392307
    ],
    "105": [
        2.6357649191537034,
        -0.870074109765073
    ],