{
    "0": [
        1.844225371156766,
        -0.26573267011387935
    ],
    "1": [
        -1.7282279929918214,
        1.0729852501777133
    ],
    "2": [
        1.033851296026408,
        0.15261088308800863
    ],
    "3": [
        1.123127242649079,
        -0.8899129535818644
    ],
    "4": [
        2.80067329337933,
        1.7679774181528523
    ],
    "5": [
        0.014436407528327422,
        -2.3536203666000897
    ],
    "6": [
        -0.6774308560525233,
        -2.0980332324409177
    ],
    "7": [
        0.495148136996921,
        -0.5592690797258433
    ],
    "8": [
        1.3424844986623736,
        -1.453336164256965
    ],
    "9": [
        0.13183780632559639,
        -0.9231842561411594
    ],
    "10": [
        2.2804100801927034,
        -1.4539565566688588
    ],
    "11": [
        0.9095631668585903,
        0.5842689779975054
    ],
    "12": [
        -2.271956481294042,
        0.31639382152365947
    ],
    "13": [
        -0.7216408411615653,
        0.2589495463434899
    ],
    "14": [
        2.381816007504394,
        1.6382041366651894
    ],
    "15": [
        -0.13470331404931962,
        0.9128112020530557
    ],
    "16": [
        1.9335149916700483,
        -2.2100415355019396
    ],
    "17": [
        1.3776940756721945,
        1.236711249409126
    ],
    "18": [
        2.8900392734123987,
        1.4396880040575333
    ],
    "19": [
        -3.1737878245560673,
        0.16766205746587381
    ],
    "20": [
        1.1704516426522573,
        -0.3033068192275632
    ],
    "21": [
        -2.0901900039708035,
        -0.2507289302524587
    ],
    "22": [
        -0.03345506978200846,
        -1.9197579920335825
    ],
    "23": [
        0.7529828183282591,
        1.5240632491307318
    ],
    "24": [
        -0.41248292415108595,
        -0.5890642314450965
    ],
    "25": [
        -0.7397485148134559,
        1.7084173407686223
    ],
    "26": [
        1.3559630130760538,
        -0.5641830881445475
    ],
    "27": [
        0.8047735761882969,
        -2.673331593847666
    ],
    "28": [
        0.2252266119912004,
        -0.0663690099589549
    ],
    "29": [
        2.234916102773645,
        -0.032553776925107414
    ],
    "30": [
        1.740900786811097,
        -1.5595345250451467
    ],
    "31": [
        0.21961277768639728,
        2.13691945836176
    ],
    "32": [
        -1.8043060715893604,
        0.17596104887687547
    ],
    "33": [
        -0.796837034576767,
        -0.36133896543630684
    ],
    "34": [
        2.357499300276871,
        -1.177901297651553
    ],
    "35": [
        -1.3155689317506536,
        0.8727486583529913
    ],
    "36": [
        0.8052887819662455,
        0.9217784257616817
    ],
    "37": [
        -1.7145254148955618,
        1.8252178595883934
    ],
    "38": [
        -1.9845847247152426,
        1.5907050128847773
    ],
    "39": [
        -1.449680038290453,
        2.556970875588161
    ],
    "40": [
        -1.4216090144071178,
        -1.2683004333971355
    ],
    "41": [
        -1.186838227678535,
        -2.3733225900232635
    ],
    "42": [
        -1.0350255813882603,
        -0.2768082536674217
    ],
    "43": [
        -2.0217200437077945,
        -2.085504844119933
    ],
    "44": [
        1.837040400776135,
        -0.7086467742446234
    ],
    "45": [
        -2.8569071144309723,
        -0.3913006066937128
    ],
    "46": [
        0.9380216457404182,
        2.718925804504508
    ],
    "47": [
        -1.652925100041646,
        -1.041135542034057
    ],
    "48": [
        -0.5907208809757611,
        -1.1063872045204257
    ],
    "49": [
        -2.1893424288183545,
        1.8125079515319622
    ],
    "50": [
        1.848464304033115,
        1.4484105130923115
    ],
    "51": [
        -2.1681017322650664,
        -1.8059994177901442
    ],
    "52": [
        -1.306635637169775,
        0.33841031874631833
    ],
    "53": [
        -1.0878525255263238,
        -0.8433546694220007
    ],
    "54": [
        -2.6727162813301995,
        0.5534059251736436
    ],
    "55": [
        2.277380162398036,
        1.9841221552831736
    ],
    "56": [
        0.353447603302915,
        0.6074691559955481
    ],
    "57": [
        -0.38478060662983665,
        0.03709683176245182
    ],
    "58": [
        -0.6384530455921202,
        0.7712366118554472
    ],
    "59": [
        -0.5158342319287523,
        1.2851722802626675
    ],
    "60": [
        0.6330253723431449,
        2.0502789922786393
    ],
    "61": [
        0.5965951228095245,
        2.4720501093717444
    ],
    "62": [
        -2.9667983421026793,
        0.36441727850868055
    ],
    "63": [
        -0.367353907476572,
        -2.467787728305144
    ],
    "64": [
        2.0727010712496186,
        1.4397978713592232
    ],
    "65": [
        2.4087978294865473,
        -0.14278852941981413
    ],
    "66": [
        1.1064655739714884,
        1.3186845017447864
    ],
    "67": [
        -0.16447967841882066,
        -0.46358634784410624
    ],
    "68": [
        -0.37849742388877644,
        0.37954153615527364
    ],
    "69": [
        -2.205786885320738,
        0.7398948816142616
    ],
    "70": [
        1.7563441955550418,
        -0.9516996766698482
    ],
    "71": [
        -1.6774321751699397,
        -2.531869239222606
    ],
    "72": [
        0.09522696904073147,
        -2.974078677161845
    ],
    "73": [
        1.3254464240032249,
        -2.6077836324423145
    ],
    "74": [
        1.0790787436668476,
        -1.2151033621190304
    ],
    "75": [
        -2.8706919364477588,
        -0.7762043147102289
    ],
    "76": [
        0.8681534275942592,
        -2.1832545308161833
    ],
    "77": [
        -1.3971719388983643,
        2.7729677747964248
    ],
    "78": [
        -2.0392454633296904,
        -1.1792236996491776
    ],
    "79": [
        0.47826440332768655,
        -3.0041086768338885
    ],
    "80": [
        0.8339665476292333,
        -1.2002296441993017
    ],
    "81": [
        1.5990575161727274,
        -0.3040390733183318
    ],
    "82": [
        0.18434490093245703,
        -2.4021677429974884
    ],
    "83": [
        -3.1300006992580576,
        -0.1626539357215333
    ],
    "84": [
        2.2931366549691914,
        -0.8835125881013126
    ],
    "85": [
        1.3469662047381339,
        2.694881285466996
    ],
    "86": [
        1.2241017682345752,
        2.1711772378325436
    ],
    "87": [
        0.757202908319917,
        0.11380153278296934
    ],
    "88": [
        2.1049477444973874,
        2.4779065105678457
    ],
    "89": [
        -2.1230109209483428,
        2.4904365743342036
    ],
    "90": [
        1.003141613149962,
        -0.5311610579244235
    ],
    "91": [
        0.5737642125235238,
        3.0385802418831798
    ],
    "92": [
        -1.9647678051371196,
        2.4765698844368003
    ],
    "93": [
        2.2232968957405372,
        -2.0170208118123996
    ],
    "94": [
        2.6301591545602903,
        -1.5515708635702548
    ],
    "95": [
        -0.18002722762671303,
        2.2749624163099327
    ],
    "96": [
        -2.4813015551843325,
        -0.20931981263531574
    ],
    "97": [
        -1.9294323106451394,
        -0.49274173096385177
    ],
    "98": [
        -0.2847565975042016,
        -1.0590578314307577
    ],
    "99": [
        -2.3387327979908332,
        -1.518726622650226
    ],
    "100": [
        -1.042638263162341,
        -1.8628824190820032
    ],
    "101": [
        0.41629322503203997,
        1.2090858898702161
    ],
    "102": [
        1.4430255685484599,
        0.30177937074561
    ],
    "103": [
        -1.4764942384262554,
        2.291251061228022
    ],
    "104": [
        -1.349193355457981,
        -2.326681544935664
    ],
    "105": [
        0.47620179999059425,
        1.5588854584381204
    ],