{
    "0": [
        1.193592443018382,
        1.129832404602023
    ],
    "1": [
        0.7152823786050799,
        0.6328560488071627
    ],
    "2": [
        -1.884463401249838,
        -0.1884791588318644
    ],
    "3": [
        1.791119410956107,
        0.9199619659766515
    ],
    "4": [
        1.2055569297683548,
        -0.3794949872532787
    ],
    "5": [
        0.334526977517669,
        -0.04145420275662026
    ],
    "6": [
        -0.8893086686115579,
        0.10070950947717794
    ],
    "7": [
        -1.846563340762461,
        0.20847519243893253
    ],
    "8": [
        -1.875864026796294,
        -0.36993031512974506
    ],
    "9": [
        -0.4400429306543011,
        -1.302216035453948
    ],
    "10": [
        0.40644397616940264,
        -0.03408916426716535
    ],
    "11": [
        0.6421914027782448,
        0.8064625710320211
    ],
    "12": [
        0.4001084300520508,
        1.9686090876157611
    ],
    "13": [
        0.9379207897235448,
        1.4961157906821905
    ],
    "14": [
        2.0770914637250777,
        1.054662698484936
    ],
    "15": [
        1.4861197776954054,
        0.482270316546749
    ],
    "16": [
        -1.9270054301265058,
        0.23155908468319142
    ],
    "17": [
        2.7510823895216627,
        -1.2438240317785982
    ],
    "18": [
        -0.16638357519771074,
        1.9882881976429199
    ],
    "19": [
        2.8076178306028448,
        -1.1480102845162656
    ],
    "20": [
        -2.7488094952724875,
        -0.910808088508706
    ],
    "21": [
        -1.1739547949641005,
        0.6737205006677914
    ],
    "22": [
        -1.5088543418801548,
        -1.281409236447051
    ],
    "23": [
        0.9072870984163888,
        -0.7429839765014372
    ],
    "24": [
        -1.5999973196836805,
        -0.9138865593989562
    ],
    "25": [
        -0.8678687146173456,
        -0.12717699353076162
    ],
    "26": [
        -0.08495285558639543,
        -0.6582039717970196
    ],
    "27": [
        -0.6666258161032952,
        1.7782767233708245
    ],
    "28": [
        1.5175962130836371,
        0.6701700260520179
    ],
    "29": [
        -2.7461711659341788,
        -0.8519563979228193
    ],
    "30": [
        -1.3075226102240827,
        0.8058695925983346
    ],
    "31": [
        -1.5091644629154262,
        1.57020574063408
    ],
    "32": [
        -0.40929939049767783,
        0.6193606553438038
    ],
    "33": [
        -0.61972012977356,
        -1.3657754166894402
    ],
    "34": [
        2.661438108199174,
        -1.358248015501563
    ],
    "35": [
        -1.2694149767067746,
        -0.23600032868579968
    ],
    "36": [
        2.198547582385327,
        -1.5096445694894955
    ],
    "37": [
        0.9321103632492868,
        -0.6621111636729364
    ],
    "38": [
        -2.7324908742195846,
        -0.8996357369594543
    ],
    "39": [
        1.9727806964010313,
        1.0509306346803244
    ],
    "40": [
        -1.1853438956307645,
        0.7034757049731029
    ],
    "41": [
        -1.9284718139703574,
        0.2156699370237527
    ],
    "42": [
        2.8234347946957628,
        -1.1837115502179225
    ],
    "43": [
        1.860100770503335,
        -1.4138062638721005
    ],
    "44": [
        2.9218458742519022,
        0.2964219987311012
    ],
    "45": [
        0.38704152075512543,
        -1.9453104787731423
    ],
    "46": [
        -1.5988190697291507,
        -1.4372413354639118
    ],
    "47": [
        -0.8020580254051628,
        1.8040976719359438
    ],
    "48": [
        -0.036187105555715804,
        -1.526491634339884
    ],
    "49": [
        1.413747473205821,
        -0.7595853226043925
    ],
    "50": [
        -1.7620934354144775,
        1.6253517657970629
    ],
    "51": [
        1.4958154749691908,
        1.581921651402107
    ],
    "52": [
        0.21594408853582855,
        1.312335776599485
    ],
    "53": [
        0.26546008376548785,
        -1.7726263599549619
    ],
    "54": [
        -1.6437475517715412,
        -1.487264412782747
    ],
    "55": [
        -0.5015652449440351,
        -1.378289865252534
    ],
    "56": [
        -1.595406525382152,
        1.6856135938416623
    ],
    "57": [
        -0.7116824700146052,
        -0.10594530194216978
    ],
    "58": [
        -0.9177686990087608,
        -0.1333855297322757
    ],
    "59": [
        2.9041584632576933,
        0.33161849680495176
    ],
    "60": [
        1.4214753532995195,
        -1.6153566342234293
    ],
    "61": [
        0.999200621713055,
        1.3659879134909136
    ],
    "62": [
        1.0166573124498075,
        1.3862462143905199
    ],
    "63": [
        0.42337417274661865,
        -2.2236601364590216
    ],
    "64": [
        -2.5455794570115398,
        -0.4217484326850951
    ],
    "65": [
        0.1058124807850171,
        -0.46919193879437593
    ],
    "66": [
        -2.082573196351435,
        1.5607408552891444
    ],
    "67": [
        0.3932920651642671,
        2.041135510574261
    ]
}