{
    "0": [
        2.500429967815694,
        0.8040903312017393
    ],
    "1": [
        1.8564674736869105,
        1.2462974040849195
    ],
    "2": [
        0.28998509228020164,
        -1.8406721713934235
    ],
    "3": [
        0.07079109549336027,
        -0.013458268197010348
    ],
    "4": [
        -1.9019481978914878,
        -0.9466078540045473
    ],
    "5": [
        0.02908289771749517,
        0.030981973031599885
    ],
    "6": [
        -0.15816404311790777,
        0.13339176708365041
    ],
    "7": [
        -0.12771758740303607,
        -0.9202205934979268
    ],
    "8": [
        -1.4294599232486007,
        -0.33533268720274023
    ],
    "9": [
        0.3213957131008707,
        -1.613309975945429
    ],
    "10": [
        1.4413042615217093,
        1.0846932068842046
    ],
    "11": [
        2.0253582952181337,
        -0.774976882358442
    ],
    "12": [
        -1.3791297031568068,
        -1.375574438994163
    ],
    "13": [
        -0.4449678501980221,
        0.5932272810840811
    ],
    "14": [
        -0.3548051310269264,
        -0.7350588712428827
    ],
    "15": [
        -0.8992829032195389,
        -0.6721785126072257
    ],
    "16": [
        1.854830819344293,
        -0.869500779877356
    ],
    "17": [
        -0.5303967037812498,
        0.7303150444170203
    ],
    "18": [
        -0.7190752536114923,
        -2.212316624331993
    ],
    "19": [
        1.9152387431413542,
        -0.9227375623113838
    ],
    "20": [
        -2.2114082584749606,
        0.5161558569252938
    ],
    "21": [
        -0.6891121697406144,
        -0.533043831555279
    ],
    "22": [
        0.10016618882077077,
        2.109648103805849
    ],
    "23": [
        -1.352761360210096,
        0.5022913206575375
    ],
    "24": [
        1.789476283507427,
        0.2989156532080699
    ],
    "25": [
        -1.9286969643580543,
        -0.052249490958960365
    ],
    "26": [
        -1.4262783004252322,
        1.6117033067636752
    ],
    "27": [
        -1.2347464070806997,
        0.5343946158318751
    ],
    "28": [
        -0.6569700277959785,
        -2.2401063846385427
    ],
    "29": [
        0.2700465250572679,
        2.1810607826756945
    ],
    "30": [
        1.0008318899231157,
        1.3330337736929856
    ],
    "31": [
        0.4460871249199474,
        2.014023582334291
    ],
    "32": [
        0.011757397928711888,
        -1.2890394163895667
    ],
    "33": [
        -1.5081437849394888,
        -1.3362624816496913
    ],
    "34": [
        0.5233489491132313,
        0.26445959331070146
    ],
    "35": [
        -1.290754476346561,
        0.4953394131620863
    ],
    "36": [
        -0.6714802791017416,
        1.171371888261958
    ],
    "37": [
        -2.0817571554050076,
        0.4007283376520041
    ],
    "38": [
        -1.7668881264030065,
        -0.3086267463112202
    ],
    "39": [
        1.7013458776871717,
        1.352180482842984
    ],
    "40": [
        1.1894237252918975,
        -1.2926474020414793
    ],
    "41": [
        -1.0972985899080459,
        -0.5106158474534102
    ],
    "42": [
        -0.7039367390472404,
        -2.2647441083975495
    ],
    "43": [
        -1.1908357450277465,
        1.5772672201693654
    ],
    "44": [
        0.9084660711123083,
        -1.4705751358159551
    ],
    "45": [
        1.208671430671389,
        -0.054719316474145074
    ],
    "46": [
        1.4105760260971527,
        0.8694149649197911
    ],
    "47": [
        1.8211354097902723,
        -0.6849396398917182
    ],
    "48": [
        -0.3697081218486871,
        1.5981725559263076
    ],
    "49": [
        0.10662944889755654,
        2.2564096560324076
    ],
    "50": [
        2.4622569546022843,
        -0.727893244164064
    ],
    "51": [
        -0.7404048412006706,
        -0.9987705003736904
    ],
    "52": [
        2.3317474668366605,
        -0.7406258129010679
    ],
    "53": [
        0.665240742347365,
        -0.552532019428015
    ],
    "54": [
        0.15327692077368327,
        -0.08712936396204718
    ],
    "55": [
        0.7605666985451403,
        -0.6514377774007576
    ],
    "56": [
        2.5123456536900157,
        0.7758486928949244
    ],
    "57": [
        0.9527012347773909,
        1.3545566265288436
    ],
    "58": [
        0.22025840942251307,
        -2.2091702796368233
    ],
    "59": [
        1.6051555903767323,
        -0.061610441080794054
    ],
    "60": [
        -0.052526689898416246,
        0.18714697755162124
    ],
    "61": [
        2.470376816109022,
        0.7620682654616706
    ],
    "62": [
        -2.522899638914467,
        1.7756751833427353
    ],
    "63": [
        0.32316357053390465,
        -2.312693238471293
    ],
    "64": [
        2.566143341391147,
        0.8627366706446038
    ],
    "65": [
        0.9433814506920342,
        1.3777391599783
    ],
    "66": [
        0.2513445592553689,
        -1.3025143094112703
    ],
    "67": [
        -2.504717400952587,
        1.7934602862692364
    ],
    "68": [
        -2.53323993168377,
        1.7772810364933695
    ],
    "69": [
        -1.4698353657711594,
        -1.4174315954642989
    ],
    "70": [
        -2.488637038352147,
        0.013341818495777424
    ],
    "71": [
        -2.5728214079500678,
        -0.05809922778506138
    ]
}