{
    "0": [
        -0.44803866068189513,
        0.8101000841802568
    ],
    "1": [
        -1.040359619853608,
        -0.037721378656527804
    ],
    "2": [
        0.73932229205363,
        2.278520907994286
    ],
    "3": [
        0.8877004659298138,
        0.5987793842888309
    ],
    "4": [
        -1.9627591557657753,
        1.5939146194864406
    ],
    "5": [
        0.5079406892575644,
        1.45633307803145
    ],
    "6": [
        -0.20384098671374806,
        -0.33208854636175555
    ],
    "7": [
        0.23435957459032464,
        0.504417973930503
    ],
    "8": [
        -2.35569965668276,
        -0.9604772184842552
    ],
    "9": [
        0.1741064218242674,
        0.8654009402650349
    ],
    "10": [
        -0.5031571461600591,
        -0.06418187751903925
    ],
    "11": [
        -0.4651783276470637,
        1.7885233902007105
    ],
    "12": [
        -1.3094034943001973,
        1.7057875975188606
    ],
    "13": [
        -0.23806648718997558,
        -1.3196848703894677
    ],
    "14": [
        -1.4652271395268095,
        0.2974178705606878
    ],
    "15": [
        -1.2883563881846698,
        0.7071994788085054
    ],
    "16": [
        -0.4072362500230815,
        2.5030354248484405
    ],
    "17": [
        -0.7477638878497495,
        1.9450410569575138
    ],
    "18": [
        -0.27338228807142184,
        -2.303378745563365
    ],
    "19": [
        -3.337366510546074,
        -1.1286890398495402
    ],
    "20": [
        0.1055758738216317,
        1.3262566395060151
    ],
    "21": [
        1.9668320736245104,
        -2.426406251291498
    ],
    "22": [
        0.6893979510311596,
        -1.7010967505744121
    ],
    "23": [
        0.03619965463062225,
        0.09856690736724438
    ],
    "24": [
        -2.4313844318121864,
        1.230368031443173
    ],
    "25": [
        1.3933380449382236,
        0.5693184532309856
    ],
    "26": [
        -1.0214954894784642,
        0.539934029237763
    ],
    "27": [
        -1.0641863364058513,
        0.9443413031346206
    ],
    "28": [
        -1.7770114385930837,
        -1.1848524289867735
    ],
    "29": [
        -1.50448471481197,
        -1.2508702386423778
    ],
    "30": [
        -3.2227821316376812,
        -0.5250325239563436
    ],
    "31": [
        2.346612537210781,
        -1.0606959190640248
    ],
    "32": [
        0.3371988496043852,
        -1.0977363249572694
    ],
    "33": [
        1.9169542343047865,
        -0.41003604390873427
    ],
    "34": [
        -2.5765741036280105,
        -0.4374376972702305
    ],
    "35": [
        0.4650906030168145,
        1.025670707670363
    ],
    "36": [
        -0.9829894990361356,
        1.484334712630668
    ],
    "37": [
        1.4035541493826706,
        0.5167389579618953
    ],
    "38": [
        -3.2095036490548114,
        0.8875911075441425
    ],
    "39": [
        -3.238472972935891,
        1.3522115545840845
    ],
    "40": [
        -1.5509035741683754,
        -2.8893391316363477
    ],
    "41": [
        -0.19449596648804657,
        1.2139992100900463
    ],
    "42": [
        1.4545157922345153,
        -2.6674485808095616
    ],
    "43": [
        -0.8464574652423545,
        -0.03398992925921451
    ],
    "44": [
        -3.308180923159547,
        0.04606796604041552
    ],
    "45": [
        -0.8469759302017867,
        -0.7129295795260413
    ],
    "46": [
        -1.614062432336044,
        2.580266680987744
    ],
    "47": [
        1.4057903814258663,
        -1.659766329894686
    ],
    "48": [
        0.11740143382864443,
        -0.8097666979020905
    ],
    "49": [
        2.5697777815387175,
        -0.6058423023270345
    ],
    "50": [
        -0.7876704301811972,
        -1.2524506530778963
    ],
    "51": [
        0.962905569759559,
        -1.3975573058181823
    ],
    "52": [
        0.003734886393719883,
        -0.7894655828380226
    ],
    "53": [
        0.536746174029664,
        -0.3634707401146593
    ],
    "54": [
        0.4924559331078473,
        0.41230404383762354
    ],
    "55": [
        1.2909729888155386,
        2.6630254560169715
    ],
    "56": [
        -0.8234695907677817,
        -0.615252537441517
    ],
    "57": [
        -0.07867130334381067,
        -2.7483500642392276
    ],
    "58": [
        1.7029557680495777,
        1.3871041731560534
    ],
    "59": [
        3.576470464308078,
        -0.7928146201689401
    ],
    "60": [
        -0.9651204227977304,
        -2.452145119312264
    ],
    "61": [
        3.6027926554874465,
        -0.19603833800738402
    ],
    "62": [
        0.827681700680279,
        2.6276640392135513
    ],
    "63": [
        1.2373760515192138,
        -1.4603501939811228
    ],
    "64": [
        -2.7875508940282314,
        0.8573667470331161
    ],
    "65": [
        -3.043548022928504,
        0.41670764898865853
    ],
    "66": [
        2.885371182552709,
        -1.8673817656469005
    ],
    "67": [
        0.8820876316802846,
        0.31382637787475076
    ],
    "68": [
        -1.2410204540496688,
        1.6374651590896945
    ],
    "69": [
        -1.3806177758842857,
        -0.5091291943276022
    ],
    "70": [
        -0.7862544246123366,
        1.61404229982671
    ],
    "71": [
        0.1905703596229833,
        -2.2854824900746706
    ],
    "72": [
        2.9792965437683865,
        -0.9216613407686816
    ],
    "73": [
        1.1617978408996479,
        0.02193163856727942
    ],
    "74": [
        0.624141212848129,
        1.0970738432647762
    ],
    "75": [
        -0.8220112797645944,
        0.3451181104886558
    ],
    "76": [
        -1.4096969524461194,
        -2.74075628972286
    ],
    "77": [
        -3.0127652484613323,
        1.2347345853773428
    ],
    "78": [
        -0.7594640545568924,
        0.9806296760684945
    ],
    "79": [
        -1.38638048335218,
        1.0099012119264916
    ],
    "80": [
        -3.0179587855934358,
        -1.3612487525062464
    ],
    "81": [
        -2.265886231159586,
        1.5614381662379568
    ],
    "82": [
        1.1802624514140032,
        -1.1682461714581809
    ],
    "83": [
        1.1318930615459675,
        -3.1941548844245586
    ],
    "84": [
        1.2721828884576778,
        -2.4330389194904845
    ],
    "85": [
        -3.1859165599017603,
        -0.9771874509723562
    ],
    "86": [
        0.11337456479787611,
        -0.16937858337992928
    ],
    "87": [
        2.848814352440475,
        -0.2804876293481282
    ],
    "88": [
        2.00154194409021,
        0.4995962367401252
    ],
    "89": [
        -0.39963332061165824,
        1.3316785177304458
    ],
    "90": [
        2.839774729054853,
        -0.42752542486689693
    ],
    "91": [
        0.9567084296363684,
        -2.5715649568796746
    ],
    "92": [
        2.1220558214609824,
        -1.2221255053815074
    ],
    "93": [
        1.6376564230005652,
        -1.3599643863206516
    ],
    "94": [
        0.7775357677736954,
        -2.882306158921467
    ],
    "95": [
        3.624635537061266,
        -1.5034678783971822
    ],
    "96": [
        -0.08826175113830437,
        0.41346189800638866
    ],
    "97": [
        1.8460556027280874,
        -1.5509375519163253
    ],
    "98": [
        -1.608796704086365,
        0.8314280802906384
    ],
    "99": [
        0.6518836963828418,
        -1.344974580714922
    ],
    "100": [
        -3.5340762883968964,
        0.5458546139311391
    ],
    "101": [
        1.909719171468297,
        1.2166121018321383
    ],
    "102": [
        -1.5801280009626475,
        2.6887079571008323
    ],
    "103": [
        -0.3475669070652999,
        1.8799180533787256
    ],
    "104": [
        2.3949328482645225,
        -1.0880893607608346
    ],
    "105": [
        0.053874042342381356,
        -1.6879145708455354
    ],