{
    "0": [
        -0.7113111273381185,
        -1.3110193687220528
    ],
    "1": [
        0.806956468782986,
        -0.8654805647586787
    ],
    "2": [
        1.690769087845358,
        -2.7916663386218046
    ],
    "3": [
        -1.1192212551608698,
        1.9048498225206272
    ],
    "4": [
        2.1532732181910585,
        1.3623271527808765
    ],
    "5": [
        1.367149205750814,
        2.3363255545273773
    ],
    "6": [
        0.6472102611626114,
        2.0411534465060797
    ],
    "7": [
        1.7375364907530555,
        -0.4035889495901994
    ],
    "8": [
        -1.7250343962706518,
        2.2431487290442176
    ],
    "9": [
        -2.512319626540426,
        1.000956203602696
    ],
    "10": [
        0.7023797431238623,
        -0.4006290010818816
    ],
    "11": [
        -0.2721526776027998,
        2.1921415652296945
    ],
    "12": [
        0.6706905165118522,
        0.22090019568131503
    ],
    "13": [
        -0.42518615895345935,
        -3.053529928636334
    ],
    "14": [
        1.150501044887863,
        -2.3158884642772426
    ],
    "15": [
        -1.6699023179904309,
        -0.02968531216256043
    ],
    "16": [
        -1.1979610850372313,
        2.4728023553900234
    ],
    "17": [
        -1.3112964297907292,
        -0.904305692842609
    ],
    "18": [
        -0.5054011834406853,
        -2.2905793968457244
    ],
    "19": [
        -1.6897585336140755,
        -1.1973981617180698
    ],
    "20": [
        2.4858191433816956,
        -1.1840891067547998
    ],
    "21": [
        2.3240744050652564,
        2.080236301270273
    ],
    "22": [
        -1.6570601556917612,
        1.7545191037456735
    ],
    "23": [
        1.958292554975065,
        -1.4111976682030836
    ],
    "24": [
        -2.046642469439932,
        0.08648983387317166
    ],
    "25": [
        1.3338741521315316,
        -3.6203140547958954
    ],
    "26": [
        -0.8730744201239178,
        2.45137131765835
    ],
    "27": [
        1.338672199146552,
        -0.5687760528151209
    ],
    "28": [
        -1.9937242182228019,
        -1.882576293852627
    ],
    "29": [
        -0.014201370132024937,
        0.48401157997331623
    ],
    "30": [
        2.3842568845885097,
        1.8742018547270245
    ],
    "31": [
        0.24396957678771636,
        -1.5348221016598664
    ],
    "32": [
        -0.25619313999802396,
        -0.46922093097095097
    ],
    "33": [
        1.2373795004218997,
        -0.0809502665830184
    ],
    "34": [
        1.4805810315743386,
        0.5100883195146464
    ],
    "35": [
        0.42542958958931787,
        -1.1457827047809443
    ],
    "36": [
        -1.7739336644520427,
        -1.136233944290014
    ],
    "37": [
        -1.5523833328351415,
        -2.0732148352180078
    ],
    "38": [
        -0.5997768090786311,
        -0.30937472967173285
    ],
    "39": [
        0.4849255467315716,
        -2.9287321644182613
    ],
    "40": [
        -0.7139340390194144,
        1.3835804728976742
    ],
    "41": [
        2.5885008011775192,
        1.6130082997701276
    ],
    "42": [
        -1.294597673035804,
        -0.34606477578404515
    ],
    "43": [
        0.8778068865203552,
        3.223984835159935
    ],
    "44": [
        1.1146613608994818,
        2.6226661557900393
    ],
    "45": [
        -0.47236649019491495,
        0.34092390842857423
    ],
    "46": [
        -1.7367746002866906,
        2.644228658294582
    ],
    "47": [
        -0.15870272109048145,
        -2.1119706239093867
    ],
    "48": [
        0.2534946899677568,
        0.12102379648177752
    ],
    "49": [
        -1.354292178632654,
        -1.6838583394613797
    ],
    "50": [
        2.5974135505451943,
        -0.013346509732224732
    ],
    "51": [
        -2.896187806173082,
        0.8668185797144998
    ],
    "52": [
        0.9833718702752873,
        -1.359703378804456
    ],
    "53": [
        -1.8867666856238827,
        0.6521251748784627
    ],
    "54": [
        0.49526194633219967,
        -1.8788567315224372
    ],
    "55": [
        -0.8299164109512027,
        0.5258953225782959
    ],
    "56": [
        0.5234924593916368,
        -0.824660449247391
    ],
    "57": [
        1.0134638339003423,
        1.3037413867354424
    ],
    "58": [
        -0.21581166583540412,
        -3.3209483506192887
    ],
    "59": [
        1.6693744750725554,
        -3.1835120290479635
    ],
    "60": [
        -0.524393434845575,
        -1.6800915608714915
    ],
    "61": [
        -0.8755742114781602,
        0.24739188754440367
    ],
    "62": [
        -0.3333715848766823,
        0.8207215464651574
    ],
    "63": [
        -1.0084997926545514,
        -0.9229204970158937
    ],
    "64": [
        0.0019687111018866776,
        1.8579015358046984
    ],
    "65": [
        1.6622840080121801,
        -0.9949565481169138
    ],
    "66": [
        0.46439605360529757,
        -3.4867215533056894
    ],
    "67": [
        0.10584882697064901,
        -0.24958251263725195
    ],
    "68": [
        2.2922891563256935,
        -1.4646561809492642
    ],
    "69": [
        -0.3237874430074581,
        -2.5169069593879607
    ],
    "70": [
        1.010636022672855,
        -3.2945317845560185
    ],
    "71": [
        -1.5679053560243443,
        -0.5467014150528806
    ],
    "72": [
        -2.3094811720347077,
        -1.4285962392214904
    ],
    "73": [
        1.114422847090189,
        0.7911165605693364
    ],
    "74": [
        1.4819392639368716,
        3.1964938285679136
    ],
    "75": [
        0.1308397307323963,
        1.0802494006217422
    ],
    "76": [
        0.640794328308302,
        1.7706260268023124
    ],
    "77": [
        1.635925042359651,
        0.312375818175159
    ],
    "78": [
        -1.061681856733414,
        2.893342671580093
    ],
    "79": [
        0.06264306104189821,
        2.2814396002786905
    ],
    "80": [
        2.693157463739679,
        0.464498860861597
    ],
    "81": [
        1.835016159471995,
        -2.5506660208574656
    ],
    "82": [
        2.5198610144415747,
        0.789341948089584
    ],
    "83": [
        -2.7644258562942485,
        -1.1633255224543841
    ],
    "84": [
        -2.136767945339822,
        1.5668285552730357
    ],
    "85": [
        -0.3195197096571176,
        1.1732523232956256
    ],
    "86": [
        2.1817403843329752,
        2.2848207990854554
    ],
    "87": [
        1.076184356501051,
        -3.3863290641529025
    ],
    "88": [
        0.1142816676099625,
        -3.181917548844509
    ],
    "89": [
        1.7991406994683405,
        1.1199506732409317
    ],
    "90": [
        0.13452937751762128,
        2.6431541286618696
    ],
    "91": [
        0.5973077380347467,
        3.096413611322898
    ],
    "92": [
        -2.248316919017993,
        2.0111281611840033
    ],
    "93": [
        -3.0218312552715454,
        1.4809689558625703
    ],
    "94": [
        -2.5851731631074,
        1.4929750083179707
    ],
    "95": [
        1.2714835076028221,
        1.561061503950464
    ],
    "96": [
        2.0490982589082387,
        0.38904370224008744
    ],
    "97": [
        -1.3722264001059465,
        1.4211413800268122
    ],
    "98": [
        -0.5723993373201961,
        1.8237235243003624
    ],
    "99": [
        -1.0750881290926326,
        0.9392626197583631
    ],
    "100": [
        1.5070155872427549,
        -1.4483372832214414
    ],
    "101": [
        -3.2859266221730636,
        1.154088320629703
    ],
    "102": [
        -2.433007603744557,
        -1.0735685760154299
    ],
    "103": [
        0.8074140228759281,
        -1.882787713400977
    ],
    "104": [
        -1.0534507808475277,
        -1.7696465978825957
    ],
    "105": [
        0.3174598370638362,
        0.6965906299196449
    ],