{
    "0": [
        2.708830700320211,
        -0.2668795525652974
    ],
    "1": [
        3.012489727546926,
        -0.41643744146329276
    ],
    "2": [
        3.2194010183489588,
        -0.07820869691583665
    ],
    "3": [
        3.3859824971398624,
        0.1991492187970647
    ],
    "4": [
        3.642069281174043,
        0.40689435359061754
    ],
    "5": [
        3.6028945917384685,
        0.6556567068583634
    ],
    "6": [
        3.5859906062376514,
        0.7774327818740878
    ],
    "7": [
        3.3227674197689407,
        1.0004178099765184
    ],
    "8": [
        2.9651598259825156,
        0.9624337705995405
    ],
    "9": [
        2.5333497604686355,
        0.8635317645966745
    ],
    "10": [
        2.4167101906410786,
        0.6674715222639627
    ],
    "11": [
        2.1998503816173076,
        0.35176243343322655
    ],
    "12": [
        1.5575410584435563,
        0.22457867738940962
    ],
    "13": [
        1.07412516297317,
        0.23369898255925659
    ],
    "14": [
        1.0663380716087376,
        0.5238046926329272
    ],
    "15": [
        0.8363692537528924,
        0.7197441060431058
    ],
    "16": [
        0.7661831267182349,
        1.1834128994409037
    ],
    "17": [
        1.255099184164139,
        1.024432907104742
    ],
    "18": [
        1.2610839294410172,
        1.2779461314476794
    ],
    "19": [
        1.5966816764364977,
        1.2124651418781163
    ],
    "20": [
        0.4025549498669898,
        1.8592036500874842
    ],
    "21": [
        -3.1817543997978954,
        -1.3935807220771805
    ],
    "22": [
        -3.157985177651199,
        -0.9965325790313031
    ],
    "23": [
        -3.5015984369376905,
        -1.266006715981461
    ],
    "24": [
        -3.7106456225830735,
        -1.5020388326485963
    ],
    "25": [
        -3.6144377331402326,
        -1.9516418112418745
    ],
    "26": [
        -3.5088106961369347,
        -2.2039342041043346
    ],
    "27": [
        -3.309408765079115,
        -2.492496426432988
    ],
    "28": [
        -3.1082283869454272,
        -2.151197661707166
    ],
    "29": [
        -2.710440910177412,
        -2.249929531319099
    ],
    "30": [
        -2.806387355651566,
        -2.3122888245361777
    ],
    "31": [
        -2.2578454669290156,
        -2.5339707682773134
    ],
    "32": [
        -2.367819527253265,
        -2.994769951936345
    ],
    "33": [
        -2.1531735796424982,
        -3.076720573334998
    ],
    "34": [
        -2.44134052486865,
        -3.3640330488658807
    ],
    "35": [
        0.19419020643379392,
        -4.176476836881533
    ],
    "36": [
        0.6412313163371688,
        -3.9094805460316477
    ],
    "37": [
        0.5001643425106499,
        -3.9086728296656337
    ],
    "38": [
        1.0265807502961173,
        -3.764355919239936
    ],
    "39": [
        0.804565236903414,
        -3.652238182600013
    ],
    "40": [
        0.8051454569281749,
        -3.3220691375942337
    ],
    "41": [
        0.7206362784672034,
        -2.9058284642911176
    ],
    "42": [
        0.43744567297350523,
        -2.801464942033873
    ],
    "43": [
        0.13306489729283566,
        -2.594186980275581
    ],
    "44": [
        0.048277295531389264,
        -2.6953084851513407
    ],
    "45": [
        -0.14784680613444423,
        -2.268225610502494
    ],
    "46": [
        -0.11672937121960603,
        -1.4111930051881103
    ],
    "47": [
        -0.3464363939680086,
        -1.0389187185009912
    ],
    "48": [
        -0.20572831213744736,
        -0.7442230290695573
    ],
    "49": [
        -0.563946230940858,
        -0.5533665683530344
    ],
    "50": [
        0.09680232860144322,
        0.616744417279329
    ],
    "51": [
        0.26172589066286367,
        2.4444649401767737
    ],
    "52": [
        0.7430682183012673,
        1.9666043263218338
    ],
    "53": [
        1.1292892264779786,
        2.326133229551985
    ],
    "54": [
        0.848359524256407,
        2.564481516799855
    ],
    "55": [
        1.170405786372919,
        2.8567174069486105
    ],
    "56": [
        0.985895880414394,
        3.117119995132569
    ],
    "57": [
        1.4499677938395448,
        2.8823898188365265
    ],
    "58": [
        1.6867221880193806,
        3.130902941306391
    ],
    "59": [
        2.0060995579317997,
        3.0134595272271625
    ],
    "60": [
        2.3637855115378357,
        3.3015674439237586
    ],
    "61": [
        2.5832799541736002,
        3.544764063493571
    ],
    "62": [
        2.7901867354747627,
        3.788466175303271
    ],
    "63": [
        2.596891741844821,
        3.867524333325991
    ],
    "64": [
        2.4886345496910534,
        4.275253744048221
    ],
    "65": [
        2.3068807240744182,
        4.5467701161409275
    ],
    "66": [
        2.200392643378826,
        4.717325088402504
    ],
    "67": [
        2.089876127446644,
        4.634887540841072
    ],
    "68": [
        1.7782781043175726,
        4.744356511484263
    ],
    "69": [
        1.5181401449575156,
        4.468403602304212
    ],
    "70": [
        0.9315843208447903,
        4.140444985265007
    ],
    "71": [
        1.3514540830693877,
        4.129088622313551
    ],
    "72": [
        1.1392277596700064,
        3.8676933536361826
    ],
    "73": [
        -1.160244850411706,
        -3.1436281065351332
    ],
    "74": [
        -1.2989684077528159,
        -3.602007211753163
    ],
    "75": [
        -1.3749027659890762,
        -3.8059099760430444
    ],
    "76": [
        -1.5001731380587757,
        -4.134358258009804
    ],
    "77": [
        -1.248363668012547,
        -4.502164840144173
    ],
    "78": [
        -1.124876744555913,
        -4.5866023754447465
    ],
    "79": [
        -0.9156503535691258,
        -4.689329148899991
    ],
    "80": [
        -0.5185734516459095,
        -4.725327198563281
    ],
    "81": [
        -0.22155191652046535,
        -4.9371842189480795
    ],
    "82": [
        -0.4891031237455423,
        -5.233140611078456
    ],
    "83": [
        -0.17306848667298813,
        -5.366440154105206
    ],
    "84": [
        -0.5226739588586653,
        -5.329668868686683
    ],
    "85": [
        -1.6585200348197684,
        -1.9003327549794022
    ],
    "86": [
        -1.82916727093829,
        -1.580229621854607
    ],
    "87": [
        -1.826969669325038,
        -1.3515147238586611
    ],
    "88": [
        -2.0620815198096416,
        -1.352581740970678
    ],
    "89": [
        -2.322885266361833,
        -0.9393843222272322
    ],
    "90": [
        -2.0639517577624,
        -0.44819149884813436
    ],
    "91": [
        -2.271137875882808,
        -0.5149515183732047
    ],
    "92": [
        -2.088812698081299,
        -0.11689391440716523
    ],
    "93": [
        -2.127793459381572,
        0.2583853105826188
    ],
    "94": [
        -1.9923951115481289,
        0.8913035833792922
    ],
    "95": [
        -2.217818989992086,
        0.9781977770135026
    ],
    "96": [
        -2.2955129176370255,
        1.365699962649086
    ],
    "97": [
        -1.9811777041896634,
        2.002018262368119
    ],
    "98": [
        -2.5519037894161887,
        1.8229273816342202
    ],
    "99": [
        -2.718234177599473,
        2.210362620149545
    ],
    "100": [
        -3.002852557788559,
        2.343533873014306
    ],
    "101": [
        -2.607329691284699,
        2.7318753495849446
    ],
    "102": [
        -2.510843477747057,
        2.685901878894386
    ],
    "103": [
        -2.1419737717659766,
        2.8732996428630297
    ],
    "104": [
        -1.6250016976243842,
        2.999483400606974
    ],
    "105": [
        -1.3712354535386377,
        2.789418181117928
    ],
    "106": [
        -1.4153974727628953,
        2.614337670957438
    ],