{
    "0": [
        2.261483405755812,
        -1.7864339461083973
    ],
    "1": [
        2.145882445547203,
        -1.8888344842039946
    ],
    "2": [
        -1.4119375435367671,
        -2.9388103914337167
    ],
    "3": [
        -1.2788978903827672,
        -2.9170316857891154
    ],
    "4": [
        -1.20712907925368,
        -2.6538411838698384
    ],
    "5": [
        -1.4621691573690803,
        -2.6375683127251106
    ],
    "6": [
        -1.5989110744445567,
        -1.8760201323507872
    ],
    "7": [
        -1.4409938149584225,
        -2.0302761723227647
    ],
    "8": [
        -1.056591375699872,
        -1.740796842130769
    ],
    "9": [
        -1.1516642367780143,
        -1.9596530211557561
    ],
    "10": [
        -0.6993416987697204,
        -1.8244772688421969
    ],
    "11": [
        -0.6614329470340307,
        -1.3121484771327683
    ],
    "12": [
        -0.5746779045157837,
        -1.5989073107276213
    ],
    "13": [
        0.0388915841633366,
        0.8412078286212813
    ],
    "14": [
        -0.5465620764302915,
        -0.28221148070976354
    ],
    "15": [
        -0.6836185067750115,
        0.065996464551758
    ],
    "16": [
        -0.5089343016072901,
        0.0029016210498885586
    ],
    "17": [
        -0.2853369698581776,
        -0.09248071944542857
    ],
    "18": [
        -0.2925590029022147,
        0.443630501525227
    ],
    "19": [
        0.07430471771102365,
        0.2688053714529207
    ],
    "20": [
        -2.7507978480534683,
        0.43472805792025115
    ],
    "21": [
        -3.315861538011783,
        0.012098289092738135
    ],
    "22": [
        -3.4546549009234475,
        0.14079976575004938
    ],
    "23": [
        -3.6101433106891445,
        -0.22165870538485022
    ],
    "24": [
        -3.679418079341562,
        -0.5453608708507611
    ],
    "25": [
        -3.6865497121859763,
        -0.8136967216591051
    ],
    "26": [
        -3.5450121336111637,
        -1.6744001081727191
    ],
    "27": [
        -3.4756068771454687,
        -2.1083992962858247
    ],
    "28": [
        -3.3475872993057267,
        -2.3836918856457
    ],
    "29": [
        -3.0412927693793783,
        -2.601552393757406
    ],
    "30": [
        -2.711096606747395,
        -2.7078053894122145
    ],
    "31": [
        -2.3848268256294545,
        -2.5358477627867053
    ],
    "32": [
        -2.3408681971492324,
        -2.472140944315395
    ],
    "33": [
        -2.377124527566647,
        -2.2402296037600737
    ],
    "34": [
        -2.4270341125872146,
        -1.7764072324207467
    ],
    "35": [
        -2.5672835415904336,
        -1.4028777982260716
    ],
    "36": [
        -2.528271063791658,
        -1.09059581544882
    ],
    "37": [
        -2.648287582173871,
        -0.6573765374224294
    ],
    "38": [
        -2.206903507251967,
        -0.4828433771728271
    ],
    "39": [
        -2.2661819508212377,
        -0.7298134716747882
    ],
    "40": [
        -2.1458380908799106,
        -0.5535031812456697
    ],
    "41": [
        -1.8641426322402805,
        -0.7784681422728085
    ],
    "42": [
        -1.9634451681956329,
        -0.8668698731847045
    ],
    "43": [
        -1.2442912512781297,
        1.5287790681201274
    ],
    "44": [
        -0.9986669911270873,
        1.8950274165268568
    ],
    "45": [
        -0.5592936203695962,
        1.9504871660998653
    ],
    "46": [
        -0.715725918919163,
        2.6274705955610407
    ],
    "47": [
        -0.43142150037872673,
        2.692536292818824
    ],
    "48": [
        -0.5196906934918415,
        2.7631415115944304
    ],
    "49": [
        0.06763284288667748,
        2.7692327029640507
    ],
    "50": [
        0.23038768149167166,
        2.5866634254226497
    ],
    "51": [
        0.17125747992809748,
        2.4074586875839183
    ],
    "52": [
        2.3957907054000973,
        1.8365751224719196
    ],
    "53": [
        2.589067443414952,
        1.0519913632277254
    ],
    "54": [
        3.563724443689803,
        1.1308348923472242
    ],
    "55": [
        3.348719602586356,
        0.9279661495764439
    ],
    "56": [
        4.169887508655189,
        0.4432660962358558
    ],
    "57": [
        4.014029437142369,
        0.2656330564424655
    ],
    "58": [
        4.060155984159229,
        0.16913046746118432
    ],
    "59": [
        3.651995578329166,
        0.3739015385935064
    ],
    "60": [
        3.703665285451918,
        1.7420017621037531
    ],
    "61": [
        3.5692461513255687,
        1.6726411546865352
    ],
    "62": [
        3.427173398214861,
        1.7066758898603607
    ],
    "63": [
        3.2618806358762953,
        1.9421666734974985
    ],
    "64": [
        3.114025019289274,
        1.858074445732925
    ],
    "65": [
        3.1437950107123553,
        2.106441340036605
    ],
    "66": [
        2.7608597997226454,
        2.07317146493209
    ],
    "67": [
        2.569292460830815,
        1.6467664487584726
    ],
    "68": [
        2.4215676363905274,
        1.3278538486233935
    ],
    "69": [
        2.0679207691868777,
        1.2982142169222337
    ],
    "70": [
        1.8922971849644503,
        0.7828659272678261
    ],
    "71": [
        2.23464356753452,
        0.6388436857195546
    ],
    "72": [
        1.9966813067377178,
        0.38391142271374956
    ],
    "73": [
        2.5143085178413616,
        0.35477385040112963
    ],
    "74": [
        2.9009443835476745,
        0.4285977390328072
    ],
    "75": [
        3.255874062216476,
        0.12077936700787106
    ],
    "76": [
        3.424176255519872,
        0.3312872655452258
    ],
    "77": [
        3.5320830668663525,
        -0.046242943922727875
    ],
    "78": [
        -0.1984788657459553,
        -2.928033569294625
    ],
    "79": [
        -0.5409682465691328,
        -2.9873194262559872
    ],
    "80": [
        -0.016114067272119392,
        -2.6527741223815493
    ],
    "81": [
        -0.28505386107139064,
        -2.445010608064108
    ],
    "82": [
        -0.015813900027472183,
        -2.1568666070856115
    ],
    "83": [
        0.1883969161223138,
        -1.9624960376572864
    ],
    "84": [
        0.026199279191291502,
        -1.6532792490607346
    ],
    "85": [
        0.4192736240150958,
        -1.6306121695531566
    ],
    "86": [
        0.5717124974492964,
        -1.4038662884445867
    ],
    "87": [
        0.7616484375281398,
        -1.7977702459239726
    ],
    "88": [
        1.0396901404566037,
        -1.1628903993025639
    ],
    "89": [
        1.5016431378327366,
        -1.13082959607073
    ],
    "90": [
        1.8188033663811531,
        -0.9391883822737267
    ],
    "91": [
        2.1973069505410034,
        -0.6833389989987321
    ],
    "92": [
        2.369933053534897,
        -0.8513484055128042
    ],
    "93": [
        2.4314415457847103,
        -0.6237962797396146
    ],
    "94": [
        2.298860744461848,
        -1.1439407433589444
    ],
    "95": [
        0.9227973113414218,
        0.9610956230541724
    ],
    "96": [
        -0.6812043242803724,
        -0.9297045014520943
    ],
    "97": [
        -1.0521061210689608,
        2.5323382081859145
    ],
    "98": [
        -1.3322695835922276,
        2.749212847794261
    ],
    "99": [
        -1.7845189965040988,
        2.590013212058236
    ],
    "100": [
        -1.7383315220731612,
        2.294191776148878
    ],
    "101": [
        -2.0622407797723836,
        2.240913496535204
    ],
    "102": [
        -2.0713952732930303,
        1.8303073340083564
    ],
    "103": [
        -2.385590976047462,
        1.9678233157251843
    ],
    "104": [
        -2.6145765059907875,
        1.7521887979711432
    ],
    "105": [
        -3.040811848761916,
        1.7613473245170672
    ],