{
    "0": [
        -2.7356500776879096,
        0.9167224029235297
    ],
    "1": [
        -2.650758033216863,
        0.9570006471170918
    ],
    "2": [
        -0.9899099359951152,
        -0.5817724789362333
    ],
    "3": [
        -0.9429292765584166,
        -1.0334577449273765
    ],
    "4": [
        -0.922623383231641,
        -0.9222100090502423
    ],
    "5": [
        -0.9388371540855692,
        -0.9306083311797744
    ],
    "6": [
        -0.8836498187121203,
        -0.5909659705155994
    ],
    "7": [
        -0.8781887214323075,
        -0.4643416048299207
    ],
    "8": [
        -0.07679074634933314,
        0.5738997237944585
    ],
    "9": [
        -0.15586207007532948,
        0.9492340680869447
    ],
    "10": [
        -0.23139363335527163,
        1.1664805799170583
    ],
    "11": [
        -0.25738836898569517,
        1.1529286823271598
    ],
    "12": [
        -0.30346629974716033,
        1.2366310358331574
    ],
    "13": [
        0.08867437013445434,
        0.5654824751397438
    ],
    "14": [
        0.20273977832958082,
        0.49706732640370044
    ],
    "15": [
        0.3905195214844494,
        0.3250771225335036
    ],
    "16": [
        0.590055001968534,
        0.39578301412901373
    ],
    "17": [
        1.6380606642871323,
        -0.24300935598403783
    ],
    "18": [
        1.6979385506127302,
        -0.24883068365210748
    ],
    "19": [
        1.7276881229078898,
        -0.3397062913277855
    ],
    "20": [
        1.7705059681968622,
        -0.7617308573060997
    ],
    "21": [
        1.799003665878259,
        -0.7829705591862532
    ],
    "22": [
        1.7929717983359947,
        -1.0370306832891005
    ],
    "23": [
        1.7302604959490715,
        -0.9674811609298711
    ],
    "24": [
        1.7243713199895536,
        -1.3736095111908693
    ],
    "25": [
        0.14695671456421994,
        2.6480927986706617
    ],
    "26": [
        0.2858951638188726,
        2.6584082283752264
    ],
    "27": [
        0.31168537308162114,
        2.676261514514388
    ],
    "28": [
        0.5843527596072859,
        2.595642178028839
    ],
    "29": [
        1.106916327473006,
        2.5297016573066835
    ],
    "30": [
        1.2115226740983533,
        2.506967117843937
    ],
    "31": [
        1.4192642872549,
        2.4328624660676463
    ],
    "32": [
        1.6255161568877265,
        2.3578657418475584
    ],
    "33": [
        1.9322474465134674,
        2.168539371839495
    ],
    "34": [
        2.1381777129137167,
        1.8980149569113145
    ],
    "35": [
        2.6314005385944945,
        1.5972043019767845
    ],
    "36": [
        2.9291527611330235,
        1.292737563382122
    ],
    "37": [
        3.102619525150626,
        1.0525349416546805
    ],
    "38": [
        3.201273828791642,
        0.7882797760261044
    ],
    "39": [
        3.2867710067580727,
        0.6542158453273221
    ],
    "40": [
        3.3149528045576284,
        0.45221213925736325
    ],
    "41": [
        3.3198559985608647,
        0.2504454976221644
    ],
    "42": [
        3.345158757392674,
        0.22950537613141364
    ],
    "43": [
        3.3721862749319933,
        -0.7745923932730756
    ],
    "44": [
        3.36114639383657,
        -0.9003538829820691
    ],
    "45": [
        3.317570133690641,
        -1.0724252463786388
    ],
    "46": [
        3.303721247491711,
        -1.386181301377476
    ],
    "47": [
        3.2233829380413868,
        -1.431761638034248
    ],
    "48": [
        3.329734938056767,
        -1.9561862014060545
    ],
    "49": [
        3.344214004685789,
        -2.0070897000687027
    ],
    "50": [
        3.3579729192006353,
        -2.0447005621112924
    ],
    "51": [
        3.351882638092665,
        -2.0260327068622637
    ],
    "52": [
        -2.0583279201810294,
        -2.247711812512772
    ],
    "53": [
        -2.1099444477053417,
        -2.096101327458296
    ],
    "54": [
        -2.1718968361343887,
        -1.936717997801287
    ],
    "55": [
        -2.221462350232295,
        -1.801055549037006
    ],
    "56": [
        -2.3536236017279255,
        -1.3692199064368211
    ],
    "57": [
        -2.3379290182651733,
        -1.2171149547421167
    ],
    "58": [
        -2.607665812107713,
        -0.7419953709587728
    ],
    "59": [
        -2.63731702449163,
        -0.3998678655612782
    ],
    "60": [
        -2.685167399454262,
        -0.3365459231380039
    ],
    "61": [
        -2.8144972368057446,
        -0.28566367689578165
    ],
    "62": [
        -3.939729934876815,
        -0.43011737632756764
    ],
    "63": [
        -4.042070023407156,
        -1.108166186269166
    ],
    "64": [
        -4.04724836578855,
        -1.107354810966765
    ],
    "65": [
        -4.050443869844343,
        -1.1204697188360169
    ],
    "66": [
        -4.040492814772672,
        -1.1063680142434564
    ],
    "67": [
        -4.002313978045434,
        -0.3997594654629302
    ],
    "68": [
        -3.99390461222052,
        -0.3504408477001031
    ],
    "69": [
        -3.9562662105984803,
        -0.16558643187705835
    ],
    "70": [
        -3.603051902973302,
        0.2982445131605891
    ],
    "71": [
        -3.287419204874904,
        0.6393058353945316
    ],
    "72": [
        -3.2163939274842783,
        0.7281386112528794
    ],
    "73": [
        -2.8637065718301837,
        0.9058186002272417
    ]
}