{
    "0": [
        2.1534943158705366,
        0.9822405803492522
    ],
    "1": [
        1.9818523457677553,
        1.126441518805998
    ],
    "2": [
        1.923224313329373,
        1.1984913110692244
    ],
    "3": [
        1.479152622085218,
        1.4725284322229335
    ],
    "4": [
        1.301607794343755,
        1.5627315342369128
    ],
    "5": [
        1.2485602789355132,
        1.557594985472301
    ],
    "6": [
        0.6146666029480925,
        1.693732405818671
    ],
    "7": [
        0.33542632964193775,
        1.6935170035173428
    ],
    "8": [
        0.13422748430690667,
        1.9647798130211456
    ],
    "9": [
        -0.2517821623222902,
        2.1208193886054154
    ],
    "10": [
        -0.5239202318396206,
        2.2662369394949433
    ],
    "11": [
        -0.8388441530516242,
        2.3539727403865536
    ],
    "12": [
        -0.8789949188313528,
        2.3691296342053274
    ],
    "13": [
        -1.254113933915897,
        2.23911864667158
    ],
    "14": [
        -1.4392186957610127,
        2.087619624007039
    ],
    "15": [
        -1.4469874771709907,
        2.06401419512499
    ],
    "16": [
        -1.6896677711996153,
        1.7660112797938208
    ],
    "17": [
        -1.7740822941483059,
        1.4945276776873753
    ],
    "18": [
        -1.8682549614118498,
        1.1830307663088089
    ],
    "19": [
        0.25829735508377993,
        -2.462659721296104
    ],
    "20": [
        0.17278514420875357,
        -2.4767022208341785
    ],
    "21": [
        0.16843327735590297,
        -2.459272576547348
    ],
    "22": [
        -0.24728321326440206,
        -2.4662745309552387
    ],
    "23": [
        -0.6134465876119302,
        -2.393820436989713
    ],
    "24": [
        -0.9701808759393078,
        -2.4512416285543113
    ],
    "25": [
        -1.1207845141359936,
        -2.431167767410754
    ],
    "26": [
        -1.5305988581233874,
        -2.246303432312777
    ],
    "27": [
        -1.6798814083838294,
        -2.055094378332036
    ],
    "28": [
        -1.746118136099429,
        -1.8888226390945078
    ],
    "29": [
        -1.879411361058873,
        -1.433761999844183
    ],
    "30": [
        -1.8949749789979213,
        -1.301057388108525
    ],
    "31": [
        -1.820474140340091,
        -0.9348820852818238
    ],
    "32": [
        -1.7076252063007096,
        -0.709469304802238
    ],
    "33": [
        -1.6257863333959384,
        -0.523892255085797
    ],
    "34": [
        -1.3095819571497591,
        -0.28698703232406064
    ],
    "35": [
        -1.2056729453492052,
        -0.06509441919024184
    ],
    "36": [
        -0.961952394314949,
        0.043217249397375035
    ],
    "37": [
        -0.662432862133238,
        0.21434061875389965
    ],
    "38": [
        -0.4893820746323012,
        0.14747878220596444
    ],
    "39": [
        0.010794542206677082,
        0.36308112886092925
    ],
    "40": [
        0.19156060147859044,
        0.3249415670593585
    ],
    "41": [
        0.3733823781249921,
        0.26066047717064933
    ],
    "42": [
        0.620198341579695,
        -0.14688143445431256
    ],
    "43": [
        0.6620376136871915,
        -0.4423928370465755
    ],
    "44": [
        1.346134445373536,
        -0.6481730153914844
    ],
    "45": [
        1.4068287121861656,
        -0.7526003168749731
    ],
    "46": [
        1.7946473483175658,
        -0.8168362963287086
    ],
    "47": [
        1.9508517124630171,
        -1.2867417621806037
    ],
    "48": [
        2.0151085774192796,
        -1.2383285648185414
    ],
    "49": [
        2.0729781375826923,
        -1.258869292233785
    ],
    "50": [
        2.0931701949036667,
        -0.6928153603661005
    ],
    "51": [
        2.3991386381100965,
        0.31913799385040775
    ],
    "52": [
        2.368397989620426,
        0.48946406359585914
    ],
    "53": [
        2.354497349952672,
        0.5112823389647927
    ]
}