{
    "0": [
        1.8211445109052091,
        5.551781109999841
    ],
    "1": [
        2.8972453716442867,
        7.865898883729845
    ],
    "2": [
        1.84755072934259,
        7.3340277566014676
    ],
    "3": [
        3.485608022370987,
        7.832415655427055
    ],
    "4": [
        0.9334710390492074,
        7.20352097956858
    ],
    "5": [
        3.4952606442631273,
        5.906252602004909
    ],
    "6": [
        3.494510816296857,
        6.737279277508604
    ],
    "7": [
        3.1167250642656894,
        6.320733411476931
    ],
    "8": [
        3.715302377464222,
        6.553687895263678
    ],
    "9": [
        3.076009427417798,
        7.73176912490999
    ],
    "10": [
        2.496849825944116,
        6.29035540247238
    ],
    "11": [
        1.7292004270907322,
        7.454707586941774
    ],
    "12": [
        1.9844880235757074,
        6.621756620142813
    ],
    "13": [
        2.5901192055916233,
        5.460005554330589
    ],
    "14": [
        3.5529364115477184,
        7.053252077744304
    ],
    "15": [
        1.8413580829627154,
        7.599417986832747
    ],
    "16": [
        1.2646574034019888,
        6.803165855331927
    ],
    "17": [
        3.7225925658389984,
        6.023315553705326
    ],
    "18": [
        2.599779631316652,
        8.144445579391851
    ],
    "19": [
        2.0039178301763236,
        6.092593775729611
    ],
    "20": [
        3.308577358592551,
        5.58448438636459
    ],
    "21": [
        3.945754169259218,
        7.175034147072201
    ],
    "22": [
        3.3982071496379804,
        7.707861917822753
    ],
    "23": [
        3.22659341360529,
        7.452647256336301
    ],
    "24": [
        2.8102155455939872,
        6.864679603338729
    ],
    "25": [
        1.6772628429397063,
        6.4959563255063095
    ],
    "26": [
        2.234595794364478,
        5.923918840161719
    ],
    "27": [
        2.142855526269549,
        6.8350864926032955
    ],
    "28": [
        1.5707543186905442,
        8.16175744212518
    ],
    "29": [
        2.8609597707341266,
        6.4226820134307
    ],
    "30": [
        2.1298641295601906,
        7.802910971876718
    ],
    "31": [
        2.102385701124133,
        6.230752450407046
    ],
    "32": [
        3.303569347168195,
        7.14931678987088
    ],
    "33": [
        1.2255284609665988,
        6.59984353853662
    ],
    "34": [
        3.9753173192954216,
        7.845095245488401
    ],
    "35": [
        3.7193820231128845,
        7.051095772126993
    ],
    "36": [
        1.8503403718812779,
        8.287676081236533
    ],
    "37": [
        2.6989373314278016,
        6.241928911540964
    ],
    "38": [
        1.2433030298103382,
        7.221620493397656
    ],
    "39": [
        1.6132634408065814,
        8.233824038327377
    ],
    "40": [
        2.2593759436682586,
        8.185713041272377
    ],
    "41": [
        2.286336503275394,
        5.735723762643433
    ],
    "42": [
        3.871538332719889,
        8.201182795117656
    ],
    "43": [
        2.2536511563368427,
        7.170080201184027
    ],
    "44": [
        4.10900914506695,
        7.505902531964575
    ],
    "45": [
        1.3316572688154515,
        7.679992082421402
    ],
    "46": [
        1.1282894082987278,
        7.317547241860804
    ],
    "47": [
        2.2708928915446203,
        7.483404422085188
    ],
    "48": [
        2.414304819761763,
        7.61503259606065
    ],
    "49": [
        2.529764041227878,
        6.652932303690874
    ],
    "50": [
        3.391584429472961,
        6.0216294705095725
    ],
    "51": [
        2.022846898178485,
        5.260976435459749
    ],
    "52": [
        3.466168321484088,
        5.544098308071884
    ],
    "53": [
        3.1381946374419796,
        6.6937886335028765
    ],
    "54": [
        4.017009567679874,
        8.070000264100667
    ],
    "55": [
        1.0988767309599705,
        -6.981292989328332
    ],
    "56": [
        0.6763161500870529,
        -7.641370814878663
    ],
    "57": [
        1.1375476138429255,
        -6.660147309155559
    ],
    "58": [
        2.1698387761439477,
        -8.364524658226786
    ],
    "59": [
        1.8994241219145636,
        -7.682761644462773
    ],
    "60": [
        1.1418701994448606,
        -8.969750892953577
    ],
    "61": [
        1.3199935733847479,
        -5.564855829587756
    ],
    "62": [
        0.8462187849516374,
        -8.163753432234035
    ],
    "63": [
        1.1884125606643083,
        -6.621921177542185
    ],
    "64": [
        1.7191923629718708,
        -8.43288971022692
    ],
    "65": [
        1.3842045515389252,
        -8.333287167922101
    ],
    "66": [
        1.8968746564059753,
        -6.5183356511723165
    ],
    "67": [
        0.5237928511440266,
        -7.655908696545587
    ],
    "68": [
        2.1682432749055556,
        -6.068922442098232
    ],
    "69": [
        1.993070965307031,
        -6.85321673557772
    ],
    "70": [
        1.4607999964553944,
        -5.3545448872720245
    ],
    "71": [
        1.4043661639709253,
        -8.540463918601347
    ],
    "72": [
        2.5429405285985505,
        -7.4107923049735165
    ],
    "73": [
        0.911764999215146,
        -7.394901147885296
    ],
    "74": [
        0.8334672545566431,
        -6.839254348960352
    ],
    "75": [
        0.4282656477817728,
        -7.579683567308484
    ],
    "76": [
        2.224228229348771,
        -6.631400925104174
    ],
    "77": [
        2.3949478636243864,
        -8.891515926404033
    ],
    "78": [
        2.0556818339767666,
        -9.025413117865261
    ],
    "79": [
        2.506621374123692,
        -6.977559726321725
    ],
    "80": [
        1.5240919845617444,
        -7.317071542380055
    ],
    "81": [
        0.5693205014778684,
        -7.166705835182746
    ],
    "82": [
        1.523551153900753,
        -7.547928355647952
    ],
    "83": [
        2.128893048306611,
        -8.383007912969992
    ],
    "84": [
        1.7262384514210236,
        -9.160199952539582
    ],
    "85": [
        0.7167840894931219,
        -8.912857819302571
    ],
    "86": [
        2.0064904439758653,
        -5.903319868172097
    ],
    "87": [
        0.8018960518384164,
        -6.665079798975195
    ],
    "88": [
        1.7078145592529248,
        -7.053077088758265
    ],
    "89": [
        0.3483700131981644,
        -7.880461471192676
    ],
    "90": [
        1.5481645059988924,
        -6.741689332828848
    ],
    "91": [
        1.4455779772025021,
        -7.815626678498573
    ],
    "92": [
        2.443497561803298,
        -8.137092583879438
    ],
    "93": [
        1.1004239942238403,
        -8.034822990406616
    ],
    "94": [
        0.9981714296704816,
        -7.693212692841442
    ],
    "95": [
        1.2571758643321997,
        -7.615235698496222
    ],
    "96": [
        1.4954017812564402,
        -9.039257453828514
    ],
    "97": [
        2.044709271383536,
        -7.935146160687911
    ],
    "98": [
        2.677362287056657,
        -7.611199705473991
    ],
    "99": [
        1.4738777044984106,
        -6.289720530023738
    ],
    "100": [
        2.3434410419313245,
        -8.565632301579896
    ],
    "101": [
        1.3542316900183664,
        -7.204944554357607
    ],
    "102": [
        2.61682036622821,
        -7.707084511756569
    ],
    "103": [
        2.802692244841114,
        -7.3423973167061325
    ],
    "104": [
        1.3076269544833057,
        -5.995559160426183
    ],
    "105": [
        0.7808264268272502,
        -8.894992101818417
    ],
    "106": [
        2.2841199585701046,
        -7.6137925844361085
    ],
    "107": [
        1.0161167983396364,
        -8.022296656031513
    ],
    "108": [
        2.7910246235632687,
        -6.876439251567633
    ],