{
    "0": [
        -1.3248126898891586,
        0.7490975678924657
    ],
    "1": [
        -1.8321709731143012,
        0.24325257728831895
    ],
    "2": [
        -3.168152149304121,
        1.5693895209820592
    ],
    "3": [
        -2.185402070621829,
        -0.07165147387031268
    ],
    "4": [
        -3.1769613305662996,
        1.2816484642503712
    ],
    "5": [
        -2.8041498844111086,
        1.5961388991528849
    ],
    "6": [
        -1.3815244666541227,
        0.37322756273386126
    ],
    "7": [
        -2.7304461122097736,
        0.3622580777885682
    ],
    "8": [
        -2.811837178970879,
        1.0028618747102687
    ],
    "9": [
        -2.454667217285004,
        0.28290193105583494
    ],
    "10": [
        -1.9691492188299335,
        -0.44193481765251197
    ],
    "11": [
        -3.311657024512699,
        1.6957553586818814
    ],
    "12": [
        -1.7774679373648818,
        1.2636244405587216
    ],
    "13": [
        -3.1227513691296,
        0.5492192794357902
    ],
    "14": [
        -3.5667443851220337,
        0.5641550973165528
    ],
    "15": [
        -3.240795537940956,
        0.3197893641855689
    ],
    "16": [
        -3.154898858804388,
        0.8307694332075375
    ],
    "17": [
        -2.04253282699206,
        1.5189649657185176
    ],
    "18": [
        -1.8813627606209982,
        0.7296028398823093
    ],
    "19": [
        -1.4356658116325864,
        0.6052770176027924
    ],
    "20": [
        -2.6356335738005634,
        1.260019593521835
    ],
    "21": [
        -2.5682372015387873,
        1.1812141651516472
    ],
    "22": [
        -2.0629962589140582,
        1.25611992209997
    ],
    "23": [
        -3.4572937932020382,
        0.7242198265752873
    ],
    "24": [
        -2.3889687113651425,
        1.6440503035802545
    ],
    "25": [
        -1.542393656765253,
        1.6593020859884262
    ],
    "26": [
        -2.7074059930961063,
        -0.0708698787361195
    ],
    "27": [
        -2.2082041910443713,
        0.6333421519068526
    ],
    "28": [
        -1.4593676687238677,
        1.240190060588107
    ],
    "29": [
        -1.6120187630286222,
        0.9844309223521285
    ],
    "30": [
        -2.1813578337988293,
        0.09576372629388219
    ],
    "31": [
        -2.501124637103509,
        -0.05991162447602649
    ],
    "32": [
        -3.65632866004034,
        -8.888562338688196
    ],
    "33": [
        -2.0432686593215688,
        -9.594249959583703
    ],
    "34": [
        -2.9338274132251025,
        -8.772219577784295
    ],
    "35": [
        -2.2444883436965486,
        -10.804148100402296
    ],
    "36": [
        -2.289917799268135,
        -10.232166910412168
    ],
    "37": [
        -2.925150965833566,
        -9.912474454133497
    ],
    "38": [
        -3.175505969417001,
        -8.580196443382079
    ],
    "39": [
        -2.80076887056328,
        -9.035471490075325
    ],
    "40": [
        -3.4863882691528874,
        -10.380319950943761
    ],
    "41": [
        -2.3447821188407243,
        -8.649985556511051
    ],
    "42": [
        -2.2027985922971056,
        -8.934628434217785
    ],
    "43": [
        -2.970796022547441,
        -9.932822284130946
    ],
    "44": [
        -2.4965386079700647,
        -8.145880145672585
    ],
    "45": [
        -3.4111453763135913,
        -8.800278837219585
    ],
    "46": [
        -3.4909797499849127,
        -9.630739864603106
    ],
    "47": [
        -3.494418971956631,
        -9.92251674985946
    ],
    "48": [
        -2.6198489663295126,
        -10.587046063250636
    ],
    "49": [
        -2.3845378436564646,
        -9.377703523607721
    ],
    "50": [
        -2.8193040399088005,
        -10.290814712224742
    ],
    "51": [
        -1.9417669547741894,
        -10.018526159690165
    ],
    "52": [
        -2.2479961240184254,
        -10.170818724619602
    ],
    "53": [
        -3.328711565274535,
        -9.140377213090362
    ],
    "54": [
        -3.6224302062620692,
        -9.76797901018502
    ],
    "55": [
        -1.9145087037604513,
        -10.730144239323
    ],
    "56": [
        -3.1756392760784635,
        -9.4107811245632
    ],
    "57": [
        -3.255352328063463,
        -8.537103409824736
    ],
    "58": [
        -2.0523975373793255,
        -10.614244759792575
    ],
    "59": [
        -2.7756734781030357,
        -9.269188798757844
    ],
    "60": [
        -2.456223299180656,
        -9.86815792148901
    ],
    "61": [
        -2.6594194947807606,
        -8.04218607372325
    ],
    "62": [
        -3.326824084016259,
        -10.111786212531797
    ],
    "63": [
        -1.9161038502908918,
        -9.192691287684415
    ],
    "64": [
        5.377183816835763,
        -1.0443806618184908
    ],
    "65": [
        3.7148966157665644,
        0.3015581370135181
    ],
    "66": [
        5.520495101038981,
        -0.463145606625764
    ],
    "67": [
        4.579663273404039,
        -0.954593472636416
    ],
    "68": [
        3.8392372835924107,
        0.8940763601153535
    ],
    "69": [
        -0.507009697953951,
        7.464525508133045
    ],
    "70": [
        4.109846291778775,
        -0.13256514014897292
    ],
    "71": [
        3.954725238639626,
        -0.8357305686584959
    ],
    "72": [
        5.574875939351582,
        -0.9586166869585531
    ],
    "73": [
        4.690858543923055,
        -1.1289415341771363
    ],
    "74": [
        4.167493071957067,
        0.7477814794027433
    ],
    "75": [
        5.108679850172541,
        0.4443291957468716
    ],
    "76": [
        5.474883778871194,
        -1.326186592353433
    ],
    "77": [
        3.556435477401343,
        -0.027459299355006683
    ],
    "78": [
        3.8854233665856004,
        0.14976794157009699
    ],
    "79": [
        3.7829324864587006,
        1.2457982322994556
    ],
    "80": [
        5.241167779576299,
        0.21510971736860274
    ],
    "81": [
        4.163661924941684,
        0.2489185217276233
    ],
    "82": [
        4.536591509483934,
        0.44635481168298763
    ],
    "83": [
        4.702942357441926,
        0.5372351096797843
    ],
    "84": [
        3.450761923974987,
        0.6707187343504044
    ],
    "85": [
        4.157502697764896,
        1.080432314048967
    ],
    "86": [
        4.761923252681544,
        0.841340357884788
    ],
    "87": [
        4.513214706805091,
        -0.17369206021101302
    ],
    "88": [
        5.13491386743341,
        -1.1742645906065448
    ],
    "89": [
        4.887664812337766,
        -0.7013621197133821
    ],
    "90": [
        5.212088739064193,
        -0.29237132776000907
    ],
    "91": [
        5.082984220818838,
        0.08478936035838536
    ],
    "92": [
        5.333787040119929,
        -0.662081040747551
    ],
    "93": [
        4.299600960616348,
        -0.5718676850251747
    ],
    "94": [
        4.844994637133695,
        -0.5612695673746841
    ],
    "95": [
        4.983018869618778,
        -0.043080623508282345
    ],
    "96": [
        0.20081272798685879,
        8.781013229799141
    ],
    "97": [
        -0.48279671128191504,
        8.511347150453712
    ],
    "98": [
        1.752051826312356,
        8.91734650453698
    ],
    "99": [
        1.042910324505556,
        7.6055425889177695
    ],
    "100": [
        0.4036399369546806,
        9.198970777224762
    ],
    "101": [
        0.8867283182862604,
        8.892341214026253
    ],
    "102": [
        0.3194779443495186,
        7.809613578952602
    ],
    "103": [
        1.4587172400196031,
        8.845083839163884
    ],
    "104": [
        -0.1944513822005154,
        8.415551850574376
    ],
    "105": [
        0.5904690503519807,
        8.242807485633547
    ],
    "106": [
        1.722931636242807,
        8.329805444159629
    ],