{
    "0": [
        -3.9557838140397403,
        -8.663881885320254
    ],
    "1": [
        -3.5011835051852787,
        -8.073136636332473
    ],
    "2": [
        -4.982739158363439,
        -9.470846913350691
    ],
    "3": [
        -3.337568365465302,
        -7.430325694039496
    ],
    "4": [
        -3.797815558217497,
        -7.355836570156578
    ],
    "5": [
        -4.364768929424749,
        -8.817568071276462
    ],
    "6": [
        -5.183703902209623,
        -8.535073012859746
    ],
    "7": [
        -4.18395930938593,
        -9.424420163726518
    ],
    "8": [
        -4.841662087934912,
        -7.621944079980489
    ],
    "9": [
        -3.6566874546973223,
        -7.920487257598925
    ],
    "10": [
        -4.14386884837884,
        -7.323803168699808
    ],
    "11": [
        -4.120638873610016,
        -9.07334871373524
    ],
    "12": [
        -4.147694086590452,
        -9.858247469346706
    ],
    "13": [
        -4.795271252265248,
        -8.72633500435606
    ],
    "14": [
        -4.5057319926951624,
        -9.610988484003506
    ],
    "15": [
        -4.324961521944943,
        -7.8722617934654995
    ],
    "16": [
        -5.0159986927806965,
        -8.95676030407177
    ],
    "17": [
        -3.810399252743725,
        -8.696628787385855
    ],
    "18": [
        -4.5308404813285446,
        -7.27314361432561
    ],
    "19": [
        -3.9582767946941972,
        -9.220601344695758
    ],
    "20": [
        -3.303115499612523,
        -8.384759313102379
    ],
    "21": [
        -4.746853955418713,
        -8.178504124775587
    ],
    "22": [
        -5.250052479770613,
        -8.269727827142102
    ],
    "23": [
        -3.7975006390065165,
        -8.29330429666682
    ],
    "24": [
        -4.886848865222022,
        -9.698215675187164
    ],
    "25": [
        -3.2544055434096495,
        -7.68266463308219
    ],
    "26": [
        -4.037395200687421,
        -7.062720372566137
    ],
    "27": [
        -4.346223955958621,
        -8.491715671900533
    ],
    "28": [
        -3.364437818186444,
        -7.51215648976914
    ],
    "29": [
        -4.757893833416986,
        -7.7594683296020595
    ],
    "30": [
        -4.439339652073713,
        -7.634331289351705
    ],
    "31": [
        -5.107478582212971,
        -8.081270903565814
    ],
    "32": [
        -4.107632083436426,
        -8.131550151540145
    ],
    "33": [
        -4.361855228574923,
        -9.87073456357523
    ],
    "34": [
        -4.042958225142723,
        -8.158050812668167
    ],
    "35": [
        -4.562407547968498,
        -10.013735612476209
    ],
    "36": [
        -3.9832749820060322,
        -7.669507798810619
    ],
    "37": [
        -4.494047057626168,
        -8.626193515343463
    ],
    "38": [
        -4.905664617628899,
        -8.610141879502475
    ],
    "39": [
        5.864174129460007,
        6.460713991248907
    ],
    "40": [
        6.899599474207127,
        5.252047933687756
    ],
    "41": [
        5.336339436493981,
        5.764937042872948
    ],
    "42": [
        5.707999113134792,
        6.654136592774851
    ],
    "43": [
        5.524073722172405,
        4.760214607721327
    ],
    "44": [
        7.380142256895102,
        5.242589904121781
    ],
    "45": [
        5.179357942915472,
        4.977972963197425
    ],
    "46": [
        7.323765027387065,
        5.333894782364087
    ],
    "47": [
        5.543723231448596,
        4.641999117762303
    ],
    "48": [
        6.5170754878545605,
        5.178387004360276
    ],
    "49": [
        5.5478077301575635,
        4.966758593404572
    ],
    "50": [
        5.816243122697151,
        6.1879809121328275
    ],
    "51": [
        5.120925121416573,
        5.202188734773134
    ],
    "52": [
        6.718988217149105,
        4.838397957813422
    ],
    "53": [
        4.999445060797316,
        5.535197170974454
    ],
    "54": [
        5.932763542031982,
        5.197161161690023
    ],
    "55": [
        6.722783748031267,
        6.149952827288107
    ],
    "56": [
        5.8587201440464085,
        4.623645886543969
    ],
    "57": [
        5.924293635083355,
        5.782779488989657
    ],
    "58": [
        6.729563434255967,
        6.072531948069416
    ],
    "59": [
        6.887446025862635,
        4.742650109351976
    ],
    "60": [
        4.833735031176539,
        5.7304058720070365
    ],
    "61": [
        6.1133810575750775,
        4.881775103671478
    ],
    "62": [
        6.242708850231468,
        4.416360821643053
    ],
    "63": [
        6.0630729561741505,
        4.508704485421735
    ],
    "64": [
        6.631372033679035,
        5.68769515480844
    ],
    "65": [
        5.402747218713371,
        6.326117756818331
    ],
    "66": [
        5.765194752070785,
        5.984664047757379
    ],
    "67": [
        6.476483296354614,
        6.198784696027575
    ],
    "68": [
        5.946799801043027,
        6.1207511813737305
    ],
    "69": [
        6.32157099231598,
        4.157440823078071
    ],
    "70": [
        5.915635693209041,
        5.001622805839981
    ],
    "71": [
        6.530581074202221,
        5.096776949801297
    ],
    "72": [
        7.468030845008018,
        5.4243515233698805
    ],
    "73": [
        7.233239845486763,
        5.180055283367738
    ],
    "74": [
        6.156722599297579,
        5.39658373623079
    ],
    "75": [
        5.594890179658155,
        6.598380288998323
    ],
    "76": [
        6.399522526698961,
        5.4072655865013175
    ],
    "77": [
        5.785860151235337,
        5.54390716389568
    ],
    "78": [
        -2.8283134614327743,
        6.727664027263586
    ],
    "79": [
        -1.7932689039152008,
        6.505312206671862
    ],
    "80": [
        -0.7765287219820041,
        7.083999712842111
    ],
    "81": [
        -1.4605219801150522,
        6.205586159926421
    ],
    "82": [
        -2.3073745434735535,
        6.511475075674486
    ],
    "83": [
        -2.8264858741288683,
        6.407950405130251
    ],
    "84": [
        -1.0651739779005671,
        7.222311847268248
    ],
    "85": [
        -2.34073482236369,
        7.259928031805574
    ],
    "86": [
        -1.6204533044704823,
        6.127742801569685
    ],
    "87": [
        -2.392966757886894,
        5.685841217257348
    ],
    "88": [
        -1.4638499717154452,
        6.712053041377629
    ],
    "89": [
        -0.9568444119215873,
        6.633948327545099
    ],
    "90": [
        -2.7636020507676053,
        6.569877470929827
    ],
    "91": [
        -0.6685436371598223,
        7.270784112521172
    ],
    "92": [
        -2.339440233478644,
        6.10964416967337
    ],
    "93": [
        -2.8813113519108082,
        7.43412400627845
    ],
    "94": [
        -2.1362443504861997,
        6.990836730226064
    ],
    "95": [
        -1.8299484735795135,
        7.124697224332309
    ],
    "96": [
        -1.9084547156482805,
        7.706334679967419
    ],
    "97": [
        -2.480076077099064,
        7.320641954818086
    ],
    "98": [
        -2.275908636065532,
        7.6579704038597605
    ],
    "99": [
        -1.657116880807818,
        7.324954202210501
    ],
    "100": [
        -0.7758890971759367,
        7.563657601072858
    ],
    "101": [
        -2.486662635341718,
        6.864268226124588
    ],
    "102": [
        -1.6568718720127151,
        7.415673689102547
    ],
    "103": [
        -2.481965753222207,
        7.662836526788359
    ],
    "104": [
        -3.103603842519761,
        5.377070496976289
    ],
    "105": [
        -1.2839834582778824,
        6.422099894141725
    ],
    "106": [
        -2.5114789169861154,
        5.533228041829059
    ],
    "107": [
        -1.0945087316181628,
        6.432502789486666
    ],
    "108": [
        -1.411201216753654,
        6.5875789038642
    ],