{
    "0": [
        2.594117548994048,
        -3.995638357175677
    ],
    "1": [
        2.0965012728917722,
        -2.364732540266506
    ],
    "2": [
        -4.108021826012588,
        0.10806670318429598
    ],
    "3": [
        -5.77329170316955,
        0.30793827085005077
    ],
    "4": [
        -1.8033624265841215,
        -0.1685230503442472
    ],
    "5": [
        0.3287032472522562,
        -0.40576474501891124
    ],
    "6": [
        3.633853474713886,
        -3.070043644114952
    ],
    "7": [
        2.297015814251482,
        1.2340663787642367
    ],
    "8": [
        3.882122699197074,
        2.616652001706234
    ],
    "9": [
        -0.6977404814419689,
        -0.92907297347102
    ],
    "10": [
        -1.1155954703051933,
        -0.22194063489569346
    ],
    "11": [
        -0.48970557822907346,
        -0.39300496132101814
    ],
    "12": [
        -0.504741859837454,
        0.22124163328314408
    ],
    "13": [
        -1.2226984886835133,
        -0.8057279667371814
    ],
    "14": [
        -1.0362870524578904,
        0.3429569513888799
    ],
    "15": [
        5.08274257129841,
        3.6683754234419994
    ]
}