{
    "0": [
        -0.25901738845669586,
        0.5299066338382772
    ],
    "1": [
        -1.071656369223179,
        -0.10501138552255337
    ],
    "2": [
        0.5394486649980403,
        1.300043179749893
    ],
    "3": [
        0.5942663398342439,
        -0.930100588627148
    ],
    "4": [
        -1.9066027012628721,
        1.3012629104662325
    ],
    "5": [
        0.49116577783696275,
        0.28761723012980495
    ],
    "6": [
        -0.10360625179071394,
        -1.186111743661598
    ],
    "7": [
        1.239437180313443,
        1.063153982853762
    ],
    "8": [
        0.32390956310425373,
        -0.1590913783686031
    ],
    "9": [
        -1.0220086334534544,
        1.690304985616311
    ],
    "10": [
        -0.9171450695740534,
        0.4544002602481391
    ],
    "11": [
        2.5536093269111095,
        0.9383247459240911
    ],
    "12": [
        1.3047589950247331,
        2.2325841952964662
    ],
    "13": [
        1.5360688310559572,
        -1.917486934016208
    ],
    "14": [
        1.808304351061757,
        -0.4890205945658959
    ],
    "15": [
        -2.8288094844393705,
        2.7947604671160446
    ],
    "16": [
        -0.7542054819108568,
        -1.1778259797409791
    ],
    "17": [
        0.41357457235142503,
        -3.3744300533894815
    ],
    "18": [
        1.700874470654,
        -3.7837952730143054
    ],
    "19": [
        -4.21964784993124,
        4.045008224495454
    ]
}