{
    "0": [
        0.47976992538004937,
        0.032876746152672734
    ],
    "1": [
        -0.894099986418306,
        -0.28598772136517175
    ],
    "2": [
        0.671194456113662,
        0.872142973432694
    ],
    "3": [
        0.008240801254231916,
        0.17318367138252355
    ],
    "4": [
        0.28116882261215465,
        1.316335348673138
    ],
    "5": [
        -0.5111133533536538,
        -1.0728187528870274
    ],
    "6": [
        -0.3908850156626371,
        1.417930992895239
    ],
    "7": [
        -1.0308160728817624,
        0.8656755861701353
    ],
    "8": [
        -0.44598266031598177,
        0.4961567353175524
    ],
    "9": [
        -1.8702249813111798,
        -0.4779592881683819
    ],
    "10": [
        -0.5360334009418211,
        -2.85170975786419
    ]
}