{
    "0": [
        -0.1999976913143825,
        0.8547556748531456
    ],
    "1": [
        0.16217556954388876,
        0.5227336854646546
    ],
    "2": [
        -0.4652661964115903,
        -0.5337443860759002
    ],
    "3": [
        0.2590752712128332,
        -0.360498275871044
    ],
    "4": [
        0.8546860163012142,
        0.5504446799848847
    ],
    "5": [
        1.0341171752844345,
        1.8349971949334927
    ],
    "6": [
        -1.2539602828230156,
        -0.13195365667797038
    ],
    "7": [
        -2.412207203546296,
        -1.3610396809605494
    ],
    "8": [
        0.617370585172906,
        -1.6057795239227257
    ],
    "9": [
        2.0384978297414227,
        3.2284432625359414
    ],
    "10": [
        -2.7894654080963055,
        -0.23516440284666668
    ],
    "11": [
        -4.105233023488094,
        -1.8184755019844712
    ],
    "12": [
        -3.128019918049081,
        -2.9333577458217555
    ]
}