{
    "0": [
        -1.436682130811358,
        0.31633712435789046
    ],
    "1": [
        -3.0626598260051257,
        2.554108067671434
    ],
    "2": [
        -0.2910318453549022,
        -1.3544949109969646
    ],
    "3": [
        -1.2480338116492802,
        -0.4621938223521212
    ],
    "4": [
        -0.6969860006449481,
        -0.3590839661393013
    ],
    "5": [
        -0.002765083205196433,
        -0.41235264115648107
    ],
    "6": [
        -0.3658883295562058,
        0.19498341048963944
    ],
    "7": [
        -0.8561885457157337,
        -0.9252701166114757
    ],
    "8": [
        -1.6593206818737534,
        -1.1201705153981714
    ],
    "9": [
        -4.691813366317055,
        2.7782466211362626
    ],
    "10": [
        1.306006469045315,
        -2.370237767475299
    ],
    "11": [
        -0.03084215600269294,
        -3.225474236873826
    ],
    "12": [
        -4.067555673428513,
        3.9384063632810875
    ],
    "13": [
        -2.7709128570950132,
        4.172338479635957
    ]
}