{
    "0": [
        -0.1975860762118993,
        -1.11691825302125
    ],
    "1": [
        0.6999825070763234,
        -1.5893913573069196
    ],
    "2": [
        0.1880762138160229,
        -0.5110773804324023
    ],
    "3": [
        -0.8281828258483137,
        -0.5696166369163399
    ],
    "4": [
        -0.43714572709577704,
        0.4808839744910487
    ],
    "5": [
        -0.07407178138314645,
        0.026754956662855864
    ],
    "6": [
        -0.8808923254227793,
        -1.415490122296685
    ],
    "7": [
        1.3371558452829553,
        -0.2874693109083871
    ],
    "8": [
        0.03131257551792517,
        1.5367193159300936
    ],
    "9": [
        -1.2030355643135042,
        1.8294480076121786
    ],
    "10": [
        1.0284409776106012,
        0.7044191173422171
    ],
    "11": [
        -1.7767855999830504,
        0.7467880871645854
    ]
}