{
    "0": [
        0.03973408151728802,
        1.311462038648297
    ],
    "1": [
        -0.4129363323768369,
        -0.13528170851817697
    ],
    "2": [
        0.41936538801166545,
        -0.07140693577211157
    ],
    "3": [
        0.14583749246268485,
        0.5638497232353002
    ],
    "4": [
        -0.39520874269276324,
        0.3602407819809264
    ],
    "5": [
        0.8505545196811949,
        0.8877108073365919
    ],
    "6": [
        -0.7603445426325657,
        -1.0753482968339083
    ],
    "7": [
        -1.673290588791732,
        -0.6926045745882247
    ],
    "8": [
        0.10757025174797102,
        -0.8966501388701903
    ],
    "9": [
        1.1592792019004854,
        -0.019127818064546456
    ],
    "10": [
        -1.4668789777154267,
        0.22978306088125677
    ],
    "11": [
        -1.1445894925246902,
        -1.9988815460218832
    ]
}