{
    "0": [
        0.2616097639362908,
        0.6354842784591884
    ],
    "1": [
        0.6772300741079024,
        1.899619041260641
    ],
    "2": [
        1.1175853875182122,
        0.7418148179754736
    ],
    "3": [
        1.3444129227296742,
        -0.1939546981555485
    ],
    "4": [
        -1.323978278897387,
        1.501228644944714
    ],
    "5": [
        -0.6328277463900625,
        1.2505952420646664
    ],
    "6": [
        0.18693770221918965,
        -1.4412290645580788
    ],
    "7": [
        -1.810303533548061,
        0.8726200489855898
    ],
    "8": [
        -1.43332192579567,
        0.18218288338747687
    ],
    "9": [
        -0.26534033117472633,
        0.06925831974326921
    ],
    "10": [
        0.7095210599309958,
        -0.6788779817260997
    ],
    "11": [
        -0.6940330638233466,
        -1.080636213048647
    ]
}