{
    "0": [
        0.4043143972044804,
        0.7447227322942395
    ],
    "1": [
        0.02778651821479291,
        0.5455516508056459
    ],
    "2": [
        -2.856258272553126,
        1.8502400145358437
    ],
    "3": [
        1.0677254349789926,
        1.5149799921821072
    ],
    "4": [
        0.4363379736336414,
        2.901825793658426
    ],
    "5": [
        -1.0885703623807492,
        1.0403850480742856
    ],
    "6": [
        -1.516609857590159,
        0.11930176879275686
    ],
    "7": [
        -0.8426637340672852,
        1.0804647034774817
    ],
    "8": [
        -0.6734402126574216,
        0.6295611394472024
    ],
    "9": [
        -2.046310207115253,
        3.1972723828168244
    ],
    "10": [
        1.313124741574715,
        2.3841950622496997
    ],
    "11": [
        0.7255241377898037,
        0.619043937415856
    ],
    "12": [
        -1.1192518062094798,
        -0.7326443010973319
    ],
    "13": [
        0.5363268671253478,
        1.002296187502656
    ],
    "14": [
        -1.2286475069698422,
        0.5415775879767911
    ],
    "15": [
        -1.8100869929557077,
        0.35181266498378644
    ],
    "16": [
        1.0503014665432024,
        0.5902062551488039
    ],
    "17": [
        1.846108252847187,
        2.182288810579375
    ],
    "18": [
        0.6921704309773609,
        2.134630112249937
    ],
    "19": [
        -1.027012899814645,
        -0.011837535599690982
    ],
    "20": [
        -1.7699021707258602,
        1.220366911435342
    ],
    "21": [
        -0.19903159734798248,
        2.575583620574668
    ],
    "22": [
        0.9899845178327457,
        2.0487736524401634
    ],
    "23": [
        1.2582336785556727,
        -0.6591772266747289
    ],
    "24": [
        0.09252972234886067,
        0.8214860571576547
    ],
    "25": [
        0.18268359272768264,
        -1.318538641858709
    ],
    "26": [
        -2.314194747172048,
        -0.5276666158573677
    ],
    "27": [
        0.20537698531374146,
        2.979256765989594
    ],
    "28": [
        -1.1776071397001264,
        3.161328339394497
    ],
    "29": [
        0.3840027303138374,
        1.740658693704508
    ],
    "30": [
        0.5999251861203112,
        -0.7145629298875493
    ],
    "31": [
        -1.5227224305234184,
        2.7883187765130115
    ],
    "32": [
        -0.9010898563762431,
        3.9547611749719644
    ],
    "33": [
        2.1305961683119694,
        0.17852022105942722
    ],
    "34": [
        0.463056297345499,
        -0.27369538784376396
    ],
    "35": [
        -2.255617397508112,
        0.801392741590873
    ],
    "36": [
        -1.8880702718700844,
        -0.42329066434131957
    ],
    "37": [
        -2.840641155292591,
        0.929776572950449
    ],
    "38": [
        -0.1669211572537692,
        2.10028537299069
    ],
    "39": [
        -3.5266202405637324,
        2.318502578462212
    ],
    "40": [
        3.3786559555686257,
        2.726149392062588
    ],
    "41": [
        0.9044767024951171,
        3.7260668076828423
    ],
    "42": [
        -0.878839573715199,
        3.2943052757903537
    ],
    "43": [
        -2.074183724093521,
        1.7898669985915785
    ],
    "44": [
        -3.809328522283652,
        2.783203977528397
    ],
    "45": [
        -0.26555667022743656,
        -0.5233113558234883
    ],
    "46": [
        -1.3609748759378095,
        -0.6844983183476907
    ],
    "47": [
        -0.9764908122981992,
        4.970240646841435
    ],
    "48": [
        1.3970441267705793,
        2.1018822359866918
    ],
    "49": [
        0.38337414999653985,
        2.450456585970851
    ],
    "50": [
        1.239806489198117,
        3.4085465980391194
    ],
    "51": [
        0.9034346655696092,
        -1.0340310416652994
    ],
    "52": [
        2.7080324393121784,
        1.9553924185617293
    ],
    "53": [
        -2.3104755422399537,
        2.2966571309674433
    ],
    "54": [
        0.09535921574701176,
        2.0680347727422967
    ],
    "55": [
        1.988599157015643,
        3.4930033562527454
    ],
    "56": [
        0.1687754584283674,
        -3.0117548682884743
    ],
    "57": [
        0.9227610312392652,
        3.0088980932714264
    ],
    "58": [
        -1.4437552808497762,
        1.4016755125197766
    ],
    "59": [
        -2.964253046801553,
        -0.5884624335723816
    ],
    "60": [
        -0.9756061736162357,
        2.8841635097768594
    ],
    "61": [
        -3.2388201276832276,
        3.276517126744717
    ],
    "62": [
        -0.9699845375700068,
        1.6159179479769377
    ],
    "63": [
        -0.9220872411637496,
        -2.07680048310512
    ],
    "64": [
        3.722543415927967,
        1.0672861952524415
    ],
    "65": [
        -2.491658861845336,
        1.8534619262221472
    ],
    "66": [
        1.3472330034706081,
        -0.19692096276180057
    ],
    "67": [
        -0.20071106370062392,
        0.27374444866822106
    ],
    "68": [
        1.8191811119471584,
        4.1707595629464205
    ],
    "69": [
        3.076217861945567,
        -0.16276120241098158
    ],
    "70": [
        -1.1181091157748742,
        -1.909526110559074
    ],
    "71": [
        2.8774018224566595,
        0.8916374695082099
    ],
    "72": [
        -1.1079214141581366,
        2.5022823899718016
    ],
    "73": [
        2.245434124068187,
        -1.5508603046400902
    ],
    "74": [
        -2.2025134659938423,
        3.526626267672139
    ],
    "75": [
        -1.4727041848910785,
        -1.0219204675424094
    ],
    "76": [
        0.6330294188423836,
        -2.11301053166326
    ],
    "77": [
        3.281868931694517,
        -1.205389595893154
    ],
    "78": [
        -0.5911231598812642,
        -1.208310591904148
    ],
    "79": [
        -2.1244622513233278,
        -1.5715499294445399
    ],
    "80": [
        -0.49605934058466583,
        4.122773114845938
    ],
    "81": [
        -3.240752242205299,
        -1.1382328029180342
    ],
    "82": [
        0.06324307210949212,
        -2.354608986684713
    ],
    "83": [
        -2.0117398900657966,
        3.973729106998184
    ],
    "84": [
        -3.538378914464976,
        0.4994042656881658
    ],
    "85": [
        -0.20362489471848,
        3.2085881684424216
    ],
    "86": [
        1.0596459313013376,
        4.270627087913149
    ],
    "87": [
        -4.041066381664269,
        -0.17820385637654165
    ],
    "88": [
        1.7732989324943726,
        0.6359846227992312
    ],
    "89": [
        -1.946373552128672,
        -2.8838225937766557
    ],
    "90": [
        -2.2027631693835255,
        0.15343308804932165
    ],
    "91": [
        -3.2764190290242814,
        -1.5884848443467383
    ],
    "92": [
        -3.8705546056310776,
        1.197913360331305
    ],
    "93": [
        -2.7239895000120913,
        3.568561170750502
    ],
    "94": [
        3.635830479817657,
        -0.09534901917838616
    ],
    "95": [
        -3.322939983306618,
        -0.7357723524721504
    ],
    "96": [
        -3.0363644027203476,
        3.059815261435015
    ],
    "97": [
        -2.7754600718717657,
        -1.494659940377028
    ],
    "98": [
        2.676558440668822,
        -2.944136109384011
    ],
    "99": [
        -1.5761682689152818,
        3.7479440331117098
    ],
    "100": [
        -2.1622738564659105,
        -3.7651063380922483
    ],
    "101": [
        2.1687979307929393,
        -0.2855708073237099
    ],
    "102": [
        1.5337867201642734,
        2.642529914361424
    ],
    "103": [
        -1.2366328054622557,
        5.491068849241284
    ],
    "104": [
        1.9051747394017366,
        2.996432964589958
    ],
    "105": [
        -5.522401126617715,
        0.2186034478777761
    ],
    "106": [
        3.1204331651714865,
        0.25607768854574287
    ],