{
    "0": [
        -2.736263894474982,
        -2.0399284988154123
    ],
    "1": [
        -1.9355100989619414,
        -0.7233018626205068
    ],
    "2": [
        -1.191677866003008,
        -2.9880676349363466
    ],
    "3": [
        0.9682210383646889,
        -0.2928009110266182
    ],
    "4": [
        1.1588906029443993,
        -2.493353991022028
    ],
    "5": [
        1.1361842411265268,
        -4.696556997064317
    ],
    "6": [
        0.7237868521220956,
        -6.365634972765744
    ],
    "7": [
        2.500699348816537,
        -3.7615289981979494
    ],
    "8": [
        0.41865310829556107,
        -5.702748763142026
    ],
    "9": [
        0.2127921225910434,
        -4.340879466023491
    ],
    "10": [
        2.974944227057981,
        -2.808146009496209
    ],
    "11": [
        0.9386213514551374,
        -1.4747838577295123
    ],
    "12": [
        2.6349792353549804,
        0.9184647744576705
    ],
    "13": [
        2.595343146252604,
        -0.09477005760218883
    ],
    "14": [
        5.124017421671525,
        0.7306722302241513
    ],
    "15": [
        4.317398846132426,
        3.2188286144760223
    ],
    "16": [
        3.8335220792825315,
        2.66655391433794
    ],
    "17": [
        1.752346795204587,
        4.492042043772527
    ],
    "18": [
        1.675742596316582,
        1.483417626663054
    ],
    "19": [
        -0.21504745662642571,
        1.0810694441617799
    ],
    "20": [
        -2.695719176483026,
        0.2994795556771262
    ],
    "21": [
        -4.472928265234516,
        -0.41847938351693864
    ],
    "22": [
        -2.972204579342592,
        0.9742640416080961
    ],
    "23": [
        -4.362626360343192,
        -1.8092794397016707
    ],
    "24": [
        -6.985622219561071,
        -0.021147772537008832
    ],
    "25": [
        -5.215872100503086,
        0.400208133321787
    ],
    "26": [
        -6.488963870427883,
        1.7906409879604879
    ],
    "27": [
        -4.556989929534473,
        2.885594579062676
    ],
    "28": [
        -4.54666870543629,
        4.52644966550001
    ],
    "29": [
        -0.7812913616991676,
        3.170768935872474
    ],
    "30": [
        -2.5946879887966263,
        2.9615871732061105
    ],
    "31": [
        -1.9075181920230224,
        3.7089013437773053
    ],
    "32": [
        -4.344033339554269,
        5.334067916534457
    ],
    "33": [
        -2.0840473643880686,
        6.289575146568158
    ],
    "34": [
        -1.6655070759328952,
        4.555743360508972
    ],
    "35": [
        -0.41158980345320273,
        6.128973863600578
    ],
    "36": [
        -1.3718229251113454,
        4.833121992183744
    ],
    "37": [
        0.4605881638352526,
        1.9137295268693
    ],
    "38": [
        1.197113504094364,
        3.8622439302884306
    ],
    "39": [
        2.954571468118887,
        0.6397226708819667
    ],
    "40": [
        1.2984107141512709,
        0.2029900702217617
    ],
    "41": [
        4.489364689636485,
        -0.23170248161123408
    ],
    "42": [
        1.5062195231270685,
        -1.7026092257404184
    ],
    "43": [
        4.6937183304578625,
        1.2669441444580223
    ],
    "44": [
        1.9933115289017687,
        0.3787262553061489
    ],
    "45": [
        4.101242625900137,
        0.0005886126347021321
    ],
    "46": [
        1.940369423429711,
        1.207964847646715
    ],
    "47": [
        2.964274426134713,
        -1.145644331712757
    ],
    "48": [
        1.7125540405473332,
        -0.835281431463819
    ],
    "49": [
        3.4838538706355955,
        -0.9831566365586513
    ],
    "50": [
        0.5252479162807643,
        -0.09776793141663444
    ],
    "51": [
        -0.23218999100510032,
        1.471938965540681
    ],
    "52": [
        -0.23145056367251968,
        -0.9658905370806299
    ],
    "53": [
        -2.090702398844924,
        3.1294420530147415
    ],
    "54": [
        -4.038875090492485,
        2.2829318253469486
    ],
    "55": [
        -2.978583479200334,
        3.4327427501580887
    ],
    "56": [
        -5.107326428945497,
        3.2939526179278893
    ],
    "57": [
        -4.683064512841713,
        3.488196736157638
    ],
    "58": [
        -3.7970265786066584,
        6.089205044238486
    ],
    "59": [
        -3.3063659432487635,
        5.235053605141401
    ],
    "60": [
        -2.8124046064473687,
        6.5875068360307045
    ],
    "61": [
        -0.8550228878687184,
        4.308976985475496
    ],
    "62": [
        -2.100695745677601,
        4.370470870550725
    ],
    "63": [
        -2.3074568318187656,
        2.5603264636237677
    ],
    "64": [
        -1.2801095057700598,
        -0.2958315862942562
    ],
    "65": [
        0.6297201695635896,
        1.2645635378228184
    ],
    "66": [
        -2.738208402005933,
        -0.6568255714459783
    ],
    "67": [
        -1.0941245928402783,
        2.8848718685450057
    ],
    "68": [
        -0.12073929052262385,
        1.7691909520756441
    ],
    "69": [
        -1.567050527305162,
        3.1011172980128
    ],
    "70": [
        -2.6035201203834943,
        0.721180606772861
    ],
    "71": [
        -0.902963491105175,
        -1.0015382061716067
    ],
    "72": [
        -3.1469981392655297,
        -3.0486714703091438
    ],
    "73": [
        -2.929988903610309,
        -2.3692132007400084
    ],
    "74": [
        -2.6210480781619867,
        -5.441684986152718
    ],
    "75": [
        -1.631408690604225,
        -2.1685224403519765
    ],
    "76": [
        -1.5030231294349499,
        -4.521300179950639
    ],
    "77": [
        -2.0805586379056797,
        -4.5516968567254095
    ],
    "78": [
        -2.2467241969017913,
        -6.904872461476692
    ],
    "79": [
        -2.4967735787627574,
        -5.711330721674439
    ],
    "80": [
        -0.12659142647200156,
        -5.934465628081148
    ],
    "81": [
        -0.9403001741041495,
        -3.800625920482595
    ],
    "82": [
        1.6299523294941376,
        -2.569402134153682
    ],
    "83": [
        0.9364005021327165,
        -4.064517723574382
    ],
    "84": [
        3.086507981666304,
        -6.462537173867781
    ],
    "85": [
        2.419486383837094,
        -5.508122828285427
    ],
    "86": [
        4.814143578409781,
        -6.536143228330154
    ],
    "87": [
        4.402918840192488,
        -4.721090222267203
    ],
    "88": [
        3.735472129614909,
        -2.803405829522516
    ],
    "89": [
        2.245699919636861,
        -3.1167723816900805
    ],
    "90": [
        0.6178457113758038,
        -0.748433367412628
    ],
    "91": [
        -0.6155871248538896,
        0.6322749077571702
    ],
    "92": [
        -1.0121884191532995,
        2.3022994008528626
    ],
    "93": [
        0.28383836252699174,
        3.855453925232315
    ],
    "94": [
        0.27523061590990433,
        4.492143647740488
    ],
    "95": [
        2.9190867143550223,
        3.862487990743294
    ],
    "96": [
        0.2447872501257298,
        2.885005155887207
    ],
    "97": [
        2.1591285338611943,
        3.0361028202873634
    ],
    "98": [
        2.6363859864554224,
        1.85616013330125
    ],
    "99": [
        5.361737572774471,
        2.690560269467869
    ],
    "100": [
        5.189777046286923,
        4.641328970692479
    ],
    "101": [
        3.4455213507877795,
        3.760338963549484
    ],
    "102": [
        2.014566598275518,
        3.650417949214808
    ],
    "103": [
        -0.0899531898073128,
        3.446635473306648
    ],
    "104": [
        -1.022180129524139,
        1.7637614509429913
    ],
    "105": [
        -0.9706908177840575,
        0.6174126807433084
    ],
    "106": [
        -2.310321168860854,
        2.036566801535695
    ],