{
    "0": [
        -1.0876575233201105,
        1.4201443511140823
    ],
    "1": [
        1.0291179840103342,
        -0.4710649894111836
    ],
    "2": [
        0.1747207900960116,
        -0.47068416585780004
    ],
    "3": [
        0.47386103477630037,
        3.0117191707232425
    ],
    "4": [
        -0.5382749519521998,
        0.9169071336976353
    ],
    "5": [
        0.3628292648842457,
        -0.104675809335248
    ],
    "6": [
        1.3256818462041402,
        0.4611250611604718
    ],
    "7": [
        -0.24415244563149197,
        2.972530432500752
    ],
    "8": [
        0.006897021007536641,
        2.313985549918091
    ],
    "9": [
        -1.1218688232939997,
        -0.03238172592985977
    ],
    "10": [
        1.940172190933578,
        3.337029034625082
    ],
    "11": [
        0.26378984631899327,
        -1.1353123046054354
    ],
    "12": [
        -0.6186134769467483,
        2.669959565004492
    ],
    "13": [
        2.259544453776332,
        1.411915325088542
    ],
    "14": [
        -0.07929330772379417,
        1.3035079014137625
    ],
    "15": [
        1.4908984483337862,
        3.239388714173107
    ],
    "16": [
        -1.9720879530303042,
        1.4889578158665397
    ],
    "17": [
        0.4367303101466995,
        -2.6483051046138395
    ],
    "18": [
        0.4755936402612324,
        -3.888259828247116
    ],
    "19": [
        0.7760907985893071,
        0.5793497285698419
    ],
    "20": [
        -2.7138291389473888,
        0.8431021153767011
    ],
    "21": [
        0.6406440337240089,
        -0.11493933391888245
    ],
    "22": [
        -1.1515485738525375,
        1.7417243162414606
    ],
    "23": [
        -1.4928244989505286,
        1.6957453884692018
    ],
    "24": [
        -1.5736930836726821,
        -0.8711534495656632
    ],
    "25": [
        -0.32083943045425134,
        3.675377682156356
    ],
    "26": [
        0.020166300068356846,
        2.9412219740210124
    ],
    "27": [
        0.42970330680660274,
        1.7126356920435737
    ],
    "28": [
        0.39556001253144524,
        -2.6702232633993814
    ],
    "29": [
        0.7442588862255058,
        0.012273561954978973
    ],
    "30": [
        1.5692074219092942,
        1.0275968313890025
    ],
    "31": [
        -0.7016692777608341,
        -1.7181490087005828
    ],
    "32": [
        1.4694656579526577,
        2.646340818505514
    ],
    "33": [
        -3.3065433387279226,
        -0.27168454938423325
    ],
    "34": [
        1.9800081119291675,
        -0.018304796123036038
    ],
    "35": [
        0.2995883388674613,
        -1.3877092405007783
    ],
    "36": [
        1.3160872542259412,
        -1.6180279497593957
    ],
    "37": [
        1.7784650384100233,
        -1.5082174576750398
    ],
    "38": [
        -1.6117922723813973,
        -2.0453934780917846
    ],
    "39": [
        -1.8041717410797564,
        -1.588667713342239
    ],
    "40": [
        -0.3634991632905963,
        -0.6565930219194815
    ],
    "41": [
        -0.8706063010473314,
        2.0544679245561537
    ],
    "42": [
        1.6504127869483605,
        -0.5082342528123491
    ],
    "43": [
        -1.4288120474092727,
        2.2646626233332543
    ],
    "44": [
        0.3480758506882341,
        -2.1559365864824507
    ],
    "45": [
        -0.08363729778915363,
        -3.1424594428899377
    ],
    "46": [
        0.8015030699311805,
        1.3206201549503627
    ],
    "47": [
        2.517469087383063,
        1.0163548322153684
    ],
    "48": [
        -1.9499919894328435,
        0.23122353409655272
    ],
    "49": [
        -0.9394239713935936,
        2.871098864279617
    ],
    "50": [
        -0.1803618943880857,
        -0.05735295313409061
    ],
    "51": [
        1.201426377715092,
        0.07143694590145921
    ],
    "52": [
        -2.069715855634195,
        0.6827631367932714
    ],
    "53": [
        -2.6048699541087394,
        0.08392706301212716
    ],
    "54": [
        -3.1114476480112856,
        0.9879906120175557
    ],
    "55": [
        0.6904316948868707,
        -3.3290160721692446
    ],
    "56": [
        1.4582727332281191,
        1.515760127722933
    ],
    "57": [
        1.051634208293515,
        -1.4502803112204006
    ],
    "58": [
        1.6413615072149956,
        -2.0530734342399617
    ],
    "59": [
        -2.06284702221678,
        -4.550950179659434
    ],
    "60": [
        -0.05406114663846251,
        -2.230648827538757
    ],
    "61": [
        -0.34254679017843703,
        -4.389243024558405
    ],
    "62": [
        -0.8915767065543342,
        -3.222524301343038
    ],
    "63": [
        2.3379664330049645,
        1.9463160324305062
    ],
    "64": [
        0.07875512083621017,
        1.1451366428306828
    ],
    "65": [
        -0.10080662020648201,
        -4.126212736936221
    ],
    "66": [
        1.503559219768552,
        2.151778321811402
    ],
    "67": [
        -0.12227053917737118,
        -1.032355770397892
    ],
    "68": [
        -2.9412642460293204,
        0.5238668320533173
    ],
    "69": [
        2.0320379183414294,
        -2.567098259715659
    ],
    "70": [
        1.5775823429082259,
        0.8054913482702277
    ],
    "71": [
        -0.6525061986344923,
        3.442146695210129
    ],
    "72": [
        0.2981229997238898,
        0.48071107385016765
    ],
    "73": [
        1.6954961456909419,
        -1.3765893031496574
    ],
    "74": [
        0.9196587286938481,
        -0.29696504595436934
    ],
    "75": [
        -0.5663228432320894,
        1.9204331220193391
    ],
    "76": [
        -1.25907977834069,
        -0.2688786235884315
    ],
    "77": [
        1.844180081712861,
        -0.7400132735370504
    ],
    "78": [
        -2.109554352128247,
        0.9012878163390097
    ],
    "79": [
        -0.6560175423494402,
        3.020975831018841
    ],
    "80": [
        1.2255797863515407,
        3.366150007031415
    ],
    "81": [
        -1.9270986609231122,
        -0.17704668062027684
    ],
    "82": [
        -2.2782118571219314,
        -0.460355509946496
    ],
    "83": [
        -1.8429162536706838,
        2.2144628180635473
    ],
    "84": [
        -3.5184692649165505,
        0.7554136609876361
    ],
    "85": [
        -2.957149050786972,
        -1.1537691852794276
    ],
    "86": [
        0.7484415202267132,
        -3.872606351533632
    ],
    "87": [
        0.922458846669307,
        -3.3057966203975955
    ],
    "88": [
        -2.4545479172586835,
        1.18010599147452
    ],
    "89": [
        2.037925526270713,
        2.9589873832779285
    ],
    "90": [
        0.2755948116301057,
        2.458544115007198
    ],
    "91": [
        -2.661512516967261,
        -1.1437285960288324
    ],
    "92": [
        -2.5096283649653337,
        -0.2927729517683537
    ],
    "93": [
        1.9537900183397547,
        1.116703678915043
    ],
    "94": [
        1.7932501135004755,
        0.25065055986340656
    ],
    "95": [
        1.0255848990576966,
        1.0970010858950174
    ],
    "96": [
        0.24119649692361533,
        -1.9610077813085594
    ],
    "97": [
        -1.84996405693443,
        -4.385598131964004
    ],
    "98": [
        2.824586587319442,
        0.6917175439678851
    ],
    "99": [
        2.509592866640181,
        -1.802684145062036
    ],
    "100": [
        -1.569033418483945,
        1.276933179540074
    ],
    "101": [
        1.112904918703702,
        2.8693677778996665
    ],
    "102": [
        -0.9420994782278539,
        1.281761375907613
    ],
    "103": [
        1.7967638784594393,
        2.0156516815196457
    ],
    "104": [
        0.08568856858829388,
        3.4628956940563653
    ],
    "105": [
        2.777351060131394,
        -1.686932188183405
    ],
    "106": [
        1.3321249288684254,
        -0.34739976200402234
    ],