{
    "0": [
        -1.0523300596630205,
        -0.1241053400822989
    ],
    "1": [
        -1.8484228767800255,
        0.5160415026681371
    ],
    "2": [
        -0.8424116110228541,
        0.10455665913650014
    ],
    "3": [
        -0.3141871508363605,
        2.8194933427180153
    ],
    "4": [
        -1.4401824873468778,
        -0.977561798501291
    ],
    "5": [
        0.41521704257605535,
        -0.8662856527099789
    ],
    "6": [
        0.6991437449521496,
        0.7929545647493186
    ],
    "7": [
        0.4710661136074031,
        2.042382401526403
    ],
    "8": [
        -0.30080915721115375,
        0.8044518560374705
    ],
    "9": [
        -0.45663868119592294,
        -0.23987288539644291
    ],
    "10": [
        1.5912733387438014,
        1.1885832153610076
    ],
    "11": [
        -0.2374210954921464,
        -0.6967855473857854
    ],
    "12": [
        0.999861336182059,
        0.3568018083434623
    ],
    "13": [
        -2.5456484952708216,
        1.3685232161833538
    ],
    "14": [
        1.763083819844766,
        -2.209703893186219
    ],
    "15": [
        3.010517884886588,
        -1.541538403687111
    ],
    "16": [
        2.173180989631153,
        -1.5840043018617993
    ],
    "17": [
        0.039096871051312265,
        2.4479550021343806
    ],
    "18": [
        -2.056838372844805,
        0.2278928029611449
    ],
    "19": [
        -2.6291890034827343,
        0.6521526630573853
    ],
    "20": [
        0.6083328925302829,
        0.2547040930840425
    ],
    "21": [
        1.8091234379720331,
        -0.7975123548102716
    ],
    "22": [
        0.17000942660032375,
        2.925736021914468
    ],
    "23": [
        -0.5002238524412866,
        0.18435223093900488
    ],
    "24": [
        -0.42426233179747924,
        1.012876714598735
    ],
    "25": [
        1.2513516835046268,
        -2.890280581045205
    ],
    "26": [
        0.16159458512454655,
        1.4758220597456788
    ],
    "27": [
        2.923707717387806,
        1.1440131383574434
    ],
    "28": [
        -1.9216326370208605,
        -1.2748149323422133
    ],
    "29": [
        2.061419088376692,
        -2.391568287451984
    ],
    "30": [
        -1.8463983753370024,
        2.43459496346201
    ],
    "31": [
        -1.6393271212171576,
        -0.511798359965669
    ],
    "32": [
        0.5008299376882894,
        1.5794676069113824
    ],
    "33": [
        -2.6111779791563237,
        -2.642109558974902
    ],
    "34": [
        0.09001786270796014,
        0.35687834961414344
    ],
    "35": [
        2.033400039262803,
        0.6030359838802977
    ],
    "36": [
        0.9038177194958921,
        -1.0782063851326393
    ],
    "37": [
        -1.0811845833353992,
        -1.2017343684403539
    ],
    "38": [
        0.21018675066814202,
        -1.3240331923677093
    ],
    "39": [
        0.991254020366888,
        2.097537920859779
    ],
    "40": [
        -2.5328361444119203,
        -0.8385294863071495
    ],
    "41": [
        -1.6363640741087848,
        1.498339214803956
    ],
    "42": [
        -1.2757692335946444,
        -1.9138707592546855
    ],
    "43": [
        -1.9309926964515352,
        -3.2246723637859804
    ],
    "44": [
        -2.4676236484510863,
        1.5053310938502062
    ],
    "45": [
        0.9602615893135225,
        0.03793077754156782
    ],
    "46": [
        -0.9572186331306458,
        2.3217480176982894
    ],
    "47": [
        -1.25165097827073,
        1.7092212198458479
    ],
    "48": [
        1.7892331494783285,
        -2.7054421793907353
    ],
    "49": [
        0.11375892807106142,
        -2.239525360831451
    ],
    "50": [
        -1.7096731174685973,
        -2.1542179532120085
    ],
    "51": [
        -1.3735497753783275,
        2.9003682578623278
    ],
    "52": [
        3.118501420558338,
        1.1338987528133522
    ],
    "53": [
        -1.1699649321759162,
        0.663121696138488
    ],
    "54": [
        1.4409973342889073,
        -0.9465096802018547
    ],
    "55": [
        0.014983136817872889,
        -1.9094882168604035
    ],
    "56": [
        -1.2404395354208582,
        2.358548442596239
    ],
    "57": [
        3.0810375115141775,
        -0.8337319991658334
    ],
    "58": [
        2.3773972219221573,
        -1.4400034343208112
    ],
    "59": [
        1.8286650010267935,
        1.5183894694272255
    ],
    "60": [
        -2.410653987063608,
        -0.5314223451924902
    ],
    "61": [
        0.6764073645588544,
        3.070655799914037
    ],
    "62": [
        1.6665992489337589,
        -1.4653139393675993
    ],
    "63": [
        0.6972747131501684,
        2.3217641021414344
    ],
    "64": [
        1.1293468874627743,
        2.883633680818358
    ],
    "65": [
        0.5727772068246599,
        1.2519029943812443
    ],
    "66": [
        -1.800463883437359,
        -0.4132967531997829
    ],
    "67": [
        2.510439107444752,
        0.05694140635133982
    ],
    "68": [
        -0.3218823879489717,
        -1.0277335488971988
    ],
    "69": [
        -1.5991432186776042,
        3.12173437845987
    ],
    "70": [
        1.0146106072313879,
        -2.731850596373276
    ],
    "71": [
        -0.1623577267539889,
        -1.1492658845525385
    ],
    "72": [
        3.031533679809674,
        0.6315691959232237
    ],
    "73": [
        1.2401790450453951,
        0.9797880635611298
    ],
    "74": [
        0.17084458404678166,
        -2.6604585902270776
    ],
    "75": [
        -0.15545308743297143,
        1.866565112448801
    ],
    "76": [
        2.271912511104434,
        -1.0237991930533354
    ],
    "77": [
        -2.2790575133528588,
        -2.318859407918612
    ],
    "78": [
        -1.5710522878396131,
        0.2657672338314181
    ],
    "79": [
        0.5141582959083557,
        -2.4331668242056383
    ],
    "80": [
        -0.2003829453944575,
        -0.4726011901450313
    ],
    "81": [
        -2.5573144394168663,
        -1.2006563332793463
    ],
    "82": [
        -1.544509015000961,
        -1.5862242051998554
    ],
    "83": [
        -2.0382232692094515,
        1.4175235673609734
    ],
    "84": [
        2.884254518724195,
        0.3743768916003627
    ],
    "85": [
        1.7135909881544678,
        1.411495380540831
    ],
    "86": [
        1.070101919059563,
        -0.9792712967177479
    ],
    "87": [
        -1.6876316949151395,
        -1.9791903140252711
    ],
    "88": [
        -0.8207936432503566,
        -0.46803373984755225
    ],
    "89": [
        1.5432077584912172,
        0.8015445678185116
    ],
    "90": [
        1.212785968622757,
        1.559514278312076
    ],
    "91": [
        3.096882526483954,
        1.2614810499379931
    ],
    "92": [
        -2.81164424477432,
        0.6225031849763327
    ],
    "93": [
        -0.6914917497831701,
        3.4605371988442704
    ],
    "94": [
        -2.377695039457177,
        -3.1738289404424624
    ],
    "95": [
        -1.1118853926324388,
        -0.7373379253199732
    ],
    "96": [
        1.5877842632783576,
        -1.7864735658406388
    ],
    "97": [
        -2.829408878424583,
        -1.8769454393714713
    ],
    "98": [
        3.1746174260644766,
        -1.2035933981806313
    ],
    "99": [
        2.368521318287959,
        -1.9437545243033996
    ],
    "100": [
        -0.6152056214510022,
        -0.6229856658951114
    ],
    "101": [
        0.1527279610802787,
        2.155275252042823
    ],
    "102": [
        0.5217593872208202,
        -0.09998950153065644
    ],
    "103": [
        2.9492452195292587,
        -0.6578111733499057
    ],
    "104": [
        -0.050038199530726246,
        3.19573293753942
    ],
    "105": [
        -1.6450288936518123,
        0.11187255135219365
    ],
    "106": [
        -0.2987924346042079,
        1.335759133189096
    ],