{
    "0": [
        0.7212563942043033,
        -3.1533336313108773
    ],
    "1": [
        1.1867537369432797,
        -2.4027072986038878
    ],
    "2": [
        -1.5081882893419982,
        -1.1353345123883223
    ],
    "3": [
        0.9023881732212253,
        -3.2799432791355914
    ],
    "4": [
        -0.42674306620795915,
        1.568066133793419
    ],
    "5": [
        -0.5718922694618189,
        -1.8821768212308907
    ],
    "6": [
        -0.7578994208836636,
        -1.617506396686955
    ],
    "7": [
        0.5099109808830908,
        1.8439002154242763
    ],
    "8": [
        0.4882569084336755,
        1.2428434078806152
    ],
    "9": [
        0.5671462925372923,
        -0.9104039350528659
    ],
    "10": [
        -0.06755895694543677,
        3.465268855308388
    ],
    "11": [
        1.1072161834623453,
        0.2429795924696787
    ],
    "12": [
        1.245223175329618,
        -1.6503799513673583
    ],
    "13": [
        -0.9332046390034863,
        -0.8850736593443385
    ],
    "14": [
        -1.5573559585285723,
        0.19498563248047462
    ],
    "15": [
        -1.558790337061951,
        1.5623663269050385
    ],
    "16": [
        -1.3937696320754525,
        1.3727040171892875
    ],
    "17": [
        2.3493689440472987,
        -2.767262106832675
    ],
    "18": [
        0.01646362423835332,
        0.43921431612198214
    ],
    "19": [
        1.8097043911028705,
        1.3237089780034728
    ],
    "20": [
        1.8929412749657366,
        1.255318154917287
    ],
    "21": [
        1.1360473480989401,
        -0.22769890632539713
    ],
    "22": [
        -1.2866352736769442,
        -0.4249647424156118
    ],
    "23": [
        1.5688244393134039,
        -1.0324046156082591
    ],
    "24": [
        2.3693757850040305,
        -2.7228848910275056
    ],
    "25": [
        -0.3235840436534588,
        2.1774540816468084
    ],
    "26": [
        -0.6325402404274019,
        2.900312167717502
    ],
    "27": [
        -0.5923312146945312,
        -1.1714341463928744
    ],
    "28": [
        -1.301511731068972,
        -0.30136789262103036
    ],
    "29": [
        -0.7849092259030463,
        -1.8805575782998938
    ],
    "30": [
        0.7606169100806084,
        1.453589989657842
    ],
    "31": [
        0.8221294530285395,
        -0.260563489179936
    ],
    "32": [
        1.3647075971115994,
        1.750018037888363
    ],
    "33": [
        1.2358151560980197,
        0.5078278722274057
    ],
    "34": [
        -0.4336177102123246,
        1.5399883334105642
    ],
    "35": [
        -1.2559120777745594,
        -2.7118269684873306
    ],
    "36": [
        0.04593584682552743,
        -0.3629956163096981
    ],
    "37": [
        -1.4129044060558416,
        -2.8485078917528073
    ],
    "38": [
        0.3499296411421389,
        3.2083361089114417
    ],
    "39": [
        -1.2945988465679203,
        1.5053691532770856
    ],
    "40": [
        0.0896248757216741,
        1.9692565219796507
    ],
    "41": [
        -0.040370704102544466,
        3.4777388269803944
    ],
    "42": [
        -1.0317230083167912,
        1.2649839568333583
    ],
    "43": [
        -1.4730044212091307,
        -2.281577299585914
    ],
    "44": [
        0.3299173779965271,
        3.2253327406520826
    ],
    "45": [
        -1.7659828209500184,
        1.925113312047095
    ],
    "46": [
        -0.09450529350368292,
        -1.1873622016031353
    ],
    "47": [
        0.3731158907234147,
        -2.9068890170355495
    ],
    "48": [
        0.5920829875211326,
        -0.9433580506673023
    ],
    "49": [
        1.9666958996710384,
        2.189426072395825
    ],
    "50": [
        0.6324240367794425,
        -3.013014991457644
    ],
    "51": [
        0.10672963651319983,
        -0.37123025833185075
    ],
    "52": [
        -1.3973320739179866,
        0.7008496621036024
    ],
    "53": [
        -1.3917162492556283,
        -1.2324211655033661
    ],
    "54": [
        0.6262624868058402,
        -0.9405815496364198
    ],
    "55": [
        2.3738619774002134,
        -2.7791285111834307
    ],
    "56": [
        -1.3608071126440442,
        0.13705657199521948
    ],
    "57": [
        1.114667418206101,
        -1.6441572033261789
    ],
    "58": [
        -0.08699275383882334,
        3.545859110017392
    ],
    "59": [
        1.3079280775748636,
        -2.061817383300819
    ],
    "60": [
        -2.136572671669294,
        0.49647053922634266
    ],
    "61": [
        1.624906802126265,
        -1.152971969028016
    ],
    "62": [
        -1.4628856926700753,
        -2.9749933227682934
    ],
    "63": [
        -1.7452184145716956,
        0.03785558037243497
    ],
    "64": [
        1.5638251037088524,
        -0.1791259752497938
    ],
    "65": [
        -0.6537892135678396,
        1.2542391824108745
    ],
    "66": [
        -1.7703123376987995,
        -0.9037189272404911
    ],
    "67": [
        0.23211165513628645,
        -2.7819531013366126
    ],
    "68": [
        0.19825607112969507,
        -2.773001799935355
    ],
    "69": [
        -1.768629050185026,
        -0.9524607764022086
    ],
    "70": [
        1.448111796226465,
        2.4133091001884783
    ],
    "71": [
        -0.4326781580199172,
        2.074960676307238
    ],
    "72": [
        1.9961880198586763,
        2.198582417540086
    ],
    "73": [
        -2.194410341609226,
        0.6267883529601299
    ],
    "74": [
        1.0630701173078931,
        -0.32331895012652634
    ],
    "75": [
        -0.584489394724514,
        2.570909240364299
    ],
    "76": [
        1.4586298736394785,
        2.3733054091417802
    ],
    "77": [
        -0.03087648648652,
        0.3991029242138979
    ],
    "78": [
        -0.12613815329774933,
        -1.1657850469407185
    ],
    "79": [
        -1.397342580139868,
        -2.2979448826865356
    ],
    "80": [
        2.3669338028572877,
        -2.2845142257024795
    ],
    "81": [
        -1.4569315198799013,
        1.0266953483420238
    ],
    "82": [
        0.4307715719417469,
        -3.301311789838463
    ],
    "83": [
        0.5933805567135624,
        1.7939279337500444
    ],
    "84": [
        -0.9705592974961754,
        3.2009869030668816
    ],
    "85": [
        -1.0987880191561041,
        1.7197690341735101
    ],
    "86": [
        -1.0667881196606548,
        3.196236306522485
    ],
    "87": [
        1.49293428188832,
        0.858363883245294
    ],
    "88": [
        -0.993196048817105,
        -2.09581519648364
    ],
    "89": [
        0.1935447034145797,
        1.9464109436834436
    ]
}