{
    "0": [
        0.8003089639350982,
        -0.22989880950268327
    ],
    "1": [
        0.07994538887263625,
        -0.5356850974781271
    ],
    "2": [
        0.8140070352299857,
        -0.11539280665360563
    ],
    "3": [
        0.15902397486204567,
        1.2888377018724486
    ],
    "4": [
        0.9139572587648157,
        0.7619783833902605
    ],
    "5": [
        -1.1041977116780237,
        -0.12275734668561467
    ],
    "6": [
        0.07842994931802938,
        0.7480587177300053
    ],
    "7": [
        -0.3266740069118639,
        -2.0252038116015236
    ],
    "8": [
        -0.43574510887640794,
        -1.2596416733400038
    ],
    "9": [
        1.6345846218411442,
        0.896766186075781
    ],
    "10": [
        -0.8175266643978136,
        0.18971922987963818
    ],
    "11": [
        0.11732792961549032,
        0.6940622769398404
    ],
    "12": [
        1.1942717458420167,
        -2.8776061383291296
    ],
    "13": [
        -0.31455110489157767,
        1.600910573109648
    ],
    "14": [
        -1.1166946371051345,
        -1.9589081389014091
    ],
    "15": [
        0.43362774998701514,
        -1.6597775561546693
    ],
    "16": [
        -0.5804814730812666,
        -2.2154598902955147
    ],
    "17": [
        -0.48526670367889335,
        -2.8570146220148853
    ],
    "18": [
        -1.1634790576448755,
        -0.06070771863519675
    ],
    "19": [
        -0.6941498675682247,
        -2.078648044696798
    ],
    "20": [
        -1.5778088491983753,
        3.0203131226905198
    ],
    "21": [
        1.290868191203554,
        2.470236567125637
    ],
    "22": [
        -1.273605146424345,
        -3.2595197235410605
    ],
    "23": [
        0.1122934513702254,
        2.8657950684391924
    ],
    "24": [
        0.8910952373542824,
        -1.8872547479474409
    ],
    "25": [
        0.8720810935416732,
        -2.7904781265928507
    ],
    "26": [
        1.967967023224638,
        1.517106778807289
    ],
    "27": [
        -1.6897737990662283,
        0.29647176258601915
    ],
    "28": [
        0.9729377257255063,
        -0.628958278553827
    ],
    "29": [
        0.5209281283149876,
        0.7578061975622983
    ],
    "30": [
        1.1728042195092443,
        -0.3451341839183073
    ],
    "31": [
        -0.5188410298228241,
        -1.3701140550804825
    ],
    "32": [
        -1.0774891305869225,
        1.403420660719226
    ],
    "33": [
        0.102105066773857,
        2.9096172722035396
    ],
    "34": [
        -2.0503954893181016,
        0.9085345477254934
    ],
    "35": [
        0.00754685369521102,
        0.7747337325390122
    ],
    "36": [
        -0.22880250351378972,
        0.014972571890756292
    ],
    "37": [
        0.962791677558354,
        -1.802043481139084
    ],
    "38": [
        -1.5665242000814443,
        -1.4944011399999253
    ],
    "39": [
        -0.8277983737257697,
        -2.4329434036194657
    ],
    "40": [
        -1.2607287881603906,
        -3.26039931949619
    ],
    "41": [
        0.8702309066015923,
        0.7981167163223906
    ],
    "42": [
        -0.4545773087082463,
        2.155283489542902
    ],
    "43": [
        1.5845282856073108,
        0.8319515603012324
    ],
    "44": [
        -1.2997412240472128,
        -3.2788605471053134
    ],
    "45": [
        1.9523792182725597,
        1.342061467453823
    ],
    "46": [
        0.9482025146688868,
        -2.766722920447173
    ],
    "47": [
        -1.6030378011114925,
        0.17278116887249184
    ],
    "48": [
        2.5007256098479793,
        1.8132654030987352
    ],
    "49": [
        2.1710255059334047,
        2.363074718510518
    ],
    "50": [
        -1.3480286960244152,
        2.9413879496933024
    ],
    "51": [
        1.0314697258489227,
        -0.8796551453005381
    ],
    "52": [
        -0.6104406800400968,
        2.3446274033194916
    ],
    "53": [
        0.6139383085977159,
        3.211135211628549
    ],
    "54": [
        1.4566981379792607,
        -2.8210247633519807
    ],
    "55": [
        0.7644394789404863,
        -0.5682641179693217
    ],
    "56": [
        -0.8502109944231848,
        -0.4069432184454346
    ],
    "57": [
        2.485518196668461,
        1.7132063254385637
    ],
    "58": [
        0.09704625925700805,
        2.9127157192124233
    ],
    "59": [
        -2.2016747448836362,
        0.8139010588493079
    ],
    "60": [
        -0.2555143276787677,
        -2.158706340770721
    ],
    "61": [
        0.33351159327235536,
        -1.6287910687194214
    ],
    "62": [
        1.964613386963288,
        2.468774040565083
    ],
    "63": [
        -1.525545973259748,
        -1.5827118045304067
    ],
    "64": [
        1.2442598748143427,
        2.472505210775834
    ],
    "65": [
        -1.8768109318788198,
        0.4610063625019083
    ],
    "66": [
        0.18854964412032738,
        -0.48082562803887885
    ],
    "67": [
        -0.6213217822503248,
        -3.1935432303822417
    ],
    "68": [
        -1.1562292015223345,
        -0.059986841598161256
    ],
    "69": [
        0.5648351513585244,
        3.2264670087566474
    ],
    "70": [
        0.8992079071550902,
        -2.9054560763026123
    ],
    "71": [
        -1.5936366633310821,
        -1.325943763261778
    ],
    "72": [
        -1.1761898826879464,
        2.782365596846259
    ],
    "73": [
        -2.073423461192671,
        1.0489298772494604
    ],
    "74": [
        0.8450935749416608,
        0.5319736130023767
    ],
    "75": [
        1.201072628043638,
        -0.2776351852255601
    ],
    "76": [
        -0.1603108359490888,
        2.3435809958798566
    ],
    "77": [
        0.008944365924601794,
        1.348166611784153
    ],
    "78": [
        -0.38997910416392045,
        -2.7246981239579213
    ],
    "79": [
        -0.16198462629648014,
        -0.41550109056975304
    ],
    "80": [
        -0.35600167617553224,
        1.5265991192630826
    ]
}