{
    "0": [
        -1.2732006169930254,
        -0.10982827454554275
    ],
    "1": [
        1.8873777411990087,
        0.34454976182470376
    ],
    "2": [
        0.7219733157588157,
        -0.3874154694035407
    ],
    "3": [
        -1.4981247910598594,
        0.34045254044021317
    ],
    "4": [
        -0.12197800517390478,
        0.3131983330716958
    ],
    "5": [
        -0.2731962551800793,
        2.605706395609724
    ],
    "6": [
        0.5015798863341439,
        -0.6344167621435864
    ],
    "7": [
        -1.2291261512834775,
        -0.3417831597785044
    ],
    "8": [
        3.4845844581672587,
        1.2128423538762223
    ],
    "9": [
        -2.0251303741221136,
        -1.5919709603106869
    ],
    "10": [
        0.6967340771832125,
        -1.1813898941713714
    ],
    "11": [
        1.2248215338012818,
        2.4883930483487258
    ],
    "12": [
        -1.7294478674126623,
        0.45758199374636777
    ],
    "13": [
        -0.7595180345042039,
        -3.314336780891754
    ],
    "14": [
        1.4606071217872287,
        -1.5219908809635891
    ],
    "15": [
        -0.8479681304267328,
        2.317034510611403
    ],
    "16": [
        1.0429842947629995,
        -0.1682228577616902
    ],
    "17": [
        -2.0633847559785514,
        -0.6050119428338238
    ],
    "18": [
        2.4376485453722188,
        0.011504916437821075
    ],
    "19": [
        -3.570731526422804,
        -0.22037938557579242
    ],
    "20": [
        0.6019647371113206,
        -3.460903805200258
    ],
    "21": [
        -0.5484206672738896,
        -1.3564312763945134
    ],
    "22": [
        -2.834541660257281,
        -0.08394873281518825
    ],
    "23": [
        0.5098244880624025,
        -3.1737723733155803
    ],
    "24": [
        -0.9699997552701578,
        0.5477754330892725
    ],
    "25": [
        -2.463681023028089,
        -1.544033205837057
    ],
    "26": [
        2.1151210724926033,
        -0.32211857850639314
    ],
    "27": [
        -1.6765209456776244,
        0.7945985315492198
    ],
    "28": [
        3.2817849657865246,
        -2.239232111299391
    ],
    "29": [
        0.6581180287761299,
        1.0352103438336828
    ],
    "30": [
        0.6646543314169162,
        2.579006962433266
    ],
    "31": [
        -3.1133320979947365,
        -0.441392605554208
    ],
    "32": [
        -1.4219845117100074,
        -1.6368012533987575
    ],
    "33": [
        -0.16862373992770152,
        -2.3037983405145233
    ],
    "34": [
        -1.6993844431022775,
        2.19692033443877
    ],
    "35": [
        -2.0562207752668065,
        -2.849161108616125
    ],
    "36": [
        1.9377335538847014,
        -1.3212984683080855
    ],
    "37": [
        0.7903260959776093,
        2.1852051207133023
    ],
    "38": [
        1.3083537503835485,
        -0.20262273711553225
    ],
    "39": [
        -1.2977521158248975,
        -2.8282571185387826
    ],
    "40": [
        -2.333107094458808,
        1.7840502609758957
    ],
    "41": [
        -2.1130651378772143,
        0.6328303006955065
    ],
    "42": [
        -0.7247098559183773,
        1.069614836309902
    ],
    "43": [
        -1.300370366282254,
        2.689435177546342
    ],
    "44": [
        1.831872203902079,
        0.9958813303851872
    ],
    "45": [
        0.6148120011599394,
        2.002079730340331
    ],
    "46": [
        -0.9782655486942498,
        1.3565521574119672
    ],
    "47": [
        -1.9663553189591187,
        1.4626970842019675
    ],
    "48": [
        0.9272428155224022,
        -1.8323953427040467
    ],
    "49": [
        2.630653823546573,
        -0.9359599888061599
    ],
    "50": [
        -1.7827039234622073,
        -0.613767753256821
    ],
    "51": [
        -0.1315622421713294,
        2.1695200115129696
    ],
    "52": [
        -3.9733337910533866,
        0.12413765858754411
    ],
    "53": [
        -1.8957756725743202,
        1.9876071232132742
    ],
    "54": [
        -2.0706070043921745,
        -2.5652075269791546
    ],
    "55": [
        -0.5173150732358809,
        -0.874649673146313
    ],
    "56": [
        -2.810033456142674,
        1.4038175016523038
    ],
    "57": [
        -0.3615257333296551,
        -0.44601081324558195
    ],
    "58": [
        -1.8818177185130975,
        1.5541380382566776
    ],
    "59": [
        -3.1547709228766694,
        -0.27894483504272116
    ],
    "60": [
        1.543073884131843,
        -1.6647641875344292
    ],
    "61": [
        0.8002518309667548,
        2.5502782470508416
    ],
    "62": [
        -1.825185901340161,
        1.231666129565524
    ],
    "63": [
        2.5955308835065747,
        2.1942293699576565
    ],
    "64": [
        -2.6065424770768373,
        0.6007178034363252
    ],
    "65": [
        2.2571401063417333,
        1.9247948949507754
    ],
    "66": [
        2.1919079772036936,
        -1.2398820068083025
    ],
    "67": [
        3.0493695366466094,
        1.7843893214945177
    ],
    "68": [
        -0.42138434384555357,
        1.3198318099512782
    ],
    "69": [
        1.1891102097156399,
        3.0661778394135633
    ],
    "70": [
        1.14375745761597,
        1.1250420717893161
    ],
    "71": [
        -0.581005807116179,
        -2.0042375326668673
    ],
    "72": [
        1.9635232594174052,
        3.100538805822567
    ],
    "73": [
        -0.135799538627694,
        1.746985088950954
    ],
    "74": [
        -0.09095443907189882,
        2.1967817008105333
    ],
    "75": [
        -1.4558082457708885,
        1.7765095939881315
    ],
    "76": [
        3.120872515813547,
        -0.3330346362368602
    ],
    "77": [
        0.4669228704526902,
        -2.136943421518841
    ],
    "78": [
        2.040173826351979,
        -2.0918439674932614
    ],
    "79": [
        -3.0165938510637345,
        0.24342652682308233
    ],
    "80": [
        -1.0255256900205403,
        -2.914760447665935
    ],
    "81": [
        1.690115765618856,
        -0.2710912979729702
    ],
    "82": [
        3.2353756790943295,
        -1.2852096444971701
    ],
    "83": [
        -0.19812855181197042,
        -0.1471056698753239
    ],
    "84": [
        1.1608756382662406,
        1.938438550529822
    ],
    "85": [
        0.5316525835428787,
        0.20001611350766393
    ],
    "86": [
        -1.7169540524553122,
        -2.7642042644384306
    ],
    "87": [
        -0.6981544658601258,
        2.8157974775301042
    ],
    "88": [
        -0.12191354132301324,
        -2.7005626517729286
    ],
    "89": [
        -3.3847272613589414,
        -0.8426109348490618
    ],
    "90": [
        3.1999288161860155,
        1.5367953361760838
    ],
    "91": [
        -0.3111345678207251,
        -2.9402791840750147
    ],
    "92": [
        3.166975210413252,
        -1.9232497888768416
    ],
    "93": [
        0.5515170772654998,
        1.3587794669217184
    ],
    "94": [
        -3.1502603538129534,
        -1.5590278749947137
    ],
    "95": [
        2.3698024062461824,
        2.7153968195052927
    ],
    "96": [
        -3.581464864150465,
        0.47620488990549353
    ],
    "97": [
        2.9301415611297266,
        0.6906080683620226
    ],
    "98": [
        2.918402583085186,
        -2.6473850970326427
    ],
    "99": [
        1.8310394799962042,
        1.405662193218578
    ],
    "100": [
        -2.9199113296120354,
        -1.6791292597449918
    ],
    "101": [
        2.5975161810697287,
        1.6329841670584477
    ],
    "102": [
        -1.7401393667770697,
        0.034492884137433774
    ],
    "103": [
        0.7882732920835513,
        -2.709459076606188
    ],
    "104": [
        -1.2738452259396682,
        2.878755644863196
    ],
    "105": [
        -0.7458713026012274,
        -2.0756364098546003
    ],