{
    "0": [
        -1.569915855814958,
        -0.04471273007639498
    ],
    "1": [
        -2.0259693557037535,
        0.00609189486461581
    ],
    "2": [
        1.8157396075090588,
        -0.006496110047829573
    ],
    "3": [
        -1.9760423760258752,
        -0.014324902443872745
    ],
    "4": [
        -0.6908831870101899,
        2.708854992162861
    ],
    "5": [
        -1.7409171691343166,
        2.430374811218053
    ],
    "6": [
        1.8955328704592738,
        2.3781919484435345
    ],
    "7": [
        -0.9716885086476337,
        -0.9299406432192643
    ],
    "8": [
        -0.05703906720067753,
        2.3217253679868435
    ],
    "9": [
        -0.20588538942487355,
        2.3498372088784736
    ],
    "10": [
        -2.070566610237969,
        -1.7097236306373207
    ],
    "11": [
        0.5308356540547159,
        -1.6760406608056375
    ],
    "12": [
        1.9878481666304033,
        -0.10495589997705035
    ],
    "13": [
        2.027620753023636,
        2.388913607081439
    ],
    "14": [
        2.266397311814716,
        -0.6952223812761724
    ],
    "15": [
        2.5747482838852402,
        0.3312869388220878
    ],
    "16": [
        -1.582976411614565,
        1.121920034042753
    ],
    "17": [
        -0.4897093249492257,
        -0.5225061284212686
    ],
    "18": [
        1.6640746832813118,
        -1.4054304451302837
    ],
    "19": [
        1.4564757685221519,
        -0.36570067253121374
    ],
    "20": [
        1.1228231311529662,
        2.007562761273114
    ],
    "21": [
        0.11003900188135951,
        -1.2031244969990214
    ],
    "22": [
        -1.606892069782966,
        2.3627257409707907
    ],
    "23": [
        2.77760496563908,
        0.6355448530518897
    ],
    "24": [
        -0.1928619917969132,
        1.0118366267698768
    ],
    "25": [
        -0.14575857427869554,
        1.0226586451150903
    ],
    "26": [
        -0.6953737082596798,
        1.6359367654492936
    ],
    "27": [
        -2.0560054372751173,
        1.8036392728400872
    ],
    "28": [
        -0.11058282932922436,
        -2.682788832587877
    ],
    "29": [
        -0.059337732362593876,
        2.31458166660921
    ],
    "30": [
        -1.7669138853305715,
        0.7534332457563335
    ],
    "31": [
        1.117189648428175,
        2.005922209519519
    ],
    "32": [
        -2.445527469436202,
        0.16639195137609541
    ],
    "33": [
        2.689381993311467,
        1.309111227911895
    ],
    "34": [
        1.902287170603448,
        -2.7169594100053285
    ],
    "35": [
        1.7098342695261506,
        -2.4713999837880807
    ],
    "36": [
        -2.0646427497994813,
        -1.85108267553718
    ],
    "37": [
        -0.9747161825583799,
        -1.29352327782044
    ],
    "38": [
        1.7463942216367796,
        -1.3113929370209392
    ],
    "39": [
        -0.6123961321805349,
        -2.270554325935868
    ],
    "40": [
        1.2843562872187428,
        -1.2071059441154375
    ],
    "41": [
        0.4732914792740246,
        0.21187091958580084
    ],
    "42": [
        1.8356512779831533,
        1.0554077531858044
    ],
    "43": [
        -0.21861319026337345,
        -0.751258234511462
    ],
    "44": [
        -2.1935843091985867,
        -0.48103606212816397
    ],
    "45": [
        1.7359419566152452,
        1.1411797538504274
    ],
    "46": [
        -0.4060194254590872,
        -2.453826384777416
    ],
    "47": [
        -1.0899921684599718,
        -3.0365576182782874
    ],
    "48": [
        -1.065412417815823,
        -2.9922993774172815
    ],
    "49": [
        0.08422273390795887,
        -1.873408143417152
    ],
    "50": [
        -2.883490300876437,
        -1.1187817942031177
    ],
    "51": [
        0.019371122228931004,
        -2.7447557719306666
    ],
    "52": [
        1.866987497637144,
        -2.6790742234831098
    ],
    "53": [
        2.1040805825236566,
        -0.577277248994573
    ],
    "54": [
        0.5610836558918688,
        -1.7500449826662317
    ],
    "55": [
        -1.4007939765910806,
        1.922898166061972
    ],
    "56": [
        -2.10964423633534,
        -1.483404728910204
    ],
    "57": [
        -1.6009718474744616,
        1.2339102533172441
    ],
    "58": [
        -2.484440124453847,
        0.160634409881111
    ],
    "59": [
        0.4222200215098102,
        -1.3727781966303723
    ],
    "60": [
        -0.9040611708973776,
        -0.7387042640519073
    ],
    "61": [
        -2.7550643581628504,
        -0.6731397420007492
    ],
    "62": [
        1.104318656014593,
        -1.1765282154128731
    ],
    "63": [
        2.039618202435528,
        2.3859336325697065
    ],
    "64": [
        -1.3747704492645436,
        1.443153709195885
    ],
    "65": [
        -2.9046190198681936,
        -1.0437182771950675
    ],
    "66": [
        -0.1019259463205997,
        1.0680933040706708
    ],
    "67": [
        -1.0393494774704348,
        2.5169494130851753
    ],
    "68": [
        0.4034952119952542,
        -2.8075782772018836
    ],
    "69": [
        3.067778808605821,
        0.3727364488088558
    ],
    "70": [
        -1.099487478373871,
        2.261797793317646
    ],
    "71": [
        0.6888007082063776,
        2.193515058081301
    ],
    "72": [
        -0.21252351700362437,
        -0.759689437723672
    ],
    "73": [
        0.9297056758758675,
        0.19044830608181607
    ],
    "74": [
        1.4364675510177163,
        -0.1908127247310447
    ],
    "75": [
        0.6683269863582746,
        0.13915982226443924
    ],
    "76": [
        -1.3234505661009663,
        -0.28135358782504594
    ],
    "77": [
        -2.207748562801215,
        -0.40346838796577233
    ],
    "78": [
        -0.0970660053639798,
        1.0804113846710324
    ],
    "79": [
        -0.840284674863208,
        -2.819371303671998
    ],
    "80": [
        1.579576405872892,
        -0.2279813041511627
    ],
    "81": [
        -1.5352326902720885,
        2.4392725848026116
    ],
    "82": [
        2.730854192911754,
        0.6586398447426827
    ],
    "83": [
        2.579844424586077,
        0.995524479444206
    ],
    "84": [
        2.7084657748232948,
        1.5622381536171621
    ],
    "85": [
        -1.7581387830086233,
        0.8195174168763113
    ]
}