{
    "0": [
        2.7871796456096822,
        -2.8989709678515134
    ],
    "1": [
        2.7915045426417993,
        -3.174743384526044
    ],
    "2": [
        2.635261663938271,
        -3.4801444209065453
    ],
    "3": [
        2.4940666335935773,
        -3.763212787815198
    ],
    "4": [
        2.398396441222733,
        -3.842879774222431
    ],
    "5": [
        2.1780598787051324,
        -4.175176904662079
    ],
    "6": [
        1.8468074956002003,
        -4.4285014899639625
    ],
    "7": [
        1.6136836769748748,
        -4.52358926972256
    ],
    "8": [
        1.4478572679596466,
        -4.493602224210061
    ],
    "9": [
        1.0239643088651633,
        -4.395676998978484
    ],
    "10": [
        0.7202933286429345,
        -4.133519174971525
    ],
    "11": [
        0.575711910442875,
        -4.012733541188821
    ],
    "12": [
        0.42321393441147,
        -3.7658540974816326
    ],
    "13": [
        0.2878600844467677,
        -3.4518842562522556
    ],
    "14": [
        0.1143698581155384,
        -3.0577466850216317
    ],
    "15": [
        0.12957430434431222,
        -2.7883055320792804
    ],
    "16": [
        -0.14873364892630875,
        -2.4014387001614046
    ],
    "17": [
        -0.2887796212403381,
        -2.2008632043144347
    ],
    "18": [
        -0.5983151817705209,
        -1.844707568680409
    ],
    "19": [
        -0.7510202321436124,
        -1.3772496466650865
    ],
    "20": [
        -1.1258112017164865,
        -1.5159939840422878
    ],
    "21": [
        -1.3137506728606831,
        -1.1604404794031122
    ],
    "22": [
        -1.9406759838330367,
        -0.7451550819440786
    ],
    "23": [
        -2.522214690457637,
        -0.605251261564786
    ],
    "24": [
        -3.031154880171348,
        -0.2966320157277732
    ],
    "25": [
        -3.5270423806679045,
        -0.15603945831363586
    ],
    "26": [
        -3.667290649399234,
        -0.05526938719436281
    ],
    "27": [
        -3.9806203137098906,
        0.08169599352592272
    ],
    "28": [
        -4.439941383158664,
        0.1947571213946151
    ],
    "29": [
        -4.877061452230513,
        0.24497050093028516
    ],
    "30": [
        -5.158817705591002,
        0.16098275257798167
    ],
    "31": [
        -5.363491975098649,
        0.19092531005872138
    ],
    "32": [
        -5.930024956477444,
        -0.09997175286409332
    ],
    "33": [
        -6.239944482281098,
        -0.28883837700206894
    ],
    "34": [
        -6.463993609948626,
        -0.5401524905290186
    ],
    "35": [
        -6.492316444993069,
        -0.6181585681148732
    ],
    "36": [
        -6.621943576925934,
        -0.9282395502621319
    ],
    "37": [
        -6.458900433033488,
        -1.1925819155761475
    ],
    "38": [
        -6.376371458820875,
        -1.5216806788893344
    ],
    "39": [
        -6.303491212347082,
        -1.9402195645421698
    ],
    "40": [
        -6.097465308701291,
        -2.4906912270160637
    ],
    "41": [
        -6.038974955925639,
        -2.8832825447285315
    ],
    "42": [
        -5.881316504568506,
        -3.1171667687949043
    ],
    "43": [
        -5.715074366997186,
        -3.3961295837007848
    ],
    "44": [
        -5.553047912060613,
        -3.5535809840291224
    ],
    "45": [
        -5.304681768675555,
        -3.757371599308849
    ],
    "46": [
        -5.056749202220265,
        -3.8269858491676185
    ],
    "47": [
        -4.8634149459773415,
        -4.116998183846993
    ],
    "48": [
        -4.775760423375632,
        -4.164052000922169
    ],
    "49": [
        -4.436410094226015,
        -4.302742636046875
    ],
    "50": [
        -4.298011647211999,
        -4.383035684688345
    ],
    "51": [
        -3.9966484797248154,
        -4.320039256328089
    ],
    "52": [
        -3.76163684831289,
        -4.121111902066529
    ],
    "53": [
        -3.626112383329431,
        -4.293159797390998
    ],
    "54": [
        -3.341739032515486,
        -4.255056926620627
    ],
    "55": [
        -3.1893035249001036,
        -4.296676353434957
    ],
    "56": [
        -2.916810366267454,
        -4.146560947072451
    ],
    "57": [
        -2.7519511154935463,
        -4.113201703349703
    ],
    "58": [
        -2.392476819599056,
        -3.909429667014898
    ],
    "59": [
        -2.2413142731013154,
        -3.6851128891395053
    ],
    "60": [
        -1.9858787436731276,
        -3.49886360383102
    ],
    "61": [
        -2.0133516717652507,
        -3.1245760059241965
    ],
    "62": [
        -2.007940074200468,
        -2.8308968601510553
    ],
    "63": [
        -2.1493350160965257,
        -2.4144778324171505
    ],
    "64": [
        -1.8823632880191166,
        -2.1441507618427815
    ],
    "65": [
        -2.0579001859740957,
        -1.8120995897452439
    ],
    "66": [
        -1.9280287153150621,
        -1.6719934789858828
    ],
    "67": [
        -1.965547126914874,
        -1.693410797074799
    ],
    "68": [
        -1.534202846467528,
        -1.4719303995795618
    ],
    "69": [
        3.959067041796609,
        5.724591489308127
    ],
    "70": [
        3.721687371032465,
        5.940325767836913
    ],
    "71": [
        3.7676339008179824,
        5.927375956202328
    ],
    "72": [
        3.484589773070023,
        6.122411490297286
    ],
    "73": [
        3.3100716353570205,
        6.4490080253518665
    ],
    "74": [
        3.1632691574732523,
        6.590938853349038
    ],
    "75": [
        2.8751550882801493,
        6.83565883096643
    ],
    "76": [
        2.7714095095413396,
        6.924862272816612
    ],
    "77": [
        2.363562196546056,
        7.074766249324003
    ],
    "78": [
        1.9832404644311328,
        7.148943215784084
    ],
    "79": [
        1.6707941412948126,
        7.117748428881474
    ],
    "80": [
        1.4642288505709102,
        7.075429941705443
    ],
    "81": [
        1.0567674040150532,
        6.782746329084952
    ],
    "82": [
        1.174087768806729,
        6.920385427954057
    ],
    "83": [
        0.8996924249843792,
        6.590380744168683
    ],
    "84": [
        0.6129934445940504,
        5.991524561252819
    ],
    "85": [
        0.38398314064211264,
        5.866851882015863
    ],
    "86": [
        0.404493536520766,
        5.526560292641766
    ],
    "87": [
        0.32226103547919566,
        5.169596705441228
    ],
    "88": [
        0.35826021676196634,
        4.947657435821213
    ],
    "89": [
        0.389820880336698,
        4.876435125859487
    ],
    "90": [
        0.4344216581497487,
        4.413253210525759
    ],
    "91": [
        0.6004057699315726,
        4.156790143700234
    ],
    "92": [
        0.8762821906988234,
        3.881499661044332
    ],
    "93": [
        1.1706049802129581,
        3.6157475281177547
    ],
    "94": [
        1.5997383701541308,
        3.2752689231303593
    ],
    "95": [
        1.8174933314761408,
        3.124473585088441
    ],
    "96": [
        2.0725668632030985,
        3.0257995981462376
    ],
    "97": [
        2.265007101594496,
        2.8918665445294565
    ],
    "98": [
        2.6172792039618247,
        2.8603318240606628
    ],
    "99": [
        3.0461216641096587,
        2.738297597944439
    ],
    "100": [
        3.3140948401297163,
        2.812029290637909
    ],
    "101": [
        3.605823634571756,
        2.6560442527150787
    ],
    "102": [
        3.8884940052462005,
        2.7240728325919816
    ],
    "103": [
        4.0637632546399285,
        2.623415660209967
    ],
    "104": [
        4.303338457675824,
        2.4523126999239047
    ],
    "105": [
        4.55591954906176,
        2.122500144076538
    ],
    "106": [
        4.743577265187689,
        2.209962786344998
    ],