{
    "0": [
        0.9158175135052304,
        -4.838979864856716
    ],
    "1": [
        1.6338998685369295,
        -4.20791645268982
    ],
    "2": [
        0.7878102324632024,
        -4.578602800007288
    ],
    "3": [
        1.6443706740005894,
        -3.409045903767292
    ],
    "4": [
        1.4149791366292757,
        -3.503654016659122
    ],
    "5": [
        1.2593245183261281,
        -5.321431613473588
    ],
    "6": [
        1.155863722701851,
        -5.654599045051367
    ],
    "7": [
        0.6818027669526856,
        -5.476903379961359
    ],
    "8": [
        1.848301892540285,
        -4.80702110549865
    ],
    "9": [
        1.4926763827283822,
        -3.0177339955869176
    ],
    "10": [
        1.0016540438080481,
        -5.093181423062284
    ],
    "11": [
        1.4383527669270308,
        -4.524253083147939
    ],
    "12": [
        2.640430656945711,
        -5.271631187458716
    ],
    "13": [
        1.7683612439296619,
        -4.033219688086997
    ],
    "14": [
        1.429044079030957,
        -3.8138631693920857
    ],
    "15": [
        2.089169724084631,
        -4.958620803892907
    ],
    "16": [
        2.069191142415748,
        -4.296309616246135
    ],
    "17": [
        1.6102034882997036,
        -4.999406081745504
    ],
    "18": [
        0.5356946843624417,
        -3.885848583038638
    ],
    "19": [
        1.1046484015795044,
        -4.791696118587486
    ],
    "20": [
        2.4276071265849644,
        -5.286914843562578
    ],
    "21": [
        1.8926961548980255,
        -2.868560904531445
    ],
    "22": [
        1.7128487285354557,
        -5.270807146758532
    ],
    "23": [
        1.1297868962570528,
        -5.807164438037602
    ],
    "24": [
        1.0369925680111622,
        -3.8100676365657344
    ],
    "25": [
        1.0043329060171007,
        -4.402891658668122
    ],
    "26": [
        1.5937926989443496,
        -2.9822109260165943
    ],
    "27": [
        13.67969266610267,
        1.8770114842873342
    ],
    "28": [
        12.124521325050953,
        0.9700506747997386
    ],
    "29": [
        12.533932124841542,
        2.000551020172155
    ],
    "30": [
        12.542957193051006,
        1.097014828107812
    ],
    "31": [
        13.680987700138669,
        2.59045283085206
    ],
    "32": [
        13.943694243457406,
        2.592251056458319
    ],
    "33": [
        14.24807363584287,
        2.345997074005143
    ],
    "34": [
        14.180287796131479,
        0.9897612233610381
    ],
    "35": [
        12.593822989984828,
        2.0747476262385525
    ],
    "36": [
        13.443693419945252,
        2.102806289904506
    ],
    "37": [
        13.833425742962506,
        1.3402215442875467
    ],
    "38": [
        13.552410083981764,
        2.496340370036319
    ],
    "39": [
        12.846112182045905,
        1.6027127202639904
    ],
    "40": [
        14.17062289970026,
        1.1507084812828552
    ],
    "41": [
        12.852385680506814,
        0.6704301443333204
    ],
    "42": [
        12.991640434347842,
        2.0021951377954395
    ],
    "43": [
        13.210675576850425,
        0.8403653206356977
    ],
    "44": [
        13.210001244258766,
        1.7857560169857427
    ],
    "45": [
        13.054001306015147,
        1.142977735523077
    ],
    "46": [
        12.773077279141988,
        0.7488156980946971
    ],
    "47": [
        13.542494042653376,
        0.5923302480920453
    ],
    "48": [
        12.39701370389677,
        1.7158163734939187
    ],
    "49": [
        14.184674771527531,
        2.088721336508563
    ],
    "50": [
        14.475318288335137,
        1.7026373341437169
    ],
    "51": [
        13.291177779787711,
        1.5351365453143493
    ],
    "52": [
        12.654951681412001,
        1.1837462406460288
    ],
    "53": [
        12.21168369702487,
        1.3768246456330269
    ],
    "54": [
        -2.252574813498494,
        4.734435069837595
    ],
    "55": [
        -2.9860966134914864,
        5.905674335054467
    ],
    "56": [
        -2.7295235107602016,
        4.772878866407518
    ],
    "57": [
        -2.1101093094949555,
        6.672082470388831
    ],
    "58": [
        -3.2297260838668445,
        5.010710768531792
    ],
    "59": [
        -2.5866973429709956,
        5.106340582467595
    ],
    "60": [
        -3.6303108670743436,
        5.385361313543685
    ],
    "61": [
        -2.8141871735349757,
        5.2728917874320915
    ],
    "62": [
        -3.356642771448493,
        5.63917285369901
    ],
    "63": [
        -3.1709341165216456,
        5.5424168823987605
    ],
    "64": [
        -1.859785766369334,
        4.426223077683554
    ],
    "65": [
        -2.9868122627172404,
        6.380119858373133
    ],
    "66": [
        -2.4281395194284094,
        6.426489887847634
    ],
    "67": [
        -3.0158365055942924,
        4.488678948867793
    ],
    "68": [
        -1.7810901208811738,
        4.366929581429684
    ],
    "69": [
        -1.8627475863168081,
        6.4597489334494425
    ],
    "70": [
        -3.493623551433451,
        5.930095334182138
    ],
    "71": [
        -2.7925606424394678,
        6.105241408236721
    ],
    "72": [
        -3.4015951810654315,
        5.157062153172852
    ],
    "73": [
        -2.549246280240422,
        5.6858194942703495
    ],
    "74": [
        -2.9969701141794824,
        4.622382141119463
    ],
    "75": [
        -1.8883439859957467,
        6.404986558803983
    ],
    "76": [
        -1.956505164137349,
        6.231032750758263
    ],
    "77": [
        -3.188597710890167,
        6.159191785782226
    ],
    "78": [
        -2.9466623667183613,
        5.462687929215307
    ],
    "79": [
        -2.341541935750751,
        5.141899044475457
    ],
    "80": [
        -2.533955496552946,
        5.83817952374023
    ],
    "81": [
        -11.99875406820961,
        -3.5532450849603947
    ],
    "82": [
        -12.41091513333177,
        -2.1438067093337647
    ],
    "83": [
        -12.95495632892634,
        -2.407942758372646
    ],
    "84": [
        -12.314614490212254,
        -1.7341263008772785
    ],
    "85": [
        -12.365756954803667,
        -3.6125611878785486
    ],
    "86": [
        -12.731510796166706,
        -3.4350925451431937
    ],
    "87": [
        -11.677019329660512,
        -2.7242332306601105
    ],
    "88": [
        -13.205854210813134,
        -2.449279039282615
    ],
    "89": [
        -13.114191498540189,
        -2.963689840115885
    ],
    "90": [
        -12.308824305599448,
        -2.8306782079056276
    ],
    "91": [
        -11.672487480548718,
        -3.2237966452290676
    ],
    "92": [
        -11.854059933272575,
        -2.8271004408886213
    ],
    "93": [
        -12.21143349837077,
        -3.358072995875232
    ],
    "94": [
        -13.546237687883144,
        -2.59344098888452
    ],
    "95": [
        -12.818930267839246,
        -2.128021840821549
    ],
    "96": [
        -13.161970125672797,
        -3.2381082760579893
    ],
    "97": [
        -12.639630713690865,
        -2.8680899459989897
    ],
    "98": [
        -12.651141981324146,
        -3.0142454706769586
    ],
    "99": [
        -12.274689668062907,
        -2.31230892062286
    ],
    "100": [
        -12.630571448459875,
        -2.373659361502656
    ],
    "101": [
        -12.013231543507313,
        -2.0330720339476627
    ],
    "102": [
        -11.964051219457222,
        -2.0170858564543543
    ],
    "103": [
        -12.84462104762451,
        -1.7870135393232012
    ],
    "104": [
        -13.363537628402733,
        -2.8221651202545956
    ],
    "105": [
        -11.724972453888718,
        -3.84705270233903
    ],
    "106": [
        -12.198202900369221,
        -2.7346888126677786
    ]
}