{
    "0": [
        -9.084040944297849,
        -1.749577850717487
    ],
    "1": [
        -7.772405394891598,
        -3.3195483491587643
    ],
    "2": [
        -5.829860266216331,
        -3.455606967522327
    ],
    "3": [
        -9.096456625228528,
        -1.8315889435180979
    ],
    "4": [
        -6.394594629010638,
        -1.2929293465386045
    ],
    "5": [
        -8.083139911829967,
        -1.669156892407571
    ],
    "6": [
        -7.693231313797114,
        -0.8417307754241496
    ],
    "7": [
        -8.871098369259728,
        -2.729488694220658
    ],
    "8": [
        -7.151201189880474,
        -2.064592413788129
    ],
    "9": [
        -5.943678263419143,
        -2.521889437547521
    ],
    "10": [
        -6.894216811149666,
        -2.0758936054798633
    ],
    "11": [
        -5.779019102118365,
        -3.3678423227702385
    ],
    "12": [
        -6.38007029854311,
        -3.053637129455416
    ],
    "13": [
        -7.17374072232078,
        -3.3854123998887173
    ],
    "14": [
        -6.329837002070947,
        -1.5359968752286357
    ],
    "15": [
        -5.984900960261937,
        -3.492102733040328
    ],
    "16": [
        -6.776546185879394,
        -1.1418981525204992
    ],
    "17": [
        -6.656877461103525,
        -3.218927522377691
    ],
    "18": [
        -7.359194130578851,
        -3.526162479205943
    ],
    "19": [
        -8.319165073317164,
        -2.6053016171997663
    ],
    "20": [
        -7.593559805046464,
        -0.8809433677638765
    ],
    "21": [
        -6.904673658921174,
        -0.9772205043275698
    ],
    "22": [
        -8.12697011600498,
        -2.7075421023918165
    ],
    "23": [
        -6.853950236287764,
        -0.9938507833921137
    ],
    "24": [
        -8.695783518497443,
        -2.7284102710962275
    ],
    "25": [
        -8.03644835410706,
        -3.72528363058862
    ],
    "26": [
        -8.215761679513593,
        -0.6071004730736675
    ],
    "27": [
        -7.133288472800921,
        -3.346656877865526
    ],
    "28": [
        -8.256730420347237,
        -0.5242775346957825
    ],
    "29": [
        -9.000035484330612,
        -2.577299097030219
    ],
    "30": [
        -7.6073963172873125,
        -3.6281569893340313
    ],
    "31": [
        -7.167731123374008,
        -2.843903984136282
    ],
    "32": [
        -6.781757505252463,
        -2.206130681769823
    ],
    "33": [
        -6.373091105964125,
        -1.9324441181016687
    ],
    "34": [
        -8.082638975862562,
        -1.753210374569801
    ],
    "35": [
        -8.160576434173429,
        -1.821545941835288
    ],
    "36": [
        -6.843712976563813,
        -3.8571510371657403
    ],
    "37": [
        -6.887396734873966,
        -2.0909990098741194
    ],
    "38": [
        -6.841457401447171,
        -0.8752573210139504
    ],
    "39": [
        -8.053247631209343,
        -2.672027326244231
    ],
    "40": [
        -6.283487618415942,
        -1.8032856191031112
    ],
    "41": [
        -7.494968794156597,
        -3.663464059993802
    ],
    "42": [
        -5.99156334426992,
        -2.6110441017414376
    ],
    "43": [
        -7.422587257389617,
        -1.952254023573667
    ],
    "44": [
        -5.8053632100650425,
        -3.4176423196101986
    ],
    "45": [
        -7.728226533946234,
        -0.7935168509673461
    ],
    "46": [
        -9.171564150501812,
        -2.393773605886359
    ],
    "47": [
        -8.362317397869878,
        -0.4703701109012724
    ],
    "48": [
        7.787799634304951,
        2.6147525864982635
    ],
    "49": [
        8.775030379014158,
        3.9474448351219396
    ],
    "50": [
        5.639516221652475,
        1.5944104046307896
    ],
    "51": [
        8.986502514997847,
        3.094427045386094
    ],
    "52": [
        7.946957843847615,
        2.6090420154639284
    ],
    "53": [
        6.327622063412475,
        1.0333519024104438
    ],
    "54": [
        5.684604431733913,
        3.3581117448200306
    ],
    "55": [
        6.939646151217966,
        1.7872456704676334
    ],
    "56": [
        8.839873923616771,
        3.8778232730236963
    ],
    "57": [
        8.237217346737097,
        1.5332625319743927
    ],
    "58": [
        8.243814545282826,
        2.1565155777807434
    ],
    "59": [
        7.199466335377224,
        2.710438000060223
    ],
    "60": [
        5.583594494442961,
        2.7306814401653474
    ],
    "61": [
        6.110883715235346,
        1.0178127576985192
    ],
    "62": [
        7.7232443101765025,
        1.3837623194870825
    ],
    "63": [
        6.62140933630914,
        1.048403005190098
    ],
    "64": [
        8.638805488216175,
        3.269686583397177
    ],
    "65": [
        9.138485513052043,
        2.1915414064245886
    ],
    "66": [
        6.36693061471113,
        2.684160883372941
    ],
    "67": [
        7.1121162892633105,
        0.7235328446421742
    ],
    "68": [
        7.16895025606186,
        0.6280867389022321
    ],
    "69": [
        8.159219903419642,
        2.224557664881836
    ],
    "70": [
        5.636474144225145,
        3.4862397719891245
    ],
    "71": [
        7.1892294089453,
        1.457728583942795
    ],
    "72": [
        5.73295633127292,
        2.0893853673213387
    ],
    "73": [
        5.660801404848561,
        1.4516217484490546
    ],
    "74": [
        5.5441934954074625,
        3.1180628616712327
    ],
    "75": [
        7.072845635628623,
        1.7927902944545528
    ],
    "76": [
        6.4236062204135695,
        2.020354843121123
    ],
    "77": [
        9.055347349711973,
        3.635427036972418
    ],
    "78": [
        6.621741956185716,
        1.0528546680633175
    ],
    "79": [
        9.184422204447557,
        2.2466418132460713
    ],
    "80": [
        8.284721635380903,
        1.5682700950069992
    ],
    "81": [
        7.8311304638115775,
        2.6605194406431223
    ],
    "82": [
        9.075169014171697,
        2.3359652639553183
    ],
    "83": [
        6.152133912138545,
        2.8568181626131968
    ],
    "84": [
        6.410543190810207,
        2.654461690511167
    ],
    "85": [
        9.173498628801434,
        2.8686406618376603
    ],
    "86": [
        7.191941383985478,
        0.7154902318683692
    ],
    "87": [
        7.657001103124404,
        0.9451690702955827
    ],
    "88": [
        6.124891442986261,
        3.1910742650813395
    ],
    "89": [
        8.549739877569708,
        3.654905902906356
    ],
    "90": [
        7.167868844527794,
        2.7673576978783063
    ],
    "91": [
        9.26399914135364,
        2.7359482801087687
    ],
    "92": [
        8.498795960284724,
        3.7258861606286473
    ],
    "93": [
        7.35033671904937,
        1.6211370562298812
    ],
    "94": [
        7.416607914355993,
        1.6377980399052405
    ],
    "95": [
        5.947872218133719,
        2.2244463855567376
    ]
}