{
    "0": [
        -3.4976629110633395,
        -1.084224592986608
    ],
    "1": [
        -3.088245857311641,
        -1.1806688490779598
    ],
    "2": [
        -3.069843024928316,
        -1.2157722466078595
    ],
    "3": [
        -2.1118254511672045,
        -0.5256868518269115
    ],
    "4": [
        -2.061388352672332,
        -0.9680202178195016
    ],
    "5": [
        -3.4281490294261325,
        0.6112144620188014
    ],
    "6": [
        -2.8861253242238707,
        0.0709775750630035
    ],
    "7": [
        -1.8897535406329018,
        -0.22250989677038646
    ],
    "8": [
        -1.417656888401277,
        -0.669207249915972
    ],
    "9": [
        -1.558677414027016,
        -1.6667828170553882
    ],
    "10": [
        -3.416774316824714,
        -0.6125521086890915
    ],
    "11": [
        -2.2488195955477295,
        -1.645774351599643
    ],
    "12": [
        -2.2006269458863827,
        0.07205889785964059
    ],
    "13": [
        -1.6739114831331279,
        -1.2819229993729298
    ],
    "14": [
        -1.8753155552175653,
        -0.6288676487286398
    ],
    "15": [
        -2.383939676048476,
        -1.150440727457791
    ],
    "16": [
        -2.277657687744113,
        -1.8637372109529693
    ],
    "17": [
        -3.1702897029928874,
        -0.7318929062946742
    ],
    "18": [
        -3.0035451164134916,
        -0.07974794173713118
    ],
    "19": [
        -3.236468546696062,
        0.40143922864408443
    ],
    "20": [
        -1.5714701582263022,
        -0.8109273376540955
    ],
    "21": [
        -2.091007599218443,
        -1.3013893558103728
    ],
    "22": [
        -3.4660444843153075,
        0.1467290455868211
    ],
    "23": [
        -3.429019858651711,
        -0.4096058852358113
    ],
    "24": [
        -2.738727429279432,
        -0.7697000344006806
    ],
    "25": [
        -2.316993093169003,
        -0.09090962226341182
    ],
    "26": [
        -2.4999966242058496,
        -0.5897552231462941
    ],
    "27": [
        -4.136424869110333,
        5.548227599486679
    ],
    "28": [
        -5.574375753291504,
        6.892531812970446
    ],
    "29": [
        -5.2100859594442035,
        6.261282712287371
    ],
    "30": [
        -4.2993453153436185,
        6.522064804644148
    ],
    "31": [
        -4.973101321346473,
        5.937978216881221
    ],
    "32": [
        -4.509071782494614,
        5.924004351215301
    ],
    "33": [
        -4.03594931650645,
        6.5772626334352156
    ],
    "34": [
        -4.941896211885906,
        6.793474461289239
    ],
    "35": [
        -4.295167504830411,
        7.060659938470027
    ],
    "36": [
        -4.418515744268164,
        5.760133201639225
    ],
    "37": [
        -3.732254914373668,
        7.07057022663128
    ],
    "38": [
        -5.609554076871859,
        5.763846729039037
    ],
    "39": [
        -4.030150620481868,
        6.913708526851166
    ],
    "40": [
        -4.687769987644959,
        7.600258791299537
    ],
    "41": [
        -4.659589520894404,
        7.240775834198339
    ],
    "42": [
        -5.689492613008845,
        5.97993511521329
    ],
    "43": [
        -3.9529913680342696,
        7.29377071814701
    ],
    "44": [
        -4.739996137442711,
        6.330961452522849
    ],
    "45": [
        -5.1124623691160735,
        7.047180717470188
    ],
    "46": [
        -5.899097762944193,
        6.588641512607791
    ],
    "47": [
        -5.614648937705305,
        7.3164797675086755
    ],
    "48": [
        -4.190423999223405,
        5.186941545063507
    ],
    "49": [
        -4.117783005722426,
        6.125116625368601
    ],
    "50": [
        -4.787182581477065,
        5.694532433957707
    ],
    "51": [
        -5.569163046031248,
        6.227736185388625
    ],
    "52": [
        -5.090351894919465,
        7.444423530597491
    ],
    "53": [
        -4.879301762804262,
        5.749742682703547
    ],
    "54": [
        4.848630147371282,
        3.7361843488862876
    ],
    "55": [
        5.244459573751518,
        4.947807010230278
    ],
    "56": [
        5.398637361671546,
        3.836385362730539
    ],
    "57": [
        3.266167437073486,
        3.296976696905708
    ],
    "58": [
        4.901822899659846,
        5.026362799732849
    ],
    "59": [
        3.898715219354627,
        3.8569943024468865
    ],
    "60": [
        4.600252455206438,
        2.9125355630216943
    ],
    "61": [
        5.396701850380861,
        3.143751209074612
    ],
    "62": [
        4.256984531338351,
        3.47464436010421
    ],
    "63": [
        5.624002068870716,
        4.5545820639528
    ],
    "64": [
        4.000974806834496,
        3.358031582842991
    ],
    "65": [
        5.588113201599141,
        4.107760338115805
    ],
    "66": [
        4.426190629371526,
        4.61120888368723
    ],
    "67": [
        4.530358470189078,
        4.91989978936278
    ],
    "68": [
        5.10810108866782,
        2.7113180791331333
    ],
    "69": [
        4.165311212628252,
        3.0722244996727577
    ],
    "70": [
        4.47612368791492,
        2.62170788030288
    ],
    "71": [
        5.278036960624168,
        3.477551892570678
    ],
    "72": [
        4.45829444323849,
        4.188943009906586
    ],
    "73": [
        5.3250521885439595,
        3.0197310549248844
    ],
    "74": [
        4.430873230858161,
        4.213293255958418
    ],
    "75": [
        4.906478807273758,
        3.289807399464312
    ],
    "76": [
        3.5705144392753825,
        3.148126637385177
    ],
    "77": [
        4.773173903475471,
        2.7720497195323404
    ],
    "78": [
        4.002415554509523,
        3.090725956096147
    ],
    "79": [
        5.10774549551085,
        3.823407230997172
    ],
    "80": [
        5.495776846985456,
        4.7278352958784415
    ],
    "81": [
        3.4270310399704575,
        -9.05331840280584
    ],
    "82": [
        3.053071533414074,
        -9.585576907064063
    ],
    "83": [
        1.9638407924232029,
        -10.327901835969179
    ],
    "84": [
        2.177207730259198,
        -10.911854358445765
    ],
    "85": [
        3.810288225788196,
        -10.212550754350815
    ],
    "86": [
        3.139114676366022,
        -9.079530534400861
    ],
    "87": [
        3.2195086925182563,
        -9.946192674101837
    ],
    "88": [
        3.6006190021210864,
        -10.627993969861961
    ],
    "89": [
        1.8658579012504721,
        -10.762529262798676
    ],
    "90": [
        2.7591121752196255,
        -11.42679961400896
    ],
    "91": [
        3.043393622502161,
        -10.911055173084545
    ],
    "92": [
        2.7607637914724403,
        -10.306323832803312
    ],
    "93": [
        2.494451251600151,
        -9.991041401905765
    ],
    "94": [
        2.6406438900003115,
        -10.59368811473972
    ],
    "95": [
        3.0862372686660935,
        -11.50087178350843
    ],
    "96": [
        2.651888995658041,
        -9.740001701347271
    ],
    "97": [
        3.415636740148626,
        -10.175665430652774
    ],
    "98": [
        2.1174849490807146,
        -10.084487644759085
    ],
    "99": [
        3.4313538778118,
        -10.324351970391552
    ],
    "100": [
        3.2311446106317723,
        -9.216144857497444
    ],
    "101": [
        2.2107896726391782,
        -9.827805235369386
    ],
    "102": [
        2.1637151679130007,
        -10.456394501603803
    ],
    "103": [
        2.7972377827760733,
        -10.08516272524325
    ],
    "104": [
        3.3032834471909975,
        -10.783598265252472
    ],
    "105": [
        1.9224986950412446,
        -10.663570531606585
    ]
}