{
    "0": [
        1.0,
        0.0
    ],
    "1": [
        0.9994041405510704,
        0.03451613896970813
    ],
    "2": [
        0.9976172723012476,
        0.06899114440432493
    ],
    "3": [
        0.9946415246951927,
        0.10338393178837015
    ],
    "4": [
        0.9904804439875632,
        0.1376535145871682
    ],
    "5": [
        0.9851389890168738,
        0.17175905309127604
    ],
    "6": [
        0.9786235252959553,
        0.20565990308593657
    ],
    "7": [
        0.970941817426052,
        0.23931566428755774
    ],
    "8": [
        0.9621030198436006,
        0.27268622848949375
    ],
    "9": [
        0.9521176659107141,
        0.30573182735975285
    ],
    "10": [
        0.9409976553623765,
        0.33841307983367047
    ],
    "11": [
        0.9287562401253023,
        0.3706910390450675
    ],
    "12": [
        0.9154080085253664,
        0.4025272387399675
    ],
    "13": [
        0.9009688679024191,
        0.4338837391175581
    ],
    "14": [
        0.8854560256532099,
        0.4647231720437685
    ],
    "15": [
        0.8688879687250066,
        0.49500878558358136
    ],
    "16": [
        0.8512844415843512,
        0.524704487799008
    ],
    "17": [
        0.8326664226872064,
        0.5537748897605331
    ],
    "18": [
        0.8130560994785325,
        0.5821853477207707
    ],
    "19": [
        0.7924768419510905,
        0.6099020044000728
    ],
    "20": [
        0.7709531747949796,
        0.6368918293348892
    ],
    "21": [
        0.7485107481711012,
        0.6631226582407951
    ],
    "22": [
        0.7251763071433766,
        0.688563231343277
    ],
    "23": [
        0.7009776598061495,
        0.7131832306305962
    ],
    "24": [
        0.6759436441447544,
        0.7369533159843367
    ],
    "25": [
        0.6501040936687443,
        0.7598451601445788
    ],
    "26": [
        0.6234898018587336,
        0.7818314824680298
    ],
    "27": [
        0.5961324854692254,
        0.8028860814388825
    ],
    "28": [
        0.5680647467311559,
        0.8229838658936564
    ],
    "29": [
        0.5393200344991993,
        0.8421008849228117
    ],
    "30": [
        0.509932604390136,
        0.8602143564135006
    ],
    "31": [
        0.4799374779597864,
        0.877302694199442
    ],
    "32": [
        0.44937040096716135,
        0.893345533785563
    ],
    "33": [
        0.4182678007755652,
        0.908323756616754
    ],
    "34": [
        0.38666674294141884,
        0.9222195128618104
    ],
    "35": [
        0.35460488704253557,
        0.9350162426854148
    ],
    "36": [
        0.32212044179849075,
        0.9466986959828059
    ],
    "37": [
        0.28925211953656776,
        0.9572529505536157
    ],
    "38": [
        0.2560390900575472,
        0.9666664286932195
    ],
    "39": [
        0.22252093395631445,
        0.9749279121818236
    ],
    "40": [
        0.1887375954529167,
        0.9820275556534303
    ],
    "41": [
        0.15472933479028123,
        0.9879568983287464
    ],
    "42": [
        0.12053668025532323,
        0.992708874098054
    ],
    "43": [
        0.08620037988061954,
        0.9962778199420265
    ],
    "44": [
        0.051761352884209494,
        0.9986594826804561
    ],
    "45": [
        0.017260640905388574,
        0.9998510240408494
    ],
    "46": [
        -0.017260640905388452,
        0.9998510240408495
    ],
    "47": [
        -0.05176135288420937,
        0.9986594826804561
    ],
    "48": [
        -0.0862003798806192,
        0.9962778199420265
    ],
    "49": [
        -0.12053668025532288,
        0.992708874098054
    ],
    "50": [
        -0.15472933479028111,
        0.9879568983287464
    ],
    "51": [
        -0.18873759545291657,
        0.9820275556534304
    ],
    "52": [
        -0.22252093395631434,
        0.9749279121818236
    ],
    "53": [
        -0.2560390900575471,
        0.9666664286932195
    ],
    "54": [
        -0.28925211953656765,
        0.9572529505536158
    ],
    "55": [
        -0.3221204417984904,
        0.946698695982806
    ],
    "56": [
        -0.35460488704253545,
        0.9350162426854148
    ],
    "57": [
        -0.38666674294141873,
        0.9222195128618104
    ],
    "58": [
        -0.4182678007755649,
        0.9083237566167541
    ],
    "59": [
        -0.449370400967161,
        0.8933455337855633
    ],
    "60": [
        -0.47993747795978614,
        0.8773026941994421
    ],
    "61": [
        -0.5099326043901357,
        0.8602143564135007
    ],
    "62": [
        -0.5393200344991991,
        0.8421008849228119
    ],
    "63": [
        -0.5680647467311557,
        0.8229838658936565
    ],
    "64": [
        -0.5961324854692253,
        0.8028860814388825
    ],
    "65": [
        -0.6234898018587335,
        0.7818314824680299
    ],
    "66": [
        -0.6501040936687442,
        0.7598451601445788
    ],
    "67": [
        -0.6759436441447544,
        0.7369533159843368
    ],
    "68": [
        -0.7009776598061495,
        0.7131832306305963
    ],
    "69": [
        -0.7251763071433766,
        0.688563231343277
    ],
    "70": [
        -0.7485107481711012,
        0.6631226582407952
    ],
    "71": [
        -0.7709531747949794,
        0.6368918293348895
    ],
    "72": [
        -0.7924768419510902,
        0.609902004400073
    ],
    "73": [
        -0.8130560994785323,
        0.5821853477207709
    ],
    "74": [
        -0.8326664226872063,
        0.5537748897605332
    ],
    "75": [
        -0.8512844415843511,
        0.5247044877990081
    ],
    "76": [
        -0.8688879687250065,
        0.4950087855835815
    ],
    "77": [
        -0.8854560256532098,
        0.4647231720437687
    ],
    "78": [
        -0.900968867902419,
        0.43388373911755823
    ],
    "79": [
        -0.9154080085253663,
        0.4025272387399676
    ],
    "80": [
        -0.9287562401253023,
        0.37069103904506756
    ],
    "81": [
        -0.9409976553623765,
        0.33841307983367047
    ],
    "82": [
        -0.9521176659107141,
        0.3057318273597529
    ],
    "83": [
        -0.9621030198436006,
        0.2726862284894937
    ],
    "84": [
        -0.9709418174260519,
        0.2393156642875581
    ],
    "85": [
        -0.9786235252959552,
        0.2056599030859369
    ],
    "86": [
        -0.9851389890168738,
        0.17175905309127631
    ],
    "87": [
        -0.9904804439875632,
        0.13765351458716846
    ],
    "88": [
        -0.9946415246951926,
        0.10338393178837038
    ],
    "89": [
        -0.9976172723012475,
        0.0689911444043251
    ],
    "90": [
        -0.9994041405510704,
        0.03451613896970828
    ],
    "91": [
        -1.0,
        1.2246467991473532e-16
    ],
    "92": [
        -0.9994041405510704,
        -0.03451613896970804
    ],
    "93": [
        -0.9976172723012476,
        -0.06899114440432487
    ],
    "94": [
        -0.9946415246951927,
        -0.10338393178837013
    ],
    "95": [
        -0.9904804439875632,
        -0.13765351458716824
    ],
    "96": [
        -0.9851389890168739,
        -0.17175905309127565
    ],
    "97": [
        -0.9786235252959553,
        -0.20565990308593624
    ],
    "98": [
        -0.9709418174260521,
        -0.23931566428755743
    ],
    "99": [
        -0.9621030198436006,
        -0.2726862284894935
    ],
    "100": [
        -0.9521176659107142,
        -0.30573182735975263
    ],
    "101": [
        -0.9409976553623766,
        -0.33841307983367025
    ],
    "102": [
        -0.9287562401253024,
        -0.37069103904506734
    ],
    "103": [
        -0.9154080085253664,
        -0.4025272387399674
    ],
    "104": [
        -0.9009688679024191,
        -0.433883739117558
    ],
    "105": [
        -0.8854560256532099,
        -0.46472317204376845
    ],
    "106": [
        -0.8688879687250066,
        -0.49500878558358136
    ],