{
    "0": [
        1.0,
        0.0
    ],
    "1": [
        0.9972037971811801,
        0.07473009358642425
    ],
    "2": [
        0.9888308262251285,
        0.14904226617617444
    ],
    "3": [
        0.9749279121818236,
        0.2225209339563144
    ],
    "4": [
        0.9555728057861407,
        0.2947551744109042
    ],
    "5": [
        0.9308737486442042,
        0.36534102436639504
    ],
    "6": [
        0.9009688679024191,
        0.4338837391175581
    ],
    "7": [
        0.8660254037844386,
        0.5
    ],
    "8": [
        0.8262387743159949,
        0.5633200580636221
    ],
    "9": [
        0.7818314824680298,
        0.6234898018587335
    ],
    "10": [
        0.7330518718298263,
        0.6801727377709195
    ],
    "11": [
        0.6801727377709194,
        0.7330518718298263
    ],
    "12": [
        0.6234898018587336,
        0.7818314824680298
    ],
    "13": [
        0.563320058063622,
        0.8262387743159949
    ],
    "14": [
        0.4999999999999999,
        0.8660254037844387
    ],
    "15": [
        0.4338837391175582,
        0.9009688679024191
    ],
    "16": [
        0.365341024366395,
        0.9308737486442042
    ],
    "17": [
        0.2947551744109041,
        0.9555728057861408
    ],
    "18": [
        0.22252093395631445,
        0.9749279121818236
    ],
    "19": [
        0.14904226617617441,
        0.9888308262251285
    ],
    "20": [
        0.07473009358642417,
        0.9972037971811801
    ],
    "21": [
        6.123233995736766e-17,
        1.0
    ],
    "22": [
        -0.07473009358642427,
        0.9972037971811801
    ],
    "23": [
        -0.14904226617617453,
        0.9888308262251285
    ],
    "24": [
        -0.22252093395631434,
        0.9749279121818236
    ],
    "25": [
        -0.2947551744109042,
        0.9555728057861407
    ],
    "26": [
        -0.3653410243663951,
        0.9308737486442042
    ],
    "27": [
        -0.43388373911755806,
        0.9009688679024191
    ],
    "28": [
        -0.5000000000000002,
        0.8660254037844385
    ],
    "29": [
        -0.5633200580636221,
        0.8262387743159948
    ],
    "30": [
        -0.6234898018587335,
        0.7818314824680299
    ],
    "31": [
        -0.6801727377709196,
        0.7330518718298262
    ],
    "32": [
        -0.7330518718298263,
        0.6801727377709194
    ],
    "33": [
        -0.7818314824680298,
        0.6234898018587336
    ],
    "34": [
        -0.826238774315995,
        0.5633200580636218
    ],
    "35": [
        -0.8660254037844387,
        0.49999999999999994
    ],
    "36": [
        -0.900968867902419,
        0.43388373911755823
    ],
    "37": [
        -0.9308737486442044,
        0.3653410243663948
    ],
    "38": [
        -0.9555728057861408,
        0.2947551744109042
    ],
    "39": [
        -0.9749279121818236,
        0.2225209339563145
    ],
    "40": [
        -0.9888308262251285,
        0.14904226617617428
    ],
    "41": [
        -0.9972037971811801,
        0.07473009358642423
    ],
    "42": [
        -1.0,
        1.2246467991473532e-16
    ],
    "43": [
        -0.9972037971811801,
        -0.07473009358642442
    ],
    "44": [
        -0.9888308262251285,
        -0.14904226617617447
    ],
    "45": [
        -0.9749279121818236,
        -0.22252093395631428
    ],
    "46": [
        -0.9555728057861407,
        -0.2947551744109044
    ],
    "47": [
        -0.9308737486442042,
        -0.36534102436639504
    ],
    "48": [
        -0.9009688679024191,
        -0.433883739117558
    ],
    "49": [
        -0.8660254037844386,
        -0.5000000000000001
    ],
    "50": [
        -0.8262387743159949,
        -0.5633200580636221
    ],
    "51": [
        -0.7818314824680296,
        -0.6234898018587338
    ],
    "52": [
        -0.7330518718298262,
        -0.6801727377709195
    ],
    "53": [
        -0.6801727377709194,
        -0.7330518718298263
    ],
    "54": [
        -0.6234898018587337,
        -0.7818314824680297
    ],
    "55": [
        -0.563320058063622,
        -0.8262387743159949
    ],
    "56": [
        -0.4999999999999996,
        -0.8660254037844388
    ],
    "57": [
        -0.4338837391175583,
        -0.900968867902419
    ],
    "58": [
        -0.3653410243663949,
        -0.9308737486442044
    ],
    "59": [
        -0.2947551744109038,
        -0.9555728057861409
    ],
    "60": [
        -0.2225209339563146,
        -0.9749279121818236
    ],
    "61": [
        -0.14904226617617433,
        -0.9888308262251285
    ],
    "62": [
        -0.07473009358642384,
        -0.9972037971811801
    ],
    "63": [
        -1.8369701987210297e-16,
        -1.0
    ],
    "64": [
        0.07473009358642436,
        -0.9972037971811801
    ],
    "65": [
        0.14904226617617483,
        -0.9888308262251285
    ],
    "66": [
        0.22252093395631423,
        -0.9749279121818236
    ],
    "67": [
        0.2947551744109043,
        -0.9555728057861407
    ],
    "68": [
        0.3653410243663954,
        -0.9308737486442041
    ],
    "69": [
        0.43388373911755795,
        -0.9009688679024193
    ],
    "70": [
        0.5000000000000001,
        -0.8660254037844386
    ],
    "71": [
        0.5633200580636224,
        -0.8262387743159947
    ],
    "72": [
        0.6234898018587334,
        -0.7818314824680299
    ],
    "73": [
        0.6801727377709195,
        -0.7330518718298262
    ],
    "74": [
        0.7330518718298266,
        -0.6801727377709191
    ],
    "75": [
        0.7818314824680297,
        -0.6234898018587337
    ],
    "76": [
        0.8262387743159949,
        -0.563320058063622
    ],
    "77": [
        0.8660254037844388,
        -0.49999999999999967
    ],
    "78": [
        0.900968867902419,
        -0.43388373911755834
    ],
    "79": [
        0.9308737486442042,
        -0.36534102436639493
    ],
    "80": [
        0.9555728057861408,
        -0.2947551744109039
    ],
    "81": [
        0.9749279121818235,
        -0.22252093395631464
    ],
    "82": [
        0.9888308262251285,
        -0.1490422661761744
    ],
    "83": [
        0.9972037971811801,
        -0.0747300935864239
    ]
}