{
    "0": [
        1.0,
        0.0
    ],
    "1": [
        0.996992941167792,
        0.07749242067193093
    ],
    "2": [
        0.987989849476809,
        0.15451879280784048
    ],
    "3": [
        0.9730448705798238,
        0.23061587074244014
    ],
    "4": [
        0.9522478853384153,
        0.3053259976951131
    ],
    "5": [
        0.9257239692688904,
        0.3781998581716425
    ],
    "6": [
        0.8936326403234123,
        0.4487991802004621
    ],
    "7": [
        0.8561668995302665,
        0.5166993711518628
    ],
    "8": [
        0.8135520702629676,
        0.5814920712880266
    ],
    "9": [
        0.766044443118978,
        0.6427876096865393
    ],
    "10": [
        0.7139297345578991,
        0.7002173477671685
    ],
    "11": [
        0.6575213685690636,
        0.7534358963276607
    ],
    "12": [
        0.5971585917027863,
        0.8021231927550437
    ],
    "13": [
        0.5332044328016914,
        0.845986425919841
    ],
    "14": [
        0.46604351970253893,
        0.8847617971766577
    ],
    "15": [
        0.3960797660391569,
        0.918216106880274
    ],
    "16": [
        0.3237339420583211,
        0.9461481568757504
    ],
    "17": [
        0.24944114405798137,
        0.9683899605278059
    ],
    "18": [
        0.17364817766693041,
        0.984807753012208
    ],
    "19": [
        0.09681087070317916,
        0.9953027957931658
    ],
    "20": [
        0.019391331771824435,
        0.9998119704485015
    ],
    "21": [
        -0.058144828910475774,
        0.9983081582712682
    ],
    "22": [
        -0.13533129975013106,
        0.9908004033648453
    ],
    "23": [
        -0.2117038722294107,
        0.9773338582506356
    ],
    "24": [
        -0.28680323271109,
        0.9579895123154889
    ],
    "25": [
        -0.36017772480471016,
        0.9328837047320006
    ],
    "26": [
        -0.43138606568125326,
        0.9021674247810377
    ],
    "27": [
        -0.4999999999999998,
        0.8660254037844387
    ],
    "28": [
        -0.5656068754865384,
        0.8246750041091069
    ],
    "29": [
        -0.6278121246720983,
        0.7783649119241601
    ],
    "30": [
        -0.6862416378687335,
        0.7273736415730488
    ],
    "31": [
        -0.7405440131090044,
        0.6720078605555225
    ],
    "32": [
        -0.7903926695187592,
        0.612600545193203
    ],
    "33": [
        -0.8354878114129363,
        0.5495089780708062
    ],
    "34": [
        -0.8755582313020908,
        0.48311259929663863
    ],
    "35": [
        -0.9103629409661466,
        0.4138107245051393
    ],
    "36": [
        -0.9396926207859083,
        0.3420201433256689
    ],
    "37": [
        -0.9633708786158803,
        0.26817261276063753
    ],
    "38": [
        -0.9812553106273847,
        0.19271226054808982
    ],
    "39": [
        -0.993238357741943,
        0.11609291412523036
    ],
    "40": [
        -0.99924795250423,
        0.038775371256816835
    ],
    "41": [
        -0.99924795250423,
        -0.03877537125681659
    ],
    "42": [
        -0.993238357741943,
        -0.11609291412523012
    ],
    "43": [
        -0.9812553106273847,
        -0.1927122605480896
    ],
    "44": [
        -0.9633708786158803,
        -0.26817261276063725
    ],
    "45": [
        -0.9396926207859084,
        -0.34202014332566866
    ],
    "46": [
        -0.9103629409661467,
        -0.41381072450513906
    ],
    "47": [
        -0.8755582313020909,
        -0.4831125992966384
    ],
    "48": [
        -0.8354878114129367,
        -0.5495089780708056
    ],
    "49": [
        -0.7903926695187596,
        -0.6126005451932024
    ],
    "50": [
        -0.7405440131090049,
        -0.6720078605555221
    ],
    "51": [
        -0.6862416378687339,
        -0.7273736415730484
    ],
    "52": [
        -0.6278121246720989,
        -0.7783649119241597
    ],
    "53": [
        -0.565606875486539,
        -0.8246750041091064
    ],
    "54": [
        -0.5000000000000004,
        -0.8660254037844384
    ],
    "55": [
        -0.43138606568125387,
        -0.9021674247810375
    ],
    "56": [
        -0.36017772480471083,
        -0.9328837047320003
    ],
    "57": [
        -0.28680323271109065,
        -0.9579895123154888
    ],
    "58": [
        -0.21170387222941117,
        -0.9773338582506355
    ],
    "59": [
        -0.1353312997501315,
        -0.9908004033648452
    ],
    "60": [
        -0.05814482891047624,
        -0.9983081582712682
    ],
    "61": [
        0.019391331771823967,
        -0.9998119704485015
    ],
    "62": [
        0.0968108707031787,
        -0.9953027957931658
    ],
    "63": [
        0.17364817766692997,
        -0.9848077530122081
    ],
    "64": [
        0.24944114405798093,
        -0.968389960527806
    ],
    "65": [
        0.3237339420583207,
        -0.9461481568757506
    ],
    "66": [
        0.3960797660391565,
        -0.9182161068802741
    ],
    "67": [
        0.4660435197025385,
        -0.8847617971766579
    ],
    "68": [
        0.5332044328016909,
        -0.8459864259198413
    ],
    "69": [
        0.5971585917027858,
        -0.802123192755044
    ],
    "70": [
        0.6575213685690634,
        -0.753435896327661
    ],
    "71": [
        0.7139297345578988,
        -0.7002173477671687
    ],
    "72": [
        0.7660444431189778,
        -0.6427876096865396
    ],
    "73": [
        0.8135520702629674,
        -0.5814920712880269
    ],
    "74": [
        0.8561668995302664,
        -0.5166993711518632
    ],
    "75": [
        0.8936326403234122,
        -0.44879918020046244
    ],
    "76": [
        0.9257239692688903,
        -0.37819985817164276
    ],
    "77": [
        0.9522478853384152,
        -0.30532599769511337
    ],
    "78": [
        0.9730448705798238,
        -0.23061587074244044
    ],
    "79": [
        0.9879898494768089,
        -0.15451879280784075
    ],
    "80": [
        0.996992941167792,
        -0.0774924206719312
    ]
}