{
    "0": [
        1.0,
        0.0
    ],
    "1": [
        0.9991785013128923,
        0.04052557851681294
    ],
    "2": [
        0.9967153549717552,
        0.08098457361453419
    ],
    "3": [
        0.9926146079195595,
        0.12131051127045482
    ],
    "4": [
        0.9868829976729442,
        0.16143713607489338
    ],
    "5": [
        0.9795299412524945,
        0.20129852008866006
    ],
    "6": [
        0.9705675197106017,
        0.24082917116248764
    ],
    "7": [
        0.9600104582823258,
        0.2799641405404608
    ],
    "8": [
        0.9478761021918727,
        0.31863912957065155
    ],
    "9": [
        0.934184388154437,
        0.3567905953476355
    ],
    "10": [
        0.9189578116202306,
        0.39435585511331855
    ],
    "11": [
        0.9022213898145176,
        0.431273189244544
    ],
    "12": [
        0.8840026206343785,
        0.4674819426582712
    ],
    "13": [
        0.8643314374697376,
        0.5029226244677178
    ],
    "14": [
        0.8432401600228823,
        0.5375370057257305
    ],
    "15": [
        0.8207634412072763,
        0.5712682150947923
    ],
    "16": [
        0.796938210212915,
        0.6040608322864806
    ],
    "17": [
        0.771803611831762,
        0.6358609791168559
    ],
    "18": [
        0.7454009421429596,
        0.6666164080281763
    ],
    "19": [
        0.7177735806634787,
        0.6962765879314976
    ],
    "20": [
        0.6889669190756866,
        0.7247927872291199
    ],
    "21": [
        0.659028286648932,
        0.7521181538804745
    ],
    "22": [
        0.6280068724776795,
        0.7782077923799039
    ],
    "23": [
        0.5959536446639571,
        0.8030188375198593
    ],
    "24": [
        0.5629212665768977,
        0.8265105248183239
    ],
    "25": [
        0.5289640103269626,
        0.8486442574947508
    ],
    "26": [
        0.4941376675970057,
        0.8693836698844711
    ],
    "27": [
        0.4584994579766863,
        0.8886946871873854
    ],
    "28": [
        0.422107934950832,
        0.9065455814527719
    ],
    "29": [
        0.38502288969621806,
        0.9229070237082249
    ],
    "30": [
        0.3473052528448203,
        0.9377521321470804
    ],
    "31": [
        0.30901699437494745,
        0.9510565162951535
    ],
    "32": [
        0.27022102179472873,
        0.9627983170842234
    ],
    "33": [
        0.23098107678524346,
        0.972958242766425
    ],
    "34": [
        0.19136163047310661,
        0.9815196006105401
    ],
    "35": [
        0.1514277775045767,
        0.9884683243281114
    ],
    "36": [
        0.11124512909522372,
        0.9937929971843166
    ],
    "37": [
        0.07087970523087303,
        0.9974848707556343
    ],
    "38": [
        0.03039782619694288,
        0.9995378793034811
    ],
    "39": [
        -0.010133996385610924,
        0.9999486497402036
    ],
    "40": [
        -0.05064916883871264,
        0.9987165071710528
    ],
    "41": [
        -0.09108112484040617,
        0.9958434760030345
    ],
    "42": [
        -0.13136343479314633,
        0.9913342766188138
    ],
    "43": [
        -0.17142991496745347,
        0.9851963176211387
    ],
    "44": [
        -0.21121473624160733,
        0.9774396836605256
    ],
    "45": [
        -0.2506525322587204,
        0.9680771188662043
    ],
    "46": [
        -0.28967850682349205,
        0.9571240059075481
    ],
    "47": [
        -0.32822854036218607,
        0.9445983407203873
    ],
    "48": [
        -0.3662392952709225,
        0.9305207029397348
    ],
    "49": [
        -0.40364831997919454,
        0.9149142220874992
    ],
    "50": [
        -0.440394151557634,
        0.8978045395707418
    ],
    "51": [
        -0.47641641670144486,
        0.879219766552911
    ],
    "52": [
        -0.5116559309235822,
        0.8591904377672755
    ],
    "53": [
        -0.54605479579471,
        0.8377494613484378
    ],
    "54": [
        -0.5795564940701697,
        0.814932064764354
    ],
    "55": [
        -0.6121059825476629,
        0.7907757369376985
    ],
    "56": [
        -0.6436497825030884,
        0.7653201666516616
    ],
    "57": [
        -0.6741360675559473,
        0.7386071773413817
    ],
    "58": [
        -0.7035147488199478,
        0.7106806583781535
    ],
    "59": [
        -0.7317375571989156,
        0.6815864929593043
    ],
    "60": [
        -0.7587581226927909,
        0.6513724827222223
    ],
    "61": [
        -0.7845320505834171,
        0.6200882692063918
    ],
    "62": [
        -0.8090169943749473,
        0.5877852522924732
    ],
    "63": [
        -0.8321727253690238,
        0.5545165057524359
    ],
    "64": [
        -0.8539611987604255,
        0.5203366900494881
    ],
    "65": [
        -0.8743466161445821,
        0.48530196253108104
    ],
    "66": [
        -0.893295484334259,
        0.4494698851625343
    ],
    "67": [
        -0.9107766703887764,
        0.4128993299528762
    ],
    "68": [
        -0.9267614527653484,
        0.3756503822282907
    ],
    "69": [
        -0.9412235685085031,
        0.33778424191208084
    ],
    "70": [
        -0.9541392564000488,
        0.29936312297335804
    ],
    "71": [
        -0.9654872959986934,
        0.26045015120965354
    ],
    "72": [
        -0.975249042505174,
        0.22110926053139718
    ],
    "73": [
        -0.9834084573956126,
        0.1814050879186735
    ],
    "74": [
        -0.9899521347727691,
        0.14140286722282971
    ],
    "75": [
        -0.9948693233918952,
        0.10116832198743228
    ],
    "76": [
        -0.9981519443250009,
        0.06076755746465619
    ],
    "77": [
        -0.9997946042345128,
        0.020266952004527737
    ],
    "78": [
        -0.9997946042345128,
        -0.020266952004527494
    ],
    "79": [
        -0.998151944325001,
        -0.060767557464655494
    ],
    "80": [
        -0.9948693233918952,
        -0.10116832198743204
    ],
    "81": [
        -0.9899521347727692,
        -0.14140286722282902
    ],
    "82": [
        -0.9834084573956127,
        -0.18140508791867282
    ],
    "83": [
        -0.9752490425051741,
        -0.22110926053139696
    ],
    "84": [
        -0.9654872959986935,
        -0.26045015120965287
    ],
    "85": [
        -0.9541392564000489,
        -0.29936312297335776
    ],
    "86": [
        -0.9412235685085033,
        -0.3377842419120802
    ],
    "87": [
        -0.9267614527653486,
        -0.3756503822282901
    ],
    "88": [
        -0.9107766703887765,
        -0.412899329952876
    ],
    "89": [
        -0.8932954843342592,
        -0.44946988516253367
    ],
    "90": [
        -0.8743466161445822,
        -0.4853019625310808
    ],
    "91": [
        -0.8539611987604259,
        -0.5203366900494876
    ],
    "92": [
        -0.8321727253690241,
        -0.5545165057524354
    ],
    "93": [
        -0.8090169943749476,
        -0.587785252292473
    ],
    "94": [
        -0.7845320505834176,
        -0.6200882692063913
    ],
    "95": [
        -0.7587581226927911,
        -0.651372482722222
    ],
    "96": [
        -0.7317375571989161,
        -0.6815864929593037
    ],
    "97": [
        -0.7035147488199482,
        -0.7106806583781531
    ],
    "98": [
        -0.6741360675559476,
        -0.7386071773413815
    ],
    "99": [
        -0.6436497825030886,
        -0.7653201666516615
    ],
    "100": [
        -0.6121059825476635,
        -0.7907757369376981
    ],
    "101": [
        -0.5795564940701703,
        -0.8149320647643536
    ],
    "102": [
        -0.5460547957947105,
        -0.8377494613484374
    ],
    "103": [
        -0.5116559309235824,
        -0.8591904377672753
    ],
    "104": [
        -0.4764164167014451,
        -0.8792197665529109
    ],
    "105": [
        -0.440394151557635,
        -0.8978045395707414
    ],