{
    "0": [
        1.0,
        0.0
    ],
    "1": [
        0.999134408101731,
        0.04159849212656074
    ],
    "2": [
        0.9965391309055929,
        0.08312496961759158
    ],
    "3": [
        0.9922186613134151,
        0.12450754250813273
    ],
    "4": [
        0.986180478852149,
        0.16567456995853705
    ],
    "5": [
        0.978435036725432,
        0.20655478427793078
    ],
    "6": [
        0.968995743717171,
        0.24707741430168517
    ],
    "7": [
        0.9578789409784727,
        0.28717230790931003
    ],
    "8": [
        0.9451038737381077,
        0.32677005347066784
    ],
    "9": [
        0.930692657985482,
        0.3658021000102635
    ],
    "10": [
        0.914670242183795,
        0.40420087588158177
    ],
    "11": [
        0.8970643640796641,
        0.4418999057460275
    ],
    "12": [
        0.8779055026839868,
        0.47883392565395405
    ],
    "13": [
        0.8572268255071717,
        0.5149389960285559
    ],
    "14": [
        0.8350641311400809,
        0.5501526123570275
    ],
    "15": [
        0.8114557872800905,
        0.5844138133973636
    ],
    "16": [
        0.7864426643095538,
        0.6176632867134735
    ],
    "17": [
        0.7600680645416582,
        0.6498434713559086
    ],
    "18": [
        0.7323776472561624,
        0.6808986575104463
    ],
    "19": [
        0.7034193496547901,
        0.7107750829420176
    ],
    "20": [
        0.6732433038731243,
        0.7394210260670169
    ],
    "21": [
        0.6419017501926655,
        0.7667868954928695
    ],
    "22": [
        0.6094489466033041,
        0.7928253158698472
    ],
    "23": [
        0.5759410748727659,
        0.817491209906506
    ],
    "24": [
        0.5414361432856473,
        0.8407418764067626
    ],
    "25": [
        0.5059938862204125,
        0.862537064193513
    ],
    "26": [
        0.4696756607382058,
        0.8828390417908181
    ],
    "27": [
        0.4325443403625011,
        0.9016126627440239
    ],
    "28": [
        0.3946642062334764,
        0.9188254264647339
    ],
    "29": [
        0.3561008358255469,
        0.934447534495301
    ],
    "30": [
        0.3169209894207028,
        0.9484519420954353
    ],
    "31": [
        0.2771924945341906,
        0.960814405061619
    ],
    "32": [
        0.23698412849261888,
        0.9715135216982798
    ],
    "33": [
        0.1963654993677641,
        0.9805307698680591
    ],
    "34": [
        0.15540692547220475,
        0.987850539057036
    ],
    "35": [
        0.1141793136253984,
        0.9934601573993961
    ],
    "36": [
        0.07275403640094372,
        0.9973499136147604
    ],
    "37": [
        0.031202808567538987,
        0.9995130738201965
    ],
    "38": [
        -0.010402437062464118,
        0.9999458931878071
    ],
    "39": [
        -0.0519896741619804,
        0.9986476224277165
    ],
    "40": [
        -0.09348690758000018,
        0.9956205090852279
    ],
    "41": [
        -0.134822297978429,
        0.9908697936499102
    ],
    "42": [
        -0.1759242861991856,
        0.9844037004833469
    ],
    "43": [
        -0.21672171714625646,
        0.976233423581255
    ],
    "44": [
        -0.25714396296824604,
        0.9663731071946204
    ],
    "45": [
        -0.29712104532816747,
        0.9548398213434005
    ],
    "46": [
        -0.3365837565488062,
        0.9416535322651819
    ],
    "47": [
        -0.37546377942392994,
        0.926837067849953
    ],
    "48": [
        -0.4136938054879281,
        0.9104160781208317
    ],
    "49": [
        -0.4512076515391375,
        0.89241899082916
    ],
    "50": [
        -0.4879403742151284,
        0.8728769622408421
    ],
    "51": [
        -0.5238283824216015,
        0.8518238231991216
    ],
    "52": [
        -0.5588095474202596,
        0.829296020557174
    ],
    "53": [
        -0.5928233103850727,
        0.8053325540819045
    ],
    "54": [
        -0.6258107872407376,
        0.7799749089381839
    ],
    "55": [
        -0.6577148706018328,
        0.7532669838704033
    ],
    "56": [
        -0.6884803286362,
        0.7252550152056793
    ],
    "57": [
        -0.7180539006813971,
        0.6959874968102734
    ],
    "58": [
        -0.7463843894486938,
        0.6655150961377966
    ],
    "59": [
        -0.773422749654988,
        0.6338905665145346
    ],
    "60": [
        -0.7991221729292056,
        0.6011686558137449
    ],
    "61": [
        -0.8234381688461943,
        0.5674060116770235
    ],
    "62": [
        -0.8463286419478254,
        0.5326610834468287
    ],
    "63": [
        -0.8677539646179707,
        0.4969940209799245
    ],
    "64": [
        -0.8876770456851878,
        0.4604665705169236
    ],
    "65": [
        -0.9060633946343561,
        0.42314196778819646
    ],
    "66": [
        -0.9228811813160973,
        0.3850848285411992
    ],
    "67": [
        -0.9381012910506142,
        0.34636103667873885
    ],
    "68": [
        -0.9516973750305532,
        0.30703763020182817
    ],
    "69": [
        -0.9636458959356314,
        0.26718268515458515
    ],
    "70": [
        -0.9739261686800659,
        0.2268651977720866
    ],
    "71": [
        -0.9825203962222571,
        0.18615496503520668
    ],
    "72": [
        -0.9894137003747403,
        0.1451224638392127
    ],
    "73": [
        -0.9945941475610622,
        0.10383872898530663
    ],
    "74": [
        -0.998052769474995,
        0.062375230206328104
    ],
    "75": [
        -0.9997835786063229,
        0.020803748439511063
    ],
    "76": [
        -0.9997835786063229,
        -0.020803748439511265
    ],
    "77": [
        -0.998052769474995,
        -0.062375230206328305
    ],
    "78": [
        -0.9945941475610622,
        -0.10383872898530683
    ],
    "79": [
        -0.9894137003747403,
        -0.1451224638392129
    ],
    "80": [
        -0.9825203962222571,
        -0.18615496503520687
    ],
    "81": [
        -0.9739261686800658,
        -0.2268651977720868
    ],
    "82": [
        -0.9636458959356314,
        -0.2671826851545854
    ],
    "83": [
        -0.951697375030553,
        -0.3070376302018288
    ],
    "84": [
        -0.938101291050614,
        -0.3463610366787394
    ],
    "85": [
        -0.9228811813160972,
        -0.38508482854119935
    ],
    "86": [
        -0.906063394634356,
        -0.4231419677881966
    ],
    "87": [
        -0.8876770456851877,
        -0.4604665705169238
    ],
    "88": [
        -0.8677539646179706,
        -0.4969940209799247
    ],
    "89": [
        -0.8463286419478253,
        -0.5326610834468289
    ],
    "90": [
        -0.8234381688461941,
        -0.5674060116770236
    ],
    "91": [
        -0.7991221729292055,
        -0.601168655813745
    ],
    "92": [
        -0.7734227496549879,
        -0.6338905665145348
    ],
    "93": [
        -0.7463843894486937,
        -0.6655150961377967
    ],
    "94": [
        -0.718053900681397,
        -0.6959874968102735
    ],
    "95": [
        -0.6884803286361998,
        -0.7252550152056795
    ],
    "96": [
        -0.6577148706018326,
        -0.7532669838704035
    ],
    "97": [
        -0.6258107872407375,
        -0.779974908938184
    ],
    "98": [
        -0.5928233103850725,
        -0.8053325540819047
    ],
    "99": [
        -0.558809547420259,
        -0.8292960205571743
    ],
    "100": [
        -0.5238283824216009,
        -0.851823823199122
    ],
    "101": [
        -0.48794037421512787,
        -0.8728769622408424
    ],
    "102": [
        -0.45120765153913694,
        -0.8924189908291602
    ],
    "103": [
        -0.41369380548792756,
        -0.9104160781208319
    ],
    "104": [
        -0.37546377942392933,
        -0.9268370678499533
    ],
    "105": [
        -0.3365837565488064,
        -0.9416535322651818
    ],
    "106": [
        -0.2971210453281675,
        -0.9548398213434005
    ],