{
    "0": [
        1.0,
        0.0
    ],
    "1": [
        0.998507803482828,
        0.05460921519211002
    ],
    "2": [
        0.9940356672322036,
        0.10905545502278971
    ],
    "3": [
        0.986596937860402,
        0.16317623051314217
    ],
    "4": [
        0.9762138154595446,
        0.21681002399778068
    ],
    "5": [
        0.9629172873477992,
        0.2697967711570243
    ],
    "6": [
        0.9467470355910438,
        0.32197833871173837
    ],
    "7": [
        0.9277513185759845,
        0.3731989963551914
    ],
    "8": [
        0.9059868269881636,
        0.4233058815134978
    ],
    "9": [
        0.8815185146246717,
        0.4721494555476185
    ],
    "10": [
        0.8544194045464886,
        0.5195839500354336
    ],
    "11": [
        0.8247703711489686,
        0.565467801802006
    ],
    "12": [
        0.7926598988008582,
        0.6096640753997346
    ],
    "13": [
        0.7581838177721628,
        0.6520408717775503
    ],
    "14": [
        0.7214450182389557,
        0.6924717219195257
    ],
    "15": [
        0.6825531432186541,
        0.730835964278124
    ],
    "16": [
        0.6416242613521611,
        0.7670191048756828
    ],
    "17": [
        0.5987805205094225,
        0.8009131589994417
    ],
    "18": [
        0.5541497832521748,
        0.8324169734703681
    ],
    "19": [
        0.507865245241806,
        0.861436528524
    ],
    "20": [
        0.4600650377311522,
        0.8878852184023752
    ],
    "21": [
        0.4108918153265481,
        0.9116841098196534
    ],
    "22": [
        0.36049233025041466,
        0.9327621775300636
    ],
    "23": [
        0.30901699437494745,
        0.9510565162951535
    ],
    "24": [
        0.25661943033397355,
        0.9665125286177447
    ],
    "25": [
        0.20345601305263375,
        0.9790840876823229
    ],
    "26": [
        0.1496854030631443,
        0.9887336750155847
    ],
    "27": [
        0.09546807299941021,
        0.9954324924563088
    ],
    "28": [
        0.04096582868361421,
        0.9991605481003865
    ],
    "29": [
        -0.013658673765951078,
        0.9999067159645221
    ],
    "30": [
        -0.06824241336467088,
        0.9976687691905392
    ],
    "31": [
        -0.12262249078029856,
        0.9924533866912015
    ],
    "32": [
        -0.17663661448858736,
        0.9842761332177115
    ],
    "33": [
        -0.23012358511498635,
        0.9731614129083754
    ],
    "34": [
        -0.28292377651693007,
        0.9591423964570632
    ],
    "35": [
        -0.33487961217098616,
        0.9422609221188205
    ],
    "36": [
        -0.38583603544313533,
        0.9225673708480718
    ],
    "37": [
        -0.4356409723387091,
        0.900120515942051
    ],
    "38": [
        -0.48414578535096053,
        0.8749873476381825
    ],
    "39": [
        -0.5312057170538035,
        0.8472428731888835
    ],
    "40": [
        -0.5766803221148671,
        0.8169698930104421
    ],
    "41": [
        -0.6204338864395681,
        0.7842587535740313
    ],
    "42": [
        -0.6623358321953078,
        0.7492070777763309
    ],
    "43": [
        -0.7022611075070471,
        0.7119194735944337
    ],
    "44": [
        -0.7400905596612519,
        0.6725072218945273
    ],
    "45": [
        -0.7757112907044199,
        0.6310879443260526
    ],
    "46": [
        -0.8090169943749473,
        0.5877852522924732
    ],
    "47": [
        -0.8399082733627965,
        0.5427283780462616
    ],
    "48": [
        -0.8682929359501338,
        0.4960517890090679
    ],
    "49": [
        -0.8940862711476512,
        0.447894786468082
    ],
    "50": [
        -0.917211301505453,
        0.3984010898462414
    ],
    "51": [
        -0.9375990128440203,
        0.347718407786989
    ],
    "52": [
        -0.955188560219648,
        0.2959979973336235
    ],
    "53": [
        -0.9699274495096712,
        0.2433942125188357
    ],
    "54": [
        -0.9817716940755585,
        0.19006404371160748
    ],
    "55": [
        -0.9906859460363308,
        0.13616664909624665
    ],
    "56": [
        -0.9966436017605296,
        0.08186287968181301
    ],
    "57": [
        -0.9996268812619107,
        0.027314799259486072
    ],
    "58": [
        -0.9996268812619107,
        -0.027314799259485826
    ],
    "59": [
        -0.9966436017605296,
        -0.08186287968181322
    ],
    "60": [
        -0.9906859460363308,
        -0.1361666490962464
    ],
    "61": [
        -0.9817716940755586,
        -0.19006404371160723
    ],
    "62": [
        -0.9699274495096711,
        -0.2433942125188359
    ],
    "63": [
        -0.9551885602196482,
        -0.29599799733362325
    ],
    "64": [
        -0.9375990128440204,
        -0.34771840778698876
    ],
    "65": [
        -0.9172113015054529,
        -0.39840108984624156
    ],
    "66": [
        -0.8940862711476513,
        -0.4478947864680818
    ],
    "67": [
        -0.8682929359501337,
        -0.4960517890090681
    ],
    "68": [
        -0.8399082733627964,
        -0.5427283780462617
    ],
    "69": [
        -0.8090169943749476,
        -0.587785252292473
    ],
    "70": [
        -0.7757112907044198,
        -0.6310879443260528
    ],
    "71": [
        -0.7400905596612518,
        -0.6725072218945274
    ],
    "72": [
        -0.7022611075070473,
        -0.7119194735944336
    ],
    "73": [
        -0.6623358321953077,
        -0.749207077776331
    ],
    "74": [
        -0.6204338864395682,
        -0.7842587535740312
    ],
    "75": [
        -0.5766803221148672,
        -0.816969893010442
    ],
    "76": [
        -0.5312057170538034,
        -0.8472428731888836
    ],
    "77": [
        -0.4841457853509603,
        -0.8749873476381826
    ],
    "78": [
        -0.4356409723387089,
        -0.9001205159420511
    ],
    "79": [
        -0.38583603544313577,
        -0.9225673708480716
    ],
    "80": [
        -0.3348796121709864,
        -0.9422609221188204
    ],
    "81": [
        -0.28292377651693007,
        -0.9591423964570632
    ],
    "82": [
        -0.23012358511498635,
        -0.9731614129083754
    ],
    "83": [
        -0.17663661448858717,
        -0.9842761332177116
    ],
    "84": [
        -0.12262249078029815,
        -0.9924533866912015
    ],
    "85": [
        -0.06824241336467135,
        -0.9976687691905392
    ],
    "86": [
        -0.013658673765951325,
        -0.999906715964522
    ],
    "87": [
        0.04096582868361418,
        -0.9991605481003865
    ],
    "88": [
        0.09546807299941018,
        -0.9954324924563088
    ],
    "89": [
        0.14968540306314448,
        -0.9887336750155847
    ],
    "90": [
        0.20345601305263417,
        -0.9790840876823228
    ],
    "91": [
        0.2566194303339733,
        -0.9665125286177448
    ],
    "92": [
        0.30901699437494723,
        -0.9510565162951536
    ],
    "93": [
        0.36049233025041466,
        -0.9327621775300636
    ],
    "94": [
        0.4108918153265483,
        -0.9116841098196533
    ],
    "95": [
        0.46006503773115237,
        -0.8878852184023751
    ],
    "96": [
        0.5078652452418063,
        -0.8614365285239998
    ],
    "97": [
        0.5541497832521746,
        -0.8324169734703684
    ],
    "98": [
        0.5987805205094224,
        -0.8009131589994418
    ],
    "99": [
        0.6416242613521611,
        -0.7670191048756828
    ],
    "100": [
        0.6825531432186542,
        -0.730835964278124
    ],
    "101": [
        0.7214450182389559,
        -0.6924717219195254
    ],
    "102": [
        0.7581838177721625,
        -0.6520408717775507
    ],
    "103": [
        0.7926598988008581,
        -0.6096640753997348
    ],
    "104": [
        0.8247703711489685,
        -0.5654678018020061
    ],
    "105": [
        0.8544194045464886,
        -0.5195839500354336
    ],