{
    "0": [
        1.0,
        0.0
    ],
    "1": [
        0.9975640502598242,
        0.0697564737441253
    ],
    "2": [
        0.9902680687415704,
        0.13917310096006544
    ],
    "3": [
        0.9781476007338057,
        0.20791169081775934
    ],
    "4": [
        0.9612616959383189,
        0.27563735581699916
    ],
    "5": [
        0.9396926207859084,
        0.3420201433256687
    ],
    "6": [
        0.9135454576426009,
        0.4067366430758002
    ],
    "7": [
        0.882947592858927,
        0.4694715627858908
    ],
    "8": [
        0.848048096156426,
        0.5299192642332049
    ],
    "9": [
        0.8090169943749475,
        0.5877852522924731
    ],
    "10": [
        0.766044443118978,
        0.6427876096865393
    ],
    "11": [
        0.7193398003386512,
        0.6946583704589973
    ],
    "12": [
        0.6691306063588582,
        0.7431448254773942
    ],
    "13": [
        0.6156614753256583,
        0.788010753606722
    ],
    "14": [
        0.5591929034707468,
        0.8290375725550417
    ],
    "15": [
        0.5000000000000001,
        0.8660254037844386
    ],
    "16": [
        0.43837114678907746,
        0.898794046299167
    ],
    "17": [
        0.37460659341591196,
        0.9271838545667874
    ],
    "18": [
        0.30901699437494745,
        0.9510565162951535
    ],
    "19": [
        0.24192189559966767,
        0.9702957262759965
    ],
    "20": [
        0.17364817766693041,
        0.984807753012208
    ],
    "21": [
        0.10452846326765346,
        0.9945218953682733
    ],
    "22": [
        0.03489949670250108,
        0.9993908270190958
    ],
    "23": [
        -0.034899496702500955,
        0.9993908270190958
    ],
    "24": [
        -0.10452846326765355,
        0.9945218953682733
    ],
    "25": [
        -0.1736481776669303,
        0.984807753012208
    ],
    "26": [
        -0.24192189559966779,
        0.9702957262759965
    ],
    "27": [
        -0.30901699437494734,
        0.9510565162951536
    ],
    "28": [
        -0.37460659341591207,
        0.9271838545667874
    ],
    "29": [
        -0.4383711467890775,
        0.8987940462991669
    ],
    "30": [
        -0.4999999999999998,
        0.8660254037844387
    ],
    "31": [
        -0.5591929034707467,
        0.8290375725550417
    ],
    "32": [
        -0.6156614753256583,
        0.788010753606722
    ],
    "33": [
        -0.6691306063588582,
        0.7431448254773942
    ],
    "34": [
        -0.7193398003386512,
        0.6946583704589971
    ],
    "35": [
        -0.7660444431189779,
        0.6427876096865395
    ],
    "36": [
        -0.8090169943749473,
        0.5877852522924732
    ],
    "37": [
        -0.848048096156426,
        0.5299192642332049
    ],
    "38": [
        -0.882947592858927,
        0.4694715627858907
    ],
    "39": [
        -0.9135454576426008,
        0.40673664307580043
    ],
    "40": [
        -0.9396926207859083,
        0.3420201433256689
    ],
    "41": [
        -0.9612616959383189,
        0.2756373558169992
    ],
    "42": [
        -0.9781476007338057,
        0.20791169081775931
    ],
    "43": [
        -0.9902680687415704,
        0.13917310096006533
    ],
    "44": [
        -0.9975640502598242,
        0.06975647374412552
    ],
    "45": [
        -1.0,
        1.2246467991473532e-16
    ],
    "46": [
        -0.9975640502598242,
        -0.06975647374412527
    ],
    "47": [
        -0.9902680687415703,
        -0.13917310096006552
    ],
    "48": [
        -0.9781476007338056,
        -0.2079116908177595
    ],
    "49": [
        -0.9612616959383189,
        -0.275637355816999
    ],
    "50": [
        -0.9396926207859084,
        -0.34202014332566866
    ],
    "51": [
        -0.9135454576426009,
        -0.4067366430758002
    ],
    "52": [
        -0.8829475928589269,
        -0.46947156278589086
    ],
    "53": [
        -0.8480480961564261,
        -0.5299192642332048
    ],
    "54": [
        -0.8090169943749476,
        -0.587785252292473
    ],
    "55": [
        -0.766044443118978,
        -0.6427876096865393
    ],
    "56": [
        -0.7193398003386511,
        -0.6946583704589974
    ],
    "57": [
        -0.6691306063588581,
        -0.7431448254773944
    ],
    "58": [
        -0.6156614753256581,
        -0.7880107536067221
    ],
    "59": [
        -0.5591929034707466,
        -0.8290375725550418
    ],
    "60": [
        -0.5000000000000004,
        -0.8660254037844384
    ],
    "61": [
        -0.43837114678907774,
        -0.8987940462991668
    ],
    "62": [
        -0.3746065934159123,
        -0.9271838545667873
    ],
    "63": [
        -0.30901699437494756,
        -0.9510565162951535
    ],
    "64": [
        -0.24192189559966779,
        -0.9702957262759965
    ],
    "65": [
        -0.17364817766693033,
        -0.984807753012208
    ],
    "66": [
        -0.10452846326765336,
        -0.9945218953682734
    ],
    "67": [
        -0.03489949670250076,
        -0.9993908270190958
    ],
    "68": [
        0.03489949670250128,
        -0.9993908270190958
    ],
    "69": [
        0.10452846326765299,
        -0.9945218953682734
    ],
    "70": [
        0.17364817766692997,
        -0.9848077530122081
    ],
    "71": [
        0.24192189559966745,
        -0.9702957262759966
    ],
    "72": [
        0.30901699437494723,
        -0.9510565162951536
    ],
    "73": [
        0.37460659341591196,
        -0.9271838545667874
    ],
    "74": [
        0.4383711467890774,
        -0.898794046299167
    ],
    "75": [
        0.5000000000000001,
        -0.8660254037844386
    ],
    "76": [
        0.559192903470747,
        -0.8290375725550416
    ],
    "77": [
        0.6156614753256585,
        -0.7880107536067218
    ],
    "78": [
        0.6691306063588578,
        -0.7431448254773946
    ],
    "79": [
        0.7193398003386509,
        -0.6946583704589976
    ],
    "80": [
        0.7660444431189778,
        -0.6427876096865396
    ],
    "81": [
        0.8090169943749473,
        -0.5877852522924734
    ],
    "82": [
        0.848048096156426,
        -0.529919264233205
    ],
    "83": [
        0.8829475928589269,
        -0.4694715627858908
    ],
    "84": [
        0.913545457642601,
        -0.40673664307580015
    ],
    "85": [
        0.9396926207859084,
        -0.3420201433256686
    ],
    "86": [
        0.9612616959383189,
        -0.27563735581699894
    ],
    "87": [
        0.9781476007338056,
        -0.20791169081775987
    ],
    "88": [
        0.9902680687415703,
        -0.13917310096006588
    ],
    "89": [
        0.9975640502598242,
        -0.06975647374412564
    ]
}