{
    "0": [
        1.0,
        0.0
    ],
    "1": [
        0.9991677993445829,
        0.04078858606158557
    ],
    "2": [
        0.9966725824941932,
        0.08150928354706316
    ],
    "3": [
        0.9925185024910277,
        0.12209431687415985
    ],
    "4": [
        0.9867124733912889,
        0.1624761362602058
    ],
    "5": [
        0.9792641587574211,
        0.20258753015208095
    ],
    "6": [
        0.9701859555740645,
        0.24236173709321232
    ],
    "7": [
        0.9594929736144974,
        0.28173255684142967
    ],
    "8": [
        0.9472030102919101,
        0.3206344605527355
    ],
    "9": [
        0.9333365210373668,
        0.35900269984759864
    ],
    "10": [
        0.9179165852537594,
        0.39677341457824244
    ],
    "11": [
        0.9009688679024191,
        0.4338837391175581
    ],
    "12": [
        0.8825215767863213,
        0.47027190699273674
    ],
    "13": [
        0.8626054156009807,
        0.5058773536894682
    ],
    "14": [
        0.8412535328311812,
        0.5406408174555976
    ],
    "15": [
        0.8185014665785936,
        0.5745044379364632
    ],
    "16": [
        0.7943870854121127,
        0.6074118524777474
    ],
    "17": [
        0.768950525339362,
        0.6393082899355514
    ],
    "18": [
        0.7422341230042699,
        0.6701406618375595
    ],
    "19": [
        0.7142823452219036,
        0.6998576507435618
    ],
    "20": [
        0.6851417149678443,
        0.728409795658269
    ],
    "21": [
        0.6548607339452851,
        0.7557495743542583
    ],
    "22": [
        0.6234898018587336,
        0.7818314824680298
    ],
    "23": [
        0.5910811325286767,
        0.80661210923753
    ],
    "24": [
        0.5576886669868295,
        0.8300502097550806
    ],
    "25": [
        0.5233679836966121,
        0.8521067736154564
    ],
    "26": [
        0.4881762060482814,
        0.8727450898448561
    ],
    "27": [
        0.4521719072826858,
        0.8919308080026938
    ],
    "28": [
        0.41541501300188644,
        0.9096319953545183
    ],
    "29": [
        0.37796670142890654,
        0.9258191900208981
    ],
    "30": [
        0.3398893015826169,
        0.9404654500138114
    ],
    "31": [
        0.30124618953723437,
        0.9535463980789276
    ],
    "32": [
        0.26210168293910224,
        0.9650402622691399
    ],
    "33": [
        0.22252093395631445,
        0.9749279121818236
    ],
    "34": [
        0.18256982083936169,
        0.983192890799503
    ],
    "35": [
        0.14231483827328534,
        0.9898214418809327
    ],
    "36": [
        0.10182298670383554,
        0.994802532857004
    ],
    "37": [
        0.06116166082184283,
        0.9981278731933668
    ],
    "38": [
        0.020398537391405434,
        0.9997919281892065
    ],
    "39": [
        -0.020398537391405312,
        0.9997919281892065
    ],
    "40": [
        -0.06116166082184248,
        0.9981278731933669
    ],
    "41": [
        -0.1018229867038352,
        0.994802532857004
    ],
    "42": [
        -0.142314838273285,
        0.9898214418809328
    ],
    "43": [
        -0.18256982083936157,
        0.983192890799503
    ],
    "44": [
        -0.22252093395631434,
        0.9749279121818236
    ],
    "45": [
        -0.26210168293910213,
        0.96504026226914
    ],
    "46": [
        -0.30124618953723403,
        0.9535463980789277
    ],
    "47": [
        -0.33988930158261654,
        0.9404654500138115
    ],
    "48": [
        -0.3779667014289064,
        0.9258191900208982
    ],
    "49": [
        -0.4154150130018863,
        0.9096319953545184
    ],
    "50": [
        -0.45217190728268547,
        0.891930808002694
    ],
    "51": [
        -0.4881762060482811,
        0.8727450898448562
    ],
    "52": [
        -0.5233679836966119,
        0.8521067736154566
    ],
    "53": [
        -0.5576886669868293,
        0.8300502097550807
    ],
    "54": [
        -0.5910811325286764,
        0.8066121092375301
    ],
    "55": [
        -0.6234898018587335,
        0.7818314824680299
    ],
    "56": [
        -0.654860733945285,
        0.7557495743542583
    ],
    "57": [
        -0.6851417149678442,
        0.7284097956582691
    ],
    "58": [
        -0.7142823452219036,
        0.6998576507435618
    ],
    "59": [
        -0.7422341230042697,
        0.6701406618375598
    ],
    "60": [
        -0.7689505253393618,
        0.6393082899355518
    ],
    "61": [
        -0.7943870854121124,
        0.6074118524777478
    ],
    "62": [
        -0.8185014665785934,
        0.5745044379364636
    ],
    "63": [
        -0.8412535328311811,
        0.5406408174555978
    ],
    "64": [
        -0.8626054156009806,
        0.5058773536894684
    ],
    "65": [
        -0.8825215767863211,
        0.4702719069927369
    ],
    "66": [
        -0.900968867902419,
        0.43388373911755823
    ],
    "67": [
        -0.9179165852537593,
        0.39677341457824256
    ],
    "68": [
        -0.9333365210373668,
        0.3590026998475987
    ],
    "69": [
        -0.9472030102919101,
        0.3206344605527355
    ],
    "70": [
        -0.9594929736144973,
        0.28173255684143006
    ],
    "71": [
        -0.9701859555740644,
        0.24236173709321268
    ],
    "72": [
        -0.979264158757421,
        0.20258753015208128
    ],
    "73": [
        -0.9867124733912889,
        0.16247613626020607
    ],
    "74": [
        -0.9925185024910277,
        0.1220943168741601
    ],
    "75": [
        -0.9966725824941932,
        0.08150928354706337
    ],
    "76": [
        -0.9991677993445829,
        0.04078858606158573
    ],
    "77": [
        -1.0,
        1.2246467991473532e-16
    ],
    "78": [
        -0.9991677993445829,
        -0.04078858606158549
    ],
    "79": [
        -0.9966725824941932,
        -0.08150928354706312
    ],
    "80": [
        -0.9925185024910278,
        -0.12209431687415942
    ],
    "81": [
        -0.986712473391289,
        -0.1624761362602054
    ],
    "82": [
        -0.9792641587574212,
        -0.2025875301520806
    ],
    "83": [
        -0.9701859555740646,
        -0.24236173709321202
    ],
    "84": [
        -0.9594929736144975,
        -0.2817325568414294
    ],
    "85": [
        -0.9472030102919101,
        -0.32063446055273526
    ],
    "86": [
        -0.9333365210373669,
        -0.35900269984759847
    ],
    "87": [
        -0.9179165852537594,
        -0.39677341457824233
    ],
    "88": [
        -0.9009688679024191,
        -0.433883739117558
    ],
    "89": [
        -0.8825215767863213,
        -0.4702719069927367
    ],
    "90": [
        -0.8626054156009807,
        -0.5058773536894682
    ],
    "91": [
        -0.8412535328311814,
        -0.5406408174555972
    ],
    "92": [
        -0.8185014665785937,
        -0.574504437936463
    ],
    "93": [
        -0.7943870854121129,
        -0.6074118524777472
    ],
    "94": [
        -0.7689505253393623,
        -0.6393082899355512
    ],
    "95": [
        -0.7422341230042702,
        -0.6701406618375593
    ],
    "96": [
        -0.7142823452219038,
        -0.6998576507435617
    ],
    "97": [
        -0.6851417149678444,
        -0.7284097956582689
    ],
    "98": [
        -0.6548607339452852,
        -0.7557495743542582
    ],
    "99": [
        -0.6234898018587337,
        -0.7818314824680297
    ],
    "100": [
        -0.591081132528677,
        -0.8066121092375297
    ],
    "101": [
        -0.5576886669868295,
        -0.8300502097550806
    ],
    "102": [
        -0.5233679836966124,
        -0.8521067736154563
    ],
    "103": [
        -0.48817620604828127,
        -0.8727450898448561
    ],
    "104": [
        -0.4521719072826861,
        -0.8919308080026936
    ],
    "105": [
        -0.4154150130018864,
        -0.9096319953545184
    ],
    "106": [
        -0.37796670142890687,
        -0.925819190020898
    ],