{
    "0": [
        1.0,
        0.0
    ],
    "1": [
        0.9982763964192584,
        0.0586876166851221
    ],
    "2": [
        0.9931115272956403,
        0.11717292499771687
    ],
    "3": [
        0.9845231970029772,
        0.17525431396412752
    ],
    "4": [
        0.9725410112949588,
        0.23273156500436024
    ],
    "5": [
        0.9572062752479682,
        0.28940654212700667
    ],
    "6": [
        0.938571850873926,
        0.34508387494505266
    ],
    "7": [
        0.9167019748939845,
        0.39957163215807573
    ],
    "8": [
        0.8916720373012424,
        0.4526819831791979
    ],
    "9": [
        0.8635683214758212,
        0.5042318456260302
    ],
    "10": [
        0.8324877067481783,
        0.5540435164435725
    ],
    "11": [
        0.7985373344359861,
        0.6019452844834571
    ],
    "12": [
        0.7618342385058144,
        0.647772022427849
    ],
    "13": [
        0.7225049421328023,
        0.6913657560175193
    ],
    "14": [
        0.6806850215490629,
        0.7325762086218416
    ],
    "15": [
        0.6365186386843249,
        0.7712613192734703
    ],
    "16": [
        0.5901580442098968,
        0.8072877323819243
    ],
    "17": [
        0.5417630526990613,
        0.8405312574379338
    ],
    "18": [
        0.4915004917131345,
        0.8708772971238526
    ],
    "19": [
        0.43954362671230157,
        0.8982212423543527
    ],
    "20": [
        0.3860715637736816,
        0.9224688328856125
    ],
    "21": [
        0.33126863217557595,
        0.9435364822499037
    ],
    "22": [
        0.27532374897625983,
        0.9613515658954623
    ],
    "23": [
        0.21842976777774634,
        0.9758526715383629
    ],
    "24": [
        0.16078281391946844,
        0.9869898108633836
    ],
    "25": [
        0.10258160839360368,
        0.9947245918440849
    ],
    "26": [
        0.04402678281264802,
        0.9990303510880778
    ],
    "27": [
        -0.014679812209316476,
        0.9998922457512606
    ],
    "28": [
        -0.07333580287750378,
        0.9973073047041778
    ],
    "29": [
        -0.13173898984081864,
        0.9912844387741193
    ],
    "30": [
        -0.18968804521490762,
        0.9818444100276515
    ],
    "31": [
        -0.246983206601084,
        0.9690197601994741
    ],
    "32": [
        -0.303426965708699,
        0.952854698514318
    ],
    "33": [
        -0.3588247492071358,
        0.9334049492885904
    ],
    "34": [
        -0.41298558946038827,
        0.9107375598371111
    ],
    "35": [
        -0.46572278283206353,
        0.8849306693471295
    ],
    "36": [
        -0.5168545332914941,
        0.8560732395163582
    ],
    "37": [
        -0.566204579102317,
        0.8242647478835717
    ],
    "38": [
        -0.6136028004331938,
        0.7896148449089228
    ],
    "39": [
        -0.658885805796111,
        0.7522429759860901
    ],
    "40": [
        -0.7018974952906882,
        0.7122779696892628
    ],
    "41": [
        -0.742489598712872,
        0.6698575936743557
    ],
    "42": [
        -0.780522186673046,
        0.6251280797653604
    ],
    "43": [
        -0.8158641529616238,
        0.5782436198629537
    ],
    "44": [
        -0.8483936664993149,
        0.5293658344130732
    ],
    "45": [
        -0.8779985913140924,
        0.4786632152677594
    ],
    "46": [
        -0.9045768730971196,
        0.4263105448588359
    ],
    "47": [
        -0.9280368910050942,
        0.37248829368665914
    ],
    "48": [
        -0.9482977734962752,
        0.3173819982009175
    ],
    "49": [
        -0.9652896771114412,
        0.2611816212180513
    ],
    "50": [
        -0.9789540272387627,
        0.20408089708007437
    ],
    "51": [
        -0.9892437200326237,
        0.14627666381216106
    ],
    "52": [
        -0.9961232847903359,
        0.0879681845811966
    ],
    "53": [
        -0.9995690062269984,
        0.02935646079436114
    ],
    "54": [
        -0.9995690062269984,
        -0.02935646079436045
    ],
    "55": [
        -0.9961232847903359,
        -0.08796818458119592
    ],
    "56": [
        -0.9892437200326238,
        -0.1462766638121604
    ],
    "57": [
        -0.9789540272387628,
        -0.20408089708007368
    ],
    "58": [
        -0.9652896771114414,
        -0.2611816212180506
    ],
    "59": [
        -0.9482977734962754,
        -0.31738199820091684
    ],
    "60": [
        -0.9280368910050943,
        -0.3724882936866589
    ],
    "61": [
        -0.9045768730971198,
        -0.4263105448588357
    ],
    "62": [
        -0.8779985913140925,
        -0.4786632152677592
    ],
    "63": [
        -0.848393666499315,
        -0.5293658344130729
    ],
    "64": [
        -0.815864152961624,
        -0.5782436198629535
    ],
    "65": [
        -0.7805221866730461,
        -0.6251280797653602
    ],
    "66": [
        -0.7424895987128722,
        -0.6698575936743556
    ],
    "67": [
        -0.7018974952906883,
        -0.7122779696892626
    ],
    "68": [
        -0.6588858057961112,
        -0.75224297598609
    ],
    "69": [
        -0.6136028004331944,
        -0.7896148449089223
    ],
    "70": [
        -0.5662045791023173,
        -0.8242647478835715
    ],
    "71": [
        -0.5168545332914947,
        -0.8560732395163577
    ],
    "72": [
        -0.4657227828320637,
        -0.8849306693471294
    ],
    "73": [
        -0.41298558946038894,
        -0.9107375598371109
    ],
    "74": [
        -0.35882474920713603,
        -0.9334049492885903
    ],
    "75": [
        -0.30342696570869965,
        -0.9528546985143179
    ],
    "76": [
        -0.24698320660108425,
        -0.969019760199474
    ],
    "77": [
        -0.1896880452149083,
        -0.9818444100276514
    ],
    "78": [
        -0.1317389898408189,
        -0.9912844387741193
    ],
    "79": [
        -0.07333580287750448,
        -0.9973073047041778
    ],
    "80": [
        -0.01467981220931672,
        -0.9998922457512606
    ],
    "81": [
        0.04402678281264733,
        -0.9990303510880778
    ],
    "82": [
        0.10258160839360345,
        -0.9947245918440849
    ],
    "83": [
        0.16078281391946775,
        -0.9869898108633837
    ],
    "84": [
        0.2184297677777463,
        -0.9758526715383629
    ],
    "85": [
        0.2753237489762594,
        -0.9613515658954624
    ],
    "86": [
        0.33126863217557595,
        -0.9435364822499037
    ],
    "87": [
        0.3860715637736812,
        -0.9224688328856127
    ],
    "88": [
        0.4395436267123015,
        -0.8982212423543527
    ],
    "89": [
        0.4915004917131341,
        -0.8708772971238529
    ],
    "90": [
        0.5417630526990612,
        -0.8405312574379338
    ],
    "91": [
        0.5901580442098964,
        -0.8072877323819246
    ],
    "92": [
        0.6365186386843249,
        -0.7712613192734703
    ],
    "93": [
        0.6806850215490625,
        -0.7325762086218418
    ],
    "94": [
        0.7225049421328023,
        -0.6913657560175193
    ],
    "95": [
        0.7618342385058142,
        -0.6477720224278494
    ],
    "96": [
        0.7985373344359856,
        -0.6019452844834577
    ],
    "97": [
        0.8324877067481781,
        -0.5540435164435727
    ],
    "98": [
        0.8635683214758207,
        -0.5042318456260309
    ],
    "99": [
        0.8916720373012423,
        -0.4526819831791982
    ],
    "100": [
        0.9167019748939842,
        -0.3995716321580765
    ],
    "101": [
        0.9385718508739259,
        -0.345083874945053
    ],
    "102": [
        0.957206275247968,
        -0.2894065421270074
    ],
    "103": [
        0.9725410112949587,
        -0.2327315650043605
    ],
    "104": [
        0.9845231970029771,
        -0.17525431396412827
    ],
    "105": [
        0.9931115272956403,
        -0.11717292499771714
    ],