{
    "0": [
        1.0,
        0.0
    ],
    "1": [
        0.999453257340926,
        0.03306336931730822
    ],
    "2": [
        0.9978136272187745,
        0.06609058432569945
    ],
    "3": [
        0.9950829025450114,
        0.0990455302504627
    ],
    "4": [
        0.9912640693269752,
        0.1318921713420689
    ],
    "5": [
        0.9863613034027223,
        0.16459459028073392
    ],
    "6": [
        0.9803799658748094,
        0.19711702745148033
    ],
    "7": [
        0.9733265972480059,
        0.22942392004675158
    ],
    "8": [
        0.9652089102773487,
        0.26147994095381977
    ],
    "9": [
        0.9560357815343576,
        0.29325003738446476
    ],
    "10": [
        0.9458172417006346,
        0.3246994692046835
    ],
    "11": [
        0.9345644645994609,
        0.3557938469225165
    ],
    "12": [
        0.9222897549773847,
        0.38649916929245226
    ],
    "13": [
        0.9090065350491625,
        0.4167818604952904
    ],
    "14": [
        0.8947293298207635,
        0.4466088068528066
    ],
    "15": [
        0.8794737512064891,
        0.47594739303707356
    ],
    "16": [
        0.8632564809575738,
        0.5047655377348438
    ],
    "17": [
        0.8460952524209354,
        0.5330317287279938
    ],
    "18": [
        0.82800883114802,
        0.5607150573516727
    ],
    "19": [
        0.8090169943749473,
        0.5877852522924732
    ],
    "20": [
        0.7891405093963936,
        0.6142127126896678
    ],
    "21": [
        0.768401110856859,
        0.6399685405033165
    ],
    "22": [
        0.7468214769841538,
        0.6650245721138482
    ],
    "23": [
        0.724425204791089,
        0.6893534091185659
    ],
    "24": [
        0.7012367842724886,
        0.7129284482913971
    ],
    "25": [
        0.677281571625741,
        0.7357239106731317
    ],
    "26": [
        0.6525857615241686,
        0.7577148697603348
    ],
    "27": [
        0.6271763584735369,
        0.7788772787621124
    ],
    "28": [
        0.6010811472830251,
        0.7991879968949248
    ],
    "29": [
        0.5743286626829437,
        0.8186248146866925
    ],
    "30": [
        0.5469481581224268,
        0.8371664782625287
    ],
    "31": [
        0.5189695737812151,
        0.854792712585539
    ],
    "32": [
        0.4904235038305081,
        0.8714842436272773
    ],
    "33": [
        0.46134116297868766,
        0.8872228194436119
    ],
    "34": [
        0.4317543523384929,
        0.9019912301329589
    ],
    "35": [
        0.40169542465296937,
        0.9157733266550575
    ],
    "36": [
        0.37119724891822076,
        0.9285540384897071
    ],
    "37": [
        0.340293174441643,
        0.9403193901161613
    ],
    "38": [
        0.3090169943749473,
        0.9510565162951536
    ],
    "39": [
        0.27740290876184454,
        0.9607536761368481
    ],
    "40": [
        0.245485487140799,
        0.9694002659393305
    ],
    "41": [
        0.21329963074374683,
        0.9769868307835993
    ],
    "42": [
        0.18088053433210977,
        0.9835050748723824
    ],
    "43": [
        0.14826364771184175,
        0.9889478706014685
    ],
    "44": [
        0.11548463696958602,
        0.9933092663536381
    ],
    "45": [
        0.08257934547233217,
        0.9965844930066698
    ],
    "46": [
        0.04958375467322228,
        0.9987699691483048
    ],
    "47": [
        0.016533944766358347,
        0.999863304992469
    ],
    "48": [
        -0.016533944766358447,
        0.999863304992469
    ],
    "49": [
        -0.04958375467322238,
        0.9987699691483047
    ],
    "50": [
        -0.08257934547233249,
        0.9965844930066698
    ],
    "51": [
        -0.11548463696958612,
        0.9933092663536381
    ],
    "52": [
        -0.14826364771184208,
        0.9889478706014685
    ],
    "53": [
        -0.18088053433210985,
        0.9835050748723824
    ],
    "54": [
        -0.21329963074374692,
        0.9769868307835993
    ],
    "55": [
        -0.24548548714079932,
        0.9694002659393304
    ],
    "56": [
        -0.27740290876184465,
        0.9607536761368481
    ],
    "57": [
        -0.30901699437494756,
        0.9510565162951535
    ],
    "58": [
        -0.34029317444164303,
        0.9403193901161613
    ],
    "59": [
        -0.37119724891822087,
        0.9285540384897071
    ],
    "60": [
        -0.40169542465296965,
        0.9157733266550574
    ],
    "61": [
        -0.4317543523384932,
        0.9019912301329588
    ],
    "62": [
        -0.4613411629786877,
        0.8872228194436118
    ],
    "63": [
        -0.49042350383050815,
        0.8714842436272773
    ],
    "64": [
        -0.5189695737812152,
        0.8547927125855389
    ],
    "65": [
        -0.546948158122427,
        0.8371664782625284
    ],
    "66": [
        -0.5743286626829439,
        0.8186248146866922
    ],
    "67": [
        -0.6010811472830251,
        0.7991879968949248
    ],
    "68": [
        -0.627176358473537,
        0.7788772787621124
    ],
    "69": [
        -0.6525857615241687,
        0.7577148697603346
    ],
    "70": [
        -0.6772815716257412,
        0.7357239106731315
    ],
    "71": [
        -0.7012367842724889,
        0.7129284482913968
    ],
    "72": [
        -0.724425204791089,
        0.6893534091185659
    ],
    "73": [
        -0.7468214769841539,
        0.6650245721138482
    ],
    "74": [
        -0.7684011108568591,
        0.6399685405033164
    ],
    "75": [
        -0.7891405093963938,
        0.6142127126896676
    ],
    "76": [
        -0.8090169943749477,
        0.5877852522924728
    ],
    "77": [
        -0.82800883114802,
        0.5607150573516727
    ],
    "78": [
        -0.8460952524209355,
        0.5330317287279936
    ],
    "79": [
        -0.8632564809575739,
        0.5047655377348436
    ],
    "80": [
        -0.8794737512064892,
        0.4759473930370733
    ],
    "81": [
        -0.8947293298207636,
        0.4466088068528062
    ],
    "82": [
        -0.9090065350491625,
        0.41678186049529037
    ],
    "83": [
        -0.9222897549773847,
        0.38649916929245215
    ],
    "84": [
        -0.934564464599461,
        0.35579384692251625
    ],
    "85": [
        -0.9458172417006347,
        0.32469946920468323
    ],
    "86": [
        -0.9560357815343578,
        0.29325003738446437
    ],
    "87": [
        -0.9652089102773487,
        0.26147994095381977
    ],
    "88": [
        -0.9733265972480059,
        0.22942392004675147
    ],
    "89": [
        -0.9803799658748094,
        0.1971170274514801
    ],
    "90": [
        -0.9863613034027224,
        0.1645945902807336
    ],
    "91": [
        -0.9912640693269753,
        0.13189217134206851
    ],
    "92": [
        -0.9950829025450114,
        0.09904553025046266
    ],
    "93": [
        -0.9978136272187745,
        0.06609058432569931
    ],
    "94": [
        -0.999453257340926,
        0.03306336931730798
    ],
    "95": [
        -1.0,
        -3.216245299353273e-16
    ],
    "96": [
        -0.999453257340926,
        -0.03306336931730818
    ],
    "97": [
        -0.9978136272187745,
        -0.0660905843256995
    ],
    "98": [
        -0.9950829025450114,
        -0.09904553025046287
    ],
    "99": [
        -0.9912640693269752,
        -0.13189217134206915
    ],
    "100": [
        -0.9863613034027223,
        -0.16459459028073423
    ],
    "101": [
        -0.9803799658748094,
        -0.1971170274514803
    ],
    "102": [
        -0.9733265972480059,
        -0.22942392004675166
    ],
    "103": [
        -0.9652089102773487,
        -0.26147994095381993
    ],
    "104": [
        -0.9560357815343575,
        -0.29325003738446503
    ],
    "105": [
        -0.9458172417006345,
        -0.32469946920468384
    ],
    "106": [
        -0.9345644645994609,
        -0.3557938469225165
    ],