{
    "0": [
        1.0,
        0.0
    ],
    "1": [
        0.9982437317643215,
        0.05924062789371429
    ],
    "2": [
        0.9929810960135169,
        0.1182731709213658
    ],
    "3": [
        0.9842305779475968,
        0.17689027512257297
    ],
    "4": [
        0.9720229140804107,
        0.23488604578098368
    ],
    "5": [
        0.9564009842765224,
        0.2920567706369758
    ],
    "6": [
        0.9374196611341209,
        0.34820163543439875
    ],
    "7": [
        0.9151456172430185,
        0.40312342928797223
    ],
    "8": [
        0.8896570909947473,
        0.4566292373937131
    ],
    "9": [
        0.8610436117673556,
        0.5085311186492205
    ],
    "10": [
        0.8294056854502018,
        0.5586467658036525
    ],
    "11": [
        0.7948544414133533,
        0.6068001458185934
    ],
    "12": [
        0.7575112421616201,
        0.6528221181905216
    ],
    "13": [
        0.7175072570443312,
        0.696551029062997
    ],
    "14": [
        0.6749830015182106,
        0.7378332790417272
    ],
    "15": [
        0.630087843581711,
        0.7765238627180424
    ],
    "16": [
        0.5829794791144721,
        0.8124868780056813
    ],
    "17": [
        0.5338233779647906,
        0.8455960035018261
    ],
    "18": [
        0.48279220273074486,
        0.8757349421956369
    ],
    "19": [
        0.4300652022765205,
        0.9027978299657435
    ],
    "20": [
        0.3758275821142382,
        0.9266896074318334
    ],
    "21": [
        0.3202698538628375,
        0.9473263538541914
    ],
    "22": [
        0.2635871660690676,
        0.9646355819083586
    ],
    "23": [
        0.20597861874109838,
        0.978556492299504
    ],
    "24": [
        0.14764656400248127,
        0.9890401873221639
    ],
    "25": [
        0.0887958953229349,
        0.9960498426152169
    ],
    "26": [
        0.029633327822559667,
        0.9995608365087943
    ],
    "27": [
        -0.029633327822559768,
        0.9995608365087943
    ],
    "28": [
        -0.08879589532293478,
        0.9960498426152169
    ],
    "29": [
        -0.14764656400248116,
        0.989040187322164
    ],
    "30": [
        -0.2059786187410985,
        0.978556492299504
    ],
    "31": [
        -0.2635871660690677,
        0.9646355819083586
    ],
    "32": [
        -0.32026985386283763,
        0.9473263538541914
    ],
    "33": [
        -0.3758275821142381,
        0.9266896074318335
    ],
    "34": [
        -0.43006520227652056,
        0.9027978299657434
    ],
    "35": [
        -0.48279220273074475,
        0.8757349421956369
    ],
    "36": [
        -0.5338233779647907,
        0.8455960035018261
    ],
    "37": [
        -0.5829794791144722,
        0.8124868780056812
    ],
    "38": [
        -0.630087843581711,
        0.7765238627180424
    ],
    "39": [
        -0.6749830015182107,
        0.7378332790417272
    ],
    "40": [
        -0.717507257044331,
        0.6965510290629972
    ],
    "41": [
        -0.7575112421616201,
        0.6528221181905216
    ],
    "42": [
        -0.7948544414133534,
        0.6068001458185932
    ],
    "43": [
        -0.8294056854502018,
        0.5586467658036526
    ],
    "44": [
        -0.8610436117673556,
        0.5085311186492204
    ],
    "45": [
        -0.8896570909947472,
        0.45662923739371325
    ],
    "46": [
        -0.9151456172430185,
        0.40312342928797223
    ],
    "47": [
        -0.9374196611341209,
        0.34820163543439864
    ],
    "48": [
        -0.9564009842765224,
        0.29205677063697594
    ],
    "49": [
        -0.9720229140804107,
        0.2348860457809836
    ],
    "50": [
        -0.9842305779475968,
        0.17689027512257316
    ],
    "51": [
        -0.9929810960135169,
        0.11827317092136583
    ],
    "52": [
        -0.9982437317643215,
        0.05924062789371414
    ],
    "53": [
        -1.0,
        1.2246467991473532e-16
    ],
    "54": [
        -0.9982437317643215,
        -0.059240627893714336
    ],
    "55": [
        -0.9929810960135169,
        -0.11827317092136602
    ],
    "56": [
        -0.9842305779475968,
        -0.1768902751225729
    ],
    "57": [
        -0.9720229140804107,
        -0.2348860457809838
    ],
    "58": [
        -0.9564009842765224,
        -0.29205677063697566
    ],
    "59": [
        -0.9374196611341209,
        -0.3482016354343988
    ],
    "60": [
        -0.9151456172430183,
        -0.4031234292879724
    ],
    "61": [
        -0.8896570909947473,
        -0.45662923739371303
    ],
    "62": [
        -0.8610436117673554,
        -0.5085311186492206
    ],
    "63": [
        -0.8294056854502019,
        -0.5586467658036524
    ],
    "64": [
        -0.7948544414133533,
        -0.6068001458185934
    ],
    "65": [
        -0.7575112421616199,
        -0.6528221181905217
    ],
    "66": [
        -0.7175072570443312,
        -0.6965510290629969
    ],
    "67": [
        -0.6749830015182104,
        -0.7378332790417274
    ],
    "68": [
        -0.6300878435817109,
        -0.7765238627180426
    ],
    "69": [
        -0.5829794791144721,
        -0.8124868780056813
    ],
    "70": [
        -0.533823377964791,
        -0.845596003501826
    ],
    "71": [
        -0.4827922027307446,
        -0.875734942195637
    ],
    "72": [
        -0.4300652022765204,
        -0.9027978299657435
    ],
    "73": [
        -0.37582758211423833,
        -0.9266896074318334
    ],
    "74": [
        -0.32026985386283724,
        -0.9473263538541915
    ],
    "75": [
        -0.2635871660690675,
        -0.9646355819083587
    ],
    "76": [
        -0.2059786187410985,
        -0.9785564922995039
    ],
    "77": [
        -0.14764656400248163,
        -0.9890401873221639
    ],
    "78": [
        -0.08879589532293458,
        -0.9960498426152169
    ],
    "79": [
        -0.02963332782255979,
        -0.9995608365087943
    ],
    "80": [
        0.02963332782255942,
        -0.9995608365087943
    ],
    "81": [
        0.0887958953229351,
        -0.9960498426152169
    ],
    "82": [
        0.14764656400248127,
        -0.9890401873221639
    ],
    "83": [
        0.20597861874109813,
        -0.978556492299504
    ],
    "84": [
        0.263587166069068,
        -0.9646355819083585
    ],
    "85": [
        0.32026985386283774,
        -0.9473263538541914
    ],
    "86": [
        0.375827582114238,
        -0.9266896074318335
    ],
    "87": [
        0.43006520227652084,
        -0.9027978299657433
    ],
    "88": [
        0.482792202730745,
        -0.8757349421956367
    ],
    "89": [
        0.5338233779647906,
        -0.8455960035018261
    ],
    "90": [
        0.5829794791144718,
        -0.8124868780056815
    ],
    "91": [
        0.6300878435817113,
        -0.7765238627180423
    ],
    "92": [
        0.6749830015182106,
        -0.7378332790417272
    ],
    "93": [
        0.7175072570443309,
        -0.6965510290629973
    ],
    "94": [
        0.7575112421616202,
        -0.6528221181905214
    ],
    "95": [
        0.7948544414133533,
        -0.6068001458185933
    ],
    "96": [
        0.8294056854502017,
        -0.5586467658036526
    ],
    "97": [
        0.8610436117673557,
        -0.5085311186492202
    ],
    "98": [
        0.8896570909947473,
        -0.4566292373937129
    ],
    "99": [
        0.9151456172430185,
        -0.40312342928797235
    ],
    "100": [
        0.9374196611341208,
        -0.34820163543439914
    ],
    "101": [
        0.9564009842765225,
        -0.2920567706369756
    ],
    "102": [
        0.9720229140804107,
        -0.23488604578098374
    ],
    "103": [
        0.9842305779475967,
        -0.17689027512257327
    ],
    "104": [
        0.992981096013517,
        -0.11827317092136551
    ],
    "105": [
        0.9982437317643215,
        -0.05924062789371426
    ]
}