{
    "0": [
        2.9756188096388048,
        0.28396411783122977
    ],
    "1": [
        4.043105127654703,
        1.0765814946250316
    ],
    "2": [
        -3.2523176398175404,
        -1.4399748821003497
    ],
    "3": [
        2.9366787936691514,
        1.4143133062578381
    ],
    "4": [
        4.038281529559043,
        1.0778031133640078
    ],
    "5": [
        4.101547745322573,
        1.085398164434153
    ],
    "6": [
        -3.2543542607052607,
        -1.440339554634348
    ],
    "7": [
        -3.162428469719585,
        -1.4330887075976608
    ],
    "8": [
        -4.805617682765737,
        -0.7115883143445653
    ],
    "9": [
        -4.8072461017023915,
        -0.7140941072447149
    ],
    "10": [
        2.951849747031086,
        0.2439859963642257
    ],
    "11": [
        1.2895808093844692,
        0.42262449978295846
    ],
    "12": [
        2.8327100225959567,
        1.5340048297747724
    ],
    "13": [
        -4.8183608820962505,
        -0.7092818625656754
    ],
    "14": [
        -2.367612735645483,
        -1.1345646367894613
    ],
    "15": [
        1.298565187596461,
        0.44425654284256
    ]
}