{
    "0": [
        0.29745054846651975,
        0.3790119596888921
    ],
    "1": [
        0.6457386873895583,
        -0.5621776059198922
    ],
    "2": [
        0.39644825635041414,
        0.7701910254461506
    ],
    "3": [
        0.2933798454027219,
        0.31527736004001916
    ],
    "4": [
        -1.003862531421019,
        -0.731506724637093
    ],
    "5": [
        -1.2740918260001628,
        -2.308978160075201
    ],
    "6": [
        0.15331747242215776,
        0.8394606927641757
    ],
    "7": [
        -1.2781746459589574,
        -2.3335482058886576
    ],
    "8": [
        -0.999897829114234,
        -0.7191497216322187
    ],
    "9": [
        0.936531272120515,
        1.8412555684812215
    ],
    "10": [
        0.9516976576765952,
        1.867283065029513
    ],
    "11": [
        0.8814630926658786,
        0.6428807467031259
    ]
}