{
    "0": [
        -1.7478237842325508,
        -0.31645832037057353
    ],
    "1": [
        -1.690148212671477,
        -0.29189317310398444
    ],
    "2": [
        -0.9681633963241003,
        2.337825879285976
    ],
    "3": [
        -0.9284878011846063,
        2.2977462571271197
    ],
    "4": [
        -0.03413035161230127,
        0.11157635668435084
    ],
    "5": [
        -0.9616282840869221,
        2.3509021899566367
    ],
    "6": [
        -1.773622273561699,
        -0.3193623879109566
    ],
    "7": [
        1.1646713882220956,
        -1.047540018956461
    ],
    "8": [
        1.7845274578933372,
        -1.271141360378059
    ],
    "9": [
        1.03184384179667,
        -1.1611530293816417
    ],
    "10": [
        -0.09965912239654262,
        0.16111787448289938
    ],
    "11": [
        0.7553416359839025,
        -0.4019087991825696
    ],
    "12": [
        -0.7569270744035039,
        -0.19953616236955973
    ],
    "13": [
        2.2541771204649006,
        -1.8913447461567277
    ],
    "14": [
        2.2716304758347423,
        -1.9256932504383784
    ],
    "15": [
        -0.3016016197219429,
        1.5668626907119325
    ]
}