{
    "0": [
        -0.6582827798439155,
        -0.2000441884204054
    ],
    "1": [
        -0.31740878157709496,
        -1.702360757038683
    ],
    "2": [
        1.8161569768104702,
        0.9396948488599111
    ],
    "3": [
        -1.6288035282351263,
        0.29702451897301096
    ],
    "4": [
        -1.4668244894027023,
        0.40074721536845015
    ],
    "5": [
        -0.5358058155065777,
        -0.3139162327896412
    ],
    "6": [
        1.7250258952172537,
        0.9432151087186096
    ],
    "7": [
        -1.9108531233868131,
        0.027483647930000688
    ],
    "8": [
        0.6859909711361425,
        1.7537737355687173
    ],
    "9": [
        1.7886601540484293,
        0.17668858646580676
    ],
    "10": [
        -0.30309454202086883,
        -1.7597640716490308
    ],
    "11": [
        0.687042988686354,
        1.763247843254569
    ],
    "12": [
        1.3449586010868213,
        1.462265717943232
    ],
    "13": [
        -0.45073149726552586,
        -1.6237365498464673
    ],
    "14": [
        -0.20695393004560003,
        -1.8900401387312578
    ],
    "15": [
        -0.5690770997012056,
        -0.2742792846068246
    ]
}