{
    "0": [
        -0.17981527717055645,
        0.5806752576160719
    ],
    "1": [
        0.6234592877166464,
        -0.7683160523308779
    ],
    "2": [
        -0.26622955620773414,
        -0.25480568468734877
    ],
    "3": [
        0.421818932702842,
        -2.197370170243797
    ],
    "4": [
        -1.0069347979293466,
        2.158524149406719
    ],
    "5": [
        0.6406989946814364,
        0.13085706935592611
    ],
    "6": [
        0.5255001251255861,
        -0.5446934124741301
    ],
    "7": [
        0.4724622329803082,
        -1.571379178359443
    ],
    "8": [
        -0.5059459362555857,
        1.5307275767138355
    ],
    "9": [
        0.4607779962884889,
        -1.8128143664353225
    ],
    "10": [
        -0.9777085621807386,
        2.1323057042213396
    ],
    "11": [
        -0.20808343975134724,
        0.6162891072170247
    ]
}