{
    "0": [
        -0.06581750987219337,
        -1.425401865070935
    ],
    "1": [
        1.4428138729227795,
        -0.9630606797574461
    ],
    "2": [
        1.235101744359632,
        -0.8771305913490501
    ],
    "3": [
        -2.315848180549187,
        1.9167460683935746
    ],
    "4": [
        3.437773667416905,
        -2.110279420967986
    ],
    "5": [
        3.423541383097846,
        -2.1022597242960464
    ],
    "6": [
        -1.0690785360559811,
        1.1018875161943176
    ],
    "7": [
        -0.23565094864935787,
        0.9393319649388656
    ],
    "8": [
        -2.312245774253128,
        1.914563174609894
    ],
    "9": [
        -2.321933213256763,
        1.9225925536478121
    ],
    "10": [
        -1.0774591967914073,
        1.0989638622761055
    ],
    "11": [
        -0.14119730836914357,
        -1.415952858619104
    ]
}