{
    "0": [
        0.27033327306687793,
        0.6607193764448507
    ],
    "1": [
        -0.13155003731325143,
        -1.5906622645945863
    ],
    "2": [
        1.279912338283999,
        1.2071935277433088
    ],
    "3": [
        -1.0456120923250678,
        1.1826446665626928
    ],
    "4": [
        -0.11297462180686146,
        0.8826668582947619
    ],
    "5": [
        -0.19133368030151265,
        -0.9343429867272626
    ],
    "6": [
        0.540751106375803,
        0.8577777747205992
    ],
    "7": [
        -0.22245206378757088,
        -1.3006647251351229
    ],
    "8": [
        -1.2826967551150172,
        -2.1856949907181473
    ],
    "9": [
        1.6013467893391415,
        1.0578565145767662
    ],
    "10": [
        -0.23296226951563526,
        -0.9613799475244793
    ],
    "11": [
        -1.0176512107193236,
        1.1757565197358133
    ],
    "12": [
        0.6279721807553904,
        0.7696762834217505
    ],
    "13": [
        -1.2885392937915277,
        -2.1815919395986665
    ],
    "14": [
        1.2054563368545623,
        1.3600453327977178
    ]
}