{
    "0": [
        -0.28785650457093404,
        -2.281760735943907
    ],
    "1": [
        -0.7818055671204118,
        -0.834981273858002
    ],
    "2": [
        -0.5633283940120701,
        1.7862644074586163
    ],
    "3": [
        2.4169949523638974,
        -0.9748740108799057
    ],
    "4": [
        2.4058562069901765,
        -0.9593570340577422
    ],
    "5": [
        1.6599479088497993,
        -0.02281441199100609
    ],
    "6": [
        -0.5731139616444343,
        1.7974859246937078
    ],
    "7": [
        -2.0361264312358887,
        1.9149502804151073
    ],
    "8": [
        -0.773665184129962,
        -0.8041032991939616
    ],
    "9": [
        -0.28962456832779426,
        -2.2741162526977936
    ],
    "10": [
        -0.2898144757196559,
        -2.2994416873846886
    ],
    "11": [
        -2.0591516937820256,
        1.9181032109628253
    ],
    "12": [
        -2.0189142894061187,
        1.9104662317919425
    ],
    "13": [
        -0.47667454793614916,
        1.0440068376976246
    ],
    "14": [
        -0.37574555964508916,
        1.0594439154900535
    ],
    "15": [
        1.661946095675503,
        -0.021427701449043823
    ],
    "16": [
        2.3810760136511617,
        -0.9578444010538112
    ]
}