{
    "0": [
        2.7930461898476517,
        0.13595127774350546
    ],
    "1": [
        2.6192041561203565,
        -0.741228619968926
    ],
    "2": [
        2.561314259288542,
        -0.859800245544192
    ],
    "3": [
        -1.2566474635611558,
        -0.773876885177581
    ],
    "4": [
        -1.8542457891625643,
        1.5266793418788516
    ],
    "5": [
        -1.8263235705169931,
        1.441492205171596
    ],
    "6": [
        -1.6154964128117841,
        0.7729197169866673
    ],
    "7": [
        -1.25887697632034,
        -0.7431169029227482
    ],
    "8": [
        -1.2886026666747314,
        -0.7868542378960823
    ],
    "9": [
        -2.6500350221469544,
        -1.0650544473107864
    ],
    "10": [
        -2.6541557951309374,
        -1.0668730984963357
    ],
    "11": [
        3.222864388761822,
        1.107042590428195
    ],
    "12": [
        3.2079547023070867,
        1.0527193051078299
    ]
}