{
    "0": [
        1.2185528477277145,
        0.0240914956500049
    ],
    "1": [
        1.164993385758791,
        0.10661276954222565
    ],
    "2": [
        2.4960026460316893,
        -2.2644473909223257
    ],
    "3": [
        2.4719513929271013,
        -2.2691362247758953
    ],
    "4": [
        2.4979444882189252,
        -2.2729171195035387
    ],
    "5": [
        2.495955564021264,
        -2.264143889164093
    ],
    "6": [
        0.5781964341629902,
        1.2073072936419376
    ],
    "7": [
        -2.7662209526483164,
        2.603823217807089
    ],
    "8": [
        -2.7735771749086098,
        2.58986580873464
    ],
    "9": [
        0.5199913918725301,
        1.2731976269181526
    ],
    "10": [
        -3.0034641922372787,
        0.49736877444701744
    ],
    "11": [
        -3.0101222511447316,
        0.49337912570964626
    ],
    "12": [
        0.8850876776002039,
        -2.3308766720066116
    ],
    "13": [
        -2.7752912573822845,
        2.6058751839217598
    ]
}