{
    "0": [
        -8.2717878177445,
        3.4984801562821284
    ],
    "1": [
        -8.247808361431499,
        2.6911398349633293
    ],
    "2": [
        -8.24659268377538,
        2.7583149882769575
    ],
    "3": [
        -7.958901077361637,
        4.151685002236546
    ],
    "4": [
        -8.245820870229835,
        2.749610757090463
    ],
    "5": [
        -8.248684296515723,
        2.811343544473875
    ],
    "6": [
        -8.141100034616095,
        3.7500661061756535
    ],
    "7": [
        8.662603423865267,
        -2.399353651180075
    ],
    "8": [
        7.573475588514777,
        -3.2547889017334075
    ],
    "9": [
        7.532718286141182,
        -3.243348276364461
    ],
    "10": [
        8.398781685516028,
        -3.391895018924828
    ],
    "11": [
        8.420726154623281,
        -3.3385556499746727
    ],
    "12": [
        8.309975255972141,
        -3.387412116964203
    ],
    "13": [
        8.462414747041997,
        -3.3952867743573343
    ]
}