{
    "0": [
        -8.367561157310789,
        1.578702927862416
    ],
    "1": [
        -7.9479226053441945,
        2.096236273733517
    ],
    "2": [
        -8.31113525898027,
        1.7275196466200038
    ],
    "3": [
        -7.025223806409841,
        1.818190129308479
    ],
    "4": [
        -7.051670876847352,
        1.8230749232976367
    ],
    "5": [
        -7.963571918136779,
        2.0800078181303183
    ],
    "6": [
        -8.361807634926562,
        1.5798086047636355
    ],
    "7": [
        9.189178246115013,
        -2.105536653075793
    ],
    "8": [
        9.27545708660599,
        -2.121657764701314
    ],
    "9": [
        9.073288710616765,
        -2.0950848075028654
    ],
    "10": [
        9.860350389610137,
        -2.220716713482043
    ],
    "11": [
        9.201663140931542,
        -2.1133127109949585
    ],
    "12": [
        8.428955684076323,
        -2.0472316739590477
    ]
}