{
    "0": [
        1.0,
        0.0
    ],
    "1": [
        0.9902680687415704,
        0.13917310096006544
    ],
    "2": [
        0.9612616959383189,
        0.27563735581699916
    ],
    "3": [
        0.9135454576426009,
        0.4067366430758002
    ],
    "4": [
        0.848048096156426,
        0.5299192642332049
    ],
    "5": [
        0.766044443118978,
        0.6427876096865393
    ],
    "6": [
        0.6691306063588582,
        0.7431448254773942
    ],
    "7": [
        0.5591929034707468,
        0.8290375725550417
    ],
    "8": [
        0.43837114678907746,
        0.898794046299167
    ],
    "9": [
        0.30901699437494745,
        0.9510565162951535
    ],
    "10": [
        0.17364817766693041,
        0.984807753012208
    ],
    "11": [
        0.03489949670250108,
        0.9993908270190958
    ],
    "12": [
        -0.10452846326765355,
        0.9945218953682733
    ],
    "13": [
        -0.24192189559966779,
        0.9702957262759965
    ],
    "14": [
        -0.37460659341591207,
        0.9271838545667874
    ],
    "15": [
        -0.4999999999999998,
        0.8660254037844387
    ],
    "16": [
        -0.6156614753256583,
        0.788010753606722
    ],
    "17": [
        -0.7193398003386512,
        0.6946583704589971
    ],
    "18": [
        -0.8090169943749473,
        0.5877852522924732
    ],
    "19": [
        -0.882947592858927,
        0.4694715627858907
    ],
    "20": [
        -0.9396926207859083,
        0.3420201433256689
    ],
    "21": [
        -0.9781476007338057,
        0.20791169081775931
    ],
    "22": [
        -0.9975640502598242,
        0.06975647374412552
    ],
    "23": [
        -0.9975640502598242,
        -0.06975647374412527
    ],
    "24": [
        -0.9781476007338056,
        -0.2079116908177595
    ],
    "25": [
        -0.9396926207859084,
        -0.34202014332566866
    ],
    "26": [
        -0.8829475928589269,
        -0.46947156278589086
    ],
    "27": [
        -0.8090169943749476,
        -0.587785252292473
    ],
    "28": [
        -0.7193398003386511,
        -0.6946583704589974
    ],
    "29": [
        -0.6156614753256581,
        -0.7880107536067221
    ],
    "30": [
        -0.5000000000000004,
        -0.8660254037844384
    ],
    "31": [
        -0.3746065934159123,
        -0.9271838545667873
    ],
    "32": [
        -0.24192189559966779,
        -0.9702957262759965
    ],
    "33": [
        -0.10452846326765336,
        -0.9945218953682734
    ],
    "34": [
        0.03489949670250128,
        -0.9993908270190958
    ],
    "35": [
        0.17364817766692997,
        -0.9848077530122081
    ],
    "36": [
        0.30901699437494723,
        -0.9510565162951536
    ],
    "37": [
        0.4383711467890774,
        -0.898794046299167
    ],
    "38": [
        0.559192903470747,
        -0.8290375725550416
    ],
    "39": [
        0.6691306063588578,
        -0.7431448254773946
    ],
    "40": [
        0.7660444431189778,
        -0.6427876096865396
    ],
    "41": [
        0.848048096156426,
        -0.529919264233205
    ],
    "42": [
        0.913545457642601,
        -0.40673664307580015
    ],
    "43": [
        0.9612616959383189,
        -0.27563735581699894
    ],
    "44": [
        0.9902680687415703,
        -0.13917310096006588
    ]
}