{
    "0": [
        0.38139275984826426,
        0.22521668395937589
    ],
    "1": [
        -0.7219056503531656,
        -14.252773844762707
    ],
    "2": [
        0.5222342958829191,
        0.3556970272658653
    ],
    "3": [
        0.5590960191408216,
        0.34051632874209936
    ],
    "4": [
        -5.908459300052369,
        -8.141169845686726
    ],
    "5": [
        0.22653525850522804,
        1.0559827412092861
    ],
    "6": [
        1.6273472232729604,
        -13.918135651446729
    ],
    "7": [
        -0.12954561211705595,
        0.482262879559638
    ],
    "8": [
        3.348238018817713,
        0.9439697334265897
    ],
    "9": [
        -1.2315195110193242,
        -3.793633483310222
    ],
    "10": [
        -0.7937883262182641,
        -13.695862176590804
    ],
    "11": [
        -0.693816982550536,
        -14.63592358036658
    ],
    "12": [
        0.5664494422485671,
        -14.092484308306382
    ],
    "13": [
        -1.4898116542783537,
        -14.459067318178858
    ],
    "14": [
        -0.38321372323975744,
        -13.772133568247243
    ],
    "15": [
        -1.3124175166131629,
        -14.013904591229926
    ],
    "16": [
        -0.4617359352304984,
        -14.073608679218806
    ],
    "17": [
        -0.8634116707149939,
        -13.922779937311661
    ],
    "18": [
        8.578096229475658,
        18.672873841688876
    ],
    "19": [
        -6.2519626680351,
        -6.594677807307946
    ],
    "20": [
        -0.6156469098708843,
        -14.006295524709692
    ],
    "21": [
        1.366350446554872,
        -15.125472534059272
    ],
    "22": [
        6.358349282582453,
        19.30053146838803
    ],
    "23": [
        -0.15321879964408058,
        0.550719949403069
    ],
    "24": [
        7.313353664112795,
        18.930720314933296
    ],
    "25": [
        6.90317362311399,
        18.948122650282095
    ],
    "26": [
        6.52080136391795,
        19.374088948617015
    ],
    "27": [
        -0.30195417215781006,
        0.7084355042159167
    ],
    "28": [
        -1.050187467658957,
        -3.09494746202396
    ],
    "29": [
        -0.5166276847518505,
        -0.22891645464370391
    ],
    "30": [
        6.318325890768507,
        18.36362260782061
    ],
    "31": [
        5.709140938559867,
        18.851544894005073
    ],
    "32": [
        6.9642235322380595,
        19.437648753865737
    ],
    "33": [
        7.1366068391657675,
        19.773517860672804
    ],
    "34": [
        7.1612852326340315,
        19.24387048365162
    ],
    "35": [
        6.576218915147568,
        19.108726470118434
    ],
    "36": [
        6.873887819223136,
        19.143934321096786
    ],
    "37": [
        -11.573862057075951,
        -10.887637855614503
    ],
    "38": [
        7.347030129737768,
        19.603413241633397
    ],
    "39": [
        7.728258254674247,
        19.197901535733607
    ],
    "40": [
        7.483644539691206,
        18.702738044717393
    ],
    "41": [
        6.703584951076489,
        19.76642415924703
    ],
    "42": [
        7.635749710399323,
        20.02065177649949
    ],
    "43": [
        7.506306155416303,
        19.31259723631556
    ],
    "44": [
        -0.7007011499278804,
        -14.670140555998074
    ],
    "45": [
        1.9501815685501667,
        -14.009932518097052
    ],
    "46": [
        1.7701159579515142,
        -14.442956994030524
    ],
    "47": [
        1.9379052154564205,
        -13.657915988823127
    ],
    "48": [
        2.0417870230621773,
        -14.072955123824675
    ],
    "49": [
        1.9093710496825231,
        -14.607503178235268
    ],
    "50": [
        1.794713112669335,
        -13.87513502748644
    ],
    "51": [
        -6.074821561494781,
        -7.766995396499698
    ],
    "52": [
        -6.078883013418908,
        -7.953931141671712
    ],
    "53": [
        -6.0676589482913545,
        -7.839578168307589
    ],
    "54": [
        -5.60107109559732,
        -7.888184016297065
    ],
    "55": [
        -5.914296662426612,
        -7.541627801826248
    ],
    "56": [
        -7.244658662034486,
        -8.589023439591184
    ],
    "57": [
        -6.884203699164425,
        -8.465222893123435
    ],
    "58": [
        7.855166350295177,
        19.577588277848683
    ],
    "59": [
        1.9417974765493726,
        -14.785486893802652
    ],
    "60": [
        1.8289767379880066,
        -14.745933590388065
    ],
    "61": [
        7.931540144605427,
        19.61204254371065
    ],
    "62": [
        5.098180470624409,
        18.085867173831645
    ],
    "63": [
        5.423105051747622,
        18.607591439284477
    ],
    "64": [
        6.729028371658107,
        19.985027454787236
    ],
    "65": [
        6.942962691484952,
        19.64674362158201
    ],
    "66": [
        7.080298416733647,
        20.07619407059203
    ],
    "67": [
        0.25780214156092196,
        1.1357285478991113
    ],
    "68": [
        7.953214034599768,
        19.042556840146936
    ],
    "69": [
        7.421546726692296,
        19.996710252330836
    ],
    "70": [
        0.5391179344998029,
        -14.067466757604734
    ],
    "71": [
        2.951991258656011,
        1.1289073500696638
    ],
    "72": [
        3.127375360659406,
        0.8646531190633464
    ],
    "73": [
        -7.465763632200001,
        -17.33828242011688
    ],
    "74": [
        3.228459470412319,
        1.356242936614553
    ],
    "75": [
        3.3656513474185994,
        0.9955943114882118
    ],
    "76": [
        3.3190983952529107,
        0.8770700422161664
    ],
    "77": [
        -2.6720090063340645,
        -1.2462699916310456
    ],
    "78": [
        -2.8056533886692328,
        -1.1118596644970804
    ],
    "79": [
        -2.150237503760586,
        -1.8123387102645907
    ],
    "80": [
        -2.950432225930883,
        -0.9670291649200706
    ],
    "81": [
        -11.521175644637166,
        -10.82521322840078
    ],
    "82": [
        -11.636758704686448,
        -10.929440455890028
    ],
    "83": [
        8.340224684745433,
        19.29480474558776
    ],
    "84": [
        8.335407609876427,
        19.553311620597107
    ],
    "85": [
        8.030703405587445,
        19.292523328190093
    ],
    "86": [
        6.905077745982946,
        18.464864890715887
    ],
    "87": [
        -0.35029993598475784,
        -2.656745472968849
    ],
    "88": [
        5.943067563263603,
        17.49207838391007
    ],
    "89": [
        6.178614881940308,
        18.330144215018535
    ],
    "90": [
        8.18256232277378,
        19.214288658083703
    ],
    "91": [
        8.190270255109056,
        18.847796158850457
    ],
    "92": [
        8.36669019416243,
        19.03122466816845
    ],
    "93": [
        -2.15661126040465,
        -1.9956663385812714
    ],
    "94": [
        -2.1990904850042794,
        -1.744427144515937
    ],
    "95": [
        8.170334783115198,
        19.867327756914577
    ],
    "96": [
        7.151773786313112,
        18.07357779709612
    ],
    "97": [
        -0.5991267169430587,
        -2.47813071040615
    ],
    "98": [
        -11.03375452335644,
        -13.21740592432066
    ],
    "99": [
        -1.4263958783374546,
        -3.738164933463077
    ],
    "100": [
        -1.1612596522928236,
        -4.184876712060202
    ],
    "101": [
        -1.8578787426262382,
        -4.284455018251306
    ],
    "102": [
        -1.3195052436039836,
        -4.125857575644609
    ],
    "103": [
        -1.3847866407393878,
        -3.9286543630783104
    ],
    "104": [
        -1.3817779190154154,
        -4.1952051405744335
    ],
    "105": [
        -7.753542269031539,
        -17.622216922669477
    ],
    "106": [
        -7.354408355862832,
        -17.228239883217142
    ],
    "107": [
        -7.512196317978137,
        -17.384851704355015
    ],