{
    "0": [
        -0.7367270599795841,
        -1.308929147562305
    ],
    "1": [
        -0.3290087552384029,
        -1.0873202902000032
    ],
    "2": [
        -0.6300216303190149,
        -1.3974841351500529
    ],
    "3": [
        -0.7993500250602912,
        -1.5673653489679582
    ],
    "4": [
        -0.5810942447800342,
        -0.9751327674322217
    ],
    "5": [
        -0.38388361237603386,
        -0.456568159118357
    ],
    "6": [
        0.406143154147947,
        -1.2375273328648024
    ],
    "7": [
        0.3229444320538115,
        0.4154189730383373
    ],
    "8": [
        -4.228327155768796,
        -8.638497756288974
    ],
    "9": [
        -3.6280774373552784,
        -8.573041586648753
    ],
    "10": [
        -4.166266912661037,
        -8.692884981282218
    ],
    "11": [
        -4.385597936240492,
        -9.01626906358782
    ],
    "12": [
        -4.236189979568661,
        -8.403933723122774
    ],
    "13": [
        -4.1969343613799115,
        -8.526291435550464
    ],
    "14": [
        -3.798003462373808,
        -8.702390323484499
    ],
    "15": [
        -3.7493437320312326,
        -8.940955687373956
    ],
    "16": [
        -3.8703701604818552,
        -8.344236737612695
    ],
    "17": [
        -3.2359508499249463,
        -8.46758136805103
    ],
    "18": [
        -3.140909095550538,
        -8.229592977058791
    ],
    "19": [
        -3.5361135011492983,
        -8.352142980372593
    ],
    "20": [
        -0.9201439370748807,
        -7.044595216139537
    ],
    "21": [
        -1.0866495274087187,
        -7.184339529250745
    ],
    "22": [
        -0.7610958736611755,
        -6.89708563937209
    ],
    "23": [
        1.1374448894358586,
        0.7395444044815824
    ],
    "24": [
        2.295555822042118,
        1.8181898017420868
    ],
    "25": [
        -1.2543006899289244,
        -7.3584795584683835
    ],
    "26": [
        1.6469953912770219,
        2.6862146876211646
    ],
    "27": [
        1.7880082628250564,
        2.467648615870474
    ],
    "28": [
        1.8240447390501693,
        2.2680269090630687
    ],
    "29": [
        2.1122489016542163,
        2.8282961330007237
    ],
    "30": [
        1.8883479115001238,
        3.186629575464932
    ],
    "31": [
        2.3287429180663013,
        3.6986915466752204
    ],
    "32": [
        1.769062283312035,
        3.15128258417734
    ],
    "33": [
        5.114437736888104,
        0.14576574600750947
    ],
    "34": [
        0.7067602346083031,
        1.627819756587439
    ],
    "35": [
        0.9304293550533451,
        2.0257111294385983
    ],
    "36": [
        0.6037278093657967,
        0.781514025109336
    ],
    "37": [
        0.18092863940055004,
        1.1083342698490344
    ],
    "38": [
        1.283023305539337,
        0.9993686084706934
    ],
    "39": [
        0.3094092756897169,
        1.6676172137965168
    ],
    "40": [
        1.9567055335554704,
        1.2335389745101346
    ],
    "41": [
        1.9987832654637092,
        0.27207694730742515
    ],
    "42": [
        1.2474229286291845,
        -0.4048908146536174
    ],
    "43": [
        0.863985887053321,
        2.5454906127444272
    ],
    "44": [
        2.351254262029583,
        -0.26510820863983264
    ],
    "45": [
        1.4874267913716226,
        -1.2789035011854728
    ],
    "46": [
        2.427224617824348,
        1.2895094142067607
    ],
    "47": [
        2.0504346779407108,
        1.617786358307192
    ],
    "48": [
        0.44123274857888584,
        -1.390849269582898
    ],
    "49": [
        5.120061551643689,
        -0.46385440668520417
    ],
    "50": [
        -6.1224813042620685,
        3.381039343644933
    ],
    "51": [
        -6.073936452038084,
        3.7760299550916483
    ],
    "52": [
        -5.911498439786895,
        3.9929504089426664
    ],
    "53": [
        -5.949490024783422,
        3.495796260080699
    ],
    "54": [
        -6.288210416498943,
        3.9542054464579333
    ],
    "55": [
        -5.871815627731413,
        3.8272489301482513
    ],
    "56": [
        -6.819137881386521,
        2.8787291522930807
    ],
    "57": [
        -5.931235763678696,
        3.1451774656496263
    ],
    "58": [
        -6.499992708446105,
        3.5089266222686395
    ],
    "59": [
        -6.32062010314805,
        2.944596955086046
    ],
    "60": [
        0.36260532132057666,
        1.8622659089928537
    ],
    "61": [
        1.014398014781178,
        1.3186108485327508
    ],
    "62": [
        0.12853190553305716,
        1.311266772722829
    ],
    "63": [
        0.5813258227169724,
        2.7981743313451504
    ],
    "64": [
        0.2798137776354017,
        2.18980073889935
    ],
    "65": [
        -0.38339694494426224,
        0.3449927290584296
    ],
    "66": [
        -0.2103880761632082,
        1.9540467147214522
    ],
    "67": [
        0.23550166772496395,
        2.8171651050617137
    ],
    "68": [
        -0.15305406917766673,
        2.083311978672643
    ],
    "69": [
        -0.31087702614533397,
        1.4938696077315705
    ],
    "70": [
        3.0421393470127347,
        3.193305523793811
    ],
    "71": [
        -6.544891941204898,
        3.1875619842153733
    ],
    "72": [
        -0.834240638767505,
        -0.17578755465801654
    ],
    "73": [
        -0.6655158211157959,
        0.04941925894747845
    ],
    "74": [
        -0.7582185023693442,
        -0.22020105404409307
    ],
    "75": [
        1.545550424836053,
        3.6762254365278957
    ],
    "76": [
        2.5087640978967354,
        3.424556584833786
    ],
    "77": [
        2.9505380528002965,
        3.2771708936983814
    ],
    "78": [
        2.3919789171424837,
        -1.2685624102299733
    ],
    "79": [
        1.7412906796814251,
        3.5512895416986656
    ],
    "80": [
        2.35499581756212,
        4.021521798690554
    ],
    "81": [
        2.3266883454813128,
        4.269858673675849
    ],
    "82": [
        2.119202177855736,
        3.4843224818371756
    ],
    "83": [
        1.9538422143140908,
        4.22327034073516
    ],
    "84": [
        1.9912070522827934,
        3.863119430021699
    ],
    "85": [
        3.2338981271405105,
        3.225563776189516
    ],
    "86": [
        3.3851023626436323,
        3.3687358078012957
    ],
    "87": [
        0.6756445586864221,
        1.063940478290363
    ],
    "88": [
        0.8876203755779151,
        1.1129629135520793
    ],
    "89": [
        0.679235267749497,
        1.177966449577188
    ],
    "90": [
        -0.960662274014076,
        1.161372890776431
    ],
    "91": [
        -6.615670586889722,
        4.160558907047049
    ],
    "92": [
        2.620567504268087,
        4.167684166469947
    ],
    "93": [
        2.556576819474806,
        -0.9014121172310885
    ],
    "94": [
        1.949500644867034,
        -1.3435901230644829
    ],
    "95": [
        1.2843836668573827,
        -0.2527459358755606
    ],
    "96": [
        0.8619905147210569,
        -0.9075126529556821
    ],
    "97": [
        1.884057395230955,
        -0.5674664415785937
    ],
    "98": [
        5.361356994212883,
        -0.39718917765561024
    ],
    "99": [
        5.862377021526219,
        -0.603678037298256
    ],
    "100": [
        5.448416356767563,
        -0.2782341448345944
    ],
    "101": [
        -0.9218986154299282,
        1.0725661528580877
    ],
    "102": [
        5.3412288381271775,
        -0.16620821522006857
    ],
    "103": [
        2.2428074080227,
        0.049488021010544614
    ],
    "104": [
        2.9024208405820726,
        -0.008155559020727399
    ],
    "105": [
        2.023258921308808,
        -0.33751467603320195
    ],
    "106": [
        2.193427265267342,
        0.14812681450108922
    ],