{
    "0": [
        -3.386637818718068,
        -2.908745111625631
    ],
    "1": [
        -3.2663525773799993,
        -2.459490974791822
    ],
    "2": [
        -3.7503236542424414,
        -3.1959233007715486
    ],
    "3": [
        -3.179578380629348,
        -3.478857467898175
    ],
    "4": [
        -3.052887951229625,
        -3.1213831634708633
    ],
    "5": [
        -3.557623008449532,
        -2.7347276525917046
    ],
    "6": [
        -2.2457265453106565,
        -3.259555046540836
    ],
    "7": [
        -3.770092762492821,
        -2.5249350690391728
    ],
    "8": [
        -3.402077381836273,
        -3.24994926843104
    ],
    "9": [
        -2.733514066475946,
        -2.922357886941647
    ],
    "10": [
        -1.8100730777087621,
        -2.0045843845872744
    ],
    "11": [
        -0.9774187649526285,
        -0.3818177865309087
    ],
    "12": [
        -0.5040354669890226,
        -0.5555894106122832
    ],
    "13": [
        -1.3718849615824702,
        -0.2208035600751641
    ],
    "14": [
        -0.2559246760862095,
        -0.7887295824480853
    ],
    "15": [
        -0.5124019925449241,
        -1.1043372984748308
    ],
    "16": [
        -0.4295317458211487,
        0.036872958454569726
    ],
    "17": [
        -2.450147453810822,
        -3.9585166168104067
    ],
    "18": [
        -2.3329424260802236,
        -3.5796647877282464
    ],
    "19": [
        -2.1265023028401284,
        -4.093647219574576
    ],
    "20": [
        -2.107426056145834,
        -3.8487915930095546
    ],
    "21": [
        -2.2799113016005137,
        -3.9531601824623053
    ],
    "22": [
        -2.4455800861968386,
        -4.170699424440942
    ],
    "23": [
        -1.868583887916536,
        -3.7719418542861227
    ],
    "24": [
        -2.7688624425043615,
        -3.928599999708929
    ],
    "25": [
        -0.3700167235584946,
        -1.205661020665599
    ],
    "26": [
        -2.49511867579952,
        -3.0056409355024165
    ],
    "27": [
        -1.2279933689933653,
        -1.8827356285435934
    ],
    "28": [
        -1.1884834162691602,
        -1.438922855022014
    ],
    "29": [
        -1.3646083178446702,
        -2.174443987194633
    ],
    "30": [
        -0.7817256417479594,
        -1.7883204206459569
    ],
    "31": [
        -1.7576539390914991,
        -1.320050145420173
    ],
    "32": [
        -0.34626612752368224,
        0.028197741778160257
    ],
    "33": [
        -1.4834842223732672,
        -0.5493954234271028
    ],
    "34": [
        -3.009662982445686,
        -11.083219721340177
    ],
    "35": [
        -1.574841977545356,
        -1.1853220863109035
    ],
    "36": [
        -2.9315614743428533,
        -3.285880093064595
    ],
    "37": [
        0.0994085243048044,
        8.486374679576082
    ],
    "38": [
        -3.2455897068817237,
        -3.568375358484974
    ],
    "39": [
        -2.1079575424263624,
        -2.7133364087746834
    ],
    "40": [
        -1.6289952306657804,
        -2.5012929364842043
    ],
    "41": [
        -1.6843224230020128,
        -3.6053733903112954
    ],
    "42": [
        -1.4429564711135496,
        -2.3774237369994253
    ],
    "43": [
        -2.0211002792515496,
        -1.5168370977719885
    ],
    "44": [
        -2.0055407724733865,
        -1.92132718925017
    ],
    "45": [
        1.0603041311451706,
        1.9298160893808824
    ],
    "46": [
        5.012223755093326,
        8.256914281447322
    ],
    "47": [
        -2.211203830716781,
        -2.7849675662701916
    ],
    "48": [
        -3.592321162472013,
        -3.6399492896624857
    ],
    "49": [
        0.30125460812558735,
        8.657529179166541
    ],
    "50": [
        0.3567826315093283,
        8.272047643277041
    ],
    "51": [
        0.41435397991640777,
        8.518722655964726
    ],
    "52": [
        0.04734486109514524,
        7.114892112806967
    ],
    "53": [
        0.17195794726117164,
        7.894046780089209
    ],
    "54": [
        0.4357241132465486,
        8.541529669837878
    ],
    "55": [
        -2.8827187689756464,
        -2.1032229243942577
    ],
    "56": [
        2.217096949705245,
        -0.20335880843153298
    ],
    "57": [
        0.6387678549784708,
        1.7299054231174633
    ],
    "58": [
        0.6720090528293028,
        -0.5303912458178521
    ],
    "59": [
        1.2825476335566894,
        0.49745720986055897
    ],
    "60": [
        0.5877591233043349,
        1.813351375314649
    ],
    "61": [
        -3.243410715095182,
        -10.853295608186235
    ],
    "62": [
        -3.466978325826444,
        -10.967153810217438
    ],
    "63": [
        -3.414749457602122,
        -11.12933369237985
    ],
    "64": [
        -3.3094491600239806,
        -10.840258310760651
    ],
    "65": [
        -3.8578098851002185,
        -11.348784025796766
    ],
    "66": [
        -3.6911727924536795,
        -11.141146336343535
    ],
    "67": [
        -3.4330837924042097,
        -11.236569969044853
    ],
    "68": [
        -3.9235187430493426,
        -3.6101128999338234
    ],
    "69": [
        1.2303910769426878,
        -2.557302886695319
    ],
    "70": [
        -3.637190427430701,
        -3.7611225390814367
    ],
    "71": [
        2.107654937872121,
        -2.0721614638402084
    ],
    "72": [
        2.0056947691327816,
        -2.2143578435509097
    ],
    "73": [
        1.6733098881563526,
        -2.2476249350422792
    ],
    "74": [
        2.295536183517574,
        -1.2143135782938907
    ],
    "75": [
        2.647086853346172,
        -0.1033589049603636
    ],
    "76": [
        2.6359321166639416,
        0.150959264248951
    ],
    "77": [
        2.433499296322137,
        0.06933555130708946
    ],
    "78": [
        2.730615799436934,
        0.0579365951953692
    ],
    "79": [
        2.38399520401652,
        -0.5850381128104427
    ],
    "80": [
        2.349743200125137,
        0.19526040547922996
    ],
    "81": [
        1.8295283671693396,
        -1.6420524357370931
    ],
    "82": [
        -1.8046505522093588,
        2.93103812400569
    ],
    "83": [
        1.7127235812645236,
        -2.276091907063588
    ],
    "84": [
        1.6874811412763018,
        -2.2722528013730514
    ],
    "85": [
        -1.2863166670354946,
        0.19580647162766684
    ],
    "86": [
        0.8322926209202306,
        2.719011559966709
    ],
    "87": [
        -1.4372557175048586,
        3.5633507566033225
    ],
    "88": [
        0.04995438226817406,
        7.001882779572199
    ],
    "89": [
        0.004848204373627318,
        7.039186060906568
    ],
    "90": [
        -0.1986743235157995,
        2.970863417910385
    ],
    "91": [
        -1.7221214453811733,
        3.223957348809991
    ],
    "92": [
        -1.5688367420521931,
        1.1870359080703232
    ],
    "93": [
        -1.579996036686051,
        3.4091868161763013
    ],
    "94": [
        -1.299536634071396,
        3.2239479896399215
    ],
    "95": [
        -1.4863692643151385,
        2.7850504495263473
    ],
    "96": [
        15.142283749566472,
        0.26173816971608854
    ],
    "97": [
        -0.6919858316027616,
        7.562131784728519
    ],
    "98": [
        0.2668996295120616,
        2.972090182897907
    ],
    "99": [
        -0.8606213534377236,
        -0.661176094846911
    ],
    "100": [
        1.1532127730410657,
        0.12323916571585691
    ],
    "101": [
        1.10548557081425,
        0.008338796857070285
    ],
    "102": [
        1.2525679832187757,
        0.09676016156566725
    ],
    "103": [
        0.8876609410002505,
        0.00761397446369827
    ],
    "104": [
        2.468548333584485,
        2.2073212046068043
    ],
    "105": [
        1.1392175229996404,
        -0.29095902295475895
    ],
    "106": [
        -0.1924624711352907,
        0.3267776516685337
    ],