{
    "0": [
        -9.115220552446988,
        -3.5643991910305393
    ],
    "1": [
        -9.173170993948851,
        -3.6821404795803065
    ],
    "2": [
        -9.026018921896782,
        -4.167582543205158
    ],
    "3": [
        -8.647538436365934,
        -3.283067650991933
    ],
    "4": [
        -9.42954620574615,
        -3.5747820312643843
    ],
    "5": [
        -9.07698694785099,
        -4.0441949375903326
    ],
    "6": [
        -9.328158226586293,
        -3.4846101326678696
    ],
    "7": [
        -8.805108790790802,
        -3.824405500131805
    ],
    "8": [
        9.828062351578254,
        1.644506262451383
    ],
    "9": [
        10.4519382401031,
        2.1605592660377266
    ],
    "10": [
        9.943851123608322,
        1.9999424250769318
    ],
    "11": [
        9.903817226371647,
        1.359945089762332
    ],
    "12": [
        10.354679489377343,
        1.6048858178059313
    ],
    "13": [
        9.202662632428552,
        0.838749671270837
    ],
    "14": [
        10.252785625895566,
        2.3503385734892257
    ],
    "15": [
        10.50757589152078,
        1.947426767906621
    ],
    "16": [
        10.102444827192535,
        1.910536188360339
    ],
    "17": [
        9.214212880699542,
        0.9680943091244839
    ],
    "18": [
        9.609635472805362,
        1.1346850546188687
    ],
    "19": [
        9.4781041574301,
        0.8334186541006677
    ],
    "20": [
        5.725047807120085,
        -2.356077177310203
    ],
    "21": [
        3.7407839239679737,
        -2.861626961553779
    ],
    "22": [
        0.9600193673003208,
        -0.42377748579232044
    ],
    "23": [
        2.380714976253368,
        -0.31106835106416886
    ],
    "24": [
        5.254620130201704,
        -2.8910107287401847
    ],
    "25": [
        4.332206534119368,
        -3.179869052137075
    ],
    "26": [
        0.1992701947362452,
        5.951941084607625
    ],
    "27": [
        4.3908904172697225,
        -3.2694113317132385
    ],
    "28": [
        4.205594342357968,
        0.49384062985297317
    ],
    "29": [
        0.6984741198688882,
        -2.379207851333424
    ],
    "30": [
        5.043775799716674,
        -3.0449874553226053
    ],
    "31": [
        -0.3861598411962639,
        -1.2656954121754016
    ],
    "32": [
        2.450874792082698,
        0.588050357949803
    ],
    "33": [
        2.879898852225341,
        -1.9048889111573817
    ],
    "34": [
        5.722996380567619,
        -1.9234424552771854
    ],
    "35": [
        3.867622162274132,
        -1.8408652489697626
    ],
    "36": [
        1.2546943635016685,
        -1.7516747688250298
    ],
    "37": [
        4.357332856923862,
        0.7923530605559937
    ],
    "38": [
        1.4562475010113518,
        -0.10272670629810676
    ],
    "39": [
        0.6684604060869237,
        -1.6010870739655259
    ],
    "40": [
        2.454955504082111,
        -1.0363744414270846
    ],
    "41": [
        0.8375019476134282,
        -2.1722950086917123
    ],
    "42": [
        1.6132349888303068,
        -1.1276856737650325
    ],
    "43": [
        0.7056659299754653,
        0.7335288053348769
    ],
    "44": [
        0.5764075663106221,
        4.799142646446823
    ],
    "45": [
        1.059222054552083,
        -2.2397580559691312
    ],
    "46": [
        0.5542459700751197,
        4.580999069300072
    ],
    "47": [
        0.5045154641309404,
        5.217104121713826
    ],
    "48": [
        0.40057926587409387,
        5.321947289451625
    ],
    "49": [
        1.2738564151044862,
        0.21758024538527865
    ],
    "50": [
        2.0283181149592586,
        -0.6853448840414689
    ],
    "51": [
        0.9701348753697872,
        -0.9654913434812662
    ],
    "52": [
        1.1303676480510685,
        -0.8166745676808849
    ],
    "53": [
        1.1129123299809818,
        -0.7496798956153218
    ],
    "54": [
        9.082141470607045,
        0.5726806089861914
    ],
    "55": [
        3.9133719804360014,
        0.6874157436572123
    ],
    "56": [
        -4.552858423405838,
        -8.401921917310592
    ],
    "57": [
        -0.006455042750227236,
        0.7060310315422739
    ],
    "58": [
        1.0195564775280177,
        -2.539409243406646
    ],
    "59": [
        4.790944507570155,
        -3.410714487319694
    ],
    "60": [
        1.4092527934108166,
        0.14165321134682052
    ],
    "61": [
        -24.62664737503042,
        4.862075302122643
    ],
    "62": [
        5.462655917290259,
        -3.2271733576612895
    ],
    "63": [
        4.612020901544006,
        -2.7480935935954482
    ],
    "64": [
        4.84221568009439,
        -2.513282618720107
    ],
    "65": [
        5.3957564599651056,
        -3.140038874321164
    ],
    "66": [
        -24.438501001193256,
        4.67312297602217
    ],
    "67": [
        -24.45998160899344,
        4.694290014367855
    ],
    "68": [
        -25.733472692410757,
        5.852447236810186
    ],
    "69": [
        -24.942322016250582,
        5.152725831198959
    ],
    "70": [
        -25.840695932434397,
        5.958170257123298
    ],
    "71": [
        -25.751075732033428,
        5.868471997575228
    ],
    "72": [
        -25.921230369842572,
        6.037354140385413
    ],
    "73": [
        -25.881798229340685,
        5.998312006157292
    ],
    "74": [
        5.812898158168307,
        -2.8524315336251913
    ],
    "75": [
        5.680039737963253,
        -2.7033396797585127
    ],
    "76": [
        10.38721983186992,
        1.8137596500544193
    ],
    "77": [
        1.741803540801354,
        0.4286131611611005
    ],
    "78": [
        -9.103070180515209,
        -4.120227247806318
    ],
    "79": [
        2.1392605580607507,
        0.7940418094773446
    ],
    "80": [
        -8.86009778316443,
        -2.9764694931963454
    ],
    "81": [
        4.541315152002951,
        -2.334414327235597
    ],
    "82": [
        6.370802826062969,
        -2.0535400013300102
    ],
    "83": [
        4.620423824196524,
        -2.224553767308185
    ],
    "84": [
        4.534092496434288,
        -2.109949069027636
    ],
    "85": [
        -4.511802320501151,
        -8.452758839462684
    ],
    "86": [
        -4.464928206651144,
        -8.500008167079503
    ],
    "87": [
        2.1728433194356915,
        1.2457126702945849
    ],
    "88": [
        2.9353102507616784,
        0.5385310572019834
    ],
    "89": [
        4.254254260515679,
        0.8146781198967591
    ],
    "90": [
        2.073733417843364,
        1.5483496252445001
    ],
    "91": [
        3.5054275737319953,
        0.7235600441221625
    ],
    "92": [
        0.5933364452409053,
        0.8350023196114956
    ],
    "93": [
        2.716884794653624,
        0.865370443297537
    ],
    "94": [
        2.8655283966446428,
        0.8082681448287824
    ],
    "95": [
        2.9206120895838383,
        1.1109760497009558
    ],
    "96": [
        3.300715314087559,
        1.3317276417285893
    ],
    "97": [
        0.619460203360525,
        5.416423407695319
    ],
    "98": [
        0.46742261382487804,
        5.681229141406642
    ],
    "99": [
        0.12072383277111065,
        5.983418366979742
    ],
    "100": [
        0.26283227614595717,
        5.484978061785138
    ],
    "101": [
        -0.9450476105888752,
        -1.106499671033301
    ],
    "102": [
        0.9397096364777502,
        1.4057512659719933
    ],
    "103": [
        0.2039246264171899,
        0.8772403426331755
    ],
    "104": [
        0.6735188519178799,
        1.096317710043937
    ],
    "105": [
        -0.5868071113862223,
        -1.258925384269018
    ],
    "106": [
        -1.0110014607100322,
        -1.1227927005239202
    ],
    "107": [
        2.150595527682456,
        1.658720224770002
    ],