{
    "0": [
        -0.2252048683146608,
        1.1750824510275155
    ],
    "1": [
        0.6213288182230454,
        1.0089116874353747
    ],
    "2": [
        0.3621220914387213,
        2.1350164865717254
    ],
    "3": [
        0.6369929868212119,
        1.7280620695933795
    ],
    "4": [
        0.6450619647250435,
        1.6083823737642886
    ],
    "5": [
        1.2584080325698523,
        0.17587138029692007
    ],
    "6": [
        1.7490022044570432,
        0.1789946712951629
    ],
    "7": [
        3.105005965869803,
        -2.279497225356574
    ],
    "8": [
        0.249185430373144,
        0.9003795928208671
    ],
    "9": [
        -0.2040709778299057,
        2.410780709706831
    ],
    "10": [
        1.4664689661979264,
        -1.0204385287904763
    ],
    "11": [
        0.46479232077874255,
        0.3082861319687904
    ],
    "12": [
        0.6612264760905466,
        3.7089617837623674
    ],
    "13": [
        0.16904110202663203,
        1.2562105778858834
    ],
    "14": [
        -5.999724308749508,
        -4.508715473124999
    ],
    "15": [
        -0.6356670637349358,
        2.6453056965144857
    ],
    "16": [
        0.0014268713395706456,
        1.4294546858313009
    ],
    "17": [
        -0.47279856062791925,
        0.8001110758889487
    ],
    "18": [
        2.3012595763620642,
        1.180751786127205
    ],
    "19": [
        0.6766873936055768,
        0.4491202353032593
    ],
    "20": [
        -8.907122608112859,
        -6.241153522222415
    ],
    "21": [
        -0.13568890722558935,
        3.1733560720409875
    ],
    "22": [
        1.3428946073420276,
        3.0029204200157427
    ],
    "23": [
        1.3453063548167319,
        5.122329154438173
    ],
    "24": [
        -0.31992484198055937,
        2.351492438863927
    ],
    "25": [
        -0.33967232145543624,
        2.80746886252418
    ],
    "26": [
        -8.086015346512054,
        -7.978666849078968
    ],
    "27": [
        1.6946524441571813,
        4.893717139231985
    ],
    "28": [
        1.2002695289405794,
        2.2796678821502967
    ],
    "29": [
        0.8534173943717931,
        -0.1691419213729608
    ],
    "30": [
        1.256624577511255,
        5.689618763362429
    ],
    "31": [
        2.6954713948410367,
        0.3698044514764449
    ],
    "32": [
        2.469575114339933,
        0.6161819819137202
    ],
    "33": [
        2.253733909288561,
        0.19139832624552966
    ],
    "34": [
        3.4129884239584727,
        -1.411077146511467
    ],
    "35": [
        3.012574067718407,
        -1.233300205956657
    ],
    "36": [
        2.630061005271548,
        0.7849377407102693
    ],
    "37": [
        2.126709274712904,
        -0.10011814284017184
    ],
    "38": [
        2.5322956779908465,
        -2.153938813249662
    ],
    "39": [
        2.6228584045169203,
        -1.8407220304683576
    ],
    "40": [
        2.538359424280306,
        -2.3962317479329727
    ],
    "41": [
        2.3219263284712466,
        -1.5657987101558692
    ],
    "42": [
        2.426473903732398,
        5.984083867716272
    ],
    "43": [
        1.3508088117427648,
        6.123262288344222
    ],
    "44": [
        2.2291755964717725,
        5.84292699475732
    ],
    "45": [
        1.989729835921176,
        6.122701830743095
    ],
    "46": [
        1.7262599626862758,
        6.467034935718683
    ],
    "47": [
        1.8003053781027132,
        6.560232971425377
    ],
    "48": [
        0.9794770098642247,
        6.132888240350368
    ],
    "49": [
        1.0085818798106683,
        6.603054427049781
    ],
    "50": [
        0.7258943228609793,
        5.769387468363847
    ],
    "51": [
        0.9513630406727445,
        5.800501872063139
    ],
    "52": [
        1.1892762622574329,
        3.3708280782368485
    ],
    "53": [
        0.7966085716616502,
        6.303661356241349
    ],
    "54": [
        2.425828605206643,
        5.749613753262919
    ],
    "55": [
        2.2748498241929145,
        5.5205554917212805
    ],
    "56": [
        1.5397486786335377,
        3.4968309165723266
    ],
    "57": [
        1.2187025527868476,
        6.91422353347931
    ],
    "58": [
        1.440828085482226,
        5.383045593151957
    ],
    "59": [
        1.565191833901119,
        3.7093795099917646
    ],
    "60": [
        1.2761692262963888,
        2.2136390007620026
    ],
    "61": [
        -7.471280728883636,
        -7.383446318613997
    ],
    "62": [
        -7.639423271495497,
        -7.871992357064484
    ],
    "63": [
        -7.89076100447582,
        -7.712530365970662
    ],
    "64": [
        -7.8770516660818455,
        -7.486681170140734
    ],
    "65": [
        -8.020928441280855,
        -7.365429716340705
    ],
    "66": [
        -7.785895273237612,
        -8.056827170654262
    ],
    "67": [
        -6.148928700930819,
        -4.660632222723844
    ],
    "68": [
        -7.459042776960871,
        -7.5653900204841396
    ],
    "69": [
        -8.488636316597724,
        -6.925393742055832
    ],
    "70": [
        -8.69741023351855,
        -6.631646397830401
    ],
    "71": [
        -8.397584334762549,
        -7.947960211245294
    ],
    "72": [
        -8.104436140799884,
        -7.895745280081001
    ],
    "73": [
        -8.21076551226285,
        -7.170143321780893
    ],
    "74": [
        -8.63630993096694,
        -7.5146527720493586
    ],
    "75": [
        1.0573598628372871,
        1.2948222049589377
    ],
    "76": [
        0.06400865263801903,
        3.195607760292954
    ],
    "77": [
        3.4269082403846847,
        -0.9903675520348663
    ],
    "78": [
        4.249124269543339,
        -0.8921190884995265
    ],
    "79": [
        3.578458767443311,
        -1.6856677151780408
    ],
    "80": [
        0.936789709147785,
        -0.9686005887618601
    ],
    "81": [
        1.7272488224875377,
        -0.7643060639414383
    ],
    "82": [
        1.1460332729927662,
        -0.639953331141748
    ],
    "83": [
        0.9777798446405939,
        -0.08751804272239383
    ],
    "84": [
        -0.4506790342573277,
        0.6582711554028977
    ],
    "85": [
        4.293947282791647,
        -0.8782346878604184
    ],
    "86": [
        2.033418248647062,
        -1.4109746727967973
    ],
    "87": [
        0.6235450842123726,
        0.3878634040731619
    ],
    "88": [
        1.2699729169112377,
        -1.616560178436
    ],
    "89": [
        1.087490175576822,
        -1.406216385943896
    ],
    "90": [
        0.8283713334011011,
        -1.655705281993543
    ],
    "91": [
        1.0447839631716531,
        -1.8706259173186637
    ],
    "92": [
        0.8445594187499317,
        -1.8254730925346738
    ],
    "93": [
        2.828982740170226,
        -2.6039598234982004
    ],
    "94": [
        2.9676650915135707,
        -2.0325328056705825
    ],
    "95": [
        3.2698170994803615,
        -2.498417279189818
    ],
    "96": [
        3.6200835106815816,
        -2.3198243074911007
    ],
    "97": [
        4.189052975755151,
        -3.7270440328870498
    ],
    "98": [
        1.2172762996174764,
        7.0256692110662105
    ],
    "99": [
        2.2074060035990444,
        1.5393739211774244
    ],
    "100": [
        2.126033207824325,
        1.3917239608838239
    ],
    "101": [
        0.5258837672770882,
        -2.6336501965623427
    ],
    "102": [
        4.282707863077212,
        -3.829331764546536
    ],
    "103": [
        0.5873132307899089,
        -2.5194061834685475
    ]
}