{
    "0": [
        -0.41746495928282634,
        0.36424902372896373
    ],
    "1": [
        1.8059641943081806,
        -0.5628148785220655
    ],
    "2": [
        0.610654464570648,
        -0.8700910128343373
    ],
    "3": [
        -0.15271166726895125,
        -0.013326905721655846
    ],
    "4": [
        2.2902547665098147,
        -0.5499485721241251
    ],
    "5": [
        1.6300289688304082,
        -0.9895615449774458
    ],
    "6": [
        1.954711818715169,
        -0.7621166871045112
    ],
    "7": [
        -0.675098389078598,
        0.8615226086982086
    ],
    "8": [
        2.3604053008091075,
        -1.0536779040090598
    ],
    "9": [
        1.603008879307965,
        -0.22372312688736606
    ],
    "10": [
        -1.0771096995287355,
        0.2944726086482392
    ],
    "11": [
        -2.0824815466069198,
        1.0127040327302277
    ],
    "12": [
        -1.4149396385985993,
        0.7090380723553849
    ],
    "13": [
        0.27804726713698624,
        0.46960261154184746
    ],
    "14": [
        2.432667778086266,
        0.08872762961783476
    ],
    "15": [
        2.649607402171581,
        -0.9386768593484743
    ],
    "16": [
        2.668934172900519,
        -0.1556868548522352
    ],
    "17": [
        0.5678481935318258,
        -0.596853254973801
    ],
    "18": [
        1.6893704638133267,
        0.4881525702279417
    ],
    "19": [
        0.8551817832983692,
        0.8839202670342736
    ],
    "20": [
        -2.960677402043461,
        -1.505557929727446
    ],
    "21": [
        2.0418982986751573,
        0.350957988082504
    ],
    "22": [
        1.8323136201938839,
        -0.06939530228285018
    ],
    "23": [
        2.3995791612693758,
        -0.3702295088159282
    ],
    "24": [
        2.7249016917233053,
        -0.7037868258608382
    ],
    "25": [
        0.5979907831949332,
        0.11836713073212524
    ],
    "26": [
        -1.0044192483794614,
        2.191721178624756
    ],
    "27": [
        -2.087003823901629,
        0.38269908053931134
    ],
    "28": [
        -2.4925302465010195,
        1.3690136096186643
    ],
    "29": [
        -1.1470024609429919,
        -0.22293201606407198
    ],
    "30": [
        -0.19002160004992596,
        -0.29231074318896266
    ],
    "31": [
        -0.061664870893611834,
        -0.6288740391147205
    ],
    "32": [
        -2.939433228949034,
        -1.4144546789020154
    ],
    "33": [
        0.5753534614695468,
        -2.339752156412596
    ],
    "34": [
        0.806054289749528,
        0.6506994803949775
    ],
    "35": [
        0.2565152428745767,
        -0.1960121915605244
    ],
    "36": [
        0.2617175723192666,
        -2.491458762125268
    ],
    "37": [
        0.4172160826179878,
        -2.621482464862564
    ],
    "38": [
        -1.5799160411239104,
        0.4332812541336466
    ],
    "39": [
        0.4163946571136252,
        -2.9580480646032417
    ],
    "40": [
        -1.2174229897808893,
        2.1215760701308994
    ],
    "41": [
        0.32793046262440484,
        0.8268788905455899
    ],
    "42": [
        0.0044394630487234465,
        -1.1099392856452288
    ],
    "43": [
        -1.6900036663340252,
        -1.058186227352421
    ],
    "44": [
        -0.7296348417780614,
        -1.6949831348284163
    ],
    "45": [
        3.0674480962233996,
        0.1756872444867854
    ],
    "46": [
        3.0245867184075603,
        -0.591745542097901
    ],
    "47": [
        2.238196165660952,
        -1.6385409534936364
    ],
    "48": [
        1.4893216711708286,
        -1.170036400732597
    ],
    "49": [
        1.7043838392586919,
        0.08066998879114262
    ],
    "50": [
        4.809604099533082,
        0.45377001814340545
    ],
    "51": [
        4.601345916930928,
        0.6205558566210154
    ],
    "52": [
        4.497475925207263,
        0.6327267432847399
    ],
    "53": [
        5.4550806024129965,
        1.0080664862917863
    ],
    "54": [
        5.00653089592479,
        0.31981779040604863
    ],
    "55": [
        4.821575372507899,
        0.7665274213580608
    ],
    "56": [
        4.099799300312355,
        0.37716166466931167
    ],
    "57": [
        4.655283498753818,
        0.19844610873217805
    ],
    "58": [
        4.890583321533912,
        0.9614826284725595
    ],
    "59": [
        4.11666213958657,
        0.08761856771724719
    ],
    "60": [
        4.492279750224558,
        0.9888805181077998
    ],
    "61": [
        4.156254624184667,
        0.6672638120659773
    ],
    "62": [
        5.289603782900615,
        0.9086383829941527
    ],
    "63": [
        -2.2298068492541177,
        0.8864962801797298
    ],
    "64": [
        -2.329031905822434,
        0.2099988309540437
    ],
    "65": [
        -1.7262731093082548,
        0.4881118234871735
    ],
    "66": [
        -2.21134686593178,
        0.34327233509241406
    ],
    "67": [
        -2.916008437763722,
        0.013642719619106458
    ],
    "68": [
        -1.7435500109427888,
        1.6669630633389856
    ],
    "69": [
        -2.6940254821965035,
        0.1490782190872837
    ],
    "70": [
        -2.760436007133979,
        0.317372210610126
    ],
    "71": [
        -2.2952864138507945,
        0.5363084081852736
    ],
    "72": [
        -2.891269019580464,
        -0.8746766813952
    ],
    "73": [
        -2.3702007994223044,
        -0.2832391601634736
    ],
    "74": [
        -3.0323042696817706,
        0.38030577146214783
    ],
    "75": [
        -2.498287793115266,
        1.145115138304293
    ],
    "76": [
        -0.9193017652983615,
        2.703726252087957
    ],
    "77": [
        -0.9911130060182742,
        2.4589252955609227
    ],
    "78": [
        -1.1325981111767556,
        2.315332426047983
    ],
    "79": [
        -0.8591190135359419,
        2.917155924459816
    ],
    "80": [
        0.6458750792052621,
        -3.93044534525418
    ],
    "81": [
        4.443100400910373,
        0.1679630013405371
    ],
    "82": [
        -2.198121353272763,
        -1.8657004478160317
    ],
    "83": [
        5.168069007715713,
        14.114190384360988
    ],
    "84": [
        5.567740716035168,
        14.402006170258012
    ],
    "85": [
        4.945738876510083,
        14.376716207959433
    ],
    "86": [
        5.181588295371828,
        13.902802074162473
    ],
    "87": [
        5.114520428466568,
        14.159025602822403
    ],
    "88": [
        5.405398573115448,
        14.192129336066314
    ],
    "89": [
        5.743731648867067,
        14.264949771469762
    ],
    "90": [
        5.751802333509552,
        14.26936488108176
    ],
    "91": [
        4.7796884761925345,
        14.525573657292188
    ],
    "92": [
        0.4509892501950814,
        -4.193920223689393
    ],
    "93": [
        3.033193583453393,
        -0.361962477239379
    ],
    "94": [
        -12.632999608041342,
        -11.672764202829873
    ],
    "95": [
        -12.675299495539772,
        -11.640034377429604
    ],
    "96": [
        -13.109556082661921,
        -11.671004977438276
    ],
    "97": [
        -12.169856112649969,
        -11.75111190798749
    ],
    "98": [
        -13.321740177783447,
        -11.648373660706405
    ],
    "99": [
        -13.421200708032064,
        -11.74195533992599
    ],
    "100": [
        -12.112670614254252,
        -11.774708090353593
    ],
    "101": [
        2.141512922814565,
        -1.710876526758818
    ],
    "102": [
        0.44948312662540424,
        -4.601486990043382
    ],
    "103": [
        2.3875498708709184,
        -1.9689857597601188
    ],
    "104": [
        4.782666023144358,
        14.512686240017228
    ],
    "105": [
        -1.139166185247622,
        -2.568525670270643
    ],
    "106": [
        -0.9946092907517157,
        -1.9625656471957762
    ],