{
    "0": [
        1.5477071489585263,
        -0.37290405601107013
    ],
    "1": [
        4.588466916985708,
        0.46117492519984893
    ],
    "2": [
        -0.45430969944336397,
        -2.0971791711076238
    ],
    "3": [
        3.963560194122967,
        -0.016574869258625835
    ],
    "4": [
        0.9996395159933247,
        -1.776914349119651
    ],
    "5": [
        3.960208960282565,
        1.389256066800349
    ],
    "6": [
        4.508539583587324,
        0.6036204173442594
    ],
    "7": [
        4.371318366866011,
        1.2505490385971938
    ],
    "8": [
        4.25036579864559,
        2.0375524849816027
    ],
    "9": [
        3.016284919622538,
        -0.5253451164217942
    ],
    "10": [
        1.3545954597406027,
        2.048923304509756
    ],
    "11": [
        4.599131551231719,
        0.968560430535073
    ],
    "12": [
        4.620519791334039,
        2.5819286812039532
    ],
    "13": [
        2.561721727906325,
        -0.737664855433593
    ],
    "14": [
        -0.7529198907016461,
        -2.665790821202359
    ],
    "15": [
        2.6480906562622364,
        -0.4853313663786678
    ],
    "16": [
        1.0605637412093527,
        -1.384220840699474
    ],
    "17": [
        1.9849768635788338,
        -0.5723939727136771
    ],
    "18": [
        1.9747986516190235,
        -0.9161030061765043
    ],
    "19": [
        0.854575907714854,
        -4.812624981511061
    ],
    "20": [
        2.079879726275079,
        -0.46646017865042655
    ],
    "21": [
        1.6891226468197322,
        -0.7381061936818787
    ],
    "22": [
        -0.6194724539841134,
        -2.2444943641820334
    ],
    "23": [
        0.5590589423087708,
        -1.4176424806385657
    ],
    "24": [
        3.1433820711729696,
        0.9380229377187761
    ],
    "25": [
        3.268924655433108,
        0.5089934361230641
    ],
    "26": [
        3.795703404241542,
        1.8888451372844481
    ],
    "27": [
        4.828378957282131,
        1.2524897702527515
    ],
    "28": [
        2.546864946942631,
        1.4685655946023155
    ],
    "29": [
        4.907576739631485,
        0.8790174852518333
    ],
    "30": [
        2.534198329005064,
        1.0602580600187992
    ],
    "31": [
        4.80309803935742,
        -0.06900907637053688
    ],
    "32": [
        4.565476543248253,
        1.4876529953769588
    ],
    "33": [
        -1.4610265677867238,
        -3.188987219141059
    ],
    "34": [
        -1.1222782963880205,
        -2.201966896924106
    ],
    "35": [
        2.9264094523545348,
        3.3609769167434576
    ],
    "36": [
        2.594217347018513,
        3.2761442262699805
    ],
    "37": [
        2.3629869874416753,
        3.39886883296944
    ],
    "38": [
        2.9803004911869566,
        3.0855676946023185
    ],
    "39": [
        3.601207304212374,
        2.76266743542154
    ],
    "40": [
        4.0878876880530965,
        3.5468566692737324
    ],
    "41": [
        2.733438756856075,
        3.398939382666679
    ],
    "42": [
        2.5899081872799607,
        2.9586664173244186
    ],
    "43": [
        3.9855556594316566,
        2.7099640395025792
    ],
    "44": [
        3.802665636539891,
        3.2165851036291615
    ],
    "45": [
        4.5910577839255575,
        1.7165968536731064
    ],
    "46": [
        3.732132800262147,
        2.1897835511131007
    ],
    "47": [
        1.4211964540524793,
        2.1521792256151477
    ],
    "48": [
        -3.43387293045324,
        -6.377847147436391
    ],
    "49": [
        3.295593028277046,
        2.199851709112141
    ],
    "50": [
        2.6008415102580296,
        -2.384647819053031
    ],
    "51": [
        3.8486236229306376,
        5.049544470217116
    ],
    "52": [
        3.3807207836169466,
        2.5058728334595033
    ],
    "53": [
        4.324601599182372,
        3.2437528368289223
    ],
    "54": [
        2.8201771753803824,
        1.9942288234834837
    ],
    "55": [
        -2.327327265396743,
        -3.914363586105214
    ],
    "56": [
        -2.699124083558924,
        -4.321303144698228
    ],
    "57": [
        -2.6816024940836933,
        -4.330610962727199
    ],
    "58": [
        -1.7782848279877612,
        -3.539199475497245
    ],
    "59": [
        -2.382724011971674,
        -3.9610018963562146
    ],
    "60": [
        -3.293905975798084,
        -6.033182518379782
    ],
    "61": [
        2.702853516712705,
        2.128358678224116
    ],
    "62": [
        4.148792539964535,
        3.3681658631910576
    ],
    "63": [
        -3.15706910862513,
        -6.730748945006802
    ],
    "64": [
        -1.5803765135833285,
        -3.103569807233228
    ],
    "65": [
        -1.221519912880952,
        -2.786506548414107
    ],
    "66": [
        -1.1514470821619271,
        -2.4690426201501747
    ],
    "67": [
        -1.3716748308124709,
        -2.7231477064467517
    ],
    "68": [
        1.9902371250037847,
        -2.6790011669227365
    ],
    "69": [
        -1.7872641959629534,
        -2.5445522352335868
    ],
    "70": [
        2.092666364598733,
        1.197274795165083
    ],
    "71": [
        -13.032025470551977,
        11.353595264582705
    ],
    "72": [
        2.678127965071531,
        1.2081559750289885
    ],
    "73": [
        -1.5318679920200005,
        -7.564975512008008
    ],
    "74": [
        2.1918596854885344,
        1.345313311933985
    ],
    "75": [
        -2.6742414111610895,
        -6.068736205124155
    ],
    "76": [
        -1.821058532040161,
        -7.560462183236188
    ],
    "77": [
        -3.056719634857755,
        -6.5701458367478605
    ],
    "78": [
        -2.3623599210435877,
        -7.418800325996587
    ],
    "79": [
        -2.886395226250451,
        -7.080266924705116
    ],
    "80": [
        -2.6615126179750734,
        -7.182038487345229
    ],
    "81": [
        -2.00846950922408,
        -7.632379703475998
    ],
    "82": [
        2.2487868603305152,
        -2.6985440721179312
    ],
    "83": [
        2.0430540385502223,
        -2.8032826867732368
    ],
    "84": [
        1.981004413594209,
        -2.244998489546316
    ],
    "85": [
        2.023397064497476,
        -2.200485184092855
    ],
    "86": [
        -2.5795767468549937,
        -7.250625940320141
    ],
    "87": [
        -2.9760237998169834,
        -7.169769070629547
    ],
    "88": [
        3.9512893587969176,
        4.837287384461797
    ],
    "89": [
        -1.2300555190409117,
        -7.6347033016191475
    ],
    "90": [
        3.531123389291099,
        1.0448549123721993
    ],
    "91": [
        2.891973360346925,
        -2.259017498487757
    ],
    "92": [
        0.9284832976125994,
        -1.701590742322308
    ],
    "93": [
        4.984276934170798,
        0.523972159198302
    ],
    "94": [
        4.63977366928686,
        -0.3069537649459586
    ],
    "95": [
        -1.8545107459693764,
        -8.01443916344753
    ],
    "96": [
        -1.3350166674399429,
        -7.946156898200975
    ],
    "97": [
        -2.048604901156227,
        -8.358504725792612
    ],
    "98": [
        -1.4114866566265336,
        -7.804671957103711
    ],
    "99": [
        4.197606240455298,
        0.3342353710625252
    ],
    "100": [
        -12.933706512627172,
        10.972354622614537
    ],
    "101": [
        -12.779669806058017,
        11.200362333747254
    ],
    "102": [
        -13.42535378764318,
        11.49673707871393
    ],
    "103": [
        -13.245280018604966,
        10.789244272208975
    ],
    "104": [
        -13.145780744497486,
        11.387336080131927
    ],
    "105": [
        -1.4117021662722822,
        -2.218723346929008
    ],
    "106": [
        3.805002799983405,
        5.1314110986132055
    ],
    "107": [
        4.007140876946818,
        1.0741021047238264
    ],