{
    "0": [
        -1.0905737067175503,
        4.134340654530668
    ],
    "1": [
        1.7855066116414773,
        3.0119876533835352
    ],
    "2": [
        -0.9917681406826935,
        4.377828652636326
    ],
    "3": [
        -1.1707857791353735,
        3.95528203906251
    ],
    "4": [
        -1.187742218268708,
        3.9041504589283917
    ],
    "5": [
        -1.105666014628368,
        3.9713142176812966
    ],
    "6": [
        -1.076817378260876,
        3.8226581646866986
    ],
    "7": [
        -1.015815677199238,
        4.330829578387826
    ],
    "8": [
        1.1632136943913096,
        2.1068026049460915
    ],
    "9": [
        1.42128338513381,
        2.915575061450534
    ],
    "10": [
        0.5530653529633192,
        2.3597450304086873
    ],
    "11": [
        -0.061259807837894975,
        3.7813443821685784
    ],
    "12": [
        -0.9959577993591706,
        2.3418391867611685
    ],
    "13": [
        -0.6480098494182442,
        2.8424531878183075
    ],
    "14": [
        -1.0152879876754204,
        2.9187304422734908
    ],
    "15": [
        0.5090636275001499,
        2.9272100662754106
    ],
    "16": [
        -5.85996958183153,
        -2.97704389440522
    ],
    "17": [
        -4.343796413544641,
        -2.1440740417869373
    ],
    "18": [
        -5.636134155704017,
        -2.934326848820758
    ],
    "19": [
        2.7384116381866703,
        -0.9623064712691276
    ],
    "20": [
        2.7329261959358875,
        -0.9563128210509904
    ],
    "21": [
        3.0494911039855928,
        -1.2332251116720032
    ],
    "22": [
        -0.389811038995461,
        2.577115380052314
    ],
    "23": [
        -2.2686354433368523,
        -1.557137192371525
    ],
    "24": [
        -2.6329341765275522,
        -2.309393424844707
    ],
    "25": [
        -3.1430629658671485,
        -2.2370022784506762
    ],
    "26": [
        -3.2473277591620793,
        -2.021561308950532
    ],
    "27": [
        -2.5780864628425118,
        -2.4860135903972687
    ],
    "28": [
        -2.5869634319960255,
        -2.432480510855081
    ],
    "29": [
        13.593566662902319,
        2.8788236093548427
    ],
    "30": [
        -2.5277502368749047,
        -2.0435781044493275
    ],
    "31": [
        -2.9111118667814218,
        -1.8416475286034393
    ],
    "32": [
        -2.6842575040957684,
        -1.6147840845787789
    ],
    "33": [
        -4.000839290858872,
        -1.9605775828980105
    ],
    "34": [
        -4.8340229574471145,
        -2.7825265301856072
    ],
    "35": [
        -3.778236075400768,
        -2.0856116729261363
    ],
    "36": [
        -1.092281712112798,
        2.364923876079315
    ],
    "37": [
        -4.232187424217205,
        -1.7717467948422767
    ],
    "38": [
        -4.488473098774797,
        -2.107713137285786
    ],
    "39": [
        -5.804877241188789,
        -2.9784787350173136
    ],
    "40": [
        -4.167774411278824,
        -2.15340598602139
    ],
    "41": [
        -4.140142519486114,
        -1.7903496184120478
    ],
    "42": [
        -5.604778049381634,
        -2.5160847285550085
    ],
    "43": [
        -0.6017050728408009,
        -5.115953382235727
    ],
    "44": [
        -0.41348476402011247,
        -5.0848693150959345
    ],
    "45": [
        -0.45355450204318615,
        -5.081936104518289
    ],
    "46": [
        -0.8950173801490982,
        -5.191837391317269
    ],
    "47": [
        -1.0022249169847077,
        2.3186460383155776
    ],
    "48": [
        -1.1007992495859336,
        2.229904357888609
    ],
    "49": [
        -1.073688855392822,
        2.844117375536685
    ],
    "50": [
        -0.18127216193646678,
        2.5543703072963826
    ],
    "51": [
        0.29247973190128107,
        2.4692741545897228
    ],
    "52": [
        0.7575301735982407,
        1.7516496184630643
    ],
    "53": [
        0.4711401064912959,
        2.2256919660436747
    ],
    "54": [
        1.8973737565646083,
        1.551963067261127
    ],
    "55": [
        1.1505487025157457,
        2.6319122064735367
    ],
    "56": [
        1.2902113278320293,
        3.1281143113534107
    ],
    "57": [
        1.1062555617633727,
        2.101174318270651
    ],
    "58": [
        2.1492361436138516,
        1.4216808456926522
    ],
    "59": [
        0.589440105554238,
        2.342711408897163
    ],
    "60": [
        0.5667171234359563,
        2.41254615133294
    ],
    "61": [
        0.8368745326896594,
        1.950950009338209
    ],
    "62": [
        1.3436129750859918,
        2.1559897908585253
    ],
    "63": [
        1.206073513050721,
        2.0933249525247852
    ],
    "64": [
        13.890163068277987,
        2.7664745304092406
    ],
    "65": [
        13.909802944800434,
        2.755106275959097
    ],
    "66": [
        13.920079610998874,
        2.647497450825087
    ],
    "67": [
        13.894041486733926,
        2.7836176211326187
    ],
    "68": [
        13.925203748088189,
        2.760663954929168
    ],
    "69": [
        -5.904269433131322,
        -3.0213779579903575
    ],
    "70": [
        -7.098012762899238,
        -7.139971713421142
    ],
    "71": [
        -0.13592478564191524,
        -5.049949561715355
    ],
    "72": [
        1.410137627267595,
        2.8504504740351795
    ],
    "73": [
        2.124048171854671,
        1.43399151813548
    ],
    "74": [
        -4.534170928930772,
        -3.1581674870246252
    ],
    "75": [
        -2.646305042697545,
        -1.5559744616123705
    ],
    "76": [
        -4.525284930854159,
        -3.1816794925959098
    ],
    "77": [
        13.891413530248778,
        2.407996215318885
    ],
    "78": [
        13.695581669813562,
        2.0487630132610857
    ],
    "79": [
        -7.101007554052776,
        -7.146488991314891
    ],
    "80": [
        -7.0130959506487205,
        -7.245165285640358
    ],
    "81": [
        -7.166614156495665,
        -7.080976143350074
    ],
    "82": [
        -5.627882090848651,
        -2.518162650405488
    ],
    "83": [
        4.453051906122044,
        -2.3393468576686898
    ],
    "84": [
        4.469906925100788,
        -2.3522973864720784
    ]
}