{
    "0": [
        -2.4609167537594816,
        2.544826848578367
    ],
    "1": [
        -2.2517084613899074,
        3.0199682960260383
    ],
    "2": [
        -2.5901478503492665,
        2.21604900054924
    ],
    "3": [
        -2.1556596445797167,
        3.4318499596703904
    ],
    "4": [
        -2.183628654680078,
        1.9584279959759003
    ],
    "5": [
        -0.4639609295709235,
        -0.19747271799359156
    ],
    "6": [
        -2.719472047296562,
        3.4631741011874557
    ],
    "7": [
        -1.4129526647664008,
        -0.17021552505887272
    ],
    "8": [
        -2.705969965323603,
        2.8536002327447805
    ],
    "9": [
        -2.9946091269225876,
        3.9957383414809384
    ],
    "10": [
        -3.083360693000917,
        3.664168952002019
    ],
    "11": [
        -3.1279799055226842,
        3.927874908863522
    ],
    "12": [
        -2.828057366459176,
        4.283032123697009
    ],
    "13": [
        -2.5456247644432715,
        3.7035672454011004
    ],
    "14": [
        -2.762380774154903,
        3.1242865077224535
    ],
    "15": [
        -2.3491354911887665,
        3.7609366878510735
    ],
    "16": [
        0.3143527230062739,
        1.2206819988403685
    ],
    "17": [
        0.189629184312901,
        0.7586705970342477
    ],
    "18": [
        -1.625033246560843,
        2.365638416111618
    ],
    "19": [
        -2.4059879995079747,
        4.198052568010099
    ],
    "20": [
        -2.2907935835827677,
        4.045619882491946
    ],
    "21": [
        -1.4289981278773336,
        4.759174491844757
    ],
    "22": [
        -2.179411113569306,
        4.6101723642146055
    ],
    "23": [
        -1.0355427804800623,
        -1.2604759800508516
    ],
    "24": [
        0.8546515704962316,
        -1.5320210923148605
    ],
    "25": [
        -0.5891561699340615,
        -0.9153438760417288
    ],
    "26": [
        -0.5884825574383141,
        -1.4792676633226622
    ],
    "27": [
        -0.10611803520864171,
        -2.1592772250832604
    ],
    "28": [
        -1.6745317631093064,
        4.86173582342981
    ],
    "29": [
        -0.3546982708667583,
        -1.7762307942681743
    ],
    "30": [
        -1.0271682484849682,
        -1.6043097679571103
    ],
    "31": [
        -0.7284678495094035,
        -1.2655609781891637
    ],
    "32": [
        -0.8048057181311803,
        -0.43286193034125153
    ],
    "33": [
        -1.1538388652845395,
        -0.2535633901396432
    ],
    "34": [
        -1.1540339567503608,
        -0.7069491295611973
    ],
    "35": [
        0.2903908984747554,
        -2.037263401102909
    ],
    "36": [
        -0.047468484692169355,
        -2.1004423792261155
    ],
    "37": [
        1.5566048185827763,
        -0.23915334576604197
    ],
    "38": [
        1.94822721352933,
        -0.2956585286844757
    ],
    "39": [
        1.4724941358909787,
        -2.3080020116732265
    ],
    "40": [
        1.5399837185594936,
        -1.3248006531473273
    ],
    "41": [
        2.2557754620355195,
        -2.012322600804138
    ],
    "42": [
        0.5059577983390726,
        -1.8305166074383314
    ],
    "43": [
        -0.4168236762845128,
        -0.9146217549375648
    ],
    "44": [
        0.33036491606177965,
        0.5528662661980029
    ],
    "45": [
        -0.24772664333287153,
        1.0987881255730945
    ],
    "46": [
        -0.6702897118606606,
        1.1100715450586898
    ],
    "47": [
        0.04799486924390539,
        0.25751378386270296
    ],
    "48": [
        -0.792186704364525,
        0.4758604032025707
    ],
    "49": [
        3.7009120887942175,
        -1.616921997317511
    ],
    "50": [
        3.9039974335008067,
        -1.9814178908608056
    ],
    "51": [
        -1.2107929279096732,
        4.916005318369914
    ],
    "52": [
        -1.6184472334198858,
        4.926680821336857
    ],
    "53": [
        -1.7077962430922904,
        -0.5338557746035826
    ],
    "54": [
        -1.3007641396866028,
        0.3778769344151246
    ],
    "55": [
        -1.0890592110578767,
        0.14925609909331383
    ],
    "56": [
        -1.566550850160505,
        1.3633522563402156
    ],
    "57": [
        3.6262741072121125,
        -0.9946983363310451
    ],
    "58": [
        3.4198693012753925,
        -0.5567911121505872
    ],
    "59": [
        3.1801721797641216,
        0.20307170739521319
    ],
    "60": [
        3.850971759157791,
        -0.9508698388427069
    ],
    "61": [
        3.6938776135439344,
        -1.0451733720897662
    ],
    "62": [
        -2.0492652139244223,
        6.055851666915753
    ],
    "63": [
        -0.3319877139047147,
        0.1461867149214673
    ],
    "64": [
        -0.3044483138715348,
        0.8610729804214817
    ],
    "65": [
        1.5602099027518057,
        0.6042467346490342
    ],
    "66": [
        -1.1493994032150514,
        1.252882161253639
    ],
    "67": [
        -1.9605198198546363,
        1.6553095629628758
    ],
    "68": [
        1.1264535696065754,
        0.06398346310234693
    ],
    "69": [
        4.068320751185227,
        -2.275686497326797
    ],
    "70": [
        3.9492460244577337,
        -2.416610180313309
    ],
    "71": [
        3.3192972636386915,
        -0.10465636433931891
    ],
    "72": [
        2.528137760137624,
        -0.24011623415143535
    ],
    "73": [
        5.5666238174526566,
        0.650748384701824
    ],
    "74": [
        2.9075812472852083,
        -0.05125117889822628
    ],
    "75": [
        3.324111762168503,
        0.1099281436766616
    ],
    "76": [
        1.3981610756349716,
        -1.8805454658373897
    ],
    "77": [
        -0.7525533968553715,
        1.4174845800390914
    ],
    "78": [
        -1.6401795738254705,
        1.1488600800101318
    ],
    "79": [
        1.2941042287545113,
        -0.10489366319754667
    ],
    "80": [
        1.7681538392846443,
        0.027797616178151574
    ],
    "81": [
        1.2934541180666352,
        -0.1433620445613467
    ],
    "82": [
        -0.040268535175616904,
        -1.6933278254787383
    ],
    "83": [
        -6.644983764669399,
        -0.6630649566537741
    ],
    "84": [
        -6.966824068260558,
        -0.18400034514159325
    ],
    "85": [
        -7.223739000024103,
        -0.022615685865666646
    ],
    "86": [
        -7.292194047261336,
        -0.11150539627340139
    ],
    "87": [
        -6.95071026951056,
        -0.17840163355897665
    ],
    "88": [
        1.8163429916919829,
        -1.0159505075617854
    ],
    "89": [
        1.962469820249849,
        -2.0404750068010555
    ],
    "90": [
        6.387927280133101,
        -9.88606363999467
    ],
    "91": [
        1.777036523171097,
        -2.406837008138714
    ],
    "92": [
        1.965988072919889,
        -2.776541296728817
    ],
    "93": [
        2.544176865650001,
        -2.7443127563152268
    ],
    "94": [
        2.2031062499579965,
        -1.4887562406463408
    ],
    "95": [
        3.54757317674763,
        -2.7042873671594965
    ],
    "96": [
        3.6501280742183533,
        -2.7973798489206323
    ],
    "97": [
        2.4162197477239524,
        -2.303371242941256
    ],
    "98": [
        2.326191876243629,
        -2.3490289912384887
    ],
    "99": [
        5.7440701620157,
        0.7870208611215322
    ],
    "100": [
        1.9543898761716991,
        -2.3483378646236748
    ],
    "101": [
        -7.009458294538661,
        -0.7887960878018668
    ],
    "102": [
        -6.737744776089635,
        -0.5588832728175772
    ],
    "103": [
        -6.635838301339507,
        -0.6508774776695152
    ],
    "104": [
        0.278685179200302,
        1.323876619535442
    ],
    "105": [
        6.300339818106883,
        -9.797952233106058
    ],
    "106": [
        6.545689080485216,
        -10.042528833752138
    ],