{
    "0": [
        15.670692655826034,
        4.935128591817577
    ],
    "1": [
        16.07119892607856,
        4.851390261244658
    ],
    "2": [
        15.696604707923406,
        4.9577149833676355
    ],
    "3": [
        15.88182038542423,
        5.257246727561196
    ],
    "4": [
        15.727123490843084,
        5.109120286721401
    ],
    "5": [
        16.18257107238242,
        4.89184847845573
    ],
    "6": [
        3.6407682361315215,
        -1.8566868835661152
    ],
    "7": [
        16.764515525452506,
        4.980238086062483
    ],
    "8": [
        16.176165809964488,
        5.420469896910014
    ],
    "9": [
        -19.886046332797353,
        -3.441370682605983
    ],
    "10": [
        -20.008255424845526,
        -4.263108327089531
    ],
    "11": [
        -19.21092563162737,
        -3.2122587094725876
    ],
    "12": [
        -19.863876171252095,
        -3.8749017935646384
    ],
    "13": [
        -19.56547720506393,
        -3.473867703581996
    ],
    "14": [
        -19.488290416414035,
        -3.355687602667679
    ],
    "15": [
        -19.714299825442293,
        -3.122886357692775
    ],
    "16": [
        -19.620337572192117,
        -3.5924104241224466
    ],
    "17": [
        -20.026955735597163,
        -4.601751312145785
    ],
    "18": [
        0.8484695759068215,
        0.6629549058293209
    ],
    "19": [
        2.3052134119978995,
        -0.004008340035498215
    ],
    "20": [
        -0.4884940135211109,
        0.35959098710991455
    ],
    "21": [
        1.2428821987483687,
        0.26241593240401695
    ],
    "22": [
        -0.20178935669536058,
        0.23879523111900092
    ],
    "23": [
        1.7425190272529294,
        1.6849747172655611
    ],
    "24": [
        0.8615766502925153,
        1.4096139398827727
    ],
    "25": [
        2.9566518444649854,
        -0.4118139453165979
    ],
    "26": [
        2.1115490386643274,
        0.5707305094436164
    ],
    "27": [
        1.9356424488285775,
        1.8296660130351832
    ],
    "28": [
        3.051496793566233,
        -1.4652115246738973
    ],
    "29": [
        2.2784613581895377,
        -0.7289253244212626
    ],
    "30": [
        1.0683416775570338,
        -0.24452121207395905
    ],
    "31": [
        1.2354230060742246,
        -1.2138912955254595
    ],
    "32": [
        1.7303684966738286,
        -0.8431102927545933
    ],
    "33": [
        1.8377252281878453,
        -1.4043717393451312
    ],
    "34": [
        4.432100864777125,
        0.1307539180234425
    ],
    "35": [
        0.5673102469594857,
        0.4811187847149698
    ],
    "36": [
        2.4589098653490917,
        1.243734503636178
    ],
    "37": [
        2.60324238020767,
        1.816282995083844
    ],
    "38": [
        2.4639926887087866,
        -2.4455443021177405
    ],
    "39": [
        -0.3742167737186808,
        0.2539723591279319
    ],
    "40": [
        0.3089675877541058,
        1.176856914968746
    ],
    "41": [
        1.6460877506184817,
        0.18321276061709657
    ],
    "42": [
        -1.7652253794785677,
        -1.990602897809287
    ],
    "43": [
        0.5326403323864168,
        0.6767568015626741
    ],
    "44": [
        0.7734776506631982,
        -1.1094318660131446
    ],
    "45": [
        1.5012203467099696,
        -0.28125093507165655
    ],
    "46": [
        2.0656818851038707,
        -0.4484030497209206
    ],
    "47": [
        2.550804006146939,
        0.8724838491478932
    ],
    "48": [
        4.493010305543551,
        0.5367334110344864
    ],
    "49": [
        2.6541491934506642,
        -0.5821719648926615
    ],
    "50": [
        2.0810145033743046,
        0.2663358767751296
    ],
    "51": [
        3.3383982290966254,
        -1.8626330056748683
    ],
    "52": [
        3.310811668624266,
        -1.9881478301930002
    ],
    "53": [
        2.8493951000322855,
        -2.045869529636939
    ],
    "54": [
        3.078612955518874,
        -2.159517892958974
    ],
    "55": [
        2.6314119295085523,
        -1.3130751778605738
    ],
    "56": [
        1.8298101242324503,
        -1.9251912427640443
    ],
    "57": [
        3.1073538293516694,
        2.6165939742688913
    ],
    "58": [
        1.865089263847039,
        2.120724620307209
    ],
    "59": [
        -0.015657477328064662,
        1.5429286343785096
    ],
    "60": [
        2.2794934478104163,
        1.6632662544863486
    ],
    "61": [
        0.07626951057981657,
        1.4721273814153415
    ],
    "62": [
        1.1938113395791268,
        1.7384620693429405
    ],
    "63": [
        3.363641168937351,
        -0.20822340855636146
    ],
    "64": [
        -19.181879375777203,
        -3.5941573854793503
    ],
    "65": [
        -19.445596281466194,
        -3.807252455379165
    ],
    "66": [
        -18.81872480734302,
        -3.898888751669121
    ],
    "67": [
        -19.151114287107053,
        -4.411121213888665
    ],
    "68": [
        -12.895473165635718,
        4.01349753707238
    ],
    "69": [
        -19.123766343765613,
        -3.578523042032302
    ],
    "70": [
        -20.158118848289174,
        -3.735790206831817
    ],
    "71": [
        1.3937163508245876,
        -2.3670323943704124
    ],
    "72": [
        1.910791291688175,
        -1.9767446995181275
    ],
    "73": [
        1.740338076262383,
        -1.8768690129830716
    ],
    "74": [
        4.455033603178544,
        0.7889501148135221
    ],
    "75": [
        3.7686319771821757,
        -1.6037981092398343
    ],
    "76": [
        2.7357957666581147,
        -1.1413698749551244
    ],
    "77": [
        3.0641650707354358,
        -0.6576725677620034
    ],
    "78": [
        3.689495463955318,
        -0.061288738116979324
    ],
    "79": [
        8.11950321147912,
        -2.130863886006094
    ],
    "80": [
        2.801597937510952,
        2.353241889620378
    ],
    "81": [
        1.104712964120826,
        -2.1898681394631736
    ],
    "82": [
        1.7530282818748892,
        -2.924695185927795
    ],
    "83": [
        0.9694572691065519,
        -1.976584335537729
    ],
    "84": [
        0.37879666407902235,
        -1.4472862929306007
    ],
    "85": [
        -12.865634131563835,
        4.040230714620543
    ],
    "86": [
        1.630918204412235,
        0.5141948295307275
    ],
    "87": [
        1.8638930028803578,
        0.665815608893408
    ],
    "88": [
        3.384624962470625,
        2.9755235259095247
    ],
    "89": [
        3.594927327858882,
        3.1500891355438636
    ],
    "90": [
        3.6191575122499287,
        2.8885098990884543
    ],
    "91": [
        1.7650713678938255,
        -2.918637485961812
    ],
    "92": [
        3.4486634383610792,
        3.0519686223933427
    ],
    "93": [
        1.5026418843600453,
        2.3332457278733507
    ],
    "94": [
        1.7494587492340776,
        1.2696082274416405
    ],
    "95": [
        1.41988677594891,
        2.443002999290174
    ],
    "96": [
        1.0497150069635404,
        2.7897500721728488
    ],
    "97": [
        3.762817961580821,
        2.7553427910456385
    ],
    "98": [
        1.0433483320221169,
        -0.39419560050344327
    ],
    "99": [
        4.5748262001248445,
        0.42796490053817227
    ],
    "100": [
        4.301449594829242,
        0.38775816420841736
    ],
    "101": [
        1.1008507946424229,
        2.7404313549206023
    ],
    "102": [
        -1.7847186056050015,
        -2.0092980145206893
    ],
    "103": [
        3.870731022404494,
        0.48661091999962736
    ],
    "104": [
        16.53070552421813,
        5.678265686635953
    ],
    "105": [
        0.24786179823665955,
        -1.560175456355486
    ],
    "106": [
        8.233770031874696,
        -2.2352879553752287
    ]
}