{
    "0": [
        -1.162473003353579,
        -2.3277711547391413
    ],
    "1": [
        -2.6734899597348463,
        -2.102521122431797
    ],
    "2": [
        -1.1800562422937428,
        -2.665991974949178
    ],
    "3": [
        -1.2459889206077985,
        -2.2104694315108158
    ],
    "4": [
        -1.5688420382374257,
        0.5758668226672721
    ],
    "5": [
        -1.3231845769126327,
        -2.2901377399356613
    ],
    "6": [
        -0.8612578833669939,
        0.29314492200909914
    ],
    "7": [
        -0.8916415996118943,
        -2.7845013848078675
    ],
    "8": [
        -0.7669153171855427,
        -2.83046478617319
    ],
    "9": [
        -0.4429995274184755,
        -0.3785693650756152
    ],
    "10": [
        -0.5463695888703821,
        -1.5108241652727163
    ],
    "11": [
        -0.509474461784432,
        1.8045501769802694
    ],
    "12": [
        0.05401310055634134,
        1.5838928661976268
    ],
    "13": [
        -0.9721692546513658,
        -1.5446869178501914
    ],
    "14": [
        -0.8401167140059975,
        1.3202420647504813
    ],
    "15": [
        -1.0073145685096616,
        -2.0199142502278185
    ],
    "16": [
        -0.6551470218420583,
        -0.6834492544678312
    ],
    "17": [
        -0.8800993648762514,
        0.9522762068250694
    ],
    "18": [
        -2.449977848506361,
        -1.7341345122726675
    ],
    "19": [
        -0.6086364494882108,
        -3.040957113887399
    ],
    "20": [
        -0.3757721449772635,
        -2.8541740804265383
    ],
    "21": [
        -1.329837716447864,
        -2.356945146588943
    ],
    "22": [
        -2.5499559607726585,
        -1.9689093533081956
    ],
    "23": [
        -1.6694714298371025,
        -3.0543199253055096
    ],
    "24": [
        -0.06545848218485695,
        2.222731925360449
    ],
    "25": [
        -0.0151449633893872,
        2.5631957060009136
    ],
    "26": [
        -0.019142774196703627,
        2.5628427658713044
    ],
    "27": [
        0.1991644274592712,
        -3.661519744122487
    ],
    "28": [
        0.43638301396717694,
        -4.238361986905042
    ],
    "29": [
        0.3836645591754362,
        -4.040670101218726
    ],
    "30": [
        0.15058072032770475,
        -3.6722127899032295
    ],
    "31": [
        0.15284361187716655,
        -3.5434814828176306
    ],
    "32": [
        -2.8437093865204606,
        -1.0439709882912176
    ],
    "33": [
        -1.8810417437007398,
        -1.7834753845038391
    ],
    "34": [
        -1.0303311458533102,
        -1.598479577361212
    ],
    "35": [
        -2.5440463285027004,
        -0.15013501280534047
    ],
    "36": [
        -1.5823446355162876,
        -1.3827837972820878
    ],
    "37": [
        -1.0454810269061952,
        -1.2719643706681958
    ],
    "38": [
        -0.9847746839161751,
        1.3895564913709229
    ],
    "39": [
        -0.5621597735068011,
        0.8777373530619033
    ],
    "40": [
        -0.7148506953075451,
        1.2608715889119757
    ],
    "41": [
        -1.7318203672838202,
        1.991048162739017
    ],
    "42": [
        -1.1451578471654305,
        1.0654266799134589
    ],
    "43": [
        0.3525562988258777,
        1.4299386819930902
    ],
    "44": [
        -2.83493062039563,
        -1.0637745976634747
    ],
    "45": [
        0.04172661979041514,
        -3.734548145796285
    ],
    "46": [
        1.7904332271144838,
        -2.862199370150439
    ],
    "47": [
        0.482064599399747,
        -4.311665697449573
    ],
    "48": [
        0.46752670379932226,
        -4.57049136988341
    ],
    "49": [
        0.8983073507350863,
        -0.1967735847777683
    ],
    "50": [
        0.9020482156545384,
        -0.20713147676760846
    ],
    "51": [
        -1.7903050746908082,
        0.23573218171395416
    ],
    "52": [
        -1.8255317163472924,
        0.17822412565005719
    ],
    "53": [
        0.2404263525312782,
        1.532188380438039
    ],
    "54": [
        -0.48071545394631876,
        0.1612606541387671
    ],
    "55": [
        0.38038383942689613,
        -4.832063653239743
    ],
    "56": [
        -1.6883275095887669,
        1.937766957349309
    ],
    "57": [
        1.9634714617058595,
        4.019302594202287
    ],
    "58": [
        -1.237957752547354,
        0.14486362885219828
    ],
    "59": [
        -1.703070482383037,
        0.2628171024365651
    ],
    "60": [
        -0.7324963875151074,
        0.4463519824163109
    ],
    "61": [
        2.2028237204341554,
        3.999488489589373
    ],
    "62": [
        2.8931714988697834,
        10.528889715888901
    ],
    "63": [
        -1.793321958358856,
        2.042261884836554
    ],
    "64": [
        1.8080694725084339,
        4.374804599910938
    ],
    "65": [
        -0.7450105110117029,
        0.2752202254256906
    ],
    "66": [
        1.978913156567824,
        4.110135103510709
    ],
    "67": [
        -0.9947535409301818,
        0.11703801109165557
    ],
    "68": [
        -0.8116580607264332,
        0.3105652260912217
    ],
    "69": [
        1.7216007879788648,
        3.9256302595257377
    ],
    "70": [
        -0.06907923997407295,
        2.206202627050616
    ],
    "71": [
        -2.67563115296983,
        -0.2549201889069219
    ],
    "72": [
        18.8085842272639,
        7.705769709710536
    ],
    "73": [
        1.8088887412289836,
        -2.8606210619158063
    ],
    "74": [
        2.8935491665075723,
        10.529889319544171
    ],
    "75": [
        -1.711740258065701,
        -3.0898574858811707
    ],
    "76": [
        18.808877319406506,
        7.705876256670507
    ],
    "77": [
        1.9511129735816475,
        4.08624209684536
    ]
}