{
    "0": [
        -7.419216940378545,
        4.3878956751260985
    ],
    "1": [
        -5.603539307183618,
        2.530322195955511
    ],
    "2": [
        -5.268877851558896,
        2.7262964818416604
    ],
    "3": [
        -3.8038501620368756,
        1.8028025046191023
    ],
    "4": [
        -7.4671240135113255,
        5.110972977424714
    ],
    "5": [
        -7.513469261820072,
        4.851839344058288
    ],
    "6": [
        -7.399327366003996,
        5.216632000654776
    ],
    "7": [
        -3.720585965744097,
        2.3298017214692024
    ],
    "8": [
        -3.199344931095526,
        2.947149211171122
    ],
    "9": [
        -5.483966751630073,
        3.091833936793582
    ],
    "10": [
        -5.7270150693020065,
        3.083752273842772
    ],
    "11": [
        -5.858498325527342,
        2.754155166097846
    ],
    "12": [
        -2.887909115435616,
        3.4466492333180514
    ],
    "13": [
        -2.4899471497687937,
        2.3449082068045364
    ],
    "14": [
        -3.1042286446519216,
        1.5881249416777958
    ],
    "15": [
        -3.38715813182468,
        1.1021858066692762
    ],
    "16": [
        -3.7974256813497966,
        1.223339581665822
    ],
    "17": [
        -6.8922260984821015,
        4.652619867316031
    ],
    "18": [
        -2.9760628499211075,
        2.6946602201685437
    ],
    "19": [
        -4.16387053215591,
        1.3626771102298858
    ],
    "20": [
        -2.095709251860162,
        3.9057714501890817
    ],
    "21": [
        -3.506839942676452,
        1.9084271698344022
    ],
    "22": [
        -4.127736953649658,
        2.1006235639931394
    ],
    "23": [
        -4.387466408524769,
        2.94197029207372
    ],
    "24": [
        -2.8148235147463794,
        3.9856279798986183
    ],
    "25": [
        -1.1773223447323393,
        4.854376143390969
    ],
    "26": [
        -2.9716621822802196,
        1.1514199906647269
    ],
    "27": [
        -4.024870068013863,
        1.0628730446293768
    ],
    "28": [
        -4.528691429909078,
        0.9046263147407667
    ],
    "29": [
        12.981998327122191,
        -7.0013016143468905
    ],
    "30": [
        -2.291982982384146,
        1.5328863124098044
    ],
    "31": [
        12.174302984006623,
        -6.006207998171157
    ],
    "32": [
        -3.3753721863281902,
        1.2966018836875515
    ],
    "33": [
        -0.5306415011127328,
        4.5405279472346916
    ],
    "34": [
        -0.7281099777322919,
        4.700922614693292
    ],
    "35": [
        -0.35173492241648274,
        4.5789740190900625
    ],
    "36": [
        -3.8269376152194416,
        1.0141907805225165
    ],
    "37": [
        -2.054285659821688,
        1.2259196111455442
    ],
    "38": [
        -3.183367465922446,
        0.8897632349175271
    ],
    "39": [
        7.479790733487019,
        -10.016811991203877
    ],
    "40": [
        8.026479497824212,
        -9.627652708773681
    ],
    "41": [
        -4.758772301804519,
        0.6496864343803121
    ],
    "42": [
        -2.792622207193449,
        3.2837705735959704
    ],
    "43": [
        -2.2046437711313667,
        4.749749664127428
    ],
    "44": [
        -2.478095706404316,
        4.605641747490413
    ],
    "45": [
        -3.891293925622932,
        4.635129781006697
    ],
    "46": [
        -2.962360866891148,
        4.9762173687738835
    ],
    "47": [
        -2.604884535931017,
        5.041407207094194
    ],
    "48": [
        -1.4987640670802502,
        4.14220341423748
    ],
    "49": [
        -1.933373297793191,
        4.51581108648679
    ],
    "50": [
        -3.0256738914797716,
        4.615017444997015
    ],
    "51": [
        -1.706000347377704,
        4.196381830541475
    ],
    "52": [
        -1.604716682832544,
        4.725340616690709
    ],
    "53": [
        -5.217762820623717,
        3.743556505219534
    ],
    "54": [
        -1.2868642265511974,
        5.264945355258271
    ],
    "55": [
        -2.2493164186152304,
        4.157326055591183
    ],
    "56": [
        -2.3808404699435393,
        5.013719331065451
    ],
    "57": [
        -1.380027244972922,
        5.347953101276328
    ],
    "58": [
        -2.4166961476883224,
        4.332504617825329
    ],
    "59": [
        -1.5755789817741923,
        5.615630339308856
    ],
    "60": [
        -6.488949582543034,
        3.705156389344822
    ],
    "61": [
        -6.537954624481484,
        3.7662276590086097
    ],
    "62": [
        -1.478350934178705,
        5.538791850091821
    ],
    "63": [
        -3.6729126000737535,
        0.436169161842042
    ],
    "64": [
        8.352883385358222,
        -10.53699441893745
    ],
    "65": [
        8.545652144322883,
        -10.808910222164005
    ],
    "66": [
        8.364767152615059,
        -10.85454075369864
    ],
    "67": [
        8.249258855316338,
        -10.925616054760162
    ],
    "68": [
        8.003821946527136,
        -10.46469827190958
    ],
    "69": [
        8.684845221258911,
        -10.911415433863812
    ],
    "70": [
        8.735762888637488,
        -10.438335998308265
    ],
    "71": [
        8.0796665154018,
        -10.744662068752973
    ],
    "72": [
        7.864317676257884,
        -10.05709831029715
    ],
    "73": [
        8.845921522102174,
        -10.21052040640977
    ],
    "74": [
        7.599952979137176,
        -9.826936650688438
    ],
    "75": [
        12.592690325309835,
        -6.245327062527834
    ],
    "76": [
        12.244081863923622,
        -6.503947561238303
    ],
    "77": [
        -3.948320706894182,
        3.594375905615656
    ],
    "78": [
        -5.027387795988762,
        3.5298104477751875
    ],
    "79": [
        -4.886048110818206,
        4.2236699807211675
    ],
    "80": [
        -3.574350953700868,
        3.17142988770893
    ],
    "81": [
        -4.873384618915403,
        3.5857447827195
    ],
    "82": [
        -4.885078129152107,
        3.7549483127084837
    ],
    "83": [
        -5.345222941223251,
        3.422212252556614
    ],
    "84": [
        -5.139395633194088,
        3.8588594625451216
    ],
    "85": [
        8.666590886149358,
        -9.836387100884245
    ],
    "86": [
        12.34656871296949,
        -6.282260461799347
    ],
    "87": [
        12.900789326178817,
        -5.828467732974862
    ],
    "88": [
        12.658043646010292,
        -6.079269179710267
    ],
    "89": [
        12.731750597452134,
        -6.473561141750602
    ],
    "90": [
        10.848687869558365,
        -5.9257721761853075
    ],
    "91": [
        13.097088361462525,
        -6.122307215800293
    ],
    "92": [
        13.06583986873381,
        -6.223547415667309
    ],
    "93": [
        13.175430082563334,
        -5.907458134667732
    ],
    "94": [
        10.904974719931214,
        -5.977859566466383
    ],
    "95": [
        12.951425694784728,
        -6.7962402277060034
    ],
    "96": [
        -2.5697412442496823,
        -1.6914806208534046
    ],
    "97": [
        -2.3346050401575122,
        -2.0025427083739586
    ],
    "98": [
        -1.9594332499780869,
        0.7711179690791998
    ],
    "99": [
        -2.77455152807745,
        -1.5037523150476897
    ],
    "100": [
        -2.641686403080416,
        -1.6360359411229597
    ],
    "101": [
        -2.8137589711365036,
        -1.4844065271014992
    ],
    "102": [
        -2.2701435883865013,
        -2.0765398567376536
    ],
    "103": [
        -7.284725741200676,
        4.91556458003657
    ],
    "104": [
        -3.7401887409395114,
        0.39558308216469706
    ],
    "105": [
        -7.5270770559153215,
        5.3795947357630975
    ],
    "106": [
        -4.054533252542655,
        1.5622264243352428
    ],
    "107": [
        -2.236095869150404,
        1.9612696798969058
    ]
}