{
    "0": [
        -3.9909597350421686,
        -2.17359035109104
    ],
    "1": [
        -3.5574363346846036,
        -1.5836225949129559
    ],
    "2": [
        -4.1888567042266365,
        -1.3611307306697316
    ],
    "3": [
        -3.2953458190429883,
        -1.6525610418005523
    ],
    "4": [
        -3.9680082057773083,
        -1.002506950054376
    ],
    "5": [
        -0.23083708442049744,
        -2.7625481245452836
    ],
    "6": [
        -3.337094075017995,
        -2.7722688911544964
    ],
    "7": [
        -3.9349151692126663,
        -1.5111977940970007
    ],
    "8": [
        0.04955098722391327,
        -3.610746541527929
    ],
    "9": [
        -3.807416617568369,
        -2.025964897509195
    ],
    "10": [
        -2.263747304238948,
        -1.5307903389144326
    ],
    "11": [
        -2.504128620060235,
        -2.2695067817563115
    ],
    "12": [
        -2.815894199543302,
        -2.204558146595996
    ],
    "13": [
        -4.6865662370245,
        -0.37351486891143904
    ],
    "14": [
        -4.399105123544779,
        -0.8657538053416519
    ],
    "15": [
        -4.410747609568891,
        -0.5174345046842687
    ],
    "16": [
        -4.442187936022383,
        -1.571851009571339
    ],
    "17": [
        -3.036666582515916,
        -2.5611801264917995
    ],
    "18": [
        2.130663549829852,
        -0.35104553696930363
    ],
    "19": [
        1.820449529488382,
        -0.9292765748395032
    ],
    "20": [
        2.2736029988386477,
        -0.8548232975454094
    ],
    "21": [
        1.6001271921214348,
        0.13179352867386618
    ],
    "22": [
        2.0963533074617757,
        -0.6557857552472021
    ],
    "23": [
        1.9058326511196562,
        0.4670155415135945
    ],
    "24": [
        2.425076752846066,
        -0.545543322055113
    ],
    "25": [
        2.826173490571244,
        -0.20109114188946553
    ],
    "26": [
        4.735328706669691,
        2.1669661016940718
    ],
    "27": [
        -3.4331812540424798,
        -4.099232770547402
    ],
    "28": [
        -4.314278975357406,
        -0.6864993011286119
    ],
    "29": [
        -4.509817856656928,
        -0.14367336560335675
    ],
    "30": [
        -4.115872759572357,
        -0.14478911371076497
    ],
    "31": [
        -4.503635382201302,
        -0.5735064349545734
    ],
    "32": [
        -0.38022676262222266,
        -1.6850331141941557
    ],
    "33": [
        4.556948551101854,
        2.3138670001651778
    ],
    "34": [
        -1.2085186055133539,
        -2.8023674947099586
    ],
    "35": [
        -2.427745535838146,
        -3.899084921252519
    ],
    "36": [
        -1.2037355899473097,
        -3.1272699536489963
    ],
    "37": [
        -2.249345276710172,
        -3.2352586875042446
    ],
    "38": [
        -1.8508230910514323,
        -2.8986070484434308
    ],
    "39": [
        -1.7669089164329774,
        -2.787879215583454
    ],
    "40": [
        -1.6028012476047886,
        -3.188411898932449
    ],
    "41": [
        -1.4310003225478196,
        -2.9895058717739285
    ],
    "42": [
        -1.643403284524898,
        -2.0641332280000193
    ],
    "43": [
        -0.14974053511243302,
        -1.321955081669703
    ],
    "44": [
        -2.0556349248708417,
        -3.709602958229662
    ],
    "45": [
        -2.609577551011225,
        -3.1339013592515172
    ],
    "46": [
        -1.9694945526178023,
        -2.1069305587649882
    ],
    "47": [
        -1.3112242568536407,
        -3.592799761423761
    ],
    "48": [
        -2.5209199998759173,
        -4.00261981984293
    ],
    "49": [
        -2.5435461591185797,
        -2.74111040705159
    ],
    "50": [
        -2.1355055036834534,
        -2.6701780591233546
    ],
    "51": [
        3.7081751010396236,
        1.546598589136098
    ],
    "52": [
        -0.6282659902963781,
        -0.9873438779261142
    ],
    "53": [
        -0.8839385059664808,
        -0.8125228395965417
    ],
    "54": [
        -0.6323826644854273,
        -0.5446434661069676
    ],
    "55": [
        -0.9567843992082627,
        -1.4748174152657034
    ],
    "56": [
        -0.4666240180259935,
        -1.1555258692539123
    ],
    "57": [
        -0.15199208397157804,
        -0.5132498685179038
    ],
    "58": [
        3.743760204999261,
        3.780804838654018
    ],
    "59": [
        4.948105376334006,
        3.214847732476001
    ],
    "60": [
        4.3369057013014185,
        2.8649773051588197
    ],
    "61": [
        3.630941689970883,
        4.124934456504516
    ],
    "62": [
        3.0082290672995073,
        1.726270498802029
    ],
    "63": [
        3.768080396827857,
        3.7285014630278113
    ],
    "64": [
        2.876565597464941,
        2.2702950577888554
    ],
    "65": [
        3.421486706169893,
        4.3385053801553095
    ],
    "66": [
        4.984760980626637,
        3.458617433913036
    ],
    "67": [
        4.955907875602335,
        2.944248415300823
    ],
    "68": [
        -0.09195764114985483,
        -3.6614142976439563
    ],
    "69": [
        0.03643710738792105,
        -3.7809453493578182
    ],
    "70": [
        0.2912394657707873,
        -2.7571794721397382
    ],
    "71": [
        -3.373226482819015,
        -4.38344433306591
    ],
    "72": [
        -3.6147728258264022,
        -4.318779662095641
    ],
    "73": [
        4.207147721836277,
        2.3670887145559476
    ],
    "74": [
        4.145573366220072,
        1.7217518323378775
    ],
    "75": [
        3.7548626100430287,
        2.1681915165230086
    ],
    "76": [
        3.233849271859606,
        -0.27284437124186744
    ],
    "77": [
        4.597289225950366,
        2.555384117841955
    ],
    "78": [
        4.3170608705654665,
        2.884278146295175
    ],
    "79": [
        -1.8971928975205303,
        -1.481497904557484
    ],
    "80": [
        -3.4837148830199114,
        -2.9670648920590104
    ],
    "81": [
        0.6676909109067672,
        -2.7475909827776355
    ],
    "82": [
        0.30544594153049776,
        -2.748863918497727
    ],
    "83": [
        3.51493388848362,
        4.250182165574074
    ],
    "84": [
        0.461714266817995,
        -1.5775724521598562
    ],
    "85": [
        1.6560267176702324,
        0.2629167678935743
    ],
    "86": [
        -6.291467108347676,
        11.587591143497136
    ],
    "87": [
        1.1953076495503225,
        0.07953504556623381
    ],
    "88": [
        3.308828776585428,
        0.03792735063824304
    ],
    "89": [
        2.973486202120667,
        -0.0823603407433916
    ],
    "90": [
        3.028545926034087,
        0.2229415101276866
    ],
    "91": [
        -6.592723202915296,
        11.865814970937086
    ],
    "92": [
        -6.426769632510314,
        11.706252930025869
    ],
    "93": [
        -6.246966764512307,
        11.550459285388769
    ],
    "94": [
        -0.22317460210621665,
        -1.9230803398923562
    ],
    "95": [
        -0.0310413654832411,
        -1.569608650453973
    ],
    "96": [
        2.0067703673542407,
        0.5950095913773044
    ],
    "97": [
        18.207353876386616,
        14.004767405724634
    ],
    "98": [
        18.224283380053667,
        14.021339963759266
    ],
    "99": [
        2.862972811407854,
        2.293318055846841
    ]
}