{
    "0": [
        1.7985233180557525,
        -0.5494123784577791
    ],
    "1": [
        -0.7964873317113508,
        -1.7072103871148778
    ],
    "2": [
        -0.3690813684932615,
        1.5749126313923592
    ],
    "3": [
        -0.32453082257532856,
        2.160977226175855
    ],
    "4": [
        -3.199803951764986,
        -0.1962323755894868
    ],
    "5": [
        0.11523535519672405,
        0.48664929113506883
    ],
    "6": [
        1.4790780151388296,
        0.3314797356326684
    ],
    "7": [
        1.8573709170126411,
        -1.9159346381056341
    ],
    "8": [
        3.276034359683138,
        0.23318147350913865
    ],
    "9": [
        1.9095988735111251,
        0.17913570102459442
    ],
    "10": [
        3.3775863499802474,
        2.3044502530894144
    ],
    "11": [
        0.43378355571440225,
        1.5730319683925424
    ],
    "12": [
        1.1309930586568862,
        0.5988848328153011
    ],
    "13": [
        -0.4975187031593608,
        1.2951428577439978
    ],
    "14": [
        0.5457570951711659,
        -2.8050468475719095
    ],
    "15": [
        3.0285119386691366,
        -0.26076905151502583
    ],
    "16": [
        0.026810736919622935,
        2.4384937472734363
    ],
    "17": [
        2.0637026351890744,
        0.9249898425298229
    ],
    "18": [
        1.5881372185638618,
        -0.1971482039170418
    ],
    "19": [
        1.4238949215594667,
        -1.0362514438836534
    ],
    "20": [
        3.780853160541195,
        -0.4089240053190375
    ],
    "21": [
        1.731592319187255,
        1.5494349244099554
    ],
    "22": [
        -1.0813872533684499,
        -0.35059038754368377
    ],
    "23": [
        1.8866091222808794,
        -0.0895557892561909
    ],
    "24": [
        -1.397878328518383,
        0.22007973798968727
    ],
    "25": [
        0.0056434603120352755,
        -0.9851374460589941
    ],
    "26": [
        0.14421284256394803,
        -0.27984206428793534
    ],
    "27": [
        0.19158929559405458,
        -0.038954435518021135
    ],
    "28": [
        -0.628680375705728,
        -0.9012916992743181
    ],
    "29": [
        -1.1235601635220847,
        2.11108606296063
    ],
    "30": [
        0.08846398063265981,
        2.1627371011708627
    ],
    "31": [
        -0.9147539029557057,
        -2.159862426021938
    ],
    "32": [
        -1.9167710336058519,
        -0.6111982630928452
    ],
    "33": [
        -0.6769907262280181,
        -0.47559409447276035
    ],
    "34": [
        -2.9633601484077214,
        1.2992278811152298
    ],
    "35": [
        -1.300462061983375,
        -0.7831540228506819
    ],
    "36": [
        -0.5822795708603312,
        -1.4396894475207063
    ],
    "37": [
        1.8319071556296693,
        0.4811623541016754
    ],
    "38": [
        0.5437889296891658,
        -2.5320097199617315
    ],
    "39": [
        0.48017128371335405,
        -0.93834617665145
    ],
    "40": [
        0.7873090171215027,
        1.9460017229792568
    ],
    "41": [
        1.1635002982759755,
        -0.33032190497616565
    ],
    "42": [
        -0.24524578928447105,
        -1.2836365796154734
    ],
    "43": [
        -2.8187400233098696,
        0.5641528885989411
    ],
    "44": [
        -1.0986900104848905,
        -2.4477601463603618
    ],
    "45": [
        -1.0798305247957578,
        -1.8065498102912647
    ],
    "46": [
        0.9029979773384935,
        1.8044472566824856
    ],
    "47": [
        -1.4056877371793242,
        1.0800666199737696
    ],
    "48": [
        -4.058260475256968,
        -1.984742393661194
    ],
    "49": [
        -0.4955233833753994,
        1.913248395017269
    ],
    "50": [
        -2.142491873372689,
        -0.32189546606551644
    ],
    "51": [
        3.521555104413301,
        0.005924814228236208
    ],
    "52": [
        3.094570819120479,
        1.8668311033986908
    ],
    "53": [
        2.251481639449276,
        -0.8097670668058292
    ],
    "54": [
        2.7069703586865326,
        0.2664209414291454
    ],
    "55": [
        1.680995049105032,
        -1.0179204965035975
    ],
    "56": [
        3.1922126637449963,
        0.6089213883227593
    ],
    "57": [
        3.3505022080391864,
        2.2819905930922646
    ],
    "58": [
        2.83538955383242,
        1.6257469164184277
    ],
    "59": [
        -1.1058399597376867,
        1.5833409685049373
    ],
    "60": [
        0.001642019948495499,
        0.898708353517331
    ],
    "61": [
        -0.2350561641103175,
        0.4748353227398727
    ],
    "62": [
        -0.3722258164577798,
        0.47008545117330325
    ],
    "63": [
        -0.538347187257348,
        0.07553457348921988
    ],
    "64": [
        0.7672203613041946,
        0.1407519852000485
    ],
    "65": [
        -3.2301274808910962,
        -0.48651752404318227
    ],
    "66": [
        -3.8645113011066847,
        -0.34025164857342904
    ],
    "67": [
        -1.6089679216075636,
        1.5920148045338278
    ],
    "68": [
        1.7199678195309571,
        2.069231283416264
    ],
    "69": [
        -2.5011164917357744,
        1.2699452569021803
    ],
    "70": [
        -1.3120900829826319,
        1.8853490150445653
    ],
    "71": [
        -1.5218448515109795,
        1.9061280090310317
    ],
    "72": [
        -2.24059284169635,
        1.4311301921136002
    ],
    "73": [
        -2.320800768597,
        0.8742585170249901
    ],
    "74": [
        -2.0527671767708626,
        2.3497873215327862
    ],
    "75": [
        3.1261770988216875,
        -2.555304717259629
    ],
    "76": [
        3.375714233875584,
        -2.9342820076505998
    ],
    "77": [
        3.458488125517637,
        -3.043732523642592
    ],
    "78": [
        -0.9859490558674926,
        -2.2245298020409088
    ],
    "79": [
        1.2927532587807105,
        -2.258951354077909
    ],
    "80": [
        1.5803749327046164,
        2.283126162993656
    ],
    "81": [
        1.536849553665469,
        2.006843325843122
    ],
    "82": [
        1.365571628675268,
        1.1929895017802812
    ],
    "83": [
        -2.3512008079967863,
        -0.43834056057328663
    ],
    "84": [
        1.4498569996204722,
        1.7208793327256506
    ],
    "85": [
        0.29877498359887866,
        1.7528272273076295
    ],
    "86": [
        0.16405637729289063,
        1.4604659621380902
    ],
    "87": [
        0.2885555983457457,
        0.12964412608680487
    ],
    "88": [
        -0.8644431104585266,
        -1.199406162363978
    ],
    "89": [
        1.5027778545218773,
        -1.7840979747014227
    ],
    "90": [
        -1.1779671260195148,
        -0.8774295304547417
    ],
    "91": [
        2.844683172642504,
        -0.42049982423777355
    ],
    "92": [
        -0.06354207933288991,
        -1.4261377380768323
    ],
    "93": [
        -0.009011167553138605,
        -1.5349528919980582
    ],
    "94": [
        1.985463633800256,
        -2.052190419544763
    ],
    "95": [
        -0.38235213729324785,
        2.8741503287310115
    ],
    "96": [
        0.6987858342180495,
        2.3221724561909065
    ],
    "97": [
        -0.5215015935266545,
        -0.8701605309972109
    ],
    "98": [
        3.324311477993123,
        -0.4022348151803401
    ],
    "99": [
        -3.060915633806748,
        1.3948064794771335
    ],
    "100": [
        3.4058346337500978,
        -0.2154053017869133
    ],
    "101": [
        -3.630079071667313,
        0.06108903669745658
    ],
    "102": [
        3.7575859195704884,
        -0.9150815783399597
    ],
    "103": [
        3.619572982980705,
        -1.2242987211775302
    ],
    "104": [
        2.4589138343343215,
        0.40464790316758315
    ],
    "105": [
        -1.9789128443779556,
        0.3960753986364711
    ],