{
    "0": [
        0.6615643407546736,
        -0.1603739943877257
    ],
    "1": [
        -0.2825090363547513,
        -1.3404647523218653
    ],
    "2": [
        1.259376541784844,
        0.5458228978548555
    ],
    "3": [
        0.47670127382381833,
        -1.3091634388681532
    ],
    "4": [
        -0.2267385731357681,
        -1.862314332902516
    ],
    "5": [
        0.3189942346853995,
        -0.3641223862223827
    ],
    "6": [
        -0.5548881459986924,
        0.5400046364618899
    ],
    "7": [
        -0.19239623773262246,
        1.6084751349924409
    ],
    "8": [
        -0.4788196261333418,
        -0.4767435003647469
    ],
    "9": [
        0.11419409297367611,
        0.6471821135351107
    ],
    "10": [
        -1.2380776647487242,
        0.4629728287573299
    ],
    "11": [
        1.317385846252901,
        -1.5954721661520994
    ],
    "12": [
        -0.42042936234303957,
        -0.0013169262053009264
    ],
    "13": [
        -0.014896506506303595,
        -0.2751736661929033
    ],
    "14": [
        1.8934239515626219,
        0.29932704815158295
    ],
    "15": [
        -1.0900125921222572,
        -2.4148812338455437
    ],
    "16": [
        0.1872744299975283,
        2.299153644382967
    ],
    "17": [
        -0.022958828497137727,
        -0.8923773027925275
    ],
    "18": [
        0.9130573023211371,
        0.9732063172868606
    ],
    "19": [
        1.8444281027170462,
        -1.9742402453789425
    ],
    "20": [
        1.34774931369433,
        1.0572533063913465
    ],
    "21": [
        -1.0165529191853018,
        1.680500555479181
    ],
    "22": [
        -0.7321316444502555,
        0.7348287654591877
    ],
    "23": [
        -2.2022912404189943,
        -0.843267334912465
    ],
    "24": [
        -2.2426399502954446,
        -0.37130624290923453
    ],
    "25": [
        -1.7417349682278962,
        1.6060189414223314
    ],
    "26": [
        1.308246511154697,
        -0.2270712090444371
    ],
    "27": [
        1.6886784433372688,
        1.8676213960085677
    ],
    "28": [
        0.0679397950417701,
        -2.4210683869329346
    ],
    "29": [
        1.958750689918857,
        -0.4995274865469913
    ],
    "30": [
        -0.8695348727752938,
        2.197174188681785
    ],
    "31": [
        -0.794452546489924,
        3.2097455500505174
    ],
    "32": [
        0.8116348155930665,
        1.3913114996671017
    ],
    "33": [
        -1.8546485397608403,
        0.2342601587100773
    ],
    "34": [
        0.7243056356819023,
        -1.7079389633050994
    ],
    "35": [
        -2.257672379243514,
        2.5097505685708077
    ],
    "36": [
        0.7833981475290975,
        -3.306418021240997
    ],
    "37": [
        -2.260492915520494,
        -1.5287952705191752
    ],
    "38": [
        2.7957301657502263,
        1.8407943156327442
    ],
    "39": [
        3.0181971654695605,
        -0.7019346762667381
    ],
    "40": [
        -2.299650859088414,
        1.2082749349923432
    ],
    "41": [
        -1.4669096481332131,
        2.8980762381617335
    ],
    "42": [
        2.6222090936992886,
        -1.1058263713087595
    ],
    "43": [
        -1.0069661486070256,
        -3.1663584962033076
    ],
    "44": [
        3.24982687661321,
        0.42309882415395994
    ],
    "45": [
        -0.9975768855140804,
        -1.4361524768370766
    ],
    "46": [
        1.0378364898557297,
        2.118710670547947
    ],
    "47": [
        1.3367234594292787,
        3.140788931393008
    ],
    "48": [
        -1.6718094652740623,
        -1.2701849289397238
    ],
    "49": [
        -2.2221252784997656,
        -2.390377286348113
    ],
    "50": [
        0.5507212834348193,
        2.935117556746641
    ],
    "51": [
        2.0253131923938765,
        -1.0655755714830975
    ],
    "52": [
        2.7392730447467883,
        0.06298080562473908
    ],
    "53": [
        -3.1313041706758638,
        -1.4153727321618015
    ],
    "54": [
        1.5572734024984538,
        2.6948534813840705
    ],
    "55": [
        -2.8192281861933974,
        -0.09586371549561036
    ],
    "56": [
        -0.3030035555911024,
        3.5084278387811456
    ],
    "57": [
        -2.6360276557357047,
        0.7244789892744959
    ],
    "58": [
        -0.3852987510946252,
        2.4937105308949454
    ],
    "59": [
        3.215537395830083,
        1.2567114690391192
    ],
    "60": [
        -0.3581790726114364,
        -3.312221287969782
    ],
    "61": [
        1.2594582561011518,
        -1.1020989650334903
    ],
    "62": [
        0.5448593509463209,
        -2.594423344093229
    ],
    "63": [
        1.1920797512971844,
        -2.4354233381974453
    ],
    "64": [
        2.1403333122191768,
        0.9717328854721307
    ],
    "65": [
        2.333524443127957,
        -1.8164347605004432
    ],
    "66": [
        2.5539398593196765,
        3.4186302265983475
    ],
    "67": [
        -2.096203716895511,
        1.9191217709173825
    ]
}