{
    "0": [
        -0.08741037112587646,
        1.5183873902750142
    ],
    "1": [
        -3.2125753643515664,
        0.6399926343029447
    ],
    "2": [
        0.249095450968504,
        0.9425980304896316
    ],
    "3": [
        1.1362952612501227,
        1.3096165780667341
    ],
    "4": [
        -1.0404631636136124,
        -1.0550043343828894
    ],
    "5": [
        -0.544878632645172,
        0.12040839607784477
    ],
    "6": [
        -0.3807898308136022,
        -0.3430025553495823
    ],
    "7": [
        0.23712381408297128,
        0.3484407612600292
    ],
    "8": [
        1.5748559107472797,
        0.35127513278245387
    ],
    "9": [
        0.4563877881938237,
        -0.5006544613829637
    ],
    "10": [
        0.9075416633121223,
        2.1497669696191433
    ],
    "11": [
        0.021610313179155124,
        1.8584239074762567
    ],
    "12": [
        0.5714346261965941,
        -1.3375901996314001
    ],
    "13": [
        -0.012105940398535435,
        -0.8765628352146152
    ],
    "14": [
        -0.09206470748752038,
        0.13507411641839392
    ],
    "15": [
        -1.4558001331651798,
        -0.9379820241379697
    ],
    "16": [
        1.8861052027925478,
        2.993051309937309
    ],
    "17": [
        -1.219842891735384,
        -0.25132799800488076
    ],
    "18": [
        -0.13824203908304916,
        0.7888971428610595
    ],
    "19": [
        -0.14318519765800708,
        -1.2537805822588466
    ],
    "20": [
        1.6123937617610664,
        0.840961528119747
    ],
    "21": [
        0.44911873719237216,
        -0.8826723405379779
    ],
    "22": [
        -2.3772900729140134,
        0.3310062667769552
    ],
    "23": [
        -0.9369625454946314,
        0.6130634538768832
    ],
    "24": [
        0.017649137875282023,
        -1.7414333799302755
    ],
    "25": [
        -2.377280484937494,
        -0.35127184920220494
    ],
    "26": [
        0.9335592978260036,
        2.6334943352089737
    ],
    "27": [
        1.588674361258375,
        2.4484047821892716
    ],
    "28": [
        0.6750392946284122,
        1.9446266824246585
    ],
    "29": [
        2.4799758990668415,
        -0.37876430234848296
    ],
    "30": [
        -0.7649604404604483,
        1.2482237984811215
    ],
    "31": [
        -1.7027567135290884,
        1.5453201288346161
    ],
    "32": [
        1.8643017601378633,
        -1.9127797281802326
    ],
    "33": [
        0.5120137889460903,
        0.11180028444469199
    ],
    "34": [
        1.2119265565505735,
        3.5577477829204054
    ],
    "35": [
        -1.6599708445323635,
        0.14468302820746465
    ],
    "36": [
        -2.3534400288565593,
        2.132343520023466
    ],
    "37": [
        -1.352785800546591,
        1.5081421760441553
    ],
    "38": [
        -1.47481952431243,
        0.8681354671259561
    ],
    "39": [
        -2.095960854585072,
        -0.10290506500417
    ],
    "40": [
        0.8150282103574965,
        0.697507376645426
    ],
    "41": [
        2.2167299180369175,
        -1.0189550776077352
    ],
    "42": [
        -0.34588385175087716,
        -2.6042070458058912
    ],
    "43": [
        0.6922674079008073,
        -2.5440687779924054
    ],
    "44": [
        -0.8593145367516576,
        3.563094174086731
    ],
    "45": [
        -1.4311379149107561,
        0.5747647216490853
    ],
    "46": [
        -1.698566556760547,
        2.869673563685504
    ],
    "47": [
        2.5486063640358463,
        1.2975408206940757
    ],
    "48": [
        1.1998367013524878,
        -1.3387432257687137
    ],
    "49": [
        -0.09847832277766402,
        3.627887026790416
    ],
    "50": [
        0.17510296271503326,
        -2.554721666651401
    ],
    "51": [
        0.6394656409736773,
        -1.9387848819255875
    ],
    "52": [
        -1.437384008339267,
        -2.015826525673226
    ],
    "53": [
        3.083908971266235,
        -0.32329240210193766
    ],
    "54": [
        2.0988545181857674,
        -2.8124987324844435
    ],
    "55": [
        -1.6342520011992065,
        -1.6261009969683322
    ],
    "56": [
        1.5608560003721976,
        1.3450666895485188
    ],
    "57": [
        -0.8416590028429045,
        -3.332123922131667
    ],
    "58": [
        -0.7839902248196283,
        -1.7082967768471071
    ],
    "59": [
        -2.1319809090012725,
        0.9188711457562773
    ],
    "60": [
        -3.660028797428138,
        1.53301848741371
    ],
    "61": [
        -1.0950769393921018,
        4.3440651937614385
    ],
    "62": [
        1.215585276829538,
        -0.5000911496298939
    ],
    "63": [
        -2.4712119903765966,
        -0.991463089009756
    ],
    "64": [
        2.5250369188055872,
        -2.019617034341298
    ],
    "65": [
        4.203430480366489,
        -1.4043772193621598
    ],
    "66": [
        -0.7188756815381947,
        -2.336638933680839
    ],
    "67": [
        -1.9053455998218642,
        -0.863872962992672
    ],
    "68": [
        0.2298769792159091,
        1.6364734612836276
    ],
    "69": [
        1.7628875400219242,
        -0.7244605031169199
    ],
    "70": [
        -0.5121325255020709,
        3.245890786259171
    ],
    "71": [
        1.364707289205385,
        -3.7748131867673402
    ],
    "72": [
        -0.18166628940353502,
        2.459842138554109
    ],
    "73": [
        3.774509736478893,
        2.6907235957657916
    ],
    "74": [
        1.881577298095765,
        1.8331196144310982
    ],
    "75": [
        -1.900679622431066,
        2.2225769807024864
    ],
    "76": [
        2.6951531980637387,
        0.7389941356203432
    ],
    "77": [
        -1.9765757462501516,
        -2.38441916349011
    ],
    "78": [
        2.8899267498379575,
        -1.32696731752924
    ],
    "79": [
        0.7937680111864696,
        4.140789357709524
    ],
    "80": [
        2.9477036842857323,
        2.409109286427494
    ],
    "81": [
        2.5516864374031534,
        3.0206897698148873
    ],
    "82": [
        -3.1334526700219127,
        1.5891245625012322
    ],
    "83": [
        -2.6048107217080045,
        -2.071997581388393
    ],
    "84": [
        2.815938656800616,
        1.751818867373297
    ],
    "85": [
        -1.396111403142993,
        3.8654746488056038
    ],
    "86": [
        -2.345072947191288,
        3.6491963827357825
    ],
    "87": [
        0.5819175254853121,
        3.469472642269307
    ],
    "88": [
        -3.6598402677142645,
        -0.1770617499464811
    ],
    "89": [
        -2.4823193913264445,
        -1.5962121360092407
    ],
    "90": [
        1.430986630517581,
        3.070222483236966
    ],
    "91": [
        -2.8174991551668085,
        2.6247415572019204
    ],
    "92": [
        -3.858119082604246,
        -0.8448059827350738
    ],
    "93": [
        2.113131829985249,
        3.884939303751857
    ],
    "94": [
        -1.2764800944420331,
        2.507065108392599
    ],
    "95": [
        -1.9095018019398797,
        3.658406294314434
    ],
    "96": [
        -3.198412546078604,
        -1.2638029130562023
    ],
    "97": [
        0.6314849808523548,
        -3.40836251206153
    ],
    "98": [
        1.5506286996329308,
        -2.3180168520493845
    ],
    "99": [
        3.421544967282987,
        -2.0386979397814717
    ],
    "100": [
        1.4732323477447944,
        -3.2686068474748073
    ],
    "101": [
        -1.3057276773594249,
        -2.485689080183029
    ],
    "102": [
        -0.39101253056084156,
        4.7527362775256625
    ],
    "103": [
        -3.2103872463654217,
        -0.04974465604444411
    ],
    "104": [
        3.1614291079423524,
        -4.009807563089497
    ],
    "105": [
        -3.1086220867610255,
        2.066135181927039
    ],
    "106": [
        3.3335520189182235,
        0.11181725852960366
    ],