{
    "0": [
        -0.6283649900375552,
        1.4398931351037105
    ],
    "1": [
        -2.5126150371726323,
        -0.6956833148731487
    ],
    "2": [
        0.08204174890569885,
        0.8914657205350294
    ],
    "3": [
        -0.6522404907554926,
        0.8557017576571758
    ],
    "4": [
        -0.6245799892264412,
        2.9936048292464643
    ],
    "5": [
        1.1357749357791287,
        0.7632953338268769
    ],
    "6": [
        -1.9845571088907712,
        -2.8193412270418268
    ],
    "7": [
        -4.901434485815709,
        -0.5156585827048148
    ],
    "8": [
        -4.853274988837907,
        -2.6991050217731276
    ],
    "9": [
        -1.147015285747214,
        -0.825910574380617
    ],
    "10": [
        -4.151978043253841,
        0.4346252492066941
    ],
    "11": [
        -1.4089802562474991,
        -1.1402763556243665
    ],
    "12": [
        -0.303486597631735,
        -2.4691282987353174
    ],
    "13": [
        -0.39374756012167966,
        -3.748620637574773
    ],
    "14": [
        -2.7678637792125387,
        -1.1973367641706583
    ],
    "15": [
        2.3882102760866184,
        0.9399641198831203
    ],
    "16": [
        -3.836408227872914,
        0.7698481940596209
    ],
    "17": [
        0.23755594933958687,
        -1.4252288549720835
    ],
    "18": [
        3.260991990503511,
        -2.003256904820568
    ],
    "19": [
        -2.594521644914067,
        -1.8369841140043277
    ],
    "20": [
        -1.5622363103290546,
        -2.5017810533031537
    ],
    "21": [
        -1.5852841686575758,
        1.4643501695592858
    ],
    "22": [
        -5.254653962282827,
        -1.8522333634264465
    ],
    "23": [
        -0.5290972555408602,
        -5.255343479985485
    ],
    "24": [
        1.701274324240206,
        0.7623087003727974
    ],
    "25": [
        0.011140592518028496,
        0.3701639142339755
    ],
    "26": [
        -1.6563877516663912,
        -1.7080013982283295
    ],
    "27": [
        1.3630461729277517,
        -1.6523495885205874
    ],
    "28": [
        1.8298595893945193,
        -0.9185396113139878
    ],
    "29": [
        -0.601525697789259,
        -1.9389306233332306
    ],
    "30": [
        0.710285898237058,
        -2.837557798830676
    ],
    "31": [
        -0.6881923687691099,
        -1.0360880320970625
    ],
    "32": [
        2.814253673670329,
        -0.18307506588712635
    ],
    "33": [
        -2.501796257306207,
        -0.40193840914773027
    ],
    "34": [
        -0.8108806539005954,
        1.9894719386723707
    ],
    "35": [
        0.1523019830923114,
        -3.0174426386138276
    ],
    "36": [
        0.47500758185630676,
        -0.10745227627022934
    ],
    "37": [
        -1.069049801434443,
        -0.18641823921531075
    ],
    "38": [
        2.406189537040116,
        -0.7595573993883306
    ],
    "39": [
        -3.4419824572255506,
        2.8489889688672716
    ],
    "40": [
        -1.56237542230077,
        1.028734347615141
    ],
    "41": [
        0.3291579077740353,
        -0.6347738497378946
    ],
    "42": [
        1.0560503835537713,
        1.6541080287079468
    ],
    "43": [
        3.286150246506331,
        0.44678655862617694
    ],
    "44": [
        1.0958989290790104,
        -3.3438391895939157
    ],
    "45": [
        -1.9160976182686533,
        -0.8671702161639384
    ],
    "46": [
        0.4257828425907265,
        -2.148747502489904
    ],
    "47": [
        -1.726416423339651,
        -0.0798840085277612
    ],
    "48": [
        0.7660077161465387,
        3.0047480125637573
    ],
    "49": [
        -3.054349558457487,
        0.1943883100260047
    ],
    "50": [
        -3.285785661328716,
        -0.5050374558293375
    ],
    "51": [
        0.34371415989829307,
        -4.203561946217084
    ],
    "52": [
        -3.7484367014224382,
        1.6700830126037869
    ],
    "53": [
        -3.0760425558637627,
        -1.6717905115313325
    ],
    "54": [
        2.521053465625883,
        -3.424715934375659
    ],
    "55": [
        0.00917888709780843,
        3.044805211801054
    ],
    "56": [
        1.3657492658822141,
        1.2565287743087858
    ],
    "57": [
        -1.7247818137580773,
        3.2385619703517796
    ],
    "58": [
        -3.85030336872301,
        -1.0367011721805877
    ],
    "59": [
        1.835880827766965,
        -1.9544788164588385
    ],
    "60": [
        -1.0892675016998297,
        -1.5744885562066342
    ],
    "61": [
        1.1328329379561304,
        -2.506693699534271
    ],
    "62": [
        1.493179169357465,
        0.3150786935591241
    ],
    "63": [
        1.2679760553522033,
        -0.49624662760850347
    ],
    "64": [
        2.0228364363365356,
        -4.105705996685455
    ],
    "65": [
        1.4071778997765736,
        -4.720174460408445
    ],
    "66": [
        0.18293995308314998,
        1.4937840517892356
    ],
    "67": [
        0.06932279499750128,
        2.060541928942726
    ],
    "68": [
        -2.2435305637519374,
        2.8923727273286906
    ],
    "69": [
        2.4965805891855966,
        -1.7611538204713173
    ],
    "70": [
        0.6545557364432341,
        1.0812887084929312
    ],
    "71": [
        1.8085505400870798,
        -0.12416937218850563
    ],
    "72": [
        -0.03644711377478026,
        -1.908477360197904
    ],
    "73": [
        -0.9220856500311694,
        -3.020564100374981
    ],
    "74": [
        -0.255658980629354,
        0.6234383245801869
    ],
    "75": [
        1.1056123791670698,
        2.1100473961944317
    ],
    "76": [
        3.0018861881825503,
        -0.7093937302183725
    ],
    "77": [
        -1.7968655491993728,
        -3.8225927445048975
    ],
    "78": [
        -2.908595101486066,
        -3.17843996702759
    ],
    "79": [
        0.37599831057244165,
        4.406928528518289
    ],
    "80": [
        -0.5944986034957247,
        0.21904509966047692
    ],
    "81": [
        -2.0480690072241603,
        0.8783426916500944
    ],
    "82": [
        -1.0508854563368146,
        1.056705105661002
    ],
    "83": [
        -0.2901144887516229,
        -1.1154563259740444
    ],
    "84": [
        2.804077696226312,
        1.4017349584371932
    ],
    "85": [
        -1.5674117019368472,
        0.2742754341978612
    ],
    "86": [
        -2.6094434428052917,
        0.8319030144921764
    ],
    "87": [
        -0.3155617448385532,
        2.2423077771264355
    ],
    "88": [
        1.9856123468175295,
        -1.3265898628599584
    ],
    "89": [
        -1.5655898191600426,
        2.0271733494529904
    ],
    "90": [
        3.514700886169227,
        -2.6598865421894398
    ],
    "91": [
        0.7208706561816622,
        -1.015186978166767
    ],
    "92": [
        -2.0021423574467923,
        1.9039334393408867
    ],
    "93": [
        1.6439100463772027,
        3.217396912990992
    ],
    "94": [
        2.3203280738755754,
        0.22953580189241105
    ],
    "95": [
        -4.788108057592095,
        0.5895406468508387
    ],
    "96": [
        -0.5662758099018581,
        -0.2973608955081837
    ],
    "97": [
        -1.442578042186009,
        4.632062708105495
    ],
    "98": [
        -1.0280567932419171,
        -2.5423306134599515
    ],
    "99": [
        -1.431213618655887,
        -0.47557327175463115
    ],
    "100": [
        -2.820407313578172,
        1.3830091031303835
    ],
    "101": [
        -0.15428519358296539,
        -0.47096236602685354
    ]
}