{
    "0": [
        1.9349128326331773,
        -1.761907612205402
    ],
    "1": [
        -0.6313421695133459,
        4.676662324703219
    ],
    "2": [
        1.989471771796853,
        2.9290214100250798
    ],
    "3": [
        0.7524963352140788,
        1.825088326215973
    ],
    "4": [
        3.3658613015757184,
        3.6061638136492524
    ],
    "5": [
        -0.41950804246701967,
        -1.9839056946159832
    ],
    "6": [
        1.5375484881436787,
        2.4116954855436634
    ],
    "7": [
        -3.320569937348767,
        1.9788955001009714
    ],
    "8": [
        -1.271941928721053,
        -0.6934090231589642
    ],
    "9": [
        3.9286302096912986,
        0.8314731709801287
    ],
    "10": [
        3.0687856852343307,
        -0.48376026281329426
    ],
    "11": [
        2.177089106438559,
        -3.193831190910189
    ],
    "12": [
        -1.3444645155084174,
        2.5084994762949027
    ],
    "13": [
        0.7539640995889697,
        -4.336286336792001
    ],
    "14": [
        2.588310993373501,
        1.8310292949777591
    ],
    "15": [
        1.0434069673638027,
        1.370245588649449
    ],
    "16": [
        -1.815048972264606,
        2.581305100421934
    ],
    "17": [
        -2.4956486553184196,
        -2.2191833714563494
    ],
    "18": [
        -2.991004897858035,
        -0.6812943282515906
    ],
    "19": [
        -2.5115326455389515,
        -0.38046962157152486
    ],
    "20": [
        -2.0969359555956517,
        0.5678958621185234
    ],
    "21": [
        -2.2954466227690884,
        2.428543112653406
    ],
    "22": [
        -3.0284353243046183,
        0.6022705972579939
    ],
    "23": [
        -3.019582143881741,
        1.5746685860057692
    ],
    "24": [
        -0.7599613353970666,
        -2.6029603153253307
    ],
    "25": [
        -4.387961634981581,
        3.0305132925973335
    ],
    "26": [
        -6.246420898567491,
        -4.335175672306361
    ],
    "27": [
        1.770505780739569,
        0.14853214609190582
    ],
    "28": [
        0.17786463532802363,
        -1.4671378523518972
    ],
    "29": [
        0.324605066305082,
        2.7380314988526986
    ],
    "30": [
        1.2855500286567798,
        -0.732573699954767
    ],
    "31": [
        -2.285314440883868,
        3.7041893541975237
    ],
    "32": [
        -0.8913729481461358,
        1.7125811285784511
    ],
    "33": [
        1.0935573280892663,
        2.471232332807418
    ],
    "34": [
        1.298525571413806,
        0.8385759537914648
    ],
    "35": [
        1.8247559731581187,
        -6.586424627536717
    ],
    "36": [
        0.2433874188809358,
        -2.061062824789786
    ],
    "37": [
        -2.72900565962764,
        -0.9397489921393676
    ],
    "38": [
        2.7085754435970353,
        -2.0447249733246675
    ],
    "39": [
        -1.6955809178529766,
        -1.2158727877356974
    ],
    "40": [
        -4.273991933331042,
        2.186713058162302
    ],
    "41": [
        -0.5374998605236726,
        3.5715846736809453
    ],
    "42": [
        -1.563140292727059,
        -2.785278577604284
    ],
    "43": [
        -1.7731731852902983,
        -0.15385276726963187
    ],
    "44": [
        -4.2516991964727096,
        0.23429343151951804
    ],
    "45": [
        -3.479731500454386,
        0.18312268356637557
    ],
    "46": [
        2.0010489842881176,
        -2.371318130524908
    ],
    "47": [
        0.8184975752670358,
        -3.0174520942832785
    ],
    "48": [
        0.30843005781730726,
        1.169150771242308
    ],
    "49": [
        -0.5034416431408775,
        -1.258851019974512
    ],
    "50": [
        0.8917720960489881,
        -0.5130142949549518
    ],
    "51": [
        0.7751760842515687,
        1.123682782974028
    ],
    "52": [
        4.008266561291371,
        -0.7593938035776521
    ],
    "53": [
        -0.645474625540761,
        -0.34325694300721554
    ],
    "54": [
        -0.14171143109846862,
        -2.4437578253062058
    ],
    "55": [
        2.045687546551736,
        -0.04887022761659382
    ],
    "56": [
        1.1068744870277751,
        4.074111553715749
    ],
    "57": [
        0.45202736180913566,
        0.7269905311517704
    ],
    "58": [
        -2.5834639902239016,
        -2.970813395897324
    ],
    "59": [
        2.1568353453429374,
        0.6723649474160168
    ],
    "60": [
        2.1508911919718727,
        1.718500087481203
    ],
    "61": [
        -0.3764048345483595,
        0.6984368738356949
    ],
    "62": [
        0.3163860728145718,
        -3.3281922502611905
    ],
    "63": [
        2.6282912059459873,
        -1.2534134446418408
    ],
    "64": [
        1.6244827023722368,
        1.5005348583063205
    ],
    "65": [
        2.7554799172227824,
        -0.9220975342321167
    ],
    "66": [
        -2.9183350338601666,
        3.5646701680760837
    ],
    "67": [
        -0.7605870745274741,
        2.139609461866334
    ],
    "68": [
        -0.13199444409230018,
        -0.3716598248006643
    ],
    "69": [
        0.5782870493108672,
        3.3965080927502145
    ],
    "70": [
        -0.655639507855409,
        -0.8955822650745348
    ],
    "71": [
        -1.1642597156122991,
        -0.06591743654255708
    ],
    "72": [
        -0.4206074432765127,
        2.7932516211388174
    ],
    "73": [
        -2.793386354052919,
        1.1261702524674333
    ],
    "74": [
        0.18486310331864186,
        -0.2598515283089972
    ],
    "75": [
        -1.531377148415398,
        4.866308025012874
    ],
    "76": [
        0.37711123307240185,
        0.20567242226905538
    ],
    "77": [
        3.1661630209014344,
        -4.82119208733625
    ],
    "78": [
        -2.127264626824018,
        -1.1054604993683697
    ],
    "79": [
        -0.4384165420463795,
        1.527284724988817
    ],
    "80": [
        -0.7052709378640893,
        0.2090511786800745
    ],
    "81": [
        -1.2533342869312507,
        1.4921004838097223
    ],
    "82": [
        1.7102601915699664,
        -0.29759330143449486
    ],
    "83": [
        1.5619745895595931,
        2.935864964788134
    ],
    "84": [
        -1.7475000822719207,
        1.6631131943238642
    ],
    "85": [
        0.753351288645967,
        -0.9433903293269091
    ],
    "86": [
        -1.4673457242066898,
        0.2853318225030531
    ],
    "87": [
        -0.8014084208018607,
        0.9784852129633402
    ],
    "88": [
        2.3253863073162293,
        2.3411765397308604
    ],
    "89": [
        -1.0162440147392975,
        3.1508117244078657
    ],
    "90": [
        2.7211085146312683,
        2.8969039892977646
    ],
    "91": [
        0.8923050255213569,
        -2.1322884171414724
    ],
    "92": [
        0.3501784355174491,
        1.807384966119152
    ],
    "93": [
        -1.6537694894044273,
        -1.6954577733303973
    ],
    "94": [
        -1.961227049899438,
        3.2939309357637665
    ],
    "95": [
        -1.3488233779900267,
        -2.3336256504550517
    ],
    "96": [
        -2.3008539327218784,
        1.4766064805359305
    ],
    "97": [
        -0.07584714414730377,
        1.9234312059798666
    ],
    "98": [
        1.4894824567825173,
        -1.317660117116932
    ],
    "99": [
        2.54395558917725,
        0.6438712077449196
    ],
    "100": [
        -0.4244217190990156,
        -3.499303006702924
    ],
    "101": [
        -0.23852826178255213,
        0.28097162246111484
    ],
    "102": [
        -0.5940766533824924,
        -3.117332978337873
    ],
    "103": [
        0.7763473877246212,
        0.018206427950012462
    ],
    "104": [
        2.742194110658477,
        -2.7717696875083324
    ],
    "105": [
        0.6725541564555612,
        2.490897226830012
    ],
    "106": [
        -1.3779431074079986,
        -4.420739587303523
    ],