{
    "0": [
        1.3371667881257507,
        -1.4953473288614838
    ],
    "1": [
        0.4701891760744631,
        -1.3769975857498693
    ],
    "2": [
        -1.128501704363287,
        1.2957847397420437
    ],
    "3": [
        -2.0470317751850198,
        -0.08198984704055214
    ],
    "4": [
        -3.8379012124972998,
        -0.24225545191348918
    ],
    "5": [
        -3.0431304314828655,
        1.3809626379504887
    ],
    "6": [
        -2.572370591693095,
        2.4848056320625767
    ],
    "7": [
        0.028026668548537383,
        3.104845659867723
    ],
    "8": [
        -0.7550685611668209,
        1.6456486648449324
    ],
    "9": [
        2.8713966304029293,
        2.2495952444191256
    ],
    "10": [
        2.15778942089692,
        1.006872337128597
    ],
    "11": [
        2.5347326676783917,
        -0.5097136694574446
    ],
    "12": [
        4.9229407878542,
        -0.28558908403844385
    ],
    "13": [
        4.992746449607054,
        -2.3588979029053427
    ],
    "14": [
        4.641869915091957,
        -2.2398008816181387
    ],
    "15": [
        3.1704339053746726,
        -4.062513376525624
    ],
    "16": [
        1.6408602888596386,
        -5.655166945827131
    ],
    "17": [
        0.8498592641603577,
        -5.299448804601099
    ],
    "18": [
        0.10701088050749026,
        -3.4822625836243817
    ],
    "19": [
        1.2299576803934087,
        -4.949777199687372
    ],
    "20": [
        0.7732236480738833,
        -2.0383628010018624
    ],
    "21": [
        0.5162856785477529,
        -4.597654858705328
    ],
    "22": [
        -0.24621032970660933,
        -4.542779939676106
    ],
    "23": [
        1.2118803161138014,
        -3.0789287239455168
    ],
    "24": [
        -0.27751286785414203,
        -2.0915038686589216
    ],
    "25": [
        1.0117278845812814,
        1.1045130281755975
    ],
    "26": [
        -0.3422660621249028,
        1.6359783081776833
    ],
    "27": [
        -0.5001983780551646,
        2.563739653471715
    ],
    "28": [
        -1.8990520118233003,
        0.9992469598981338
    ],
    "29": [
        -3.8414556215894518,
        -0.8309220004326455
    ],
    "30": [
        -5.796434300452587,
        0.45186408682204987
    ],
    "31": [
        -5.009642587537958,
        1.1364930210985857
    ],
    "32": [
        -4.343275710820934,
        0.7390975244928718
    ],
    "33": [
        -3.0350884603253783,
        3.171939800351408
    ],
    "34": [
        -3.379463657729047,
        3.581846549576368
    ],
    "35": [
        -2.8897620051262445,
        2.781047918986531
    ],
    "36": [
        -1.2537578264740452,
        3.3796638800340264
    ],
    "37": [
        1.5985949054281008,
        2.830794305950621
    ],
    "38": [
        1.7850438386272847,
        2.1582736845912263
    ],
    "39": [
        -0.5369892004940915,
        0.677479915455492
    ],
    "40": [
        0.8362687343826649,
        3.4376525179306343
    ],
    "41": [
        -1.6742435986980964,
        4.152005587482932
    ],
    "42": [
        -1.1587820083089901,
        1.7708240574120113
    ],
    "43": [
        -4.302229189450405,
        2.6325469347010193
    ],
    "44": [
        -3.4425203178015518,
        4.240907677031648
    ],
    "45": [
        -2.435107290181151,
        1.8584244433838748
    ],
    "46": [
        -0.8235743889069114,
        4.231192423317292
    ],
    "47": [
        -1.8874863326092441,
        3.248305590375139
    ],
    "48": [
        -0.30750733407602715,
        4.777748565133294
    ],
    "49": [
        0.23734439560335768,
        6.115596869069452
    ],
    "50": [
        2.042983906301529,
        4.502231136461502
    ],
    "51": [
        0.36806568982770677,
        3.652181547944865
    ],
    "52": [
        -0.5851091507817916,
        3.27760106257206
    ],
    "53": [
        -1.9905987070064568,
        1.7828396331077787
    ],
    "54": [
        -4.681751115488716,
        0.9512605122645487
    ],
    "55": [
        -4.1771284309860555,
        1.736144481184869
    ],
    "56": [
        -3.9386020301576554,
        1.000400106516942
    ],
    "57": [
        -3.811452320565162,
        2.188398241238765
    ],
    "58": [
        -2.0852596534782455,
        3.8483771848777506
    ],
    "59": [
        -0.6751161520397096,
        2.169320229214557
    ],
    "60": [
        0.4017629414146636,
        1.7369368089601895
    ],
    "61": [
        0.8047847393338187,
        0.07537116865738562
    ],
    "62": [
        3.2509919801931786,
        -1.04836167697051
    ],
    "63": [
        2.9416697116807273,
        -1.5443398348641588
    ],
    "64": [
        3.8204745333959047,
        -2.1140697949052756
    ],
    "65": [
        4.630396038162534,
        -3.306429020075824
    ],
    "66": [
        2.842631932834926,
        -2.7276285781749485
    ],
    "67": [
        3.7273198817993745,
        -3.8299426954891103
    ],
    "68": [
        3.285321147819674,
        -4.936803162808918
    ],
    "69": [
        3.8952892021768792,
        -5.933795174713452
    ],
    "70": [
        3.5778637627348244,
        -3.2172671896806695
    ],
    "71": [
        2.620040573967723,
        -3.2082778510266
    ],
    "72": [
        1.1286233216349908,
        -4.457895988932899
    ],
    "73": [
        1.0688271237493205,
        -4.001378297742905
    ],
    "74": [
        -1.6351559587561697,
        -1.3326713979187275
    ],
    "75": [
        -2.773248488476584,
        -3.431892629623397
    ],
    "76": [
        -4.173480372226727,
        -1.3410102810778024
    ],
    "77": [
        -2.800755339704472,
        -4.739152184400568
    ],
    "78": [
        -4.4254598827569,
        -3.6331737316139754
    ],
    "79": [
        -4.752176736782325,
        -4.8430054396732345
    ],
    "80": [
        -3.3092486178485037,
        -5.280916324441004
    ],
    "81": [
        -1.2205414253714792,
        -4.703713582470988
    ],
    "82": [
        -3.2025183386485994,
        -2.9561660952674735
    ],
    "83": [
        -1.3620065307584743,
        -2.4548808263707262
    ],
    "84": [
        -1.9500629512672316,
        0.3669603205932463
    ],
    "85": [
        1.1995876915882195,
        0.6308018326927212
    ],
    "86": [
        -0.5772658051738758,
        -0.9555902497248051
    ],
    "87": [
        0.6713703592851316,
        -0.41584012935273434
    ],
    "88": [
        1.9682227786840347,
        1.510585645431258
    ],
    "89": [
        -0.1066660852742609,
        2.1727019530213227
    ],
    "90": [
        2.072319610769216,
        2.25986387139891
    ],
    "91": [
        0.8008062558933834,
        2.0722586564830214
    ],
    "92": [
        -0.02868190794227578,
        5.000759892191418
    ],
    "93": [
        -1.7169640415994087,
        2.73211626202087
    ],
    "94": [
        -1.2357037132778812,
        2.9269902430960064
    ],
    "95": [
        -0.5232786567234313,
        -0.5291062333957176
    ],
    "96": [
        0.493976091919152,
        0.8444638337009053
    ],
    "97": [
        -2.5472465465416674,
        -0.661459060122302
    ],
    "98": [
        -0.8908393326358357,
        -0.35943404477731766
    ],
    "99": [
        -1.2052069514873398,
        -3.6848819680907523
    ],
    "100": [
        1.2106408584640584,
        -2.290185234788587
    ],
    "101": [
        -1.8799786080664822,
        -4.423653634233696
    ],
    "102": [
        -0.8741707654608636,
        -4.324193617546069
    ],
    "103": [
        -3.8496670650046645,
        -5.448641786598933
    ],
    "104": [
        -3.989587377383354,
        -3.257571623756948
    ],
    "105": [
        -4.467557081066145,
        -2.9833981375551297
    ],
    "106": [
        -3.918975042811108,
        -2.696514383595539
    ],