{
    "0": [
        -0.7646460732450376,
        -3.1194326745694916
    ],
    "1": [
        0.7667011085388142,
        -3.266726961212296
    ],
    "2": [
        -0.19221560594660378,
        -5.411089960036318
    ],
    "3": [
        -0.46740294095328927,
        -4.4754447133919575
    ],
    "4": [
        -2.8259903740431165,
        -4.581650594887219
    ],
    "5": [
        -3.0856738790495046,
        -3.110481150118993
    ],
    "6": [
        -3.1470802590283395,
        -1.858842239643628
    ],
    "7": [
        -1.3378945852380366,
        -1.0239156517485144
    ],
    "8": [
        -3.8682309611951657,
        -1.9633439496884437
    ],
    "9": [
        -2.2371469491900307,
        -3.1931920600426777
    ],
    "10": [
        -2.3212175841668685,
        -0.9297919573682296
    ],
    "11": [
        -0.2744130779245611,
        -1.8552106054819684
    ],
    "12": [
        0.606970468257686,
        -1.5466311039677927
    ],
    "13": [
        1.3381810488773414,
        0.595434535475192
    ],
    "14": [
        2.147033824946576,
        -0.07829348978587969
    ],
    "15": [
        0.5064520369930957,
        1.3118745988995875
    ],
    "16": [
        -0.5399264162979034,
        0.8944686617526801
    ],
    "17": [
        -1.1341564735241847,
        -0.8243305309558187
    ],
    "18": [
        -1.0114728467648937,
        -2.4241221736605145
    ],
    "19": [
        -1.3119263573971778,
        -4.1036513305915046
    ],
    "20": [
        -1.2513413315748771,
        -1.6720457855337703
    ],
    "21": [
        0.3102175110806047,
        -3.3477237109829843
    ],
    "22": [
        0.059625696305007046,
        -2.1042342681670343
    ],
    "23": [
        0.18457496122057304,
        -4.222920404851426
    ],
    "24": [
        1.6009027693248148,
        -3.3284869510126205
    ],
    "25": [
        3.191601031699803,
        -3.8248034485892126
    ],
    "26": [
        1.9181229896617966,
        -4.139621741654855
    ],
    "27": [
        2.5426560804730194,
        -3.833369017737936
    ],
    "28": [
        2.711983869906445,
        -2.227321737989163
    ],
    "29": [
        2.923012916493897,
        -0.48812921937917253
    ],
    "30": [
        1.900387493066938,
        -0.6165676785505733
    ],
    "31": [
        1.6137967606599428,
        1.7339004552872375
    ],
    "32": [
        2.036992120028827,
        2.162147917223956
    ],
    "33": [
        3.198676712657073,
        1.0681421224457581
    ],
    "34": [
        1.4888903745740778,
        -1.0396278790837454
    ],
    "35": [
        3.2986992737638547,
        0.6645660647928985
    ],
    "36": [
        1.1659904936511076,
        1.2014155225625882
    ],
    "37": [
        0.5635043779532378,
        -0.7979853848927722
    ],
    "38": [
        0.35569047429376477,
        -0.029559721456705445
    ],
    "39": [
        2.3183194012372765,
        -1.3753702183337817
    ],
    "40": [
        2.6737890526648522,
        -1.884818208950145
    ],
    "41": [
        1.8550764166966458,
        0.4712793075543493
    ],
    "42": [
        3.2227464775407793,
        -1.595150558677073
    ],
    "43": [
        3.947592736542638,
        -1.6393073362030353
    ],
    "44": [
        4.150726480616757,
        -0.14856039740095675
    ],
    "45": [
        2.470844282272694,
        0.8608826544558155
    ],
    "46": [
        0.8203127089861882,
        0.6783372748853383
    ],
    "47": [
        -1.8551012406760525,
        0.8474064856706319
    ],
    "48": [
        -2.1610309986319254,
        0.30237063973392536
    ],
    "49": [
        -1.418151614161909,
        2.11708593844137
    ],
    "50": [
        -2.8363402034913237,
        0.46992746578758476
    ],
    "51": [
        -1.8136077678391878,
        1.5132790509252043
    ],
    "52": [
        -3.2738881793097345,
        -0.2928831832119747
    ],
    "53": [
        -3.0171451973255556,
        -1.3410596006645656
    ],
    "54": [
        -4.201923003013695,
        0.9297226419967759
    ],
    "55": [
        -5.6603731698737585,
        0.6464395918861424
    ],
    "56": [
        -4.3290312300263905,
        2.0873464985489707
    ],
    "57": [
        -3.2674433420336726,
        2.4145597061413517
    ],
    "58": [
        -3.033116849639447,
        1.3857791199748712
    ],
    "59": [
        -2.851448198598971,
        4.791021033754639
    ],
    "60": [
        -5.22227086503199,
        3.413757167231523
    ],
    "61": [
        -4.7110060680995245,
        3.6749861360542866
    ],
    "62": [
        -4.964996839089009,
        2.0666263146862556
    ],
    "63": [
        -3.1493582529470574,
        3.4919308326967076
    ],
    "64": [
        -3.7845852931128188,
        2.527686638596813
    ],
    "65": [
        -2.2930841471221983,
        2.74254406833832
    ],
    "66": [
        -1.9817459700664997,
        2.5445981877804487
    ],
    "67": [
        -1.7500395439334762,
        5.213690029088956
    ],
    "68": [
        -1.0685096114787465,
        3.672192524393138
    ],
    "69": [
        -1.544019880045665,
        2.8544968481827095
    ],
    "70": [
        -0.4061955644088699,
        2.814083000881205
    ],
    "71": [
        -0.5969025189261737,
        4.391823778056115
    ],
    "72": [
        1.2257816623331124,
        4.066626599769903
    ],
    "73": [
        2.651731058179066,
        3.862039400744345
    ],
    "74": [
        1.2637089286732734,
        6.164185575962462
    ],
    "75": [
        3.0662057562835257,
        6.624031463440523
    ],
    "76": [
        2.1856588096762217,
        5.580838567140848
    ],
    "77": [
        4.422543536180857,
        4.512033623377465
    ],
    "78": [
        4.158936827291609,
        4.10717540441928
    ],
    "79": [
        6.163635808667981,
        3.4031971461096537
    ],
    "80": [
        3.4395259524331254,
        1.7848140949609619
    ],
    "81": [
        6.1017907194291015,
        0.9310267641629124
    ],
    "82": [
        6.323208832060676,
        1.4684568753429526
    ],
    "83": [
        4.999027881853486,
        -1.728479494317571
    ],
    "84": [
        6.769744945485414,
        -0.526550067943907
    ],
    "85": [
        5.227100337115937,
        -0.40034567975935953
    ],
    "86": [
        4.83564613096707,
        0.2317856091990504
    ],
    "87": [
        4.952205059476002,
        2.3804370583722623
    ],
    "88": [
        3.63842331764177,
        1.203366330860385
    ],
    "89": [
        2.9298327554941217,
        1.7232588086203484
    ],
    "90": [
        1.3964341596761023,
        2.986080180395248
    ],
    "91": [
        2.599673143124494,
        1.646630798975192
    ],
    "92": [
        3.0135895958372125,
        4.373170245125376
    ],
    "93": [
        1.9644239198583044,
        3.066609705049236
    ],
    "94": [
        0.058930997383432,
        4.000056907567954
    ],
    "95": [
        0.37484312489507815,
        2.741697791471512
    ],
    "96": [
        0.35187378328405566,
        4.794971164070774
    ],
    "97": [
        -0.8192881384921233,
        4.953093691989247
    ],
    "98": [
        -0.04736910577645145,
        3.2268319893947086
    ],
    "99": [
        -0.3220919778516866,
        5.571669398540335
    ],
    "100": [
        -0.22643837914894105,
        2.099068124113271
    ],
    "101": [
        1.8938195959320816,
        4.4796301816677655
    ],
    "102": [
        0.7322417123152558,
        3.8203309055860513
    ],
    "103": [
        0.44788516224005825,
        6.02004405384048
    ],
    "104": [
        -2.177424019534615,
        3.6359940026841744
    ],
    "105": [
        -0.6430125777857333,
        3.4537644062836006
    ],
    "106": [
        -2.514970060613533,
        4.307568193344576
    ],