{
    "0": [
        -3.232849317335672,
        -0.5433731767479746
    ],
    "1": [
        -2.4357399993247966,
        -1.690379110080346
    ],
    "2": [
        -1.6905283393693293,
        0.2565489033452126
    ],
    "3": [
        -3.3270310194268164,
        -0.11260645091016247
    ],
    "4": [
        -1.7384974821881602,
        -1.6191836205476557
    ],
    "5": [
        -3.993366997931841,
        0.8073653616858231
    ],
    "6": [
        -3.8950380133618085,
        0.006492932597657183
    ],
    "7": [
        -5.478414602379922,
        2.4076422177599617
    ],
    "8": [
        -2.704721604175773,
        1.8803381762202025
    ],
    "9": [
        -2.8527692840609062,
        4.033750841340241
    ],
    "10": [
        -1.32210514640313,
        2.750632371479595
    ],
    "11": [
        -0.6329592752021864,
        2.299836547172232
    ],
    "12": [
        -1.4820417573924796,
        1.9112071588619748
    ],
    "13": [
        -3.1830808937207786,
        1.8418014894188202
    ],
    "14": [
        -4.4564198448806716,
        2.3299392657012046
    ],
    "15": [
        -3.5882280691432924,
        1.483956761248158
    ],
    "16": [
        -4.40168543866185,
        2.850692582445221
    ],
    "17": [
        -3.2414711272566756,
        3.3747864659281626
    ],
    "18": [
        -3.15967315463653,
        1.1827165387621912
    ],
    "19": [
        -0.5928764292596173,
        2.88225160398837
    ],
    "20": [
        -2.0720568860085256,
        2.289881419696449
    ],
    "21": [
        1.2995256456435422,
        0.8371146603032085
    ],
    "22": [
        -0.5589163143184084,
        -0.35302281796953117
    ],
    "23": [
        0.6522903261312496,
        -2.5058818460941104
    ],
    "24": [
        0.3127258124517931,
        -2.3638413116579975
    ],
    "25": [
        0.9188855447668477,
        -1.3620253598501821
    ],
    "26": [
        1.5587150709393855,
        -0.951864171486274
    ],
    "27": [
        -0.7537871677805835,
        -2.331988539835789
    ],
    "28": [
        1.393178321637678,
        -1.8944335566350547
    ],
    "29": [
        0.9155170605316093,
        -4.351509667342333
    ],
    "30": [
        3.7286800834528,
        -4.220915958264285
    ],
    "31": [
        1.3672631801216977,
        -4.667980645887012
    ],
    "32": [
        4.500590451697055,
        -2.9599245719501073
    ],
    "33": [
        1.2855365051633556,
        -1.5586335164957301
    ],
    "34": [
        4.0330688377427135,
        -1.3513146017310051
    ],
    "35": [
        2.242492152230808,
        -3.501140411491867
    ],
    "36": [
        3.4399875071141146,
        -2.6578677696077926
    ],
    "37": [
        0.9519151563872086,
        -2.405931321896002
    ],
    "38": [
        1.9954608501984812,
        -0.21915983589856222
    ],
    "39": [
        -1.0015166023694972,
        0.44484334696148264
    ],
    "40": [
        -1.4281399169381208,
        -1.0399593164666818
    ],
    "41": [
        -1.090198133954912,
        -0.34923825786696266
    ],
    "42": [
        -1.3115916059390023,
        -1.9773319894548156
    ],
    "43": [
        -3.787477480229799,
        -0.7250088151499969
    ],
    "44": [
        -3.9048658212837806,
        -3.2422463458026076
    ],
    "45": [
        -4.8714730850540136,
        -2.9830433380355608
    ],
    "46": [
        -3.070332211870499,
        -2.2477524872219803
    ],
    "47": [
        -5.301472562314922,
        -0.15753529897615481
    ],
    "48": [
        -4.86474372800118,
        0.421403713322337
    ],
    "49": [
        -2.0026640247353606,
        1.1301232394529401
    ],
    "50": [
        -2.2688256029164875,
        0.036672665166889176
    ],
    "51": [
        -0.24558197775906024,
        1.765705852521674
    ],
    "52": [
        -2.517927100224865,
        2.255445571073056
    ],
    "53": [
        -1.7591601960019274,
        3.2096190282518298
    ],
    "54": [
        -3.701536960372851,
        3.919336223161716
    ],
    "55": [
        -1.316654851962929,
        4.453239120573482
    ],
    "56": [
        -3.352049527461989,
        2.515010879238239
    ],
    "57": [
        -1.1239239684610185,
        1.648832536771824
    ],
    "58": [
        0.37728764648527247,
        1.3490081130059957
    ],
    "59": [
        0.6631938969045811,
        2.5621542147623817
    ],
    "60": [
        1.433277148946695,
        4.267058820928532
    ],
    "61": [
        -0.8650517012071611,
        4.891772869085382
    ],
    "62": [
        -1.2628960622306866,
        5.922114853710318
    ],
    "63": [
        -2.6504814637588736,
        3.0895383198567665
    ],
    "64": [
        -1.9573532081806138,
        4.102402214414186
    ],
    "65": [
        -0.6100339283847794,
        3.826491052774853
    ],
    "66": [
        -1.101984822618813,
        3.31873431205543
    ],
    "67": [
        0.622711399012348,
        3.121124770880777
    ],
    "68": [
        1.0627640689111073,
        3.312787604500754
    ],
    "69": [
        3.4583765889580564,
        2.807292572806262
    ],
    "70": [
        3.2858135994644715,
        1.2301661785037838
    ],
    "71": [
        1.003423109652832,
        0.17832169442062248
    ],
    "72": [
        1.699136346732636,
        -0.05709129649410153
    ],
    "73": [
        2.911493208050882,
        0.5928458949510198
    ],
    "74": [
        1.7887501751637647,
        2.548408408669159
    ],
    "75": [
        -0.0006416974161698899,
        3.038112700768168
    ],
    "76": [
        2.530321780572893,
        4.204442029059146
    ],
    "77": [
        1.1162427496681246,
        3.5753823564567004
    ],
    "78": [
        1.4849519241541946,
        1.590459006878517
    ],
    "79": [
        3.739152279280524,
        3.408537403082632
    ],
    "80": [
        4.692396167771276,
        2.196936709944794
    ],
    "81": [
        3.503466537705499,
        1.771404692107927
    ],
    "82": [
        4.246217336065532,
        0.40426162163767704
    ],
    "83": [
        3.2714806916935557,
        -1.2938066754451942
    ],
    "84": [
        4.563791230369175,
        -0.09623802112207043
    ],
    "85": [
        4.345580525369601,
        0.8287524996962324
    ],
    "86": [
        2.738854498646724,
        2.729243188803618
    ],
    "87": [
        1.4213551724772266,
        -0.33196756155505697
    ],
    "88": [
        2.2856315622849346,
        1.1799211640881067
    ],
    "89": [
        1.8883771397871563,
        0.7811256277682859
    ],
    "90": [
        -0.23236419398071903,
        -0.5093701184795324
    ],
    "91": [
        1.3407676305724896,
        -2.3605292037873227
    ],
    "92": [
        -0.9315029795578912,
        -4.094212819743867
    ],
    "93": [
        0.10264059648064498,
        -5.401520653354557
    ],
    "94": [
        0.1430284965724145,
        -3.7692094774095164
    ],
    "95": [
        -1.892497117096199,
        -4.501577995064028
    ],
    "96": [
        -1.3517388456978512,
        -1.681366904926283
    ],
    "97": [
        -2.918903225589601,
        -3.908678769919725
    ],
    "98": [
        -2.1793836336982984,
        -4.066523061413371
    ],
    "99": [
        -3.7807520656726057,
        -2.3027978007065335
    ],
    "100": [
        -1.6780867378774897,
        -2.999308544019185
    ],
    "101": [
        -2.1681818144973404,
        0.5879241020182863
    ],
    "102": [
        -0.15727618063501364,
        -0.8051677216166644
    ],
    "103": [
        0.005146066736951295,
        0.037851951942992026
    ],
    "104": [
        -0.589284645204033,
        1.3486181002734885
    ],
    "105": [
        -1.963784982695878,
        -0.14074120816089128
    ],
    "106": [
        -1.4580784818408559,
        -0.15735246494410854
    ],