{
    "0": [
        2.8250378778785348,
        0.021942995857566833
    ],
    "1": [
        4.779044773240631,
        -0.5750735562892794
    ],
    "2": [
        4.272571714052762,
        1.5099990151657499
    ],
    "3": [
        2.5490701623722605,
        0.7034274132035255
    ],
    "4": [
        3.596050804820086,
        -1.0568327224029999
    ],
    "5": [
        0.5189685277596727,
        -2.62996763431852
    ],
    "6": [
        2.978402269886414,
        -3.792549874372672
    ],
    "7": [
        0.742401267844928,
        -3.0156852423900453
    ],
    "8": [
        0.6444754292043509,
        -4.944366917599184
    ],
    "9": [
        3.3664730344463476,
        -4.257799440322528
    ],
    "10": [
        1.9478769364534085,
        -1.8404068698019418
    ],
    "11": [
        3.9164747506924855,
        -3.9530826087239563
    ],
    "12": [
        2.8845846639528445,
        -4.440554845552916
    ],
    "13": [
        4.650526270660601,
        -3.187934101054598
    ],
    "14": [
        4.698853911267845,
        -1.6472915917542346
    ],
    "15": [
        3.2825862814530686,
        0.15060029953917187
    ],
    "16": [
        3.6661107595821742,
        0.9492729560903258
    ],
    "17": [
        1.9320528930337317,
        3.2755663107523607
    ],
    "18": [
        3.5203940244736884,
        4.18014933771503
    ],
    "19": [
        1.3081507191852542,
        3.863249640622713
    ],
    "20": [
        0.4467385589708582,
        3.5550774459431294
    ],
    "21": [
        1.3949603957458747,
        3.196639746355512
    ],
    "22": [
        0.1691332229546935,
        5.2592454608609325
    ],
    "23": [
        -0.43328905614559876,
        5.257067028523685
    ],
    "24": [
        -0.5472735838934424,
        4.48578671159709
    ],
    "25": [
        -0.559271156659751,
        1.7608918381109675
    ],
    "26": [
        -2.0052190407993455,
        1.5766694739583658
    ],
    "27": [
        -3.047556205854445,
        -1.0311754880227775
    ],
    "28": [
        -2.023150681193822,
        -0.3590727000773538
    ],
    "29": [
        -3.3174150732949226,
        -3.2369589805698906
    ],
    "30": [
        -3.1648667711390224,
        -4.971215964902642
    ],
    "31": [
        -2.634575694490086,
        -6.186528504657567
    ],
    "32": [
        -1.6022633944088795,
        -5.785326282450642
    ],
    "33": [
        -0.7786022262833975,
        -4.284344020250152
    ],
    "34": [
        -1.7886299727866766,
        -2.794545935189114
    ],
    "35": [
        1.0664117829559754,
        -2.1977124441349694
    ],
    "36": [
        -1.5505869217865385,
        -0.05103277012036511
    ],
    "37": [
        1.610907729546472,
        1.475341801432234
    ],
    "38": [
        -0.08291148791355282,
        2.2395110918241152
    ],
    "39": [
        -0.3103257462953552,
        4.047668374698352
    ],
    "40": [
        -1.7058714537238169,
        4.242798750155517
    ],
    "41": [
        -2.4709589276605857,
        1.461520238442954
    ],
    "42": [
        -2.931627987689155,
        3.3731556907359104
    ],
    "43": [
        -4.019513984001738,
        2.957688229273313
    ],
    "44": [
        -3.8293540336466174,
        1.7302641440081408
    ],
    "45": [
        -2.8366297279169586,
        -0.22837917281469705
    ],
    "46": [
        -5.7220169779544925,
        -0.24094238407910082
    ],
    "47": [
        -3.2053947764319015,
        -0.34969130532906306
    ],
    "48": [
        -4.226335076810561,
        -0.052699089619393485
    ],
    "49": [
        -1.6528810705826111,
        1.1714322821628111
    ],
    "50": [
        -2.4565073848652337,
        0.6973922789467272
    ],
    "51": [
        -2.2309991561206104,
        2.762567927148841
    ],
    "52": [
        -1.3044852899390127,
        -0.5637738339068812
    ],
    "53": [
        -0.609696447776661,
        -0.08617891583245382
    ],
    "54": [
        0.48204584442561604,
        -1.9561081348570957
    ],
    "55": [
        -0.9045573333905388,
        -3.661650366867021
    ],
    "56": [
        -0.2481986586446156,
        -4.847588043042665
    ],
    "57": [
        1.7297357199590946,
        -2.5775911927973927
    ],
    "58": [
        1.536661145552069,
        -1.8546841673575087
    ],
    "59": [
        0.624558642072336,
        -0.781079484555935
    ],
    "60": [
        0.55308353601431,
        1.315221720384617
    ],
    "61": [
        1.281901482555466,
        1.0487010727699289
    ],
    "62": [
        0.45633407772869505,
        2.33477454125948
    ],
    "63": [
        -0.5732995592970292,
        2.7911525351947186
    ],
    "64": [
        0.44739170957953567,
        4.0681748842842165
    ],
    "65": [
        1.5307686791793238,
        0.7960091306701739
    ],
    "66": [
        1.9242832441461497,
        4.488361909452474
    ],
    "67": [
        3.8138959419199474,
        2.663171756559295
    ],
    "68": [
        5.167268400858818,
        3.8854054581573094
    ],
    "69": [
        2.7784335568799294,
        1.9501051767544393
    ],
    "70": [
        5.294319291541728,
        0.8434327481599968
    ],
    "71": [
        5.864978127809185,
        1.4548544503054548
    ],
    "72": [
        3.1462041978353286,
        0.5939181108649406
    ],
    "73": [
        3.4365341828323217,
        -0.5918505608662692
    ],
    "74": [
        0.9646689300403317,
        1.2615805108773481
    ],
    "75": [
        0.4012716270581087,
        0.06606554563187336
    ],
    "76": [
        -1.0189262123446325,
        3.5002799456592286
    ],
    "77": [
        -0.6091210476832574,
        2.047297800859092
    ],
    "78": [
        -2.8901262472935554,
        1.072993108447703
    ],
    "79": [
        -2.8561863245537396,
        1.8507260079740144
    ],
    "80": [
        -3.6784110139955053,
        -0.6995158234389636
    ],
    "81": [
        -4.974540640894975,
        0.1817783690409806
    ],
    "82": [
        -5.175525800668866,
        -1.1607071108934206
    ],
    "83": [
        -2.3331483476282453,
        -1.5386117221488422
    ],
    "84": [
        -3.4331466693670776,
        -1.4899955221897432
    ],
    "85": [
        -1.69706759161254,
        -2.2469169017018205
    ],
    "86": [
        -2.4817646772002564,
        -3.7178928287345823
    ],
    "87": [
        0.8297475767155038,
        -4.335012420013999
    ],
    "88": [
        0.7774927364803207,
        -3.4731043437481164
    ],
    "89": [
        2.5508917175716013,
        -4.312396553839637
    ],
    "90": [
        1.8612190211753739,
        -5.845140841667019
    ],
    "91": [
        0.8724828383284171,
        -2.6438564716619535
    ],
    "92": [
        1.7323395173221217,
        -3.4544006359833883
    ],
    "93": [
        -0.20310216807954198,
        -3.9208129764907422
    ],
    "94": [
        0.07663083515823546,
        -5.21166756325476
    ],
    "95": [
        0.06642105790679326,
        -2.9681447341937117
    ],
    "96": [
        -0.9444875356661867,
        -5.471737528081945
    ],
    "97": [
        -1.4122249918942757,
        -2.8909034162512257
    ],
    "98": [
        -2.589864202595678,
        -4.752211406159778
    ],
    "99": [
        -3.554147145661988,
        -4.255859481909283
    ],
    "100": [
        -3.7863623437095257,
        -3.232609152647664
    ],
    "101": [
        -3.808198547431453,
        -2.2162239839730073
    ],
    "102": [
        -1.2448508835198946,
        -1.198836867876719
    ],
    "103": [
        -4.311730738895077,
        -2.086214993335569
    ],
    "104": [
        -1.3923626988560354,
        -3.302262505814744
    ],
    "105": [
        -1.5078398121135443,
        -4.615958393147355
    ],
    "106": [
        -1.7767763610318332,
        -1.8133108976790633
    ],