{
    "0": [
        -3.545670824721712,
        -1.1190032686130968
    ],
    "1": [
        -4.229929514757251,
        -0.8207743493057543
    ],
    "2": [
        -5.971148488176353,
        -2.444844356588781
    ],
    "3": [
        -6.670801510093321,
        -4.3470660012332
    ],
    "4": [
        -4.672347338061473,
        -5.347634278036895
    ],
    "5": [
        -5.483966677922168,
        -1.1916543498577543
    ],
    "6": [
        -7.86574114977023,
        -4.6461380491281234
    ],
    "7": [
        -6.514802192090449,
        -3.6248668097486734
    ],
    "8": [
        -7.18733604683055,
        -3.2299971943583774
    ],
    "9": [
        -7.2331476303130575,
        -2.254090676764804
    ],
    "10": [
        -6.33876066003763,
        -1.5210085526131831
    ],
    "11": [
        -5.715702226999044,
        -3.1316935360848936
    ],
    "12": [
        -7.870509729694852,
        -1.8228414835038176
    ],
    "13": [
        -5.5748611576705605,
        -2.1094984120205575
    ],
    "14": [
        -5.149601161606283,
        -4.739194742801159
    ],
    "15": [
        -3.0172799175838607,
        -2.0609191641141003
    ],
    "16": [
        -5.324507195241045,
        -1.7351801777017468
    ],
    "17": [
        -2.699580859975128,
        -0.6524385081419479
    ],
    "18": [
        -2.6655419102746483,
        -3.2688431873626986
    ],
    "19": [
        -6.6654978957981745,
        -2.3614152114987492
    ],
    "20": [
        -4.415936476832704,
        -1.750223697207327
    ],
    "21": [
        -5.1949758283337815,
        -3.306217600143727
    ],
    "22": [
        -9.102910906886104,
        -2.5879547341397857
    ],
    "23": [
        -7.042772521856911,
        -3.730594707516703
    ],
    "24": [
        -4.776433488706706,
        -4.054786387155826
    ],
    "25": [
        -7.185160965278993,
        -0.7686318742405951
    ],
    "26": [
        -10.463927461922065,
        -2.7105487017664527
    ],
    "27": [
        -5.5369367272002155,
        -0.6075667329034512
    ],
    "28": [
        -7.1824321717674415,
        -6.320050316482373
    ],
    "29": [
        -8.153311676548379,
        -3.180638834050949
    ],
    "30": [
        -5.789780000255265,
        -4.132610401162192
    ],
    "31": [
        -8.802184597879721,
        -1.545982208669739
    ],
    "32": [
        -5.667822963188593,
        -5.392377936183021
    ],
    "33": [
        -4.942271511846483,
        1.8734126429120246
    ],
    "34": [
        -5.4525956252705186,
        -2.7973640244311855
    ],
    "35": [
        -5.939394044503554,
        -3.70793682655158
    ],
    "36": [
        -6.47415350875202,
        -5.44509434282105
    ],
    "37": [
        -6.634664808333653,
        -1.9023971571261498
    ],
    "38": [
        -6.336687248343008,
        -3.2916402062442853
    ],
    "39": [
        -5.6517128162100265,
        -6.126266894710862
    ],
    "40": [
        -3.6512447180895955,
        -4.604275744055238
    ],
    "41": [
        -7.977029593769257,
        -1.2609125321597912
    ],
    "42": [
        -9.269802173387786,
        -4.357348463449188
    ],
    "43": [
        -3.298055108043457,
        -2.2469037391988107
    ],
    "44": [
        -4.442379208583477,
        -5.015483287740018
    ],
    "45": [
        -4.127498906753522,
        -4.235549479689006
    ],
    "46": [
        -3.466778561775369,
        -3.8379558181708036
    ],
    "47": [
        -7.895641538145378,
        -3.724410239512589
    ],
    "48": [
        -6.412240834494191,
        -2.704123329122674
    ],
    "49": [
        -6.369809568509706,
        -0.9924062745172131
    ],
    "50": [
        -4.975696494115044,
        -2.651196252549712
    ],
    "51": [
        -2.2766070739331723,
        -2.6426989163619132
    ],
    "52": [
        -7.162910791811045,
        -0.3192305796819876
    ],
    "53": [
        -7.605853347213567,
        -2.697508230046041
    ],
    "54": [
        -7.617345718081179,
        -5.520616366535684
    ],
    "55": [
        3.8279065264062755,
        5.32947178346434
    ],
    "56": [
        0.7730980953781731,
        6.505546950135805
    ],
    "57": [
        3.132750293352132,
        5.461305181607029
    ],
    "58": [
        -0.16391733136066194,
        3.33318787977419
    ],
    "59": [
        0.42843869976141186,
        2.2118958682129204
    ],
    "60": [
        -0.1508116800827817,
        5.011689333539967
    ],
    "61": [
        2.471023180750952,
        -0.7552655947916038
    ],
    "62": [
        -0.27209323767235544,
        3.73731212785252
    ],
    "63": [
        0.2452654536511405,
        4.722598478496424
    ],
    "64": [
        0.7691031696425135,
        5.851866281357713
    ],
    "65": [
        2.800836033631008,
        3.0124105351965693
    ],
    "66": [
        2.4183265261351754,
        3.965918629878006
    ],
    "67": [
        2.018814618060537,
        5.400188064187903
    ],
    "68": [
        -0.8300794238446267,
        0.9672586599790591
    ],
    "69": [
        4.773020089685602,
        4.166330731952045
    ],
    "70": [
        0.25401800417332593,
        -1.029116614120061
    ],
    "71": [
        1.2548849273778468,
        5.33912339112248
    ],
    "72": [
        0.01896581219264199,
        2.693843286398869
    ],
    "73": [
        1.9513460699282141,
        4.022676816758263
    ],
    "74": [
        3.502824885600878,
        4.308548690186631
    ],
    "75": [
        2.333057333691736,
        6.406700057666737
    ],
    "76": [
        1.9755257597284879,
        1.9206073423813985
    ],
    "77": [
        -0.7026337611370354,
        7.095159598499404
    ],
    "78": [
        0.4428738823949946,
        7.808064427527096
    ],
    "79": [
        0.8205461525105083,
        3.6999213001423836
    ],
    "80": [
        2.282258861759143,
        4.889685771253297
    ],
    "81": [
        1.616872507112948,
        3.6577018566527912
    ],
    "82": [
        1.5615512276275534,
        4.524563264629183
    ],
    "83": [
        1.2058626787049596,
        1.057926578990555
    ],
    "84": [
        0.13243417493304868,
        8.151266973379807
    ],
    "85": [
        1.9272165647349513,
        7.787769113487817
    ],
    "86": [
        -3.2833662247963167,
        2.3709202577584505
    ],
    "87": [
        2.393912427015248,
        2.042064005313113
    ],
    "88": [
        2.777653844798123,
        4.598931818213485
    ],
    "89": [
        3.6347387515877068,
        7.41495024983381
    ],
    "90": [
        2.6296077447198143,
        3.6446722576198862
    ],
    "91": [
        1.9732995444741617,
        4.509409065537201
    ],
    "92": [
        1.3104470563705934,
        2.387632795063441
    ],
    "93": [
        3.6839787377583955,
        6.040346289557907
    ],
    "94": [
        1.7338978448144204,
        6.243043122976592
    ],
    "95": [
        1.0908035020206435,
        4.359379473144577
    ],
    "96": [
        1.5584780833971212,
        7.259082470108772
    ],
    "97": [
        1.221017239137186,
        3.49860025823931
    ],
    "98": [
        0.46997245650785613,
        4.084869966143053
    ],
    "99": [
        3.1377280680657127,
        3.8772599640553587
    ],
    "100": [
        0.09742829602606914,
        5.788974012952876
    ],
    "101": [
        1.3131012126933914,
        6.377727682067865
    ],
    "102": [
        -1.0122387319048824,
        4.286550836459987
    ],
    "103": [
        -1.3329666968399096,
        3.3596743886734877
    ],
    "104": [
        2.2850732689635493,
        2.7416996587852154
    ],
    "105": [
        2.184436481509245,
        9.214303777611097
    ],
    "106": [
        2.850964314177087,
        1.7925259542002185
    ],
    "107": [
        1.6452776931506636,
        5.73215527613329
    ],