{
    "0": [
        -3.815091084244747,
        7.502005670250385
    ],
    "1": [
        -2.314571415990175,
        9.020081556894798
    ],
    "2": [
        -4.670272928261953,
        5.6502038567025705
    ],
    "3": [
        -1.2329191136125606,
        7.351559174301167
    ],
    "4": [
        -4.460928943170257,
        8.204082510331656
    ],
    "5": [
        -2.15131804436642,
        7.050556267313815
    ],
    "6": [
        -4.443909236124587,
        7.633664321726827
    ],
    "7": [
        -4.03908095989198,
        8.840007666202112
    ],
    "8": [
        -3.895347247676997,
        11.055568695755602
    ],
    "9": [
        -3.367383694384462,
        6.018350797193755
    ],
    "10": [
        -2.5046819606691573,
        7.472209040042586
    ],
    "11": [
        -3.2911490436541198,
        8.441798421878701
    ],
    "12": [
        -4.795404422382731,
        7.263268184855876
    ],
    "13": [
        -3.0882632332071434,
        7.410660467171953
    ],
    "14": [
        -5.067329125838166,
        9.351993492322142
    ],
    "15": [
        -3.1687364503092206,
        6.575770504947364
    ],
    "16": [
        -2.6697647150800505,
        8.13339464334778
    ],
    "17": [
        -3.01797223631404,
        9.045800984073972
    ],
    "18": [
        -5.907978040297576,
        7.534171632484855
    ],
    "19": [
        -3.9197395664266588,
        6.467728956863402
    ],
    "20": [
        -5.08335455778942,
        4.767414233964043
    ],
    "21": [
        -2.8187637884198087,
        4.9621878711239615
    ],
    "22": [
        -3.329973374431146,
        7.120906969162502
    ],
    "23": [
        -3.5093653611993822,
        6.8719945864689675
    ],
    "24": [
        -4.100479368620867,
        5.17758223698404
    ],
    "25": [
        -3.9799001008829484,
        7.077914829623774
    ],
    "26": [
        -2.0834446187619315,
        6.3138263084671165
    ],
    "27": [
        -6.677447755085644,
        10.699122405625067
    ],
    "28": [
        -2.057967774809794,
        3.8908840571499756
    ],
    "29": [
        -5.185384225021539,
        8.21778488936394
    ],
    "30": [
        -5.164007746201642,
        6.668841764006061
    ],
    "31": [
        -1.2605577662767995,
        6.934141142256685
    ],
    "32": [
        -2.621754166696904,
        6.909714087804837
    ],
    "33": [
        -3.880138770392463,
        8.181992821464258
    ],
    "34": [
        -3.762123938467722,
        -3.6604513006999815
    ],
    "35": [
        -5.43539058273684,
        -2.5913379351593497
    ],
    "36": [
        -5.828183069484352,
        -3.5953633660631836
    ],
    "37": [
        -4.521683794641331,
        -2.1223165776201847
    ],
    "38": [
        -4.998204162570231,
        -1.3438356917112935
    ],
    "39": [
        -5.135017405618541,
        -0.6750333322384052
    ],
    "40": [
        -4.559440504980125,
        -3.022795378515589
    ],
    "41": [
        -6.509538312405696,
        -3.1549819333742355
    ],
    "42": [
        -7.920825036601818,
        -1.9166660800862318
    ],
    "43": [
        -5.585677401997657,
        -1.8940968088583983
    ],
    "44": [
        -6.066123742365231,
        -4.241611680335841
    ],
    "45": [
        -4.223440556661318,
        -2.5056168085703114
    ],
    "46": [
        -6.118160063248539,
        -1.8632458694584904
    ],
    "47": [
        -3.6260813811788224,
        -3.1852970788631505
    ],
    "48": [
        -5.71056568788279,
        -0.32358548628701056
    ],
    "49": [
        -6.479318612893505,
        -2.370064810189216
    ],
    "50": [
        -3.41140568218527,
        -1.7153137366314553
    ],
    "51": [
        -7.089222574040636,
        -3.61983172659339
    ],
    "52": [
        -4.943912542119374,
        -3.5181101286917413
    ],
    "53": [
        -7.145245445464516,
        -4.183714259671315
    ],
    "54": [
        -7.839620625557282,
        -3.0961846439306195
    ],
    "55": [
        -5.203025923675552,
        -2.2714357428982805
    ],
    "56": [
        -5.414857605608997,
        -4.239568974795121
    ],
    "57": [
        -4.4035080019885635,
        -4.686379964108742
    ],
    "58": [
        -2.497288322303811,
        -2.2055655660494753
    ],
    "59": [
        -5.452358727306952,
        -3.194937706465157
    ],
    "60": [
        -7.131643871487889,
        -1.896486438166144
    ],
    "61": [
        -6.094894528880049,
        -3.0336798733676598
    ],
    "62": [
        -3.3222125076849873,
        -4.318244632666588
    ],
    "63": [
        -0.536236004824103,
        -3.7722973342782304
    ],
    "64": [
        -4.664233462282189,
        -3.98710748556199
    ],
    "65": [
        -3.0362676818380003,
        -2.164755905673712
    ],
    "66": [
        -6.099724787079956,
        -2.550947430084031
    ],
    "67": [
        9.836845315103792,
        1.9153877390602392
    ],
    "68": [
        6.491976707733382,
        3.7842311556605597
    ],
    "69": [
        7.390287229825795,
        4.663495436400418
    ],
    "70": [
        3.745278199629186,
        5.350048006266162
    ],
    "71": [
        6.923486495040422,
        1.3780919280277024
    ],
    "72": [
        7.042700392766715,
        3.97235323640755
    ],
    "73": [
        6.989243541415676,
        2.8695389950741026
    ],
    "74": [
        6.545484789621732,
        2.0520268797617676
    ],
    "75": [
        7.395413319498184,
        3.778249418923915
    ],
    "76": [
        8.557658955246334,
        3.4643682811513004
    ],
    "77": [
        5.267412385016193,
        0.9457341898734246
    ],
    "78": [
        7.955576031611666,
        3.148260000062657
    ],
    "79": [
        5.973184146417287,
        2.323125374504483
    ],
    "80": [
        7.853492668119775,
        1.6346579836293258
    ],
    "81": [
        6.187433074089179,
        3.0179177138577113
    ],
    "82": [
        5.808282996025253,
        1.5637381768954728
    ],
    "83": [
        6.12745285249646,
        -0.09733575146939741
    ],
    "84": [
        9.381463857522416,
        5.249077835243311
    ],
    "85": [
        5.362317003754207,
        2.2131739429147204
    ],
    "86": [
        5.023432533166488,
        0.3432778152641638
    ],
    "87": [
        9.54794115318032,
        3.2178009985891896
    ],
    "88": [
        2.5826445244434817,
        0.1582108046280084
    ],
    "89": [
        5.73041799643328,
        2.9127943064252952
    ],
    "90": [
        10.470983632918045,
        4.275968220105306
    ],
    "91": [
        3.7984227465922227,
        4.539654944728067
    ],
    "92": [
        9.157113421792893,
        2.5118023130816107
    ],
    "93": [
        2.856367254091339,
        1.258154650023181
    ],
    "94": [
        7.77373844820403,
        1.061884909302721
    ],
    "95": [
        7.625127506131301,
        2.4368685090975664
    ],
    "96": [
        8.053529434558957,
        2.054063572444142
    ],
    "97": [
        4.832638464587894,
        2.953899881130967
    ],
    "98": [
        6.234466543168393,
        3.4127062127441836
    ],
    "99": [
        7.218772721067396,
        1.9437508121457419
    ],
    "100": [
        1.47328067074274,
        -10.102067831404693
    ],
    "101": [
        1.1325719829083405,
        -8.998592285786806
    ],
    "102": [
        3.05165504452221,
        -9.226384214725783
    ],
    "103": [
        2.8243532822913813,
        -10.528145992564301
    ],
    "104": [
        3.2364172735459213,
        -8.46348456752764
    ],
    "105": [
        2.4347657127801012,
        -9.662582673951187
    ],
    "106": [
        2.7343851419044145,
        -8.437486546590618
    ],
    "107": [
        3.9725698212973186,
        -8.595172036671887
    ],