{
    "0": [
        0.1269053924218716,
        -2.4967744515699586
    ],
    "1": [
        8.281729756551734,
        -3.275947448000972
    ],
    "2": [
        4.927153250527633,
        -3.497137970414808
    ],
    "3": [
        -1.3450895054827534,
        -5.262675295087477
    ],
    "4": [
        -0.048008622568952324,
        -4.063943317743832
    ],
    "5": [
        1.5951979633693594,
        -4.48316191698528
    ],
    "6": [
        4.439792313051104,
        -6.549170352399791
    ],
    "7": [
        2.8558551374393604,
        -2.505463711963323
    ],
    "8": [
        3.4502874090452,
        -4.164286702788942
    ],
    "9": [
        -0.31450300897307554,
        -6.5615143600012305
    ],
    "10": [
        2.7911168112741382,
        1.0761972588962603
    ],
    "11": [
        0.7328019219088101,
        -2.5469730838985423
    ],
    "12": [
        3.849111670399206,
        -5.780443243808942
    ],
    "13": [
        7.036501456400432,
        -0.5126873709732669
    ],
    "14": [
        3.2235158098188927,
        -3.883429633885624
    ],
    "15": [
        2.6933690955444134,
        -3.7939090799067965
    ],
    "16": [
        4.906044741417264,
        -6.539827140138574
    ],
    "17": [
        1.0404626107819044,
        -4.653437377441421
    ],
    "18": [
        3.516581463906277,
        -6.238589196022467
    ],
    "19": [
        3.8032381600448697,
        -1.7995024199876108
    ],
    "20": [
        2.292000772334437,
        -4.68841163247242
    ],
    "21": [
        1.3698642764904985,
        -1.6005886307580561
    ],
    "22": [
        4.37925102882829,
        -3.1541750124586487
    ],
    "23": [
        4.080235071742788,
        -0.3832047271932432
    ],
    "24": [
        3.2142424042219315,
        -4.955214867810662
    ],
    "25": [
        3.74144093923943,
        -6.784469433919014
    ],
    "26": [
        6.275296854241803,
        -2.5014530826579873
    ],
    "27": [
        0.9366017295913638,
        -3.2878978211826295
    ],
    "28": [
        1.9116494548329312,
        -5.332027187158884
    ],
    "29": [
        5.148989099018354,
        -4.985555494208674
    ],
    "30": [
        3.1227318299389397,
        -5.438044381030124
    ],
    "31": [
        3.221681998162451,
        -2.484850707514552
    ],
    "32": [
        2.7926177270147154,
        -4.245141785694129
    ],
    "33": [
        5.822693544055043,
        -4.405229118099021
    ],
    "34": [
        4.020245060002378,
        -3.2343645207821274
    ],
    "35": [
        4.145260154945859,
        -2.2762819545783337
    ],
    "36": [
        4.471244089736359,
        -4.5289975278729555
    ],
    "37": [
        1.5700048142613783,
        -4.776941614733313
    ],
    "38": [
        0.05334875481012579,
        -1.0964001671875674
    ],
    "39": [
        2.344670336431379,
        -5.508797978908932
    ],
    "40": [
        2.6015787749601516,
        -1.214998934811928
    ],
    "41": [
        3.226561533840338,
        -6.787143347827927
    ],
    "42": [
        6.368578053980321,
        -3.8612748773195507
    ],
    "43": [
        5.310867193021906,
        -3.726949677164971
    ],
    "44": [
        3.0789376040970713,
        -1.5740607406417657
    ],
    "45": [
        0.6303164812353341,
        -5.542224417822189
    ],
    "46": [
        1.3463199829000019,
        -3.7378243407647775
    ],
    "47": [
        2.156289729389588,
        -4.230683452612845
    ],
    "48": [
        1.9358194222797012,
        -3.3618651683377214
    ],
    "49": [
        2.841317540271108,
        -0.8189289944233625
    ],
    "50": [
        -0.47436005091834005,
        -3.239580624166874
    ],
    "51": [
        0.5214473140331154,
        -1.7999810233712223
    ],
    "52": [
        1.8988466241415551,
        -2.0185242438436624
    ],
    "53": [
        2.095208000295972,
        -5.850391223998524
    ],
    "54": [
        2.0708134753611662,
        -8.032890867680322
    ],
    "55": [
        2.0940106540663788,
        -2.5012893391207003
    ],
    "56": [
        4.229530091732168,
        -3.7517912987419635
    ],
    "57": [
        3.1533254088365967,
        -8.180013364015107
    ],
    "58": [
        1.4502531776101755,
        -0.5730331986314492
    ],
    "59": [
        5.516749146319346,
        -1.926343594969075
    ],
    "60": [
        4.992857305426058,
        -1.7493117970113556
    ],
    "61": [
        2.3984607512113385,
        -0.5858382283153908
    ],
    "62": [
        1.1246129488644543,
        -6.6726547081545835
    ],
    "63": [
        4.705753388503917,
        -2.407574933758794
    ],
    "64": [
        -0.2697488271131538,
        -3.7428502619799993
    ],
    "65": [
        5.76232259525423,
        -5.9573911753458715
    ],
    "66": [
        3.4897729745024177,
        -7.654727504431553
    ],
    "67": [
        2.4122317654276197,
        -3.043913589866429
    ],
    "68": [
        3.4688532914785895,
        -3.1095246505374923
    ],
    "69": [
        4.464647115120904,
        -5.111117773462869
    ],
    "70": [
        4.024475438565779,
        -4.437050880830116
    ],
    "71": [
        -2.427332410135374,
        3.012430278104045
    ],
    "72": [
        -2.9240043722430373,
        4.773365288086252
    ],
    "73": [
        -6.131699354938528,
        8.013039739637746
    ],
    "74": [
        -1.2134612347476594,
        4.52067371400143
    ],
    "75": [
        -2.885388116529779,
        5.957216806276888
    ],
    "76": [
        -1.5434231471720452,
        7.482485375104841
    ],
    "77": [
        -5.661112427918894,
        1.00489424341068
    ],
    "78": [
        -2.679058052454203,
        6.318942724152618
    ],
    "79": [
        -3.030972252511348,
        3.3754244263080757
    ],
    "80": [
        -1.8831043453493226,
        4.931651935372658
    ],
    "81": [
        0.941315173426428,
        6.138308964565944
    ],
    "82": [
        -2.6913429318824127,
        7.988022846573075
    ],
    "83": [
        -3.4470355577248184,
        4.863199400301867
    ],
    "84": [
        -1.1828994378907065,
        2.6334249939013543
    ],
    "85": [
        -6.010370393673455,
        -0.21974510124737573
    ],
    "86": [
        -4.058353442678285,
        5.49058947021988
    ],
    "87": [
        -3.3487203813669426,
        -0.2755939035479874
    ],
    "88": [
        -5.20180976079159,
        4.527552964405635
    ],
    "89": [
        -0.09793429789508193,
        3.4581195790097277
    ],
    "90": [
        -3.5012296506170366,
        5.462626624326839
    ],
    "91": [
        -2.7264269696745758,
        4.281039344224187
    ],
    "92": [
        -3.846332204507944,
        9.045331413214646
    ],
    "93": [
        -2.1477362489788696,
        3.229735413615224
    ],
    "94": [
        -2.802358786806059,
        6.901080886831864
    ],
    "95": [
        -0.46573054792455315,
        7.044645904746678
    ],
    "96": [
        -2.824046300681763,
        0.6969897846718444
    ],
    "97": [
        -1.2430388340005067,
        3.1702992924348186
    ],
    "98": [
        -5.685222575420987,
        3.4667294004835796
    ],
    "99": [
        -0.9169429510380019,
        4.858621099705587
    ],
    "100": [
        0.19677689537454748,
        3.1994371928884258
    ],
    "101": [
        -2.7415974526404754,
        1.5852487629165048
    ],
    "102": [
        -6.592294082452608,
        3.9085988170462107
    ],
    "103": [
        -3.676969309312823,
        1.3403620249746062
    ],
    "104": [
        -0.9847999626996865,
        2.0246098626640747
    ],
    "105": [
        -1.4701062600431476,
        6.067056430317708
    ],
    "106": [
        -2.4667290721810913,
        3.5297217861584973
    ],
    "107": [
        -1.2359315147977565,
        0.45101747612978255
    ],