{
    "0": [
        1.1055852753549194,
        0.421439936972118
    ],
    "1": [
        1.0608768030965536,
        0.3576857219955203
    ],
    "2": [
        1.0012115817390925,
        -0.7421929433240582
    ],
    "3": [
        1.6787271361479967,
        0.4682192214037224
    ],
    "4": [
        -1.1850751090807816,
        0.8416561763930304
    ],
    "5": [
        -1.1522142007069212,
        -0.01887680917511414
    ],
    "6": [
        2.090972185790529,
        0.1000145745869494
    ],
    "7": [
        2.0804109523958982,
        -0.5957359649114156
    ],
    "8": [
        1.4134993841552066,
        -0.1996645598376645
    ],
    "9": [
        1.5800792699717143,
        -1.18709961993109
    ],
    "10": [
        1.3691017645122296,
        -0.09848533583327468
    ],
    "11": [
        1.9938665145593322,
        -0.5678648001315811
    ],
    "12": [
        1.569059267831451,
        -1.2840567610286784
    ],
    "13": [
        2.031781430951401,
        0.17180575136988985
    ],
    "14": [
        0.9801978138725782,
        -0.7105714142537609
    ],
    "15": [
        -2.807334561917181,
        -0.3380799481731813
    ],
    "16": [
        -2.6109925420144426,
        -0.18656707524070715
    ],
    "17": [
        -2.0405455859545754,
        0.7617956599753937
    ],
    "18": [
        -2.0166053751951276,
        0.23565828816541945
    ],
    "19": [
        -1.3493555231424506,
        -0.11917622323287169
    ],
    "20": [
        -1.2513209764579984,
        0.5092997188127599
    ],
    "21": [
        -1.4222511813313656,
        1.0543273822466057
    ],
    "22": [
        -2.12790971455002,
        0.8086648669600871
    ],
    "23": [
        -1.9917646100280435,
        0.3178041561919045
    ]
}