{
    "0": [
        2.3729963138439896,
        -0.6935650563417255
    ],
    "1": [
        1.5218771737459473,
        -0.49420719905327726
    ],
    "2": [
        1.0710926104565903,
        -0.04200990101890234
    ],
    "3": [
        0.5969626924654783,
        -0.673634057762559
    ],
    "4": [
        2.3102455764476364,
        -1.1145342469526378
    ],
    "5": [
        0.6768365527964537,
        -1.400324838191997
    ],
    "6": [
        1.3197890994932688,
        -1.2147663757433573
    ],
    "7": [
        -2.7789874493291062,
        1.6014207457700627
    ],
    "8": [
        -2.3848059940039583,
        2.2881830865080124
    ],
    "9": [
        -2.6216892849004623,
        1.9125908201852373
    ],
    "10": [
        -2.8963462410912424,
        1.523535971030022
    ],
    "11": [
        -1.9111189648823066,
        1.2145811304129608
    ],
    "12": [
        -2.129571952300755,
        1.760220511256306
    ],
    "13": [
        -2.454317448404712,
        1.2372085070209136
    ],
    "14": [
        -1.9880093232019558,
        1.227540331710415
    ],
    "15": [
        0.8803799493381419,
        -1.8608410773086623
    ],
    "16": [
        0.783190565455433,
        -0.08122652035027489
    ],
    "17": [
        0.9319397489063164,
        -0.7543066488103181
    ],
    "18": [
        0.7208620689671132,
        -1.4048016500619713
    ],
    "19": [
        2.1532562690943884,
        -1.3224498756535494
    ],
    "20": [
        0.3528969167316607,
        -0.5168492463146448
    ],
    "21": [
        1.1071177604602056,
        0.3231686623263119
    ],
    "22": [
        1.67566448603106,
        -0.7606825597750939
    ],
    "23": [
        1.4181992550534144,
        -0.23320394046261228
    ],
    "24": [
        0.27303381008173844,
        -1.1470414481926001
    ],
    "25": [
        1.3283387988305044,
        -1.2913568085269285
    ],
    "26": [
        -2.3298329900848103,
        1.9173516843008973
    ]
}