{
    "0": [
        1.0,
        0.0
    ],
    "1": [
        0.9629172873477992,
        0.2697967711570243
    ],
    "2": [
        0.8544194045464886,
        0.5195839500354336
    ],
    "3": [
        0.6825531432186541,
        0.730835964278124
    ],
    "4": [
        0.4600650377311522,
        0.8878852184023752
    ],
    "5": [
        0.20345601305263397,
        0.9790840876823228
    ],
    "6": [
        -0.06824241336467088,
        0.9976687691905392
    ],
    "7": [
        -0.33487961217098616,
        0.9422609221188205
    ],
    "8": [
        -0.5766803221148671,
        0.8169698930104421
    ],
    "9": [
        -0.7757112907044197,
        0.631087944326053
    ],
    "10": [
        -0.9172113015054528,
        0.3984010898462418
    ],
    "11": [
        -0.9906859460363308,
        0.13616664909624665
    ],
    "12": [
        -0.9906859460363308,
        -0.1361666490962464
    ],
    "13": [
        -0.9172113015054532,
        -0.3984010898462412
    ],
    "14": [
        -0.7757112907044198,
        -0.6310879443260528
    ],
    "15": [
        -0.5766803221148672,
        -0.816969893010442
    ],
    "16": [
        -0.3348796121709864,
        -0.9422609221188204
    ],
    "17": [
        -0.06824241336467135,
        -0.9976687691905392
    ],
    "18": [
        0.2034560130526333,
        -0.979084087682323
    ],
    "19": [
        0.4600650377311516,
        -0.8878852184023756
    ],
    "20": [
        0.6825531432186536,
        -0.7308359642781246
    ],
    "21": [
        0.8544194045464886,
        -0.5195839500354336
    ],
    "22": [
        0.9629172873477992,
        -0.2697967711570244
    ]
}