{
    "0": [
        -0.06492717894585884,
        -1.7929109735963953
    ],
    "1": [
        -1.0324433269760083,
        1.8303534462438786
    ],
    "2": [
        -6.285867167910573,
        3.207433051956496
    ],
    "3": [
        -0.817138408926488,
        2.8859294844368533
    ],
    "4": [
        1.759999585737054,
        -4.304339509186942
    ],
    "5": [
        -2.4262650472619307,
        3.5219449921137924
    ],
    "6": [
        -3.0655998637931843,
        2.2491001077833683
    ],
    "7": [
        -0.9604038628161126,
        1.2851232072863874
    ],
    "8": [
        -1.8889945206246679,
        2.27695584303985
    ],
    "9": [
        -3.987645816020528,
        0.48638420586047915
    ],
    "10": [
        -1.334569975082416,
        -1.9375068586518172
    ],
    "11": [
        6.9229219590876285,
        1.3456626646776781
    ],
    "12": [
        2.370217875431009,
        -2.6575418744118653
    ],
    "13": [
        -2.4757355603607247,
        -0.5034779698461358
    ],
    "14": [
        5.887323153887284,
        3.4859268634461436
    ],
    "15": [
        3.188486897886324,
        3.3414005939615627
    ],
    "16": [
        1.6865165260437325,
        4.663668265529889
    ],
    "17": [
        1.8403632297585886,
        -2.3770316893066537
    ],
    "18": [
        6.525372216157594,
        -0.7824872281738376
    ],
    "19": [
        4.151629311275614,
        4.462159585097096
    ],
    "20": [
        3.6752823256104485,
        3.904360582048844
    ],
    "21": [
        3.1617266637678045,
        -3.2861920983796327
    ],
    "22": [
        -1.3916227155926284,
        -4.592557093064276
    ],
    "23": [
        -7.175569842091072,
        0.6499574156129351
    ],
    "24": [
        7.979017879377581,
        5.203390714534204
    ],
    "25": [
        -5.527465877777356,
        -3.0180157225188173
    ],
    "26": [
        -3.2895607200920276,
        3.059615367793247
    ],
    "27": [
        3.7268984520464516,
        -2.505643909766135
    ],
    "28": [
        -5.499868911236511,
        -0.33567200313068785
    ],
    "29": [
        4.539338306434604,
        6.402034615098013
    ],
    "30": [
        -3.6236139984555704,
        3.505043385623079
    ],
    "31": [
        -2.208671168857851,
        -2.0981945804885718
    ],
    "32": [
        -0.2893329170617029,
        1.3917773599826193
    ],
    "33": [
        0.002117830978887847,
        -2.996169644140807
    ],
    "34": [
        3.827882872629103,
        8.678581768846518
    ],
    "35": [
        0.4863960347111853,
        -4.274223765167638
    ],
    "36": [
        -8.914998261042689,
        -3.162020543108429
    ],
    "37": [
        3.2681621340395455,
        -4.710408157020742
    ],
    "38": [
        -0.18382195974216922,
        -3.6689651978403695
    ],
    "39": [
        -5.387224870404044,
        -4.830654078303534
    ],
    "40": [
        0.7550610475760943,
        -5.535820739926847
    ],
    "41": [
        -0.028624575431202993,
        5.057305239647153
    ],
    "42": [
        -0.44429966412724126,
        3.3505400138347787
    ],
    "43": [
        4.598583791528868,
        -0.5024800674062849
    ],
    "44": [
        -1.2745917884257143,
        -6.687173278023657
    ],
    "45": [
        -1.7301802403426993,
        3.9404834834473332
    ],
    "46": [
        -3.980026236357979,
        1.3007125096734826
    ],
    "47": [
        2.212693891347437,
        0.8491993942098158
    ],
    "48": [
        -5.617322589410618,
        3.9114536786820437
    ],
    "49": [
        -5.537142245607717,
        0.12735002522280406
    ],
    "50": [
        0.442915723778972,
        -1.4726041860641983
    ],
    "51": [
        3.3315175067256275,
        -6.254076370515249
    ],
    "52": [
        -1.8551927846930591,
        -1.1481307471598496
    ],
    "53": [
        -0.2075022174665468,
        4.501418521596583
    ],
    "54": [
        1.9542641398421663,
        -1.5644316439889072
    ],
    "55": [
        -6.617775839433668,
        -0.7873236610265653
    ],
    "56": [
        0.5027921895235518,
        0.6936069980901879
    ],
    "57": [
        -1.967570792873617,
        2.768323225539792
    ],
    "58": [
        -0.22153292681408798,
        -9.351973631237776
    ],
    "59": [
        3.151792813171962,
        0.47752134062312673
    ],
    "60": [
        2.2541910189715364,
        4.9067644373874
    ],
    "61": [
        -6.693259374899546,
        0.0689678461183292
    ],
    "62": [
        -3.7363678504328544,
        -2.693862960727361
    ],
    "63": [
        -4.395641056998251,
        -13.605480120848005
    ],
    "64": [
        -0.9758460357555465,
        -0.9034507396804201
    ],
    "65": [
        10.23804379805237,
        3.8423954697920513
    ],
    "66": [
        0.7337185408285759,
        4.359507417570308
    ],
    "67": [
        -3.724955010247364,
        4.056132626660407
    ],
    "68": [
        3.3128149255924733,
        4.641667446856235
    ],
    "69": [
        -3.462448375683857,
        1.2397196941615842
    ],
    "70": [
        -3.3300480889489505,
        -0.61845716897911
    ],
    "71": [
        2.174006483514178,
        -5.026616709680944
    ],
    "72": [
        3.8115613867688376,
        1.2114136588963067
    ],
    "73": [
        -3.2929381133115494,
        -3.6033736481201104
    ],
    "74": [
        0.1261423534382146,
        -5.491094931799059
    ],
    "75": [
        4.719880641071908,
        1.2037854186926327
    ],
    "76": [
        0.8096121884890923,
        1.5774787584421828
    ],
    "77": [
        -4.14186924204309,
        2.797553932926175
    ],
    "78": [
        11.727901167776002,
        0.7798206551005938
    ],
    "79": [
        5.251567829596228,
        2.607587350473949
    ],
    "80": [
        -6.917576288420441,
        6.821107752726139
    ],
    "81": [
        7.137271721409089,
        0.5860780656342498
    ],
    "82": [
        5.813606765450783,
        -3.4689778886715508
    ],
    "83": [
        5.304060847860528,
        0.584770808165849
    ],
    "84": [
        -0.11967577065310687,
        -2.427667867538437
    ],
    "85": [
        11.612693985168006,
        1.604421878438009
    ],
    "86": [
        2.3995156296675266,
        -0.12001400027460449
    ],
    "87": [
        7.614237624836007,
        -5.550125321261967
    ],
    "88": [
        5.949362765668701,
        0.1765120110203985
    ],
    "89": [
        -0.7886222570215693,
        -0.37731763787283684
    ],
    "90": [
        2.509109334726112,
        4.043062381676333
    ],
    "91": [
        5.000211918310647,
        3.449293602959082
    ],
    "92": [
        1.2311009900607877,
        3.0913809728263604
    ],
    "93": [
        -1.4943864029932667,
        1.418100597837643
    ],
    "94": [
        1.3714766063919737,
        0.4783464207737177
    ],
    "95": [
        -4.8586423445823685,
        -0.8113002618226673
    ],
    "96": [
        -0.886489041002949,
        4.324884512986211
    ],
    "97": [
        -0.7424792674326088,
        5.053838872506692
    ],
    "98": [
        6.0486251761039,
        -1.0093536522512516
    ],
    "99": [
        4.432901508534174,
        -7.284771371127554
    ],
    "100": [
        -10.79387899767245,
        -3.8485642700031417
    ],
    "101": [
        2.065412703586254,
        4.07573393571253
    ],
    "102": [
        -0.36212708091992724,
        -4.580197200575248
    ],
    "103": [
        -3.5068497951529336,
        -6.438525453441067
    ],
    "104": [
        -0.588170486557168,
        -3.21836682390253
    ],
    "105": [
        1.8317709718786084,
        -6.180075273935496
    ],
    "106": [
        -2.6620868883689432,
        4.6140422766453355
    ],
    "107": [
        1.02081838775577,
        -0.9343320224564972
    ],