{
    "0": [
        3.796427772548074,
        -1.1911254823277597
    ],
    "1": [
        3.834564648318272,
        4.119317271557697
    ],
    "2": [
        -4.072066849612212,
        -4.336395894549624
    ],
    "3": [
        1.7299721630076634,
        -1.0425738662804578
    ],
    "4": [
        0.05001028277365291,
        3.0235488801935304
    ],
    "5": [
        2.1432488229665814,
        -5.413460895497401
    ],
    "6": [
        -9.194600738925867,
        5.013653943051644
    ],
    "7": [
        2.716105666801953,
        1.2556538649390336
    ],
    "8": [
        1.3678876627679557,
        4.147686156159707
    ],
    "9": [
        2.5382898152897444,
        1.9821784127941635
    ],
    "10": [
        -2.0180307830596056,
        -1.2546336553443687
    ],
    "11": [
        1.642552929584118,
        -0.1966299373320115
    ],
    "12": [
        -4.611519962249545,
        -0.8865801531388877
    ],
    "13": [
        2.934029480082814,
        1.9816432511594935
    ],
    "14": [
        -1.4381457721549828,
        3.8762590299336717
    ],
    "15": [
        -4.185113674642535,
        3.7152025749059723
    ],
    "16": [
        3.980604740867046,
        -3.780567089389444
    ],
    "17": [
        3.726345691501317,
        5.512978981680539
    ],
    "18": [
        0.4161537289096355,
        -5.146982416475366
    ],
    "19": [
        -3.1644242247316,
        -1.98286125673341
    ],
    "20": [
        2.511721786054019,
        5.486092674677914
    ],
    "21": [
        0.8901989300982834,
        -0.5468424021681806
    ],
    "22": [
        -4.285299982992247,
        -1.977660569720486
    ],
    "23": [
        -5.907505848664132,
        5.130972098078558
    ],
    "24": [
        -3.123882242837497,
        -2.7098935051616553
    ],
    "25": [
        4.86245723845525,
        2.006397562485969
    ],
    "26": [
        -2.6263556408069024,
        -0.7608755147334717
    ],
    "27": [
        -1.6495685185764655,
        5.00153571184027
    ],
    "28": [
        -1.973500073953669,
        -0.7270420727347271
    ],
    "29": [
        -2.739879168827973,
        0.790140066155926
    ],
    "30": [
        0.6957598008180411,
        -1.7148741523955877
    ],
    "31": [
        0.6345379132486482,
        6.2906321462850805
    ],
    "32": [
        3.9570880502287586,
        -3.1100832495395228
    ],
    "33": [
        8.064257013495455,
        4.5812221856607245
    ],
    "34": [
        0.4209306043441399,
        -2.72323906194014
    ],
    "35": [
        -1.0669042328428096,
        -1.5554186237952459
    ],
    "36": [
        0.04906631510778004,
        5.272361544770493
    ],
    "37": [
        1.9610287036587395,
        4.336360580571421
    ],
    "38": [
        0.31433906688063584,
        7.751430915822164
    ],
    "39": [
        -2.889356562927213,
        5.743407455947625
    ],
    "40": [
        1.3328637232757006,
        3.5526972741323077
    ],
    "41": [
        -2.0885407872590127,
        1.7146288921074164
    ],
    "42": [
        -1.8438502956317853,
        0.5235194067272039
    ],
    "43": [
        -4.603910960974126,
        0.30853811388962765
    ],
    "44": [
        -0.21141615212685125,
        -3.811110761714861
    ],
    "45": [
        -1.180166613822523,
        -1.0718244366626344
    ],
    "46": [
        2.45017152678317,
        -4.752433596656575
    ],
    "47": [
        -0.5667604469039721,
        0.49598442614096533
    ],
    "48": [
        7.060288748132203,
        -0.7834802142026442
    ],
    "49": [
        5.8301961381839105,
        1.321953082970158
    ],
    "50": [
        3.672528507535447,
        -0.18694851497886864
    ],
    "51": [
        2.4647028819249575,
        6.004249565334712
    ],
    "52": [
        1.2269314326046679,
        0.040596269315039964
    ],
    "53": [
        2.391038346265539,
        1.1148794066245167
    ],
    "54": [
        1.860452837736117,
        -1.8856015182696386
    ],
    "55": [
        -1.1664804916616667,
        -0.8117664983926963
    ],
    "56": [
        -4.848373972250535,
        2.762678683222671
    ],
    "57": [
        2.6201230112185785,
        0.37199237492536047
    ],
    "58": [
        -6.908311727105429,
        -0.3793562039464352
    ],
    "59": [
        -1.9798950120375607,
        -6.369781705288212
    ],
    "60": [
        -5.247478329383948,
        5.735812629291918
    ],
    "61": [
        -0.08812231689232848,
        -0.767802379348551
    ],
    "62": [
        -1.6906321487664173,
        -1.864400907517535
    ],
    "63": [
        -3.1771179039319195,
        8.450126640477903
    ],
    "64": [
        3.6195933727921688,
        0.290701990954715
    ],
    "65": [
        -5.837176602779651,
        3.199551997451715
    ],
    "66": [
        -5.884394279479746,
        -0.9326804553548226
    ],
    "67": [
        1.5842374481039043,
        -2.5313775978604327
    ],
    "68": [
        -1.0559638842084973,
        0.49698431841881074
    ],
    "69": [
        -0.2662571143546353,
        2.883866305625809
    ],
    "70": [
        3.893120916737182,
        -0.5912779451850826
    ],
    "71": [
        2.780674965598959,
        2.3485363428444357
    ],
    "72": [
        -3.2862925528732436,
        -5.922397466519912
    ],
    "73": [
        -0.4080049084418033,
        -3.436059136953413
    ],
    "74": [
        -1.472074701866385,
        1.6978703953027925
    ],
    "75": [
        -4.879702193149882,
        -1.9308222859019948
    ],
    "76": [
        0.44708801517965746,
        0.14119965756941455
    ],
    "77": [
        1.9080207298123537,
        2.1960318757701662
    ],
    "78": [
        4.3834933850263305,
        1.750964111213496
    ],
    "79": [
        0.6923066817620668,
        6.761127733401812
    ],
    "80": [
        4.308162427163423,
        2.2403315276076996
    ],
    "81": [
        -4.301850298859503,
        -6.408671790378665
    ],
    "82": [
        -6.726171331058889,
        -1.50574355975298
    ],
    "83": [
        -3.773003427920154,
        2.0926588213192723
    ],
    "84": [
        5.398244334789804,
        3.0738301310553062
    ],
    "85": [
        -3.194080808586814,
        -0.17673781566592062
    ],
    "86": [
        4.474552361193641,
        4.574909327233186
    ],
    "87": [
        -4.559580238138245,
        -3.4108475207019886
    ],
    "88": [
        1.7427934732545434,
        4.790333965306076
    ],
    "89": [
        -0.8285406237290449,
        1.8787068655152472
    ],
    "90": [
        -11.436954271118017,
        -1.517988733306498
    ],
    "91": [
        -2.4621041853738284,
        3.812859926314654
    ],
    "92": [
        0.9940531066704424,
        4.077697262280225
    ],
    "93": [
        1.664048211835794,
        5.83970179265983
    ],
    "94": [
        0.275313267588773,
        1.4038423099560888
    ],
    "95": [
        3.0749967200950215,
        0.6792437114217654
    ],
    "96": [
        4.015001513506549,
        2.529031961028364
    ],
    "97": [
        -9.441515490697768,
        -2.094094134198217
    ],
    "98": [
        0.023080120712790933,
        8.906150365918272
    ],
    "99": [
        0.08675660027917856,
        -2.4090527369640493
    ],
    "100": [
        2.9900721415810465,
        -2.270159436048488
    ],
    "101": [
        -2.1742250324357277,
        -4.822104473790619
    ],
    "102": [
        -1.2588315998778488,
        -2.7194405956729075
    ],
    "103": [
        4.175155493788719,
        -0.23140023449138283
    ],
    "104": [
        -4.569927880383303,
        -1.462441728532729
    ],
    "105": [
        6.2495408544497355,
        -1.6111959021058309
    ],
    "106": [
        -0.8202697074415515,
        8.40847109035302
    ],
    "107": [
        5.30003714099821,
        -2.165361541090673
    ],