{
    "0": [
        4.995986738548764,
        -5.158301259884822
    ],
    "1": [
        6.643887654974127,
        -6.931663862722244
    ],
    "2": [
        6.875001934769652,
        -6.35352947631241
    ],
    "3": [
        6.8397223358408175,
        -4.489527307259876
    ],
    "4": [
        3.5869013019085623,
        -3.385827737324326
    ],
    "5": [
        3.8661747564280367,
        -5.863030085860455
    ],
    "6": [
        5.272761649691695,
        -2.959900995896588
    ],
    "7": [
        5.834341973439805,
        -4.578404916733689
    ],
    "8": [
        7.897210292753958,
        -5.8525581772429165
    ],
    "9": [
        6.289785875993788,
        -6.010377931099542
    ],
    "10": [
        6.171984280108055,
        -5.013893498142207
    ],
    "11": [
        2.690486575323569,
        -2.6799992447398453
    ],
    "12": [
        4.5828917649696645,
        -1.9855014437088618
    ],
    "13": [
        2.733332459069368,
        -0.13144639843682912
    ],
    "14": [
        2.1501773939448685,
        2.1489236858137013
    ],
    "15": [
        5.8017163761768975,
        2.010984693786635
    ],
    "16": [
        5.292236954282862,
        2.2907918282724005
    ],
    "17": [
        6.922148053562914,
        3.58381481514146
    ],
    "18": [
        3.540388451115303,
        1.96214175201871
    ],
    "19": [
        4.415297393767168,
        2.6137077069882686
    ],
    "20": [
        5.150551097811847,
        3.700863795221939
    ],
    "21": [
        1.8511193103385577,
        4.012081582159007
    ],
    "22": [
        3.867950511591677,
        7.095397829557259
    ],
    "23": [
        0.4964930865727694,
        7.489163677486355
    ],
    "24": [
        4.252448647723574,
        7.7639031189036665
    ],
    "25": [
        1.440903534646058,
        9.496104127389664
    ],
    "26": [
        1.9158053966172852,
        9.522207056786705
    ],
    "27": [
        4.20702126007264,
        9.639434641302756
    ],
    "28": [
        1.7766667675521284,
        10.565901863188547
    ],
    "29": [
        2.9122282042560133,
        7.272741873839384
    ],
    "30": [
        4.668288891903774,
        8.935597002520169
    ],
    "31": [
        4.578890092822418,
        4.782520431944696
    ],
    "32": [
        5.266100230828623,
        6.810086523212977
    ],
    "33": [
        1.7934685517343585,
        6.244134408962345
    ],
    "34": [
        5.133562206256877,
        5.0806679767542855
    ],
    "35": [
        3.396405680790488,
        4.202683457103973
    ],
    "36": [
        2.4931815408943434,
        2.4774285774981895
    ],
    "37": [
        1.6186250109300135,
        0.9928845108171543
    ],
    "38": [
        3.290291132708492,
        -0.8787062183500304
    ],
    "39": [
        3.9941862603857747,
        0.46834591385947055
    ],
    "40": [
        0.7509171147046055,
        2.274002200349822
    ],
    "41": [
        3.741293668893804,
        -0.7457473486797612
    ],
    "42": [
        3.908457831112537,
        0.8712006774396924
    ],
    "43": [
        0.978759192186102,
        -0.04995622630130313
    ],
    "44": [
        1.1885621776926742,
        -2.709306587997523
    ],
    "45": [
        2.463075987081044,
        -3.6308741818092103
    ],
    "46": [
        5.029517593841257,
        -3.8490149365356188
    ],
    "47": [
        6.388122572402863,
        -1.1810292543970689
    ],
    "48": [
        6.213816184303065,
        -2.217893121471287
    ],
    "49": [
        6.521106750698465,
        1.3426531782825526
    ],
    "50": [
        2.8657675302278105,
        0.7945188474392725
    ],
    "51": [
        6.700971412461658,
        0.4257996245860546
    ],
    "52": [
        5.102956177437621,
        3.1023430729971038
    ],
    "53": [
        4.857352917034319,
        4.2529930107608225
    ],
    "54": [
        0.7325891132316995,
        3.9879759573465305
    ],
    "55": [
        1.7285701055324079,
        5.006570714901154
    ],
    "56": [
        -0.999977243514191,
        3.4908178274764086
    ],
    "57": [
        -1.0976627900006726,
        6.096230963202361
    ],
    "58": [
        -4.143941171718522,
        5.5639735895688895
    ],
    "59": [
        -2.6416797189860626,
        4.078942206181809
    ],
    "60": [
        -6.610189627447008,
        3.147100491334112
    ],
    "61": [
        -7.0701054034139394,
        4.409549697535541
    ],
    "62": [
        -9.559186941566184,
        3.6311801247955184
    ],
    "63": [
        -7.707206040742547,
        2.1439012455484066
    ],
    "64": [
        -7.580950518836069,
        2.634301019137077
    ],
    "65": [
        -2.8434775295851114,
        1.5426365812653708
    ],
    "66": [
        -4.774516799688017,
        2.24198565357755
    ],
    "67": [
        -2.8905042219158137,
        2.7069576289897594
    ],
    "68": [
        -6.4337784192574645,
        3.8267767153266625
    ],
    "69": [
        -4.794656692973265,
        5.576373824263094
    ],
    "70": [
        -4.802197582799706,
        1.4743781594306937
    ],
    "71": [
        -6.5785208155130315,
        4.999503739601547
    ],
    "72": [
        -5.314424234210823,
        4.4614509772349065
    ],
    "73": [
        -3.3151383161037127,
        4.8060950665459465
    ],
    "74": [
        -4.853568337200071,
        7.5169553260442274
    ],
    "75": [
        -2.8416397618299127,
        7.659527498591811
    ],
    "76": [
        -4.290140667227877,
        9.01100288101886
    ],
    "77": [
        -3.0969090048127024,
        6.475134879907416
    ],
    "78": [
        -1.5593340624809273,
        9.50072944850579
    ],
    "79": [
        -0.190676205535554,
        7.371012680062233
    ],
    "80": [
        1.6537983146124418,
        7.223299049500373
    ],
    "81": [
        1.6508897226079056,
        8.636635477327523
    ],
    "82": [
        0.013485121018636062,
        5.34866918682878
    ],
    "83": [
        3.455462930108097,
        6.317891733382519
    ],
    "84": [
        2.9312874523442694,
        5.336336731551195
    ],
    "85": [
        2.669974991670255,
        4.678237523786683
    ],
    "86": [
        2.350816007305586,
        0.9276482333510557
    ],
    "87": [
        2.4122228911686974,
        1.3305314959503691
    ],
    "88": [
        0.6634503101167373,
        -2.204681751984653
    ],
    "89": [
        1.3753980855946037,
        -2.255086427214149
    ],
    "90": [
        -0.8044393928149592,
        -3.6062748085579313
    ],
    "91": [
        2.3631735300157795,
        -5.598365957160465
    ],
    "92": [
        1.125473513525039,
        -6.834487959354999
    ],
    "93": [
        3.1354581546475684,
        -7.979730653538145
    ],
    "94": [
        2.029639588930781,
        -7.8984650038286714
    ],
    "95": [
        4.571322690949012,
        -7.5752907471614215
    ],
    "96": [
        4.226991158915083,
        -5.44160099966632
    ],
    "97": [
        4.470736342779905,
        -2.9955416720971724
    ],
    "98": [
        3.15914687320672,
        -3.492543019831879
    ],
    "99": [
        2.7109348467222354,
        -0.7502292100709427
    ],
    "100": [
        1.8324238624375302,
        -1.639346478510997
    ],
    "101": [
        0.5902562052323713,
        -1.4664500410064034
    ],
    "102": [
        -0.2990611377741221,
        -0.45234598779557045
    ],
    "103": [
        2.3195713357195933,
        -1.2636627902628104
    ],
    "104": [
        1.78606036112175,
        -3.016091400191621
    ],
    "105": [
        -0.7306771092505878,
        -0.782122823965225
    ],
    "106": [
        0.19673085768235468,
        -0.3001001088620724
    ],
    "107": [
        -0.09484992223270565,
        3.0329742040545002
    ],