{
    "0": [
        18.229685633339518,
        32.400272697074705
    ],
    "1": [
        22.623841799378393,
        36.735794649281445
    ],
    "2": [
        16.205145540754195,
        29.634591749791706
    ],
    "3": [
        16.197415070805103,
        34.35043621700656
    ],
    "4": [
        18.60239229142456,
        32.09474531400015
    ],
    "5": [
        20.379921819588333,
        31.278009513804292
    ],
    "6": [
        22.946294683125757,
        35.88672323065998
    ],
    "7": [
        13.19249215538661,
        22.493941622125444
    ],
    "8": [
        15.417693961959984,
        31.106082967109245
    ],
    "9": [
        21.974877017341107,
        33.38764411865273
    ],
    "10": [
        17.806244502106633,
        31.54463919155259
    ],
    "11": [
        14.421969558756249,
        32.756797795452215
    ],
    "12": [
        19.19572780627755,
        33.76821456837046
    ],
    "13": [
        16.96697677070743,
        31.881219855198648
    ],
    "14": [
        24.62874702111832,
        34.747502210855956
    ],
    "15": [
        16.958225146315986,
        28.717043277878545
    ],
    "16": [
        15.806881394583773,
        35.38269745468916
    ],
    "17": [
        17.87872236761275,
        34.44670303258261
    ],
    "18": [
        21.695875004953486,
        38.23481685530028
    ],
    "19": [
        23.667553663764256,
        36.21544336966443
    ],
    "20": [
        16.273995224288598,
        37.617085502694096
    ],
    "21": [
        18.20103105373127,
        30.88441752173024
    ],
    "22": [
        21.590754117359626,
        34.87366143796959
    ],
    "23": [
        17.606937924446328,
        35.55124902581259
    ],
    "24": [
        20.310661077444884,
        34.22565545315426
    ],
    "25": [
        14.060376399430243,
        34.53069538581951
    ],
    "26": [
        16.41843940330441,
        31.267389755767784
    ],
    "27": [
        14.31170547616174,
        31.561065442531692
    ],
    "28": [
        10.970839374059214,
        30.248083045669855
    ],
    "29": [
        18.18645806407149,
        37.15778495738626
    ],
    "30": [
        21.41665464800181,
        36.069815812073365
    ],
    "31": [
        15.816199952713875,
        36.47031210318383
    ],
    "32": [
        18.897838144985226,
        40.33128992928267
    ],
    "33": [
        19.545945319761515,
        39.197094408828065
    ],
    "34": [
        17.251460770341318,
        38.51665060267463
    ],
    "35": [
        24.86706313783909,
        36.7897528931296
    ],
    "36": [
        21.592649629963358,
        31.78954638009343
    ],
    "37": [
        19.31967848779852,
        34.70822017264462
    ],
    "38": [
        24.660114637915793,
        31.48782262577952
    ],
    "39": [
        13.598768173383107,
        32.4351466571689
    ],
    "40": [
        22.148811342267415,
        34.618133079906876
    ],
    "41": [
        14.249129508066119,
        33.33137365119399
    ],
    "42": [
        19.626777470842303,
        30.088530755021814
    ],
    "43": [
        15.761359531790502,
        32.42542891081023
    ],
    "44": [
        17.157584057683234,
        37.20410013852008
    ],
    "45": [
        20.971264463406303,
        33.030997525642206
    ],
    "46": [
        19.050837978187424,
        31.621235552847246
    ],
    "47": [
        23.050846097706245,
        32.954125499440984
    ],
    "48": [
        24.066777461967934,
        33.162657809984665
    ],
    "49": [
        19.010863174402612,
        27.440297330309157
    ],
    "50": [
        16.455007972833435,
        33.80488671622461
    ],
    "51": [
        -15.368804443956737,
        -29.36382568228495
    ],
    "52": [
        -11.389054008504468,
        -30.59707175067905
    ],
    "53": [
        -12.452197213691855,
        -30.967227884169684
    ],
    "54": [
        -10.702020988966435,
        -30.034771284619964
    ],
    "55": [
        -11.434598537080658,
        -31.783787646814066
    ],
    "56": [
        -14.210862890231516,
        -26.893791071438837
    ],
    "57": [
        -12.605858575968298,
        -30.29053574034602
    ],
    "58": [
        -12.38005310934213,
        -31.796292064436752
    ],
    "59": [
        -10.103639592531056,
        -30.082769618753943
    ],
    "60": [
        -8.641873270802101,
        -28.041204357860067
    ],
    "61": [
        -15.740090104275872,
        -31.362090151410776
    ],
    "62": [
        -10.79798977219902,
        -29.25610795415428
    ],
    "63": [
        -9.922522375313468,
        -31.503029423185087
    ],
    "64": [
        -12.04548483083723,
        -29.28498903669924
    ],
    "65": [
        -13.787890119706013,
        -30.733612050621428
    ],
    "66": [
        -11.951472921630225,
        -28.283735075876184
    ],
    "67": [
        -13.334073284974215,
        -32.088289690260204
    ],
    "68": [
        -13.101326150695828,
        -28.698821779594716
    ],
    "69": [
        -12.224496493660931,
        -24.492284127110256
    ],
    "70": [
        -14.151502806652688,
        -31.471154013075655
    ],
    "71": [
        -11.773985469009325,
        -27.278371902599847
    ],
    "72": [
        -15.790707120619686,
        -28.27526488316178
    ],
    "73": [
        -9.687411052420167,
        -30.884055602625544
    ],
    "74": [
        -10.722390711194048,
        -32.537502423776715
    ],
    "75": [
        -9.55813187994432,
        -27.412363721911067
    ],
    "76": [
        -11.647298032447639,
        -29.83533838134123
    ],
    "77": [
        -12.795502630767038,
        -30.627807950706895
    ],
    "78": [
        -14.613243670362067,
        -28.286906006265262
    ],
    "79": [
        -14.93160057633424,
        -33.26151333309202
    ],
    "80": [
        -12.706896818966007,
        -28.417869757007928
    ],
    "81": [
        -18.1035383944471,
        -33.74892887887182
    ],
    "82": [
        -13.109721118406716,
        -31.301443333880815
    ],
    "83": [
        -10.359744138559925,
        -25.073104743321988
    ],
    "84": [
        -11.4710172850806,
        -32.2862346941694
    ],
    "85": [
        -10.311701720809758,
        -29.07224217206387
    ],
    "86": [
        -15.296180943231715,
        -32.11587521313185
    ],
    "87": [
        -13.787582735466998,
        -34.00824268680755
    ],
    "88": [
        -10.635171636086186,
        -26.649865138695837
    ],
    "89": [
        -11.169387171942153,
        -33.20169882515802
    ],
    "90": [
        -11.907215882224426,
        -33.01880833290407
    ],
    "91": [
        -13.455507740298419,
        -27.29946518640852
    ],
    "92": [
        -12.047764455757743,
        -30.65079444629482
    ],
    "93": [
        -14.36496259334728,
        -32.39824551628168
    ],
    "94": [
        -13.342535306388577,
        -30.178947537028094
    ],
    "95": [
        -14.447575405763676,
        -27.665250271076893
    ],
    "96": [
        -10.783395471579912,
        -31.201790956493564
    ],
    "97": [
        -13.720362865563226,
        -29.273462474360418
    ],
    "98": [
        -11.934241088625745,
        -35.49515250752429
    ],
    "99": [
        -14.281218552942176,
        -30.27804644746832
    ],
    "100": [
        -9.21052060775767,
        -33.094568154072796
    ],
    "101": [
        -11.299321615643795,
        -28.74665437653192
    ],
    "102": [
        -12.922168401877144,
        -13.876013027437036
    ],
    "103": [
        -4.269582761057554,
        -5.662630754414736
    ],
    "104": [
        -13.844587685116649,
        -20.460889619026926
    ],
    "105": [
        -11.069647506514483,
        -7.336730437247339
    ],
    "106": [
        -14.638806803341312,
        -13.404318691968868
    ],