{
    "0": [
        7.418189126862398,
        8.284014132636226
    ],
    "1": [
        4.701660993280547,
        4.928369421241328
    ],
    "2": [
        0.15053347352275664,
        1.1426999383980798
    ],
    "3": [
        4.553292041998758,
        1.982733478494532
    ],
    "4": [
        -0.674657520437692,
        -4.155307169368883
    ],
    "5": [
        -3.116657176308307,
        -1.1674197908676398
    ],
    "6": [
        4.9731687454676985,
        -7.282250261614661
    ],
    "7": [
        -2.825089318728943,
        -4.1896819728908925
    ],
    "8": [
        0.7868271104483547,
        -8.500068722146812
    ],
    "9": [
        0.6137716537818761,
        -1.613583390518934
    ],
    "10": [
        -2.1334801782091333,
        -2.502325879319735
    ],
    "11": [
        -3.9564009034565735,
        0.19009797892703031
    ],
    "12": [
        0.13296436618055943,
        -8.85990103919025
    ],
    "13": [
        -2.5197083244424583,
        -1.157348582327595
    ],
    "14": [
        -1.7707809063050526,
        -6.994834381689054
    ],
    "15": [
        -3.607365812751103,
        -3.913002995369807
    ],
    "16": [
        -6.359132329165793,
        -1.3389316733621972
    ],
    "17": [
        -4.670645580047725,
        -0.3095754691766386
    ],
    "18": [
        -2.20208766939359,
        -3.735808679350566
    ],
    "19": [
        0.7698603348989628,
        1.6720927315463558
    ],
    "20": [
        -2.048512342576814,
        0.7966822164598607
    ],
    "21": [
        -6.032906529743254,
        -1.6674659627031547
    ],
    "22": [
        -1.350239667600168,
        -2.3731081956567555
    ],
    "23": [
        -0.6677264225989428,
        -6.833053349031596
    ],
    "24": [
        -4.9495443011079105,
        -5.403313267905926
    ],
    "25": [
        -3.4948564172699887,
        -2.6683463761617845
    ],
    "26": [
        3.0872621233164486,
        0.1452702428340034
    ],
    "27": [
        -1.8437256873000922,
        -5.604325842120476
    ],
    "28": [
        -1.322977638843914,
        1.2815220135453824
    ],
    "29": [
        0.6386735948621274,
        -6.110827944236093
    ],
    "30": [
        2.0389510927331758,
        -2.71320790366224
    ],
    "31": [
        -0.8445572511430947,
        1.6153951737349748
    ],
    "32": [
        -5.590569426690394,
        -0.321957164225306
    ],
    "33": [
        0.902274788816778,
        -2.872438154705226
    ],
    "34": [
        -3.260296233113265,
        -0.17010400823829847
    ],
    "35": [
        -3.312191952965266,
        -3.073702633511872
    ],
    "36": [
        1.2544424640450489,
        -2.2821253668353934
    ],
    "37": [
        -2.092001416803855,
        -1.8222036968869049
    ],
    "38": [
        -4.968576399114217,
        -4.2191346989162755
    ],
    "39": [
        1.6701411206003096,
        -3.4316571401620717
    ],
    "40": [
        -4.713761624312383,
        -5.83181464121772
    ],
    "41": [
        2.2469086755566905,
        -2.296578635993158
    ],
    "42": [
        -3.4601655358205674,
        -7.128919946449051
    ],
    "43": [
        -1.0642619793873578,
        -11.289054395807016
    ],
    "44": [
        -0.17485310007236726,
        -11.258213083724137
    ],
    "45": [
        3.61214238155984,
        -6.4462552675336715
    ],
    "46": [
        -4.9497417760407885,
        -2.487153506773091
    ],
    "47": [
        -4.181135178124967,
        -1.4221473047900643
    ],
    "48": [
        -4.694993910407128,
        0.38485147578882767
    ],
    "49": [
        -8.023560123575072,
        -0.6944990337399066
    ],
    "50": [
        -7.691361971154988,
        -1.3411865310179754
    ],
    "51": [
        -1.0776186849803797,
        -0.7764003024756116
    ],
    "52": [
        -2.0514481363711736,
        -4.97528183785064
    ],
    "53": [
        -3.6882993897651115,
        -5.164737140110429
    ],
    "54": [
        -7.342330660986652,
        -3.2928708896415015
    ],
    "55": [
        -3.3774397966423004,
        1.7007304288262755
    ],
    "56": [
        4.632094062281463,
        -0.8883326163453572
    ],
    "57": [
        9.028641283602592,
        -2.103409530191634
    ],
    "58": [
        9.17077587150213,
        -1.2225147760459194
    ],
    "59": [
        4.503577673187117,
        0.13633209311060193
    ],
    "60": [
        3.491743994427757,
        0.871875218995358
    ],
    "61": [
        3.592274948941541,
        -0.06916522767980865
    ],
    "62": [
        11.620529894293098,
        -0.4596596568202039
    ],
    "63": [
        9.1708814245011,
        -0.3152927615474932
    ],
    "64": [
        6.081628995095478,
        0.44776687353983974
    ],
    "65": [
        2.5075629986781602,
        -0.7395828560530007
    ],
    "66": [
        10.547935515919702,
        -1.6983436553256355
    ],
    "67": [
        -0.34014177285661923,
        -0.0701640792755563
    ],
    "68": [
        1.7051087697620926,
        -0.34266418402044446
    ],
    "69": [
        2.5235124421211785,
        -2.5519377552889995
    ],
    "70": [
        1.7418406395629005,
        -4.912863765581921
    ],
    "71": [
        8.086823895410499,
        -3.7528765585730772
    ],
    "72": [
        0.3222009645094504,
        -0.6285010161783121
    ],
    "73": [
        -1.1235743090384578,
        2.041987242380469
    ],
    "74": [
        2.146025959436561,
        0.4127938213262145
    ],
    "75": [
        2.4197898717738324,
        1.6872098501049668
    ],
    "76": [
        1.492513135189847,
        -4.505326517530053
    ],
    "77": [
        -3.769000268097449,
        -1.4622704701733833
    ],
    "78": [
        3.625619800455862,
        -4.179994217839384
    ],
    "79": [
        0.7305671143920788,
        3.85836750807965
    ],
    "80": [
        4.624925067859354,
        -1.9869842118475887
    ],
    "81": [
        3.3284497023308686,
        1.3666853581890188
    ],
    "82": [
        4.594445211857922,
        -3.514731130608348
    ],
    "83": [
        1.2364469093111006,
        0.5377400871241276
    ],
    "84": [
        2.677669876147501,
        -6.954516483209044
    ],
    "85": [
        1.5583033374322453,
        -1.4122232588676153
    ],
    "86": [
        0.15759882435694877,
        -6.566277486072704
    ],
    "87": [
        -1.5545930880279026,
        0.4589453914547217
    ],
    "88": [
        0.35135299123950287,
        -3.771289590858845
    ],
    "89": [
        -6.675878778383249,
        -7.4527190595980155
    ],
    "90": [
        -8.219716865989895,
        -9.06903616764891
    ],
    "91": [
        -4.409303009468637,
        -3.0836321558034006
    ],
    "92": [
        -0.18329254345492493,
        -3.8189641645335515
    ],
    "93": [
        -1.0650123979298554,
        -1.603815514570202
    ],
    "94": [
        2.628534118915289,
        -5.248548289659513
    ],
    "95": [
        -0.6457816294348799,
        -2.483437586377569
    ],
    "96": [
        -5.116002597687482,
        -7.4022138884745985
    ],
    "97": [
        -5.636343289283505,
        -2.824230486081183
    ],
    "98": [
        -3.7052098682731285,
        -8.16527302513657
    ],
    "99": [
        -5.328069671457134,
        -3.4388508860710267
    ],
    "100": [
        -10.011168656693647,
        3.209901662485815
    ],
    "101": [
        -1.4437542660668348,
        -0.7747398060781544
    ],
    "102": [
        -4.412569920708248,
        4.461910820376317
    ],
    "103": [
        -2.8044033126601833,
        0.14395419794402162
    ],
    "104": [
        -4.988194401693509,
        4.311388709680794
    ],
    "105": [
        -4.387398301107344,
        5.102144374058835
    ],
    "106": [
        -4.750549052670172,
        1.415244888186049
    ],