{
    "0": [
        1.0,
        0.0
    ],
    "1": [
        0.9238795325112867,
        0.3826834323650898
    ],
    "2": [
        0.7071067811865476,
        0.7071067811865475
    ],
    "3": [
        0.38268343236508984,
        0.9238795325112867
    ],
    "4": [
        6.123233995736766e-17,
        1.0
    ],
    "5": [
        -0.3826834323650897,
        0.9238795325112867
    ],
    "6": [
        -0.7071067811865475,
        0.7071067811865476
    ],
    "7": [
        -0.9238795325112867,
        0.3826834323650899
    ],
    "8": [
        -1.0,
        1.2246467991473532e-16
    ],
    "9": [
        -0.9238795325112868,
        -0.38268343236508967
    ],
    "10": [
        -0.7071067811865477,
        -0.7071067811865475
    ],
    "11": [
        -0.38268343236509034,
        -0.9238795325112865
    ],
    "12": [
        -1.8369701987210297e-16,
        -1.0
    ],
    "13": [
        0.38268343236509,
        -0.9238795325112866
    ],
    "14": [
        0.7071067811865474,
        -0.7071067811865477
    ],
    "15": [
        0.9238795325112865,
        -0.3826834323650904
    ]
}