{
    "0": [
        1.0,
        0.0
    ],
    "1": [
        0.9009688679024191,
        0.4338837391175581
    ],
    "2": [
        0.6234898018587336,
        0.7818314824680298
    ],
    "3": [
        0.22252093395631445,
        0.9749279121818236
    ],
    "4": [
        -0.22252093395631434,
        0.9749279121818236
    ],
    "5": [
        -0.6234898018587335,
        0.7818314824680299
    ],
    "6": [
        -0.900968867902419,
        0.43388373911755823
    ],
    "7": [
        -1.0,
        1.2246467991473532e-16
    ],
    "8": [
        -0.9009688679024191,
        -0.433883739117558
    ],
    "9": [
        -0.6234898018587337,
        -0.7818314824680297
    ],
    "10": [
        -0.2225209339563146,
        -0.9749279121818236
    ],
    "11": [
        0.22252093395631423,
        -0.9749279121818236
    ],
    "12": [
        0.6234898018587334,
        -0.7818314824680299
    ],
    "13": [
        0.900968867902419,
        -0.43388373911755834
    ]
}