{
    "0": [
        -0.5161918459359285,
        -0.877845604702296
    ],
    "1": [
        0.3118675588523949,
        -0.17951847158803247
    ],
    "2": [
        -0.5952801821613178,
        -0.9836396850606786
    ],
    "3": [
        0.2653466559363338,
        -0.1202971734320073
    ],
    "4": [
        0.4190220061000822,
        -1.0252728567543645
    ],
    "5": [
        0.25284200174643345,
        0.09392808836934563
    ],
    "6": [
        0.4313913598670531,
        -0.982260313546524
    ],
    "7": [
        0.35731710441843134,
        0.15091780855123282
    ],
    "8": [
        0.3146036014730882,
        0.08471879157760753
    ],
    "9": [
        -0.9502446495238601,
        1.508419893649183
    ],
    "10": [
        -0.9518155366983478,
        1.5096500962197617
    ],
    "11": [
        0.6611419259256408,
        0.8211994267167544
    ]
}