{
    "0": [
        1.1768837802670014,
        -1.2193932152831275
    ],
    "1": [
        1.1760907467080526,
        -1.22025022107933
    ],
    "2": [
        1.151709842904781,
        -1.166404161690532
    ],
    "3": [
        1.1546142584261014,
        -1.16527315312715
    ],
    "4": [
        1.0976455510946446,
        -1.373452488759896
    ],
    "5": [
        -0.023042885990293804,
        -2.334952855677371
    ],
    "6": [
        1.366337284623182,
        -0.8750398934669485
    ],
    "7": [
        -1.8012270459039614,
        3.019067827800601
    ],
    "8": [
        0.23880354019353245,
        -0.7096828818346195
    ],
    "9": [
        -0.13646056254208627,
        -2.4150387085623892
    ],
    "10": [
        -1.5279774552486138,
        3.5654289461625663
    ],
    "11": [
        -1.6674744615667674,
        2.9614323412427
    ],
    "12": [
        -2.205902592965571,
        2.933558464275488
    ]
}