{
    "0": [
        0.5676025655375696,
        0.20131578791293325
    ],
    "1": [
        0.09645394883546743,
        -0.8729770582696488
    ],
    "2": [
        -0.22788113842550572,
        0.9693421617571367
    ],
    "3": [
        0.5090459363570616,
        0.25992001161813105
    ],
    "4": [
        -0.22772161706280158,
        0.9655948157634584
    ],
    "5": [
        0.03878816202681179,
        -0.9763808871954516
    ],
    "6": [
        0.5877021827680906,
        0.3251607180582994
    ],
    "7": [
        -0.25183836952159666,
        0.9677621444147029
    ],
    "8": [
        -0.22017648967939252,
        0.9395905443515433
    ],
    "9": [
        0.04144956033798408,
        -0.9918900497557099
    ],
    "10": [
        -0.9134247411737064,
        -1.7874381886553983
    ]
}