{
    "0": [
        0.36381867525055966,
        0.27708304796647454
    ],
    "1": [
        0.3044734157893245,
        0.2972948390520802
    ],
    "2": [
        0.6846872116432134,
        -0.2976309478489565
    ],
    "3": [
        -0.0005626690481665975,
        0.07330389815475868
    ],
    "4": [
        1.3252857039489907,
        -0.4611347342936156
    ],
    "5": [
        0.039501270317181536,
        1.0027234860626049
    ],
    "6": [
        1.342642517145519,
        0.5198709102501571
    ],
    "7": [
        -0.2018660801422083,
        -0.6905931218049428
    ],
    "8": [
        0.5852461079956601,
        -0.9993707179052738
    ],
    "9": [
        0.6945065838357642,
        -0.38039379771424997
    ],
    "10": [
        0.5752065914554354,
        0.2681728480059107
    ],
    "11": [
        0.47280523563015997,
        -0.7504795867232446
    ],
    "12": [
        1.128163460211523,
        -0.35310740449933853
    ],
    "13": [
        -1.9742402728729314,
        0.9819998459531796
    ],
    "14": [
        -5.339667751160014,
        0.5122614353444543
    ]
}