{
    "0": [
        -1.011776408173544,
        0.18689071170985994
    ],
    "1": [
        0.17827342597925977,
        -1.2712024713658754
    ],
    "2": [
        -0.08304718970783753,
        -0.3870118247572494
    ],
    "3": [
        0.48504291328637983,
        1.358326604765602
    ],
    "4": [
        -0.5638515431174032,
        1.3307092264233598
    ],
    "5": [
        0.36957528163878806,
        -0.7013376546811116
    ],
    "6": [
        -0.5365211915454733,
        -1.2730321525338995
    ],
    "7": [
        0.5173855876041458,
        1.3890334538289428
    ],
    "8": [
        0.7373222085837909,
        0.5145694416177209
    ],
    "9": [
        -0.19339954216286515,
        0.8090337394494851
    ],
    "10": [
        -0.7459937353893356,
        1.3588201488825593
    ],
    "11": [
        -0.1499706577278328,
        1.8714786562592423
    ],
    "12": [
        -0.21937384177742913,
        -0.47312502977664206
    ],
    "13": [
        0.9642191142856706,
        -1.4365569775064686
    ],
    "14": [
        0.08266213556090918,
        -1.9956090167731642
    ],
    "15": [
        0.16945344266275697,
        -1.2809868555423827
    ]
}