{
    "0": [
        -0.537180833472136,
        -0.5576091985877089
    ],
    "1": [
        -0.6097338563899077,
        0.563157161528214
    ],
    "2": [
        0.5528067934129397,
        -0.4618881380683203
    ],
    "3": [
        0.5046676947811624,
        0.6250299625297886
    ],
    "4": [
        -0.5336222322706416,
        -0.538237595885149
    ],
    "5": [
        1.2837591531852763,
        0.010361774838037796
    ],
    "6": [
        0.2741296310743482,
        -0.07232643353834844
    ],
    "7": [
        -1.2653054225432951,
        -0.09402700314689971
    ],
    "8": [
        0.46952908262569926,
        -0.9538793631813055
    ],
    "9": [
        -0.5945235493746002,
        0.6587848854582661
    ],
    "10": [
        0.4554735389711513,
        0.8206339480534244
    ]
}