{
    "0": [
        1.3437849387586345,
        -0.9289420515558593
    ],
    "1": [
        0.01161654171571036,
        0.05691233756318148
    ],
    "2": [
        0.07469194596567386,
        0.13419176881892803
    ],
    "3": [
        1.340660813313865,
        -0.8844970103502856
    ],
    "4": [
        1.2811168641011939,
        -0.985294082342314
    ],
    "5": [
        0.010499840252078618,
        0.12502340581915128
    ],
    "6": [
        0.3926144274607264,
        -1.4661205998119087
    ],
    "7": [
        0.7185961758214672,
        -0.030899589810806205
    ],
    "8": [
        -0.3493205155741028,
        0.7431590768107572
    ],
    "9": [
        -1.6108907508931907,
        1.077566190928394
    ],
    "10": [
        -1.6203246512472973,
        1.0831053627453961
    ],
    "11": [
        -1.593045629674764,
        1.0757951911853638
    ]
}