{
    "0": [
        -0.2951029117493018,
        -0.1654412818950779
    ],
    "1": [
        1.5435959554248084,
        -0.3378577653869965
    ],
    "2": [
        -0.29316740760965754,
        -0.16487742599962996
    ],
    "3": [
        -0.3494605202194627,
        -0.23320883423968786
    ],
    "4": [
        -0.27530942005806214,
        -0.8061973476955822
    ],
    "5": [
        -0.16052669051979596,
        0.2569207111292813
    ],
    "6": [
        -0.8461311002574288,
        -0.18768147408669345
    ],
    "7": [
        1.5370022279915423,
        -0.3376161795244803
    ],
    "8": [
        0.5971955649942444,
        1.2367168580326484
    ],
    "9": [
        -0.24227489217708253,
        -0.24059144707469393
    ],
    "10": [
        -0.8686189493232055,
        1.207261815251265
    ],
    "11": [
        -0.3472018564966053,
        -0.22742762851035092
    ]
}