{
    "0": [
        1.2075177891454345,
        -0.45887415249768004
    ],
    "1": [
        1.3308901986583912,
        -0.04617845171627577
    ],
    "2": [
        1.189387733485539,
        -0.7395824197003824
    ],
    "3": [
        0.16885379575836268,
        0.3211267642012916
    ],
    "4": [
        -0.777635134367344,
        0.17635555069144004
    ],
    "5": [
        -0.9981752705029763,
        0.14373690626686297
    ],
    "6": [
        1.2482940474966,
        -0.45953328626325085
    ],
    "7": [
        -0.9726975358871925,
        -0.20560069049540264
    ],
    "8": [
        0.16183858446181176,
        0.3366484813985635
    ],
    "9": [
        -0.4582858811573338,
        0.3772743067130042
    ],
    "10": [
        -1.030740051384516,
        0.46092324326351397
    ],
    "11": [
        -1.0692482757067516,
        0.09370374813831228
    ]
}