{
    "0": [
        -1.7926069809081642,
        1.1781324926390715
    ],
    "1": [
        1.16521360284158,
        3.9087420637594437
    ],
    "2": [
        -1.7876924693621536,
        -1.1091420807077348
    ],
    "3": [
        -0.5068530270557164,
        1.0634496831104634
    ],
    "4": [
        1.4060049115146784,
        2.307961344758765
    ],
    "5": [
        2.9832416994133917,
        2.73510189496727
    ],
    "6": [
        -1.1871494835935201,
        4.058377625138635
    ],
    "7": [
        -1.1962199234628208,
        4.921277571294935
    ],
    "8": [
        -3.2435211051787127,
        0.7368269281491989
    ],
    "9": [
        1.5895841234614438,
        -1.1726612020583924
    ],
    "10": [
        -3.1968758014763567,
        3.6806182145825463
    ],
    "11": [
        -5.1908025300640235,
        1.470946908110311
    ],
    "12": [
        1.0206144696801769,
        -2.3473400878774915
    ],
    "13": [
        -5.674336892363069,
        -0.7100579581214642
    ],
    "14": [
        -4.387372174579426,
        -0.9221064850531044
    ],
    "15": [
        0.69472734449897,
        -3.1074882148866783
    ],
    "16": [
        0.2347258350215091,
        2.980978745177406
    ],
    "17": [
        -3.081401218186597,
        -2.4120458782124223
    ],
    "18": [
        2.4055372224490212,
        -4.25038680024947
    ],
    "19": [
        -0.5621656152264286,
        -0.67033019658469
    ],
    "20": [
        -0.5010108291395191,
        -2.640254915244299
    ],
    "21": [
        -4.986274357572807,
        2.8316839503885665
    ],
    "22": [
        0.7336267115333028,
        5.054891046612934
    ],
    "23": [
        -2.15846207688416,
        -2.828254820152127
    ],
    "24": [
        2.182632276260735,
        -1.8285982438716255
    ],
    "25": [
        1.3345044639953634,
        0.4340847254950257
    ],
    "26": [
        3.3425244633439806,
        4.055118958462052
    ],
    "27": [
        -2.5127467726388297,
        -3.692553333347717
    ],
    "28": [
        2.7902243608820623,
        4.781057607908494
    ],
    "29": [
        0.28845172283393533,
        5.510162557577964
    ],
    "30": [
        3.334948615139484,
        -2.007501143208828
    ],
    "31": [
        -2.582489956864836,
        0.4926797675282193
    ],
    "32": [
        0.07136349371553483,
        6.084899683844363
    ],
    "33": [
        1.8543983764423109,
        -2.893174710989966
    ],
    "34": [
        -1.730026707172691,
        3.451639807243937
    ],
    "35": [
        1.8483794869016734,
        -0.369968637395689
    ],
    "36": [
        -4.681913619091973,
        1.390768215119147
    ],
    "37": [
        -4.301041507287076,
        -4.764038571631636
    ],
    "38": [
        1.5517777510121815,
        4.492267088560175
    ],
    "39": [
        -2.552157526487223,
        -4.732186911609863
    ],
    "40": [
        -0.439824371988416,
        -6.769770904407215
    ],
    "41": [
        -5.996115187902809,
        -2.4700634792038754
    ],
    "42": [
        2.408433549344631,
        -7.554033234869857
    ],
    "43": [
        -0.9653069392260879,
        -6.5530486154600265
    ],
    "44": [
        -4.333582568439284,
        0.010889024540171363
    ],
    "45": [
        -2.840567208282521,
        2.441550775258483
    ],
    "46": [
        0.5436083791813964,
        3.4327654026402996
    ],
    "47": [
        4.126701677338887,
        1.3261023711805253
    ],
    "48": [
        -0.7500622557939541,
        1.4983632727815017
    ],
    "49": [
        1.7732389245688989,
        1.0541507645360852
    ],
    "50": [
        -2.49792879593801,
        3.03102520157323
    ],
    "51": [
        4.844573572449996,
        -3.1542613412167504
    ],
    "52": [
        2.1233166508150605,
        6.488659243150518
    ],
    "53": [
        -5.502993866255484,
        0.6812671091897067
    ],
    "54": [
        -1.5335062245580533,
        2.5064335661816846
    ],
    "55": [
        2.1979072548557,
        0.6647746162981393
    ],
    "56": [
        -0.9133802876334162,
        -5.392628905847832
    ],
    "57": [
        0.2579494047101791,
        -1.172129114160003
    ],
    "58": [
        -0.1396792910418867,
        4.21419704984414
    ],
    "59": [
        0.8442355088354734,
        -1.282209574620221
    ],
    "60": [
        -8.060490411765887,
        -0.447163144043669
    ],
    "61": [
        -1.6474125614617547,
        -4.089736049358971
    ],
    "62": [
        -0.9665478954906618,
        -3.6843162070864666
    ],
    "63": [
        -5.230947238196316,
        -4.261999378634429
    ],
    "64": [
        3.3572437200137117,
        2.3635575930662527
    ],
    "65": [
        -0.8964202923292497,
        -1.519025934687548
    ],
    "66": [
        -3.9698402880533217,
        -2.989911141373682
    ],
    "67": [
        -3.753018571465856,
        2.926927583265946
    ],
    "68": [
        4.142710308167181,
        3.0520060047646362
    ],
    "69": [
        -2.9131131642629113,
        6.021318094151843
    ],
    "70": [
        -2.895787245945461,
        -0.034622818292979834
    ],
    "71": [
        -4.690158939127441,
        4.6393284831791775
    ],
    "72": [
        -5.687661050850712,
        -3.434593420441842
    ],
    "73": [
        2.6078326272816983,
        -0.4572201064909259
    ],
    "74": [
        -3.025880871437854,
        7.624954476378167
    ],
    "75": [
        -4.894903944712967,
        -5.589834819130175
    ],
    "76": [
        2.7401820668931034,
        -6.0434096942931514
    ],
    "77": [
        3.1142083031853156,
        -0.594808735098278
    ],
    "78": [
        -6.944486580187637,
        -4.269284263539707
    ],
    "79": [
        1.6863648830808942,
        -4.620116650592677
    ],
    "80": [
        4.375019297437896,
        -2.9751987353046703
    ],
    "81": [
        5.35208573537892,
        3.1090113310305654
    ],
    "82": [
        5.023161064422556,
        0.18055835119546945
    ],
    "83": [
        2.5219922664937267,
        3.0304345904887677
    ],
    "84": [
        -3.6129314630476985,
        -6.599827112509265
    ],
    "85": [
        -0.08919642429320847,
        4.781174861112095
    ],
    "86": [
        0.22049728168933527,
        -4.067651546530177
    ],
    "87": [
        -3.7377147365901866,
        1.6768389131798171
    ],
    "88": [
        -7.5887832871181,
        -6.153583628922132
    ],
    "89": [
        4.17387391215046,
        -5.460574673828305
    ],
    "90": [
        3.287681857929136,
        -6.039406072985704
    ],
    "91": [
        3.8016676944401544,
        -1.0043130378409864
    ],
    "92": [
        0.5962268375937955,
        8.171419680094536
    ],
    "93": [
        0.5814951779851905,
        1.9716588573716887
    ],
    "94": [
        4.919025455028159,
        1.8807207759998361
    ],
    "95": [
        5.165479206743231,
        1.2035029668542865
    ],
    "96": [
        1.1330294000741918,
        -4.82213292940734
    ],
    "97": [
        -4.132501330957926,
        -7.033084917836713
    ],
    "98": [
        -2.00209547452156,
        -5.2996475897079
    ],
    "99": [
        2.120580451904198,
        3.801238853230178
    ],
    "100": [
        -5.403784437645855,
        3.5111529449136722
    ],
    "101": [
        -6.6861679100701545,
        -6.462676326907858
    ],
    "102": [
        2.787386885232099,
        -1.3694388731881055
    ],
    "103": [
        -5.501550130337811,
        -1.2249521010819449
    ],
    "104": [
        -2.5685165637272607,
        -8.21828523426415
    ],
    "105": [
        1.4103174878936897,
        5.998095835754502
    ],
    "106": [
        0.2235569960607875,
        0.9602709922030684
    ],
    "107": [
        -2.4080507827695974,
        -1.1090158605007738
    ],