{
    "0": [
        -1.5885794237233726,
        1.2493238746019486
    ],
    "1": [
        -2.1359095243697537,
        2.153986597523786
    ],
    "2": [
        0.043173999571783354,
        1.707310154380626
    ],
    "3": [
        0.9211366154965908,
        1.6716486748917703
    ],
    "4": [
        -0.031876108011078624,
        0.699198862985335
    ],
    "5": [
        -0.39509589154060554,
        -0.8046619969659026
    ],
    "6": [
        -0.5827843141725174,
        -0.41196074166590807
    ],
    "7": [
        2.116736550430843,
        -2.2298946602595526
    ],
    "8": [
        0.8842287725528707,
        -1.6018513571157895
    ],
    "9": [
        0.4421261335460327,
        1.5542061579824458
    ],
    "10": [
        -2.3300135557552606,
        -1.6610830683910136
    ],
    "11": [
        -1.265639142578222,
        1.892452045739795
    ],
    "12": [
        -0.1891410244084734,
        -1.903418241964677
    ],
    "13": [
        0.6823262440783717,
        -3.320550212675827
    ],
    "14": [
        3.6418589742257543,
        0.02834863172578575
    ],
    "15": [
        -1.1576651261234132,
        2.7361895894756763
    ],
    "16": [
        -0.4455703280507873,
        -2.9144367524974455
    ],
    "17": [
        0.5470616635952329,
        3.7540201051676023
    ],
    "18": [
        3.523540925390091,
        2.7446851681355637
    ],
    "19": [
        -1.93303854235607,
        4.081943729235677
    ],
    "20": [
        -0.7926361609852671,
        4.232682698061918
    ],
    "21": [
        1.5564034387768988,
        3.768472869971911
    ],
    "22": [
        3.6243236682739632,
        -3.046440486269614
    ],
    "23": [
        -3.5649632370619284,
        3.2348712657650243
    ],
    "24": [
        -2.339572342661546,
        3.197460631019701
    ],
    "25": [
        3.8878900035450927,
        -4.435326317731488
    ],
    "26": [
        3.5159009391596427,
        1.3397100128831871
    ],
    "27": [
        4.623898697366964,
        -1.787579671622082
    ],
    "28": [
        2.373301419384467,
        2.292269621133995
    ],
    "29": [
        1.8407905290758761,
        -3.919310729056063
    ],
    "30": [
        3.263704406793088,
        4.836762555415576
    ],
    "31": [
        0.8825524898992656,
        0.19505960869710748
    ],
    "32": [
        2.6571766755041977,
        4.146131486020622
    ],
    "33": [
        5.60682438865097,
        0.3311481476255693
    ],
    "34": [
        -1.7177230988981311,
        -3.51930840802421
    ],
    "35": [
        -3.854020909447587,
        -0.5290248746206211
    ],
    "36": [
        5.411403212025568,
        2.778849412446961
    ],
    "37": [
        -1.5580850030273408,
        -1.2074361827326745
    ],
    "38": [
        4.27707268818495,
        -2.247829563869373
    ],
    "39": [
        -2.1388275373517476,
        -2.581499470733738
    ],
    "40": [
        1.042833269332284,
        2.6590879828324714
    ],
    "41": [
        -0.6041934506874385,
        2.961458527721177
    ],
    "42": [
        -3.105185952622331,
        1.2957892276787988
    ],
    "43": [
        -2.8752737033359463,
        0.12182497448445004
    ],
    "44": [
        0.5458647230940776,
        6.014123787965313
    ],
    "45": [
        -4.695745057444699,
        2.13667111978845
    ],
    "46": [
        -3.713551585456122,
        4.364377694690741
    ],
    "47": [
        4.912680551598917,
        4.957540546700682
    ],
    "48": [
        -2.1857171694195947,
        6.08578235502269
    ],
    "49": [
        0.39613699080854603,
        4.3853471292232475
    ],
    "50": [
        0.6250180013768872,
        -0.5429708142544684
    ],
    "51": [
        3.1182911140075698,
        0.3065588525754735
    ],
    "52": [
        4.99592509052236,
        -5.1905583939662225
    ],
    "53": [
        1.8966872992000965,
        1.3473431432754996
    ],
    "54": [
        1.8150434915263005,
        -0.4589127195738458
    ],
    "55": [
        2.4774228266221656,
        -0.6642824977777976
    ],
    "56": [
        -3.170808893869035,
        -4.652221987604341
    ],
    "57": [
        -1.3138555684245536,
        -0.36370532611469314
    ],
    "58": [
        5.597971219059767,
        1.0454607693627014
    ]
}