{
    "0": [
        -0.7926388471327747,
        -2.025414927532206
    ],
    "1": [
        0.9482311841068007,
        -0.6247640053279224
    ],
    "2": [
        -3.8341050771085037,
        -0.44992234085385885
    ],
    "3": [
        -3.6302445991340426,
        -1.7690601855914379
    ],
    "4": [
        -1.1669545789421043,
        -1.2538233585867424
    ],
    "5": [
        -1.8093768116755804,
        -0.3060044531637957
    ],
    "6": [
        0.7267713152279595,
        -2.1684224292545196
    ],
    "7": [
        -0.4274550516368886,
        -1.1917017139341486
    ],
    "8": [
        1.5015202608223976,
        -2.167108691098383
    ],
    "9": [
        -0.7630901779633482,
        0.6504462114342742
    ],
    "10": [
        1.6003121680305623,
        -0.6053050421770825
    ],
    "11": [
        -1.2563285590072693,
        -4.179916891310324
    ],
    "12": [
        1.8174551868140372,
        0.5389025806368967
    ],
    "13": [
        -0.5385680356224994,
        1.6247547996171061
    ],
    "14": [
        -3.0512957852452987,
        -0.28977426600313766
    ],
    "15": [
        -3.0310428078191243,
        2.7207478118542214
    ],
    "16": [
        -2.7041458991240557,
        0.06827631544952588
    ],
    "17": [
        -0.9553210507908071,
        2.49277516595848
    ],
    "18": [
        -5.8262708578379465,
        -1.8027620747955146
    ],
    "19": [
        2.347691819622373,
        -1.25215187486748
    ],
    "20": [
        -2.2100961989977126,
        0.7385431178227135
    ],
    "21": [
        -0.3096021025339977,
        2.8229331650046032
    ],
    "22": [
        2.4505796891830474,
        1.706685357165747
    ],
    "23": [
        3.6378528919984063,
        1.6683473880769186
    ],
    "24": [
        -5.089747834707799,
        1.6065152017128232
    ],
    "25": [
        -1.062226991332816,
        -3.5033716325455484
    ],
    "26": [
        0.16690293729597927,
        4.169332419088192
    ],
    "27": [
        -2.3905882325553787,
        4.927458690059932
    ],
    "28": [
        4.462439055704372,
        -0.8553465359156038
    ],
    "29": [
        3.8473508655139166,
        -1.7497411827155926
    ],
    "30": [
        0.9931116856591684,
        0.7607244463343799
    ],
    "31": [
        -6.3798650805065815,
        -0.7345872558182321
    ],
    "32": [
        -4.951396979550757,
        -1.7078976212022798
    ],
    "33": [
        -3.2516418419348363,
        -3.7765493026484016
    ],
    "34": [
        -3.8837273492301874,
        1.1196621470575359
    ],
    "35": [
        2.237819110971807,
        3.6270215364311333
    ],
    "36": [
        -1.580890867393395,
        -4.657161767073903
    ],
    "37": [
        -2.4773573835450833,
        -3.6590294410743747
    ],
    "38": [
        1.7273020035328859,
        -3.3902155622919894
    ],
    "39": [
        3.2266634094759135,
        -2.6652037394391255
    ],
    "40": [
        4.0737139826244935,
        0.0002805068890070921
    ],
    "41": [
        -1.801846223386194,
        -1.727125789193216
    ],
    "42": [
        -0.141809853743595,
        -5.126406062985861
    ],
    "43": [
        0.047287807019113316,
        0.20286854946352792
    ],
    "44": [
        -4.800594136393786,
        -0.7622640336549207
    ],
    "45": [
        1.6953477778304546,
        2.2491686068578622
    ],
    "46": [
        2.8448659497639692,
        -4.650688639279968
    ],
    "47": [
        -4.377810917692446,
        -0.11189955812724348
    ],
    "48": [
        3.6150279496056528,
        -1.1356506542080496
    ],
    "49": [
        -3.6694367846677,
        -4.5039654080211085
    ],
    "50": [
        -3.5447385201664705,
        1.7338345651081246
    ],
    "51": [
        0.8127189075931462,
        2.945488060190349
    ],
    "52": [
        3.262801513983736,
        0.25006309646784375
    ],
    "53": [
        3.0641694913556035,
        -3.7576196033609954
    ],
    "54": [
        -4.730849383047493,
        2.391140481216065
    ],
    "55": [
        -5.751649697273259,
        3.934460119563971
    ],
    "56": [
        1.914488880010294,
        0.08881454921005316
    ],
    "57": [
        -2.5229254148698765,
        -5.257191186361523
    ],
    "58": [
        1.9867196973119903,
        -5.825456020938188
    ],
    "59": [
        6.264682184768764,
        -2.603334410333988
    ],
    "60": [
        0.40606422456512836,
        2.3205543551739196
    ],
    "61": [
        -3.082268947908876,
        -2.71637696567332
    ],
    "62": [
        -1.4829849170034424,
        -2.463346149101421
    ],
    "63": [
        -6.067314551783489,
        1.2157036590309278
    ],
    "64": [
        2.63492689232188,
        -5.336512327594237
    ],
    "65": [
        5.022708675792864,
        1.347516164839153
    ],
    "66": [
        -0.867382253156516,
        -4.7062250949024165
    ],
    "67": [
        -2.6185396657846867,
        -2.1376778394281706
    ],
    "68": [
        4.002346917473488,
        -6.905445824518607
    ],
    "69": [
        5.76181915976348,
        -0.5166836174182164
    ],
    "70": [
        -0.9905082088684567,
        -5.739447142238724
    ],
    "71": [
        -7.2044654772257095,
        3.355742895001713
    ],
    "72": [
        4.763702005645113,
        0.6690618910519915
    ],
    "73": [
        -4.72454920913873,
        -2.5788409170580553
    ],
    "74": [
        -0.8230705098767952,
        5.320587512592405
    ],
    "75": [
        0.8568649645166992,
        -6.5612490898136056
    ],
    "76": [
        -2.976355643019973,
        0.8848972155220872
    ],
    "77": [
        4.040931746604284,
        -5.2550313781883515
    ],
    "78": [
        4.869410237498877,
        -2.9170702447266694
    ],
    "79": [
        -4.023546173037122,
        -2.9424193031947286
    ],
    "80": [
        4.9420326786700075,
        -1.9615036993381805
    ],
    "81": [
        -5.223905846857341,
        3.057501406209522
    ],
    "82": [
        0.5575330191941908,
        -3.681600852708251
    ],
    "83": [
        1.7139887786640522,
        4.243697434797935
    ],
    "84": [
        -6.889252411289894,
        1.5711946029216457
    ],
    "85": [
        -5.453015681793341,
        -3.5946953585462538
    ],
    "86": [
        -3.7033515434197795,
        3.476132357229932
    ],
    "87": [
        -2.4251623959805664,
        4.280262055424501
    ],
    "88": [
        -3.735732959496522,
        5.96123838141369
    ],
    "89": [
        -1.7769383824046172,
        3.2556762238416144
    ],
    "90": [
        -5.954593748292028,
        2.0676911999003647
    ],
    "91": [
        -2.8322080201683484,
        3.6669668833995512
    ],
    "92": [
        -1.5967089325662338,
        -7.074887995150363
    ],
    "93": [
        1.6495307588229784,
        5.142981842573927
    ],
    "94": [
        4.2844759180024985,
        2.3947066145927276
    ],
    "95": [
        -3.410865118998265,
        5.300625490146049
    ],
    "96": [
        -4.357354618348025,
        -3.817224680237571
    ],
    "97": [
        -3.7741912949760845,
        -1.1224820622187137
    ],
    "98": [
        -5.177360810489627,
        5.002458700541247
    ],
    "99": [
        -7.551665623327859,
        -1.6418305005348477
    ],
    "100": [
        2.793331189574273,
        -2.5561059184932224
    ],
    "101": [
        -6.777875865192616,
        -3.276644538490638
    ],
    "102": [
        -8.08431089003862,
        -0.5300454290734632
    ],
    "103": [
        -0.7724995583197103,
        3.4690943700281784
    ],
    "104": [
        -0.6286038985908466,
        -2.4952900191556937
    ],
    "105": [
        -6.035835529669802,
        0.06027686425401896
    ],
    "106": [
        1.6419750034567708,
        1.7034798869943477
    ],