{
    "0": [
        -0.1012985133726955,
        1.6141392549105578
    ],
    "1": [
        0.869627184057091,
        4.89589509021715
    ],
    "2": [
        -0.0188406937370663,
        0.5900852147545688
    ],
    "3": [
        2.0348071525965454,
        2.0217428759664005
    ],
    "4": [
        1.8058177992103102,
        -0.25175915927238796
    ],
    "5": [
        2.021304265130429,
        -2.0926024596360597
    ],
    "6": [
        1.8423449728429102,
        1.1013781276342793
    ],
    "7": [
        4.766292729516164,
        0.2031881127806983
    ],
    "8": [
        3.0751734539680196,
        -3.7173214711061187
    ],
    "9": [
        -1.8968942129377855,
        1.8974703727054267
    ],
    "10": [
        2.5838731219626014,
        -2.0014107900888076
    ],
    "11": [
        -0.8282987116477849,
        -1.2641832816955165
    ],
    "12": [
        -3.1828183468210063,
        -3.153173727170191
    ],
    "13": [
        2.1451221004649415,
        2.7432330451742017
    ],
    "14": [
        1.5005787422762014,
        3.3447134564093846
    ],
    "15": [
        -3.380228670124415,
        1.5134739530540362
    ],
    "16": [
        -3.9363040798679374,
        0.17052497385128254
    ],
    "17": [
        -1.2137385477763736,
        -2.6248050898659283
    ],
    "18": [
        -2.9540810365715084,
        -0.6945960227859301
    ],
    "19": [
        -1.6804128404691998,
        -4.141520973221599
    ],
    "20": [
        3.8427162153369125,
        2.048180165587333
    ],
    "21": [
        4.0954347714197405,
        -3.183608672806156
    ],
    "22": [
        -1.9898444987149941,
        -3.2344095496531
    ],
    "23": [
        1.2807326520883293,
        -2.27431139708138
    ],
    "24": [
        0.42607349823225493,
        -2.6250459750309276
    ],
    "25": [
        -0.3919377227455739,
        -5.253370221583732
    ],
    "26": [
        -2.1855119237558807,
        3.2443796984860933
    ],
    "27": [
        -5.392164550281946,
        -4.94767261940026
    ],
    "28": [
        -0.16172278647227092,
        5.797655798781195
    ],
    "29": [
        -2.5126845565817693,
        1.9497052424919519
    ],
    "30": [
        -2.5457700510444745,
        4.283436897999896
    ],
    "31": [
        1.8738365842457667,
        -2.6162545452936556
    ],
    "32": [
        -2.4799611637101435,
        3.613761556957044
    ],
    "33": [
        -3.1325503309967813,
        2.838484957696974
    ],
    "34": [
        1.830504377326928,
        -4.382196455482258
    ],
    "35": [
        -1.0327467562164194,
        3.3975660247323374
    ],
    "36": [
        -2.1262678421031134,
        -0.663397568222033
    ],
    "37": [
        3.881206323709938,
        3.522776356888896
    ],
    "38": [
        -3.9873013665357435,
        -0.641718953530326
    ],
    "39": [
        -0.5461047858778653,
        4.051416592258624
    ],
    "40": [
        0.7993837633535326,
        -1.7400065142355208
    ],
    "41": [
        2.8937086771663836,
        0.8004765940836152
    ],
    "42": [
        3.035567686385442,
        -1.5969990816386885
    ],
    "43": [
        4.139906410050527,
        -5.181886892430809
    ],
    "44": [
        -0.5047139991370262,
        4.856135455651606
    ],
    "45": [
        4.71925636953801,
        3.380729302452203
    ],
    "46": [
        -4.872443933826559,
        -1.2808017338934448
    ],
    "47": [
        -2.1804438511847115,
        -2.3044626703610214
    ],
    "48": [
        6.418558045601499,
        -3.164042218368129
    ],
    "49": [
        1.3193052345970375,
        -6.009772845884075
    ],
    "50": [
        -0.6617410970926957,
        3.124833790136502
    ],
    "51": [
        7.587628324867867,
        0.1369529957374656
    ],
    "52": [
        3.2029245518920275,
        4.779469670197246
    ],
    "53": [
        7.668241415496031,
        -3.852026203992214
    ],
    "54": [
        -0.32336398138597505,
        5.268390500942682
    ],
    "55": [
        5.6145354700251495,
        -2.967456566724995
    ],
    "56": [
        -0.12720501416674462,
        -7.566254868116778
    ],
    "57": [
        3.317835006723318,
        -1.1521534153167161
    ],
    "58": [
        0.5549651284626265,
        -6.312002824980639
    ],
    "59": [
        -1.4739167236712798,
        2.5424933160967456
    ],
    "60": [
        -2.4832279141333364,
        0.19119503661802575
    ],
    "61": [
        2.948505789099176,
        3.3001515934691374
    ],
    "62": [
        5.026042360196662,
        1.2347730751380843
    ],
    "63": [
        3.5849860659050803,
        -6.817068823892031
    ],
    "64": [
        -4.837988467202725,
        4.0853610293048845
    ],
    "65": [
        0.7480394716721249,
        2.6351599522702776
    ],
    "66": [
        -1.5698464976390663,
        3.5025294748684264
    ],
    "67": [
        -3.5518579419812717,
        0.6334817636554738
    ],
    "68": [
        -7.515294549047505,
        -1.36360550305513
    ],
    "69": [
        3.819932304790672,
        1.3294106501319465
    ],
    "70": [
        -2.7498217906537965,
        -5.732693533979217
    ],
    "71": [
        -2.2295662673582375,
        5.7943642321823505
    ],
    "72": [
        -5.327618326701217,
        -2.2310571078310377
    ],
    "73": [
        0.8974565886136623,
        3.681420750112027
    ],
    "74": [
        -2.332236895794872,
        -1.7223279592620404
    ],
    "75": [
        0.6742457441569791,
        -5.671184717582207
    ],
    "76": [
        3.665514700527365,
        -7.524217568760048
    ],
    "77": [
        -3.8545289991587133,
        -4.7503871998277
    ],
    "78": [
        4.847498713601145,
        4.735374725511407
    ],
    "79": [
        -4.9669452621144785,
        -3.597548187052673
    ],
    "80": [
        1.209318919961562,
        -4.054252877406262
    ],
    "81": [
        6.462507157422503,
        -1.3117328686171839
    ],
    "82": [
        2.5737315203434306,
        -7.164598860802192
    ],
    "83": [
        1.3571664050631207,
        4.435212059068598
    ],
    "84": [
        3.5204653238898316,
        -3.728237410480988
    ],
    "85": [
        2.564105268983677,
        4.934318368182043
    ],
    "86": [
        4.730421027695912,
        5.268653141743676
    ],
    "87": [
        -0.8018661318405902,
        -4.9139001541511185
    ],
    "88": [
        -1.4383897341746101,
        5.566598595030496
    ],
    "89": [
        6.888173758955935,
        -5.197331929039048
    ],
    "90": [
        3.3181431815827227,
        5.851269835127264
    ],
    "91": [
        -1.84015348787348,
        -6.1887134163482225
    ],
    "92": [
        0.5725616751895214,
        6.532750315205729
    ],
    "93": [
        -4.71823747966759,
        -6.95321838372089
    ],
    "94": [
        -5.757041047535338,
        3.998092259481597
    ],
    "95": [
        5.111183904082947,
        -7.068653708589288
    ],
    "96": [
        -3.557143754275348,
        5.64857681702949
    ],
    "97": [
        2.5537847135654763,
        -5.940557206946643
    ],
    "98": [
        2.8145789499268132,
        6.16739317196966
    ],
    "99": [
        -5.0439069881490495,
        1.9300645362405597
    ],
    "100": [
        0.8074934974779954,
        -4.577540946468582
    ],
    "101": [
        0.5008307314579286,
        8.42483981648123
    ],
    "102": [
        6.5186184346424545,
        -6.994248052327634
    ],
    "103": [
        -4.826249113828268,
        3.169189212775818
    ],
    "104": [
        -3.813592559251062,
        -1.5317812166803577
    ],
    "105": [
        -1.6736317997650816,
        -0.7174362328408176
    ],
    "106": [
        5.307810035784432,
        0.1835038111859217
    ],
    "107": [
        -3.8467170368478825,
        2.887706068029624
    ],