{
    "0": [
        6.372963746421594,
        -0.88847237632888
    ],
    "1": [
        1.095913852348072,
        -8.946173042687416
    ],
    "2": [
        -2.288233347966046,
        1.8949916803758642
    ],
    "3": [
        -3.337364389861438,
        -1.0400969100622597
    ],
    "4": [
        2.101361417557837,
        -8.792542663630032
    ],
    "5": [
        -0.9604455182013671,
        -4.2684468804410765
    ],
    "6": [
        -2.568667060593777,
        -0.46338532998136095
    ],
    "7": [
        -0.78682040359197,
        -1.5655389182381023
    ],
    "8": [
        -0.22482356651896795,
        -2.096328317120566
    ],
    "9": [
        2.261446561632931,
        2.9751635311179983
    ],
    "10": [
        -2.615248630824035,
        0.2739285438050207
    ],
    "11": [
        0.812672041976819,
        -0.9866794832216049
    ],
    "12": [
        1.365505719933477,
        -5.625988917693602
    ],
    "13": [
        -12.644398245138284,
        -1.0560114908433627
    ],
    "14": [
        -3.986019903712958,
        1.2974914312514583
    ],
    "15": [
        -1.7489053248939093,
        1.0045078543553976
    ],
    "16": [
        2.6152566476062984,
        -4.329455514763833
    ],
    "17": [
        3.692225825462366,
        -5.295261223448505
    ],
    "18": [
        3.5106627900451777,
        -2.608072831998103
    ],
    "19": [
        1.55746384938169,
        -3.1443916610668863
    ],
    "20": [
        2.5968562847896717,
        -0.5703078766252484
    ],
    "21": [
        -10.083292951166168,
        -0.908149816117971
    ],
    "22": [
        -1.7573934913621256,
        2.417102836177783
    ],
    "23": [
        -1.9390926025083315,
        -3.3801429445923024
    ],
    "24": [
        -1.8357101708727914,
        3.7569756845040017
    ],
    "25": [
        0.5202469450972143,
        -4.164601534387206
    ],
    "26": [
        -1.9572776535553216,
        -7.381780370381729
    ],
    "27": [
        4.508863098204988,
        -2.4946440738281965
    ],
    "28": [
        -3.887029866450875,
        4.7574320959092375
    ],
    "29": [
        2.8576753002755324,
        4.129856864930374
    ],
    "30": [
        6.365703484497162,
        0.9479517380232843
    ],
    "31": [
        -3.1078032107312943,
        5.255068849664217
    ],
    "32": [
        -4.882341362973397,
        -0.6211977340778193
    ],
    "33": [
        -0.08034417569891132,
        -0.9808647048187196
    ],
    "34": [
        1.9019500022539644,
        -10.912845558841779
    ],
    "35": [
        1.1007273631463421,
        -2.4840648044014753
    ],
    "36": [
        -2.4309041167381453,
        -1.3054230379859457
    ],
    "37": [
        -1.6667503521488585,
        -0.05371151008907687
    ],
    "38": [
        5.117565883784933,
        11.348250250216646
    ],
    "39": [
        -0.325529511244946,
        -5.132120702247061
    ],
    "40": [
        -0.16125668002964147,
        -7.5527414035758955
    ],
    "41": [
        3.556062258287041,
        1.861908341787505
    ],
    "42": [
        5.309745605595242,
        -0.012911762915501184
    ],
    "43": [
        4.092817929085137,
        -1.2927077303469368
    ],
    "44": [
        4.745876657134056,
        -6.720592176043561
    ],
    "45": [
        3.2837104354051774,
        2.1837049154771084
    ],
    "46": [
        4.05682454170165,
        -0.8333398302405306
    ],
    "47": [
        -6.362176209574079,
        -0.6845053501525336
    ],
    "48": [
        1.7570656283141617,
        0.5600868612887333
    ],
    "49": [
        2.456260846616006,
        -0.03360876354650987
    ],
    "50": [
        6.9872051278937874,
        -1.0729661565928932
    ],
    "51": [
        -3.431924700079285,
        -0.3339737193566063
    ],
    "52": [
        -5.501608790495213,
        2.4439018223058135
    ],
    "53": [
        1.938843308551947,
        -6.993391505494608
    ],
    "54": [
        3.4321303842380804,
        1.1566450633636942
    ],
    "55": [
        1.7076398433562263,
        -4.4118226126480655
    ],
    "56": [
        6.401242896959068,
        14.23314451080082
    ],
    "57": [
        0.5765002458704035,
        -5.338756976695297
    ],
    "58": [
        -5.5001394590601205,
        -1.9492680664670978
    ],
    "59": [
        0.5237077574406178,
        -2.5126551028916166
    ],
    "60": [
        1.2302509540073994,
        1.162047069123006
    ],
    "61": [
        -6.092330907539496,
        0.6767182883732589
    ],
    "62": [
        -2.3261027042289437,
        -1.9055253974373965
    ],
    "63": [
        -1.0055268032758164,
        5.917733759568059
    ],
    "64": [
        1.252928930795444,
        -1.5881533593754276
    ],
    "65": [
        3.2965739391740585,
        -0.8308933711167473
    ],
    "66": [
        0.4734425015074938,
        2.875216239923208
    ],
    "67": [
        -0.9207063465149887,
        1.6567351955749272
    ],
    "68": [
        0.17084147337187972,
        0.9539548559303138
    ],
    "69": [
        2.489516077366637,
        -2.7894415452375756
    ],
    "70": [
        -0.3125449705417922,
        2.9051046454990215
    ],
    "71": [
        1.183983854726273,
        -0.3907520863322678
    ],
    "72": [
        -1.5182071002150057,
        -5.3478672653180555
    ],
    "73": [
        -2.3320881423203357,
        -2.763270967530496
    ],
    "74": [
        0.2781887010071216,
        5.643546272907088
    ],
    "75": [
        1.2724883341321713,
        5.225057961193507
    ],
    "76": [
        -1.412241960577996,
        -4.346183144363842
    ],
    "77": [
        3.160131657137481,
        -1.81603650778545
    ],
    "78": [
        0.20160786228276242,
        8.524449073507514
    ],
    "79": [
        3.992622777807147,
        -3.6167088374554877
    ],
    "80": [
        -0.9036315381687986,
        -0.9422173857066841
    ],
    "81": [
        7.311575746579458,
        16.291404023703517
    ],
    "82": [
        3.4969187844644445,
        7.7226311162513985
    ],
    "83": [
        1.6651481296562207,
        -1.5348735152004784
    ],
    "84": [
        -4.239293286519052,
        2.579159688193128
    ],
    "85": [
        -0.13003655745948256,
        0.6971537277119868
    ]
}