{
    "0": [
        -0.4274610338230488,
        -4.583536189320829
    ],
    "1": [
        -6.23628950749868,
        -5.686364032070286
    ],
    "2": [
        1.317394815263443,
        2.4269574703482246
    ],
    "3": [
        -3.641517602492186,
        -6.029737450330168
    ],
    "4": [
        -2.0077374175273244,
        -4.4256227827234875
    ],
    "5": [
        0.5782524070038243,
        5.084846733370402
    ],
    "6": [
        -4.511298861768931,
        1.804635138562529
    ],
    "7": [
        2.912382936289191,
        -4.764644418534403
    ],
    "8": [
        -6.273644766723823,
        -1.6686805437361778
    ],
    "9": [
        -3.6258597381230437,
        -4.698780155268536
    ],
    "10": [
        -8.329485901746427,
        -4.498943066126722
    ],
    "11": [
        -4.395809357272274,
        -2.7835410476184754
    ],
    "12": [
        -1.5382221936282439,
        -1.3772101932248315
    ],
    "13": [
        0.7027050068946601,
        -0.03729382099885187
    ],
    "14": [
        8.761435857626688,
        0.8595276815737841
    ],
    "15": [
        -3.1942834248180985,
        -10.805312672295306
    ],
    "16": [
        3.1971570817686326,
        1.9917975731116457
    ],
    "17": [
        3.808371283317171,
        6.234105594192526
    ],
    "18": [
        -1.394742341765046,
        -2.4826625957780344
    ],
    "19": [
        -1.069968772780515,
        0.637160267929757
    ],
    "20": [
        -6.909299416126655,
        0.4922204008392726
    ],
    "21": [
        0.4258358864209496,
        3.673226370084964
    ],
    "22": [
        1.0663218198752253,
        -7.991813272500553
    ],
    "23": [
        4.714975696612876,
        -0.24130592408994986
    ],
    "24": [
        -1.3902021837924212,
        2.905290383324995
    ],
    "25": [
        9.414096708269312,
        -0.6967412015601385
    ],
    "26": [
        1.4488651023244,
        -11.111305692465383
    ],
    "27": [
        0.47260952930192174,
        1.6653688777938702
    ],
    "28": [
        -5.405960066362184,
        -2.9374130193978725
    ],
    "29": [
        6.488749239178658,
        -0.17051818480302122
    ],
    "30": [
        2.2747168280468264,
        -3.4825237407449445
    ],
    "31": [
        -3.312213019798645,
        -2.1039543058965884
    ],
    "32": [
        1.9240772817685743,
        -6.668710306566938
    ],
    "33": [
        -7.745273383843158,
        3.642460157825604
    ],
    "34": [
        -5.662649502474623,
        2.438749519656529
    ],
    "35": [
        1.5968739774201244,
        -3.5306700838866236
    ],
    "36": [
        1.1890715977226856,
        1.7986608880712616
    ],
    "37": [
        -4.086862541375174,
        9.500487730188821
    ],
    "38": [
        -1.9507490269032592,
        -6.0110263739986385
    ],
    "39": [
        6.434892139665665,
        1.5749420787530635
    ],
    "40": [
        -3.997834202966253,
        6.282346223550716
    ],
    "41": [
        2.670185347760905,
        5.540669493407359
    ],
    "42": [
        -10.243496533294067,
        5.303272684985476
    ],
    "43": [
        7.961900929452012,
        3.308446328526254
    ],
    "44": [
        -1.6198491231154337,
        -5.409528970915475
    ],
    "45": [
        5.347306347108288,
        4.530437054959148
    ],
    "46": [
        5.372186826905093,
        -3.6911905311372872
    ],
    "47": [
        2.432129254439527,
        -5.767418998355021
    ],
    "48": [
        -9.548300852382798,
        1.3737188685589623
    ],
    "49": [
        -9.088329183051826,
        5.8701306164835065
    ],
    "50": [
        2.613673583073859,
        4.563675673406147
    ],
    "51": [
        0.8763418580368992,
        -6.8982945707770265
    ],
    "52": [
        -7.572367220138501,
        -2.7535990571619715
    ],
    "53": [
        5.361563880019471,
        2.5580552141284674
    ],
    "54": [
        3.7432587104958026,
        8.69276186496422
    ],
    "55": [
        -5.1028704998626875,
        0.7586891462056866
    ],
    "56": [
        0.8934612746230444,
        -4.031673353761712
    ],
    "57": [
        5.52994479379365,
        6.103025604644748
    ],
    "58": [
        -0.49576874087239575,
        -0.13552581078824122
    ],
    "59": [
        -10.586364313363376,
        -3.733947097539875
    ],
    "60": [
        4.00538057563284,
        -1.9302930006261927
    ],
    "61": [
        1.6898055476506848,
        0.8372932734349846
    ],
    "62": [
        8.669731838769392,
        3.744937658311494
    ],
    "63": [
        1.5490465546025707,
        9.962026099008188
    ],
    "64": [
        1.1494191189155238,
        5.653388703488707
    ],
    "65": [
        -0.2961939950696454,
        1.6841649614233207
    ],
    "66": [
        0.2626422911925681,
        4.468575576775114
    ],
    "67": [
        4.245974067338464,
        -2.87117253473361
    ],
    "68": [
        -0.34333768532067677,
        2.9145831574755525
    ],
    "69": [
        -0.017935117173605766,
        -3.736062661735838
    ],
    "70": [
        -1.9094358757758199,
        1.155329998901601
    ],
    "71": [
        5.792326663382678,
        8.794657181753303
    ],
    "72": [
        3.877455240515686,
        -6.576644115229981
    ],
    "73": [
        2.0019666890214602,
        6.654205060961081
    ],
    "74": [
        -0.5746295221778891,
        -6.579889980790452
    ],
    "75": [
        -0.13421383397123812,
        3.881086483547045
    ],
    "76": [
        -1.609887139776421,
        0.2216058516439396
    ],
    "77": [
        3.434907923604885,
        7.68164816182276
    ],
    "78": [
        -2.9063317472106847,
        -3.060811063472105
    ],
    "79": [
        -2.1450886882069895,
        -7.789069450856096
    ],
    "80": [
        7.625524240713431,
        4.114582988614423
    ],
    "81": [
        -3.743806864918984,
        3.375640325806246
    ],
    "82": [
        -7.913405568336388,
        -0.34971656976349674
    ],
    "83": [
        0.585315759939472,
        -0.8601395532168856
    ],
    "84": [
        -5.877127383786871,
        5.811425416127707
    ],
    "85": [
        7.836734101258907,
        -0.3082048042325835
    ],
    "86": [
        1.844934752260631,
        3.1894440930956476
    ],
    "87": [
        2.7992363432380603,
        0.7147429381290851
    ],
    "88": [
        -4.61441228217535,
        -6.669989651635968
    ],
    "89": [
        -4.1891422796492614,
        0.24724238621288774
    ],
    "90": [
        2.022394871014623,
        -1.754540188372194
    ],
    "91": [
        -1.933196482252134,
        4.983720872488119
    ],
    "92": [
        5.174027396807605,
        0.33557973616001285
    ],
    "93": [
        -2.7908868590772213,
        6.609988984256315
    ],
    "94": [
        0.15061961437560636,
        -0.27067343867447324
    ],
    "95": [
        4.640424300399642,
        10.641232742454356
    ],
    "96": [
        -2.2604713469794873,
        0.5002307700070053
    ],
    "97": [
        -6.300436460492856,
        4.2319530110914245
    ],
    "98": [
        2.8461339177652847,
        -1.2122863187217718
    ],
    "99": [
        6.688930704829816,
        -1.7691130269989588
    ],
    "100": [
        -7.061692588637479,
        2.368656272823476
    ],
    "101": [
        -1.8091458560638818,
        -0.34119473802035805
    ],
    "102": [
        -3.756371445859389,
        0.2043033176506245
    ],
    "103": [
        3.5423164229707678,
        3.1636462308322097
    ],
    "104": [
        -3.8480743112285376,
        -3.0220244525497115
    ],
    "105": [
        1.164451459279263,
        -4.9760768972634235
    ],
    "106": [
        -0.7669751943151776,
        8.626246986541206
    ],
    "107": [
        -5.6221552144346045,
        -4.940386008419185
    ],