{
    "0": [
        -3.480887199443176,
        -4.334789441920851
    ],
    "1": [
        1.3751435109735926,
        -1.9876184863001969
    ],
    "2": [
        6.277022659159386,
        -2.512300728832138
    ],
    "3": [
        -2.4595486113975618,
        -1.027694829100832
    ],
    "4": [
        0.7705859098450916,
        3.8529864890324976
    ],
    "5": [
        8.627898883295662,
        4.067820008173657
    ],
    "6": [
        -10.665497629655528,
        -3.0847201116839194
    ],
    "7": [
        -4.574215047602354,
        0.19012976168582793
    ],
    "8": [
        -6.855041673872445,
        -1.0519035790435682
    ],
    "9": [
        2.736184557852146,
        7.797015552307102
    ],
    "10": [
        -11.269838315706332,
        1.2213702711113545
    ],
    "11": [
        -7.784351408070379,
        -1.3925028993567987
    ],
    "12": [
        -0.029521541516624228,
        8.617113427752773
    ],
    "13": [
        -1.296058578961834,
        3.860305425013658
    ],
    "14": [
        -2.5482094369291746,
        -3.3978844982502436
    ],
    "15": [
        -0.22711537845489913,
        1.035476370399643
    ],
    "16": [
        -3.768295765312449,
        -1.1476890840988736
    ],
    "17": [
        -2.075235554890018,
        -0.22312078394288765
    ],
    "18": [
        -1.7560365355969314,
        -0.8982260523219503
    ],
    "19": [
        5.554948545035505,
        -2.5181670780037764
    ],
    "20": [
        5.32846117090933,
        -1.4556557943132558
    ],
    "21": [
        -6.37724766877477,
        0.7778536919288223
    ],
    "22": [
        8.27029550293307,
        -0.7521512501159178
    ],
    "23": [
        3.138657446341678,
        2.59504917750424
    ],
    "24": [
        1.3616623025928387,
        -1.457035036928719
    ],
    "25": [
        -3.33095521765282,
        -2.62924330553203
    ],
    "26": [
        -4.588652232469398,
        10.73012112237507
    ],
    "27": [
        -8.1722190758318,
        3.3007655141272747
    ],
    "28": [
        7.099820252173182,
        5.738999240078372
    ],
    "29": [
        5.403030546688685,
        2.4225356881258633
    ],
    "30": [
        -9.925243194087408,
        1.6311353517051073
    ],
    "31": [
        2.447689983813765,
        -0.4859885714564847
    ],
    "32": [
        -1.9444267223848284,
        2.192304717714553
    ],
    "33": [
        -3.2956288945710517,
        7.558775029717032
    ],
    "34": [
        -2.060634431269939,
        4.013818536903353
    ],
    "35": [
        -0.629962226108554,
        -1.4610613608907796
    ],
    "36": [
        2.0188184773921702,
        2.8664348470874095
    ],
    "37": [
        -1.5707797149022595,
        0.9527055318300816
    ],
    "38": [
        -5.070641501930861,
        1.6993926865997384
    ],
    "39": [
        0.4673697181842125,
        -3.8418444386618864
    ],
    "40": [
        2.0888772108232097,
        -7.51711238185409
    ],
    "41": [
        -3.9186391661435946,
        -3.3018194076596648
    ],
    "42": [
        3.124096045630545,
        -10.845941349656666
    ],
    "43": [
        -7.238998047925032,
        -2.183584088570541
    ],
    "44": [
        5.2674050490462605,
        4.537213726707712
    ],
    "45": [
        3.9525692477320766,
        1.6015200435336443
    ],
    "46": [
        4.618068322039505,
        -7.934285689603728
    ],
    "47": [
        -3.709380158230003,
        2.4469664022648865
    ],
    "48": [
        1.6533238589954249,
        1.5343869753661066
    ],
    "49": [
        0.33597278098077854,
        1.9946587790493637
    ],
    "50": [
        -6.9236410830695645,
        -7.567222673336971
    ],
    "51": [
        -1.513175695179088,
        5.92622230325542
    ],
    "52": [
        -4.7978426706768325,
        2.768309818007887
    ],
    "53": [
        4.956428111298966,
        2.9893753456873866
    ],
    "54": [
        -3.353588759430933,
        -5.793161919895076
    ],
    "55": [
        3.0475048571377235,
        -2.09972746435634
    ],
    "56": [
        -1.4671374651935187,
        -3.9852982420932244
    ],
    "57": [
        -5.495249048033565,
        -2.087924008339379
    ],
    "58": [
        3.0037661981629324,
        0.393629964557233
    ],
    "59": [
        4.4872300121962985,
        -0.5551808739110895
    ],
    "60": [
        4.096824160095783,
        1.067221157512861
    ],
    "61": [
        -3.555634917965461,
        -0.07324241994774607
    ],
    "62": [
        2.1745033415945563,
        -5.521684366340783
    ],
    "63": [
        8.918274746778026,
        3.250221961992699
    ],
    "64": [
        1.3779387357680597,
        -8.338318287730525
    ],
    "65": [
        -4.652538573568861,
        6.1325909775756475
    ],
    "66": [
        -6.2697100115085425,
        1.4186249900737302
    ],
    "67": [
        -6.367800556832199,
        -3.0878567006259856
    ],
    "68": [
        -2.7250720271256763,
        -7.581595633536919
    ],
    "69": [
        -0.4373147451268922,
        -2.1167070248837367
    ],
    "70": [
        2.271716448750817,
        -4.1323602119133875
    ],
    "71": [
        0.951929101452417,
        7.595969572642516
    ],
    "72": [
        -2.446772133685602,
        0.14546988865600347
    ],
    "73": [
        1.2289940020257184,
        0.8845487970682071
    ],
    "74": [
        2.114303401709553,
        4.614699638187875
    ],
    "75": [
        -0.605413651854673,
        -7.0458920229027395
    ],
    "76": [
        4.345567210572198,
        -3.2113567215535315
    ],
    "77": [
        -5.101040083117112,
        3.5041281992367685
    ],
    "78": [
        -1.4275081410021195,
        8.659351295584091
    ],
    "79": [
        1.0908036700032486,
        1.8872318331878395
    ],
    "80": [
        -5.270119058666825,
        -2.6878673132135336
    ],
    "81": [
        -1.3381404908842445,
        0.4589471044882017
    ],
    "82": [
        -10.321124174705867,
        -3.915014393133535
    ],
    "83": [
        -4.682401205078786,
        -4.803198599323384
    ],
    "84": [
        2.1411168111721843,
        -2.386590421500594
    ],
    "85": [
        -11.193420841032486,
        4.8326614055068235
    ],
    "86": [
        -2.097057183799892,
        1.7835639438627697
    ],
    "87": [
        -1.623389776693032,
        -6.608047319150895
    ],
    "88": [
        -0.774969609047461,
        4.8954761222054435
    ],
    "89": [
        1.1048935993301041,
        -3.1484736763083365
    ],
    "90": [
        0.10440317138157465,
        -7.52969210540541
    ],
    "91": [
        -2.4009749077336773,
        -2.8524947470292505
    ],
    "92": [
        0.43646866443740806,
        -5.1650425992205244
    ],
    "93": [
        -3.880805150154639,
        5.878008685918798
    ],
    "94": [
        -2.436447680233633,
        -5.746079687467938
    ],
    "95": [
        -7.694465160220332,
        0.7195546109686252
    ],
    "96": [
        -4.223577168321202,
        -1.1331003545801746
    ],
    "97": [
        -0.9817524690715445,
        5.553102990408978
    ],
    "98": [
        6.505376193719206,
        -3.591464508882922
    ],
    "99": [
        4.878657646364223,
        3.752876561631522
    ],
    "100": [
        -1.012765030660631,
        7.402778307843859
    ],
    "101": [
        4.475862146319396,
        -1.0126272182059604
    ],
    "102": [
        0.38573757348768134,
        0.2903540593152317
    ],
    "103": [
        0.9271666089754286,
        6.491593345691842
    ],
    "104": [
        3.071303333065738,
        2.0591285249359284
    ],
    "105": [
        1.1987496294460303,
        4.431268037898362
    ],
    "106": [
        2.558855057645684,
        -4.811892731287724
    ],
    "107": [
        -3.2411713840496916,
        -0.32460015240670825
    ],