{
    "0": [
        3.128741121765899,
        -1.6259449502538836
    ],
    "1": [
        0.7327072339809823,
        0.8001766000947038
    ],
    "2": [
        1.2758294770576257,
        -3.0085632118877084
    ],
    "3": [
        -5.556125494963341,
        -0.8848734868013164
    ],
    "4": [
        0.592875506142603,
        -1.8426853871996263
    ],
    "5": [
        4.2409098371242315,
        -1.9485474526050572
    ],
    "6": [
        5.019961210924414,
        1.2738216480923823
    ],
    "7": [
        -4.184138801638053,
        -0.2727296440291023
    ],
    "8": [
        3.3878894529401786,
        -5.373483069077857
    ],
    "9": [
        0.9796832598404527,
        3.2690767372300638
    ],
    "10": [
        5.821358972330588,
        -5.451324163014052
    ],
    "11": [
        2.0585637153739706,
        -3.1182110003732357
    ],
    "12": [
        6.040962432810472,
        3.669335383213025
    ],
    "13": [
        -2.229840682542955,
        0.33142066447439505
    ],
    "14": [
        -0.24924249516210625,
        6.266740667986196
    ],
    "15": [
        2.131160576696448,
        0.14142768448833556
    ],
    "16": [
        6.335290481852498,
        -3.4094100528950793
    ],
    "17": [
        1.005714338008373,
        1.1344504344230828
    ],
    "18": [
        -2.0720401720728088,
        3.1763586277918807
    ],
    "19": [
        8.817328426181167,
        5.074277840417372
    ],
    "20": [
        2.122231124609189,
        -5.50608591165189
    ],
    "21": [
        -0.11745115435573622,
        -4.179240956657367
    ],
    "22": [
        2.1664902173415985,
        -0.6830664936779471
    ],
    "23": [
        1.49895021943323,
        -1.735582849182236
    ],
    "24": [
        -2.9162257583376916,
        3.633174454747607
    ],
    "25": [
        -0.6204675085192113,
        -2.65443192980124
    ],
    "26": [
        -5.425341625649477,
        -2.109432524854176
    ],
    "27": [
        4.476802153570825,
        0.7359019408531202
    ],
    "28": [
        -0.6524950973668118,
        -4.3238335763736355
    ],
    "29": [
        6.863828656490989,
        6.031324002366021
    ],
    "30": [
        -5.509260460412883,
        -4.414663258260494
    ],
    "31": [
        6.67275027090942,
        1.4093746419768842
    ],
    "32": [
        -1.434790447480082,
        0.6635109841780206
    ],
    "33": [
        2.3778866038649995,
        2.9588703229723263
    ],
    "34": [
        -0.9995109760702877,
        3.572482067818608
    ],
    "35": [
        -6.423919749238833,
        0.39639289013985707
    ],
    "36": [
        4.998464212533107,
        3.553145379450464
    ],
    "37": [
        -2.1477998595384036,
        -4.932747853995278
    ],
    "38": [
        -3.127467488701773,
        2.2300657496651812
    ],
    "39": [
        5.406331121883186,
        -2.975498533997923
    ],
    "40": [
        -2.12282982193728,
        -3.118907688612309
    ],
    "41": [
        -1.9918785853987282,
        -4.059040268444352
    ],
    "42": [
        -0.6233581490514025,
        -6.570058700195144
    ],
    "43": [
        -1.8888230522215175,
        -0.7940783808255903
    ],
    "44": [
        -3.0971317908841876,
        -0.463766402751078
    ],
    "45": [
        0.26166288879335364,
        -2.384655776006447
    ],
    "46": [
        -1.5679833609723919,
        -2.459812636833574
    ],
    "47": [
        -4.19882960862194,
        1.5768046973712264
    ],
    "48": [
        -0.24696165178039745,
        1.2392985125415181
    ],
    "49": [
        -4.166905459399366,
        0.8360789275179034
    ],
    "50": [
        -0.7229832725019046,
        9.234709901501963
    ],
    "51": [
        3.364523095806349,
        -0.24228350836203694
    ],
    "52": [
        0.06526801345749698,
        2.474400051910413
    ],
    "53": [
        -1.5493377604791132,
        -7.5325871791655885
    ],
    "54": [
        -0.2706307625112532,
        -0.9597815090248886
    ],
    "55": [
        1.3758215223914432,
        -2.3066723231541704
    ],
    "56": [
        -8.663924890329708,
        -1.2364730259808834
    ],
    "57": [
        3.4285391698054926,
        1.2350644517320786
    ],
    "58": [
        -1.8452240555234571,
        1.848734577569761
    ],
    "59": [
        -3.2757321644006563,
        -2.6163855371624676
    ],
    "60": [
        -2.4252363955929788,
        -1.2012570710016572
    ],
    "61": [
        3.138438336082015,
        1.9561478611266452
    ],
    "62": [
        3.8817901907064774,
        0.22947346845434552
    ],
    "63": [
        -4.213057098541693,
        -1.0585399411702785
    ],
    "64": [
        -2.493273496273286,
        6.464374068607252
    ],
    "65": [
        -0.9995120230358223,
        2.5675219927341426
    ],
    "66": [
        1.868915816757015,
        1.420241657217091
    ],
    "67": [
        4.750275774220573,
        -8.138934511228852
    ],
    "68": [
        0.26997401839309604,
        4.12365991283613
    ],
    "69": [
        1.797591394554276,
        0.4672972360481106
    ],
    "70": [
        7.491251852706038,
        5.3190216314666126
    ],
    "71": [
        -1.295852796053032,
        1.9597769886168532
    ],
    "72": [
        -0.5354346646683313,
        0.35188218940467053
    ],
    "73": [
        5.141096003362255,
        -1.3689644159248477
    ],
    "74": [
        3.5462118230013258,
        -3.0934071341580056
    ],
    "75": [
        0.5176486117821736,
        5.429406965313624
    ],
    "76": [
        3.7841901411924344,
        2.346593382366108
    ],
    "77": [
        0.7371604229183978,
        0.011199061955205668
    ],
    "78": [
        4.967966412823913,
        2.303991699394411
    ],
    "79": [
        2.063157581594477,
        -4.452541480099444
    ],
    "80": [
        1.4871796327331679,
        3.735699113935975
    ],
    "81": [
        -1.8365040438842664,
        -0.30207776121891095
    ],
    "82": [
        5.626725552931177,
        -0.26945147578516787
    ],
    "83": [
        -4.096391394567832,
        -3.317847609939759
    ],
    "84": [
        -1.7480387752270579,
        -1.803813721966817
    ],
    "85": [
        0.7599614734873531,
        -0.8191816667434628
    ],
    "86": [
        -3.086334485656939,
        0.42317851837441917
    ],
    "87": [
        3.798142242996849,
        4.813869445227708
    ],
    "88": [
        4.283096727171193,
        -2.6554591683884556
    ],
    "89": [
        5.027755928969288,
        7.617693400907847
    ],
    "90": [
        -0.9659640649330742,
        -0.7206473965687825
    ]
}