{
    "0": [
        -2.2506349541894783,
        1.97099759120285
    ],
    "1": [
        -2.13533381453873,
        7.744474038650459
    ],
    "2": [
        -1.19322062574712,
        -1.1132597099054613
    ],
    "3": [
        2.492535904326721,
        5.166152555107063
    ],
    "4": [
        -3.6269756592105837,
        4.6584309155785935
    ],
    "5": [
        -7.683972827796825,
        7.318943363978506
    ],
    "6": [
        -2.9123030065418716,
        4.942441104562954
    ],
    "7": [
        -1.6032213941294065,
        6.17329268920935
    ],
    "8": [
        -0.057446559761533116,
        2.3702555280850994
    ],
    "9": [
        -6.904257677398135,
        -1.8518088314549208
    ],
    "10": [
        3.0154115487432063,
        -5.393774924237917
    ],
    "11": [
        -2.170418303981461,
        6.786746699211271
    ],
    "12": [
        -0.7099861726211872,
        2.807567626816203
    ],
    "13": [
        2.9356189168874747,
        5.564365598378129
    ],
    "14": [
        -1.5942247906335285,
        0.8012050214625598
    ],
    "15": [
        1.671042918091755,
        -0.47797414361604057
    ],
    "16": [
        0.6068934551977155,
        0.37118788331022207
    ],
    "17": [
        -1.6907979969012927,
        -1.6191722491387024
    ],
    "18": [
        -0.8525689789557188,
        4.02712374713059
    ],
    "19": [
        3.28190854561053,
        8.697256460875463
    ],
    "20": [
        -4.050764293957765,
        1.1052106527582695
    ],
    "21": [
        7.686452101681902,
        1.5304239392628602
    ],
    "22": [
        0.09178892073352024,
        -3.5914667483623544
    ],
    "23": [
        3.7915002081841798,
        -1.313212324330414
    ],
    "24": [
        1.1806545297585054,
        10.8493826257427
    ],
    "25": [
        3.2346930413183563,
        -2.2331178757683188
    ],
    "26": [
        2.593717218627736,
        1.309271849429069
    ],
    "27": [
        3.7407137596050988,
        -2.896158267500287
    ],
    "28": [
        4.351275110661109,
        -1.8836002288180693
    ],
    "29": [
        1.0342614399429033,
        7.841168149922986
    ],
    "30": [
        0.5370672760031637,
        -2.203759135437654
    ],
    "31": [
        1.175017054636325,
        -4.324618549739737
    ],
    "32": [
        1.5868364215936113,
        3.7033372408301615
    ],
    "33": [
        0.9365687720370053,
        2.9601753556277077
    ],
    "34": [
        6.1817896717312895,
        2.1336756363589777
    ],
    "35": [
        1.9582691228288747,
        -2.82231348275153
    ],
    "36": [
        -2.8282406684294146,
        2.873458985754949
    ],
    "37": [
        -1.8319104094332863,
        3.1296934602423736
    ],
    "38": [
        -2.7530485649315346,
        0.9820579717058437
    ],
    "39": [
        -3.887539300892886,
        -0.5720432329685661
    ],
    "40": [
        -1.4582479113557587,
        4.817463028220431
    ],
    "41": [
        -1.8352996329816045,
        1.3884812680673146
    ],
    "42": [
        0.6515688531856549,
        2.299957666643817
    ],
    "43": [
        4.8670857264227285,
        5.2996381431877175
    ],
    "44": [
        4.0975149220241756,
        7.2415377367423055
    ],
    "45": [
        -3.2713862419326034,
        2.5703726243595364
    ],
    "46": [
        3.84867873231125,
        4.824018172565501
    ],
    "47": [
        -5.165774347969748,
        -2.95703503517523
    ],
    "48": [
        -6.751908119023158,
        -0.9328973132737229
    ],
    "49": [
        -1.7178943931783737,
        9.12723384244413
    ],
    "50": [
        2.275352123156025,
        -1.282390678288205
    ],
    "51": [
        1.8292085263908906,
        6.210671969002787
    ],
    "52": [
        8.04603722365532,
        -2.4208924446051943
    ],
    "53": [
        -5.402138454391467,
        -1.0491218711618688
    ],
    "54": [
        1.8804160518267354,
        -1.7411592384216696
    ],
    "55": [
        5.544388408630245,
        7.297076253861268
    ],
    "56": [
        3.435455126970945,
        1.6637092272530427
    ],
    "57": [
        2.8511588093290183,
        -0.11031751675964648
    ],
    "58": [
        4.183827906943486,
        -8.286539013852826
    ],
    "59": [
        -3.2267535431837056,
        8.94016675916063
    ],
    "60": [
        5.084403610965621,
        -10.89285390580142
    ],
    "61": [
        5.357817031809297,
        -0.8003944126944181
    ],
    "62": [
        -0.784304889242767,
        6.394023800309251
    ],
    "63": [
        12.193427586516325,
        0.5988397185543884
    ],
    "64": [
        6.078578315042378,
        4.224342826605051
    ],
    "65": [
        8.357971250046901,
        -1.5613619233699918
    ],
    "66": [
        0.5035783996961699,
        -1.4905497868686637
    ],
    "67": [
        -4.431258281539519,
        -3.1515805214982646
    ],
    "68": [
        -1.6984165319635185,
        -0.8269311990882514
    ],
    "69": [
        3.462623445764513,
        -4.781037842064122
    ],
    "70": [
        -0.9569284571861675,
        1.8617042345859438
    ],
    "71": [
        -1.0444596589054074,
        0.2433483630506623
    ],
    "72": [
        6.38801984371754,
        6.445347108185418
    ],
    "73": [
        4.393555913124355,
        2.700674207163257
    ],
    "74": [
        0.39694406746761407,
        -5.356524244402618
    ],
    "75": [
        -0.6208180545146421,
        -4.5716862038690875
    ],
    "76": [
        9.353492759231802,
        0.7937980738094287
    ],
    "77": [
        4.699639086121244,
        3.3973035528196913
    ],
    "78": [
        -1.1057935321912427,
        -0.3197007218261767
    ],
    "79": [
        2.4645084561298725,
        -4.2287197453979735
    ],
    "80": [
        6.012702630984732,
        -4.761539094558904
    ],
    "81": [
        -1.3439640292679196,
        -2.8594177867873896
    ],
    "82": [
        3.5411670514487246,
        -5.74596990510217
    ],
    "83": [
        -5.177228609245205,
        5.759339493509039
    ],
    "84": [
        -4.860289423619129,
        6.3874975552557105
    ],
    "85": [
        1.2195727039778514,
        0.5622786868804943
    ],
    "86": [
        1.8041651910547118,
        0.2693068684998939
    ],
    "87": [
        4.191836045427921,
        4.072226019094078
    ],
    "88": [
        5.556812292064639,
        0.6918055100448293
    ],
    "89": [
        -3.760271337308436,
        -6.775642480972282
    ],
    "90": [
        -2.1698745645588424,
        -4.137114670808598
    ],
    "91": [
        5.822462370505569,
        -2.0590726181954238
    ],
    "92": [
        -2.7236772883404776,
        -3.0150312748859527
    ],
    "93": [
        6.749903443083135,
        3.7488520969840935
    ],
    "94": [
        3.884891923813989,
        1.1542987310199033
    ]
}