{
    "0": [
        1.819833200417508,
        -2.5185032163723484
    ],
    "1": [
        -8.88861967643999,
        1.9012054660629738
    ],
    "2": [
        2.6441467965992875,
        3.5174975528052266
    ],
    "3": [
        -4.425646889672486,
        0.7384675223888032
    ],
    "4": [
        -3.7860976246027906,
        -0.0008151981275610015
    ],
    "5": [
        3.801867019162452,
        2.9742687309879083
    ],
    "6": [
        3.1484644254897214,
        4.021623750585863
    ],
    "7": [
        1.3411403955936443,
        -4.541091799116973
    ],
    "8": [
        3.1237295253200545,
        1.6522618701529075
    ],
    "9": [
        2.437474858278335,
        2.9567096314430032
    ],
    "10": [
        -3.8054441327299706,
        -3.9271026845190304
    ],
    "11": [
        1.6843372843224407,
        4.952672717924646
    ],
    "12": [
        -4.137641275406529,
        -2.019919480311664
    ],
    "13": [
        -0.12335282792907562,
        -3.677224428742011
    ],
    "14": [
        4.441281321380216,
        1.5256879949623556
    ],
    "15": [
        0.006266826013206123,
        1.770811828783599
    ],
    "16": [
        -6.279159756459887,
        1.3500301043843694
    ],
    "17": [
        -6.5676992066343916,
        -3.5397052110630245
    ],
    "18": [
        -1.4452971965731252,
        1.4995606378346673
    ],
    "19": [
        1.8944773680450118,
        1.3057668764363588
    ],
    "20": [
        6.154619800525777,
        -0.46558686220278517
    ],
    "21": [
        -0.3959020527181803,
        -0.1315562971795157
    ],
    "22": [
        -2.634564560390857,
        0.14371633423405938
    ],
    "23": [
        -0.5181908298862389,
        -1.529251755723014
    ],
    "24": [
        -3.3931902357466246,
        1.550913646271541
    ],
    "25": [
        -3.2445624013117085,
        4.2298433979347605
    ],
    "26": [
        -0.22180187170705787,
        -0.5101656501020916
    ],
    "27": [
        0.6831326861346393,
        -2.0908993259735333
    ],
    "28": [
        0.911848335755285,
        1.7567549411693357
    ],
    "29": [
        -0.6955220295267183,
        3.524563975534778
    ],
    "30": [
        -1.877299946855012,
        2.2396510385430233
    ],
    "31": [
        0.06839611763127136,
        -1.4469890286324092
    ],
    "32": [
        -0.7079382978655667,
        4.111354595718523
    ],
    "33": [
        -1.4644576786459846,
        0.08397424205924753
    ],
    "34": [
        0.47674120594384134,
        4.409490263625713
    ],
    "35": [
        1.9797563804187195,
        -4.410070071019259
    ],
    "36": [
        5.78114978586545,
        7.785255309891063
    ],
    "37": [
        -0.15103131655556992,
        5.138735519369794
    ],
    "38": [
        3.1873621606727593,
        -0.0026483630599991753
    ],
    "39": [
        -5.8863614250914384,
        -1.3664817145425614
    ],
    "40": [
        -0.35693737245561,
        -2.270138621692513
    ],
    "41": [
        0.555908001740316,
        0.6125913149082644
    ],
    "42": [
        -0.7231048060122209,
        -3.7811228251946556
    ],
    "43": [
        1.1337852894187197,
        -1.124025805632899
    ],
    "44": [
        3.195501310206487,
        -2.251335538206626
    ],
    "45": [
        2.4929877241898426,
        1.3697808641718427
    ],
    "46": [
        1.1858962629341947,
        -9.328060351853653
    ],
    "47": [
        0.9445091686370948,
        2.6843852869543414
    ],
    "48": [
        -3.187130471679027,
        -2.8625270160410694
    ],
    "49": [
        -1.2989371392234874,
        -0.9331226738931382
    ],
    "50": [
        -1.3258080448735825,
        -3.039576061925834
    ],
    "51": [
        -2.3090862413719164,
        1.4227291503811912
    ],
    "52": [
        4.248519557992506,
        -0.5899214645344518
    ],
    "53": [
        -2.6538150749073615,
        -0.949044300319482
    ],
    "54": [
        -1.9823803216820153,
        -1.7240719977711083
    ],
    "55": [
        3.9797877078768646,
        5.83131930245157
    ],
    "56": [
        0.8254148934543273,
        -6.753212622429348
    ],
    "57": [
        1.893323531108898,
        4.269369987788469
    ],
    "58": [
        -2.8108190074740618,
        2.6828745532893827
    ],
    "59": [
        0.347992752050321,
        -0.467781831795581
    ],
    "60": [
        -3.6505541716786905,
        2.812653036956601
    ],
    "61": [
        1.5989823649264279,
        -0.5829393342176242
    ],
    "62": [
        -2.4155409885280985,
        5.480394882765386
    ],
    "63": [
        3.014036279631126,
        -3.223925207113082
    ],
    "64": [
        1.1795201226399887,
        2.423136920751634
    ],
    "65": [
        0.9926782583423327,
        -3.2119115929104325
    ]
}