{
    "0": [
        7.522978684935259,
        -2.378253921152773
    ],
    "1": [
        10.62250134031644,
        -1.261376273014162
    ],
    "2": [
        10.076994576354396,
        0.9283675938352192
    ],
    "3": [
        6.5866606520417275,
        1.621134689845206
    ],
    "4": [
        4.598394008692007,
        -1.1791253048555534
    ],
    "5": [
        2.6984480131409,
        -2.124935061681466
    ],
    "6": [
        0.2572824153947667,
        -2.2786886659587573
    ],
    "7": [
        -2.188107761174021,
        -2.916196888874965
    ],
    "8": [
        -1.6803418798406364,
        1.47021704841776
    ],
    "9": [
        1.08316251544349,
        4.491751186992602
    ],
    "10": [
        3.5911753786076974,
        5.210840719708264
    ],
    "11": [
        3.5967427981820315,
        3.2472785248797345
    ],
    "12": [
        5.625303143528029,
        5.183539198908868
    ],
    "13": [
        7.961128770168806,
        4.004362032629576
    ],
    "14": [
        9.453955586595566,
        2.195187730655848
    ],
    "15": [
        9.868930153071725,
        -0.4910549454785993
    ],
    "16": [
        8.098658734571343,
        2.2706886397111723
    ],
    "17": [
        4.172535733968947,
        3.1589117467293204
    ],
    "18": [
        -0.20481218627943162,
        2.2803199289589204
    ],
    "19": [
        -4.54565944306543,
        2.608981390600111
    ],
    "20": [
        -2.8413987608869826,
        4.248588278788359
    ],
    "21": [
        -3.5489425986656804,
        2.3041599974719467
    ],
    "22": [
        -2.412366735785292,
        -0.48308111758000066
    ],
    "23": [
        0.06420525871621881,
        -4.734304835995768
    ],
    "24": [
        3.4760534926710944,
        -3.2202533328985736
    ],
    "25": [
        5.380803671750312,
        -0.08944768775434926
    ],
    "26": [
        5.787383732036112,
        1.9177972034977016
    ],
    "27": [
        3.49226244763384,
        -1.165016912420721
    ],
    "28": [
        4.171274680407531,
        -3.800502538489029
    ],
    "29": [
        2.8883162444669357,
        -6.63339275310955
    ],
    "30": [
        0.038419108021653846,
        -6.278564605671415
    ],
    "31": [
        2.3272827330125234,
        -5.779107564293951
    ],
    "32": [
        2.9771343382661035,
        -2.715212850468568
    ],
    "33": [
        3.6235416192900276,
        -0.44272208159473675
    ],
    "34": [
        1.4966794128740402,
        1.2528726337885965
    ],
    "35": [
        4.770315613771234,
        3.980559025288842
    ],
    "36": [
        6.690960459324575,
        6.393035463649073
    ],
    "37": [
        6.6196666718928245,
        4.7689037902395315
    ],
    "38": [
        7.107777417217894,
        1.2474896919705447
    ],
    "39": [
        5.189679650365727,
        -1.46614085234402
    ],
    "40": [
        1.1465311967947567,
        -3.1403520161464478
    ],
    "41": [
        -3.1382381330361575,
        -3.985346012435079
    ],
    "42": [
        -6.061415558329525,
        -0.7978416912287627
    ],
    "43": [
        -3.4579994560600995,
        -1.249650737912402
    ],
    "44": [
        -4.281516500524307,
        -5.705614390074971
    ],
    "45": [
        -1.9368865689270616,
        -8.960575210240155
    ],
    "46": [
        -0.5639507162732126,
        -10.89367208943718
    ],
    "47": [
        0.8635726227909841,
        -8.61749810387547
    ],
    "48": [
        -2.592065997492719,
        -9.410931646580867
    ],
    "49": [
        -5.033946015503699,
        -7.06807866719929
    ],
    "50": [
        -5.505304258564985,
        -2.8012049037478253
    ],
    "51": [
        -2.5683649389765177,
        -1.2861070069788267
    ],
    "52": [
        -4.984691616343603,
        -3.6202419762022124
    ],
    "53": [
        -7.144291904366186,
        -4.754532147438597
    ],
    "54": [
        -8.214939610330404,
        -2.358625993622581
    ],
    "55": [
        -9.785454693372586,
        -0.15377473091674296
    ],
    "56": [
        -8.214924325679608,
        1.1404037790073869
    ],
    "57": [
        -5.397668410198721,
        0.9850648165166883
    ],
    "58": [
        -8.89393506550531,
        1.4325913271177844
    ],
    "59": [
        -8.742497307503857,
        2.3341339260318597
    ],
    "60": [
        -7.11235562858347,
        3.609245531328843
    ],
    "61": [
        -4.211269026027617,
        2.1475108869323525
    ],
    "62": [
        -2.529644931987532,
        1.942805720677899
    ],
    "63": [
        -6.39753560365331,
        0.9869581021522688
    ],
    "64": [
        -7.235045604118863,
        -1.042572867748912
    ],
    "65": [
        -4.50564739503459,
        -2.4918613447310722
    ],
    "66": [
        -5.418291158080698,
        -4.139327142867794
    ],
    "67": [
        -5.815326557087118,
        -1.7911578615959285
    ],
    "68": [
        -8.275070933973566,
        0.06550079117508628
    ],
    "69": [
        -11.651919778269427,
        1.8590155582424415
    ],
    "70": [
        -13.028624945703582,
        3.7758817066649994
    ],
    "71": [
        -10.758708991357286,
        4.111324856197139
    ],
    "72": [
        -7.976777204374284,
        4.060894652048149
    ],
    "73": [
        -4.865602483770948,
        4.814940736698431
    ],
    "74": [
        -1.2365790697867847,
        2.9886711049828767
    ],
    "75": [
        -0.10678082829412527,
        5.224569654165573
    ],
    "76": [
        3.363403855330753,
        4.468764553820306
    ],
    "77": [
        1.6560832267172518,
        3.275310274227054
    ],
    "78": [
        -0.3538254129370109,
        -0.48323087768208867
    ],
    "79": [
        -0.4151651522797378,
        -3.3542412660992516
    ],
    "80": [
        1.7862871253948434,
        -3.9543679915086876
    ],
    "81": [
        -0.30403266001028467,
        -2.170766586395313
    ],
    "82": [
        -4.6779324687838155,
        -1.7167852551011678
    ],
    "83": [
        -3.81782826483974,
        0.3589011421645254
    ],
    "84": [
        -1.356304001251358,
        -0.8526777296679017
    ],
    "85": [
        -3.766793435629982,
        -1.9090231109551703
    ],
    "86": [
        -2.6498052126028737,
        -5.140029938211295
    ],
    "87": [
        1.0825131222414612,
        -6.50140867972426
    ],
    "88": [
        4.670999680188797,
        -4.253374559095505
    ],
    "89": [
        7.292260813844228,
        -3.8921908433109484
    ],
    "90": [
        8.057560657885759,
        -0.28362744253064853
    ],
    "91": [
        6.36303599935913,
        2.67540852169808
    ],
    "92": [
        2.739278570035598,
        3.411692981396541
    ],
    "93": [
        2.4552469439976914,
        1.561254248344448
    ],
    "94": [
        -0.770383231761964,
        1.5611162109654975
    ],
    "95": [
        2.6450252558385823,
        0.2164536855690707
    ],
    "96": [
        6.890480965561485,
        -1.2197359539293238
    ],
    "97": [
        9.702691674274147,
        -2.940557957602426
    ],
    "98": [
        8.9864428582836,
        -4.5470353162542345
    ],
    "99": [
        5.750569884408333,
        -7.739156880431308
    ],
    "100": [
        7.261341160613339,
        -8.595739932754782
    ],
    "101": [
        5.620887933931094,
        -6.289916016241744
    ],
    "102": [
        1.6828698054534765,
        -4.7563571219380885
    ],
    "103": [
        -1.8057047312854517,
        -1.703887006560274
    ],
    "104": [
        -2.368721429383907,
        -4.167441249546393
    ],
    "105": [
        -4.301028696597638,
        -5.013442306634993
    ],
    "106": [
        -6.280594813012158,
        -5.147956465558001
    ],
    "107": [
        -8.075090639212238,
        -3.5386004319627524
    ],