{
    "0": [
        3.463063951266806,
        -11.08958224091406
    ],
    "1": [
        2.051525172707227,
        -12.507276803707915
    ],
    "2": [
        0.9643739285032786,
        -9.270523384963388
    ],
    "3": [
        -0.3202996364104482,
        -4.718212563435544
    ],
    "4": [
        0.8305231696639284,
        -1.298105793302352
    ],
    "5": [
        -2.907968674910797,
        -1.089953578298994
    ],
    "6": [
        -6.004216692293476,
        -0.3207356186829946
    ],
    "7": [
        -5.5459823345585315,
        -1.767589578472007
    ],
    "8": [
        -1.9782532606689358,
        -1.414302506865571
    ],
    "9": [
        -0.07750166094651893,
        -0.2752135620018728
    ],
    "10": [
        0.9132912469243368,
        -3.0244567125793043
    ],
    "11": [
        2.10362177740679,
        -1.6249681616376739
    ],
    "12": [
        -1.3185948551334243,
        -1.6211971052717284
    ],
    "13": [
        -3.9739321464949744,
        -0.9251462242140883
    ],
    "14": [
        -2.488369025619211,
        3.0694746181005454
    ],
    "15": [
        -5.5290262165985515,
        6.068615837674769
    ],
    "16": [
        -7.900007194219412,
        5.744341151925695
    ],
    "17": [
        -9.810645655923059,
        3.266302882186598
    ],
    "18": [
        -8.114755240517912,
        -0.12165371387082653
    ],
    "19": [
        -3.9325093279785093,
        -2.646785305935536
    ],
    "20": [
        -3.508203472562563,
        -4.673939384331209
    ],
    "21": [
        -0.3705546507584648,
        -1.4753168030202566
    ],
    "22": [
        -1.7824785712326572,
        -4.403259157787349
    ],
    "23": [
        0.17027606395817013,
        -6.593693145198448
    ],
    "24": [
        0.5564059783566172,
        -3.7054985495848087
    ],
    "25": [
        3.344413809064995,
        -2.7766228303186526
    ],
    "26": [
        5.040044293880079,
        -5.502232144442625
    ],
    "27": [
        4.3285629783833794,
        -7.972343187528937
    ],
    "28": [
        5.1280785492806205,
        -7.6864999723873275
    ],
    "29": [
        1.3463014444882173,
        -6.365519171958888
    ],
    "30": [
        2.837349830062999,
        -2.3657323710068145
    ],
    "31": [
        -1.662139957975026,
        0.4417428709051278
    ],
    "32": [
        -4.556817523928057,
        3.527682903859862
    ],
    "33": [
        -4.2655363630720045,
        6.738301651808252
    ],
    "34": [
        0.4679133848429585,
        7.343281952371222
    ],
    "35": [
        4.101821560554894,
        8.499345772311688
    ],
    "36": [
        6.591630140284206,
        6.031757200394847
    ],
    "37": [
        9.251388510732475,
        2.6017169753161014
    ],
    "38": [
        7.060459257715708,
        -0.49544289657073176
    ],
    "39": [
        6.129072197108774,
        -2.5996649913169407
    ],
    "40": [
        9.936933812681206,
        -3.1405771844852666
    ],
    "41": [
        8.72707609772191,
        -2.6283799527737357
    ],
    "42": [
        7.4146754594668405,
        -1.4154216660987722
    ],
    "43": [
        10.7321503895037,
        -0.26486340878493825
    ],
    "44": [
        11.295200005935154,
        -2.8968645733534326
    ],
    "45": [
        7.966411228379517,
        -4.245109706370949
    ],
    "46": [
        7.341702783525004,
        -5.452029342432984
    ],
    "47": [
        5.390721180106383,
        -1.8982702908157687
    ],
    "48": [
        2.4751942664340283,
        1.7516728389952891
    ],
    "49": [
        -0.30459947656840297,
        4.126274303350233
    ],
    "50": [
        -3.7015089218614348,
        1.3996554030016648
    ],
    "51": [
        -3.617324685938613,
        -2.0759893909226057
    ],
    "52": [
        -6.348762175065977,
        -1.011063266946514
    ],
    "53": [
        -4.040320941646513,
        0.15796675456386702
    ],
    "54": [
        -7.157082342374127,
        0.04211187110838579
    ],
    "55": [
        -5.376940403659149,
        1.6153488927297672
    ],
    "56": [
        -10.192025015652204,
        1.061082460059625
    ],
    "57": [
        -14.779927509700865,
        0.11974953634643337
    ],
    "58": [
        -17.97594338264027,
        -1.1843870972976611
    ],
    "59": [
        -18.729575827001078,
        -3.211567967953471
    ],
    "60": [
        -16.03579418768911,
        -4.098653103608294
    ],
    "61": [
        -11.921708742333509,
        -4.02103802959066
    ],
    "62": [
        -8.386644487917128,
        -1.0465522030013223
    ],
    "63": [
        -6.293955582790931,
        2.1594245209100715
    ],
    "64": [
        -4.138642824335683,
        5.55135420858109
    ],
    "65": [
        -1.333655621698503,
        7.705616812782191
    ],
    "66": [
        1.423871804420926,
        7.446691910544816
    ],
    "67": [
        2.8838228788776963,
        3.7246389724224067
    ],
    "68": [
        3.3527157042619877,
        -0.1439353245298751
    ],
    "69": [
        1.0303614470278677,
        0.024396155301052217
    ],
    "70": [
        5.380542639178806,
        -0.746237917209536
    ],
    "71": [
        6.841717991078049,
        -5.4007620913549
    ],
    "72": [
        3.562837238051979,
        -7.6954050112038965
    ],
    "73": [
        1.3067497354340454,
        -8.739740839084579
    ],
    "74": [
        -0.3299680904035727,
        -5.606547398133572
    ],
    "75": [
        3.6806276852770052,
        -4.852537720074338
    ],
    "76": [
        6.333748313247799,
        -4.911954468250275
    ],
    "77": [
        4.9552723321974215,
        -4.04664850023417
    ],
    "78": [
        4.6244840253224515,
        -2.7333871162671377
    ],
    "79": [
        2.3569705382955783,
        -0.7534714566601395
    ],
    "80": [
        1.2906606994148875,
        3.0717892378550995
    ],
    "81": [
        -0.6485827836707855,
        5.504897659300943
    ],
    "82": [
        3.3453881594581016,
        3.0577015511920944
    ],
    "83": [
        6.233858554374811,
        2.150866049254117
    ],
    "84": [
        8.480394857684066,
        1.7069804527909593
    ],
    "85": [
        7.767703216055973,
        1.9840456210710196
    ],
    "86": [
        6.799059709315203,
        3.5316734732098194
    ],
    "87": [
        8.018138675166933,
        7.093674287597802
    ],
    "88": [
        5.6453682958713856,
        8.536901692581285
    ],
    "89": [
        4.133395333280706,
        10.862445559291924
    ],
    "90": [
        1.3993362997203378,
        8.812805956265466
    ],
    "91": [
        -1.1200639576055909,
        4.721700836598257
    ],
    "92": [
        -0.6322988456379675,
        -0.10747055949887215
    ],
    "93": [
        3.0809969569632427,
        -3.4278293116406884
    ],
    "94": [
        -0.732649256031471,
        -2.8533386812698467
    ],
    "95": [
        -1.1300127458044005,
        -0.43055878697833955
    ],
    "96": [
        -1.6050751939191779,
        5.643600741847603
    ],
    "97": [
        -1.5236865462642197,
        9.490519285150263
    ],
    "98": [
        -3.1493993794061663,
        12.199217179048079
    ],
    "99": [
        -4.100252961502788,
        10.241293919991937
    ],
    "100": [
        -5.147976714459666,
        8.698687000048409
    ],
    "101": [
        -3.6491321080390806,
        4.94738009702238
    ],
    "102": [
        -3.0213899215132973,
        -0.048200882402690694
    ],
    "103": [
        -5.1057767427896685,
        -3.690624877127508
    ],
    "104": [
        -3.2477899967607535,
        -6.097172152867185
    ],
    "105": [
        -6.051015575621701,
        -4.451045644863144
    ],
    "106": [
        -4.478335197798105,
        -6.739485979096616
    ],