{
    "0": [
        12.234718491474135,
        11.52030388978174
    ],
    "1": [
        12.89933552958733,
        14.142974996949786
    ],
    "2": [
        11.009384885347636,
        14.348899854122578
    ],
    "3": [
        8.715121248315324,
        12.140294680895243
    ],
    "4": [
        10.449602235842763,
        8.950425585082737
    ],
    "5": [
        10.859251715966469,
        4.5270387871978865
    ],
    "6": [
        9.741224167150683,
        -0.33825563596136204
    ],
    "7": [
        10.802179517908282,
        -3.854709999424123
    ],
    "8": [
        6.81845060183946,
        -4.311115249275702
    ],
    "9": [
        3.24094158551904,
        -5.201945129577959
    ],
    "10": [
        -0.6011512422237264,
        -4.133304553012608
    ],
    "11": [
        -3.4689946299707395,
        -1.4297630755620603
    ],
    "12": [
        0.7446239400572155,
        -2.35601923899194
    ],
    "13": [
        2.9343133144173845,
        -3.4029807949614157
    ],
    "14": [
        0.3119044925954901,
        -6.158696207459481
    ],
    "15": [
        -2.853108912071034,
        -6.647314027115447
    ],
    "16": [
        -2.041525706346808,
        -10.763411175776643
    ],
    "17": [
        0.2870860315283664,
        -12.956865311789944
    ],
    "18": [
        3.196975038956044,
        -11.894940158417379
    ],
    "19": [
        2.9122444542478685,
        -13.73229517353313
    ],
    "20": [
        2.2137242311791603,
        -11.160376250312126
    ],
    "21": [
        -0.9805659595691414,
        -8.625847762894864
    ],
    "22": [
        -3.2120493856309382,
        -4.388590560702386
    ],
    "23": [
        -1.8133774522075599,
        -3.0200300139556866
    ],
    "24": [
        -4.861023039081751,
        -3.623006030970463
    ],
    "25": [
        -4.353250664427146,
        -1.9300605127322705
    ],
    "26": [
        -2.9577042774065125,
        -3.4576975202041536
    ],
    "27": [
        -1.7953659019481905,
        -5.024939620324152
    ],
    "28": [
        0.7759890458710798,
        -3.3454354014580128
    ],
    "29": [
        -1.3054775849871474,
        -1.2907954453979151
    ],
    "30": [
        0.06291594239533939,
        -1.0215911436022003
    ],
    "31": [
        1.7020753508982867,
        -2.4749517038064925
    ],
    "32": [
        4.058896945013997,
        -2.383421914601925
    ],
    "33": [
        2.2302592856719428,
        0.18521240693489574
    ],
    "34": [
        -0.7548159733441137,
        0.6645610942864183
    ],
    "35": [
        -1.7669173834328664,
        -1.7372637872037395
    ],
    "36": [
        -0.22254239644173046,
        1.3084778424652213
    ],
    "37": [
        1.6544622326779743,
        3.653665307788605
    ],
    "38": [
        3.971114270800405,
        1.3985826550563154
    ],
    "39": [
        5.355240197228873,
        -1.3830748692265666
    ],
    "40": [
        6.659467308497274,
        -6.370708559881698
    ],
    "41": [
        5.1943716007186564,
        -9.321515543325983
    ],
    "42": [
        0.9698811701392175,
        -9.67820727970159
    ],
    "43": [
        -2.9601106389618566,
        -7.630388050453112
    ],
    "44": [
        -3.1465025419805186,
        -5.281510682515836
    ],
    "45": [
        -2.2276475451790834,
        -4.169740353526613
    ],
    "46": [
        -1.4642737584717544,
        0.06709954287296291
    ],
    "47": [
        -2.6531816140024,
        4.870512506555969
    ],
    "48": [
        -3.8890988691802706,
        8.388231561268524
    ],
    "49": [
        -4.816572053147706,
        10.863470935174176
    ],
    "50": [
        -4.348542881972012,
        9.11863436670167
    ],
    "51": [
        -8.832602928435298,
        10.453697379103552
    ],
    "52": [
        -12.632414436734658,
        10.113411292566589
    ],
    "53": [
        -15.44925652051016,
        8.97163962728524
    ],
    "54": [
        -15.732265575901454,
        6.300011012183155
    ],
    "55": [
        -13.484930255044207,
        3.704764960421171
    ],
    "56": [
        -11.494425637386577,
        2.4479198644087785
    ],
    "57": [
        -7.635299749788054,
        1.5870056689186514
    ],
    "58": [
        -4.273959194089979,
        0.48883466779836665
    ],
    "59": [
        -1.5132041799038014,
        4.4929447156736115
    ],
    "60": [
        -0.13229775435907742,
        8.191723425645227
    ],
    "61": [
        1.932691672322205,
        10.274764591403034
    ],
    "62": [
        4.018585072468392,
        8.811815171154691
    ],
    "63": [
        2.866310834221578,
        5.063139504153165
    ],
    "64": [
        1.0722931898462364,
        0.635582949193161
    ],
    "65": [
        3.1885867788371582,
        -3.60491435020257
    ],
    "66": [
        6.402201229876236,
        -3.6058288466461437
    ],
    "67": [
        9.56088072245148,
        -3.220868754918367
    ],
    "68": [
        10.903366411301262,
        -1.1728425298786433
    ],
    "69": [
        11.989762978101838,
        1.6619039542992342
    ],
    "70": [
        9.914671128508944,
        4.042098001914491
    ],
    "71": [
        10.175190409292647,
        1.261632831137315
    ],
    "72": [
        10.846114762738047,
        -3.3492067191663293
    ],
    "73": [
        9.317193680660694,
        -7.598602626267947
    ],
    "74": [
        11.414759546275056,
        -9.266276737951333
    ],
    "75": [
        10.840486012425632,
        -7.600451863583117
    ],
    "76": [
        13.938747191357635,
        -6.461091762903763
    ],
    "77": [
        14.232413092529669,
        -5.208554192438664
    ],
    "78": [
        16.46364710747819,
        -5.147002862303199
    ],
    "79": [
        14.716649105948562,
        -3.751041264774249
    ],
    "80": [
        12.095089531788844,
        -0.6751336308702771
    ],
    "81": [
        7.958203056838521,
        -1.8084668298138744
    ],
    "82": [
        7.892135892850289,
        -0.07583710696774988
    ],
    "83": [
        5.602365837822512,
        1.3244666173252873
    ],
    "84": [
        7.826184163215409,
        2.5293691682580053
    ],
    "85": [
        6.791503025557918,
        2.6042441930553952
    ],
    "86": [
        4.64919060336051,
        1.1630806525664026
    ],
    "87": [
        2.0917186497367752,
        -1.1887249109632052
    ],
    "88": [
        4.319143452336664,
        -1.9583981117357134
    ],
    "89": [
        8.313690776014099,
        0.7507639826568961
    ],
    "90": [
        11.376145551912716,
        3.5296612527552043
    ],
    "91": [
        14.620517512031036,
        5.653654318682217
    ],
    "92": [
        16.196743666492175,
        7.813913389892163
    ],
    "93": [
        14.361147467167807,
        8.94838410661116
    ],
    "94": [
        11.03112397770836,
        8.309560535140184
    ],
    "95": [
        6.700124822285729,
        6.848421200145632
    ],
    "96": [
        0.560460489314784,
        6.8607503648786965
    ],
    "97": [
        -3.8143660492938305,
        6.4196560333740535
    ],
    "98": [
        -7.616210395484978,
        4.684110189631366
    ],
    "99": [
        -10.128386330316584,
        2.0233718478518266
    ],
    "100": [
        -8.864489836523788,
        -1.6469789004448798
    ],
    "101": [
        -5.436035569332502,
        -4.0672446261628235
    ],
    "102": [
        -2.534643656255358,
        -6.899133507361944
    ],
    "103": [
        1.303041762337315,
        -7.135989505233244
    ],
    "104": [
        3.273691856403519,
        -9.348374863131006
    ],
    "105": [
        4.84189949620483,
        -7.941995092562014
    ],
    "106": [
        5.917224997227386,
        -2.7168558478001406
    ],
    "107": [
        1.9668800652884706,
        -1.7150440988777935
    ],