{
    "0": [
        -6.157471456935414,
        -9.649333177788133
    ],
    "1": [
        -2.7416676774542177,
        -7.896577824552143
    ],
    "2": [
        -7.335409879212612,
        -14.643419656088101
    ],
    "3": [
        -5.189655556086533,
        -12.857692072175045
    ],
    "4": [
        -3.7559719785056034,
        -10.05631230461958
    ],
    "5": [
        -6.366886895749183,
        -13.78985158044622
    ],
    "6": [
        -7.635858227002369,
        -13.401203182777879
    ],
    "7": [
        -1.174571305296741,
        -9.092961096612608
    ],
    "8": [
        -4.423466418909861,
        -10.822663786544936
    ],
    "9": [
        -2.940291839546486,
        -12.146189824431112
    ],
    "10": [
        -6.973008798944523,
        -12.554614380523754
    ],
    "11": [
        -1.8520690691878852,
        -13.997372059382183
    ],
    "12": [
        -6.14221760456179,
        -12.084993229495613
    ],
    "13": [
        0.08765190531480452,
        -3.56890328800251
    ],
    "14": [
        -1.2952650911060122,
        2.5990611220789095
    ],
    "15": [
        -0.18891098628023187,
        -1.887771344488199
    ],
    "16": [
        -1.9264055731640484,
        -3.5794839335947874
    ],
    "17": [
        -3.0766031609200346,
        -0.04173952245149055
    ],
    "18": [
        -2.761128053806551,
        -0.9484557784364342
    ],
    "19": [
        -2.1419404158243442,
        0.122405849167974
    ],
    "20": [
        -2.334876553135782,
        -1.8985256561742434
    ],
    "21": [
        -1.603938120200123,
        -2.389342657750257
    ],
    "22": [
        -0.9736836425888207,
        -1.7552363149636117
    ],
    "23": [
        -2.2797756420050876,
        -0.8848269776603614
    ],
    "24": [
        -0.9544023118520547,
        0.23607713125357535
    ],
    "25": [
        -1.2313574038901336,
        -0.9960346880489434
    ],
    "26": [
        -4.213170449789504,
        1.2039787623439415
    ],
    "27": [
        -9.052101293005554,
        -0.553897928689462
    ],
    "28": [
        -10.404045997179795,
        -2.253809337515196
    ],
    "29": [
        -5.7440333790484175,
        -2.5099442412711226
    ],
    "30": [
        -8.358430232458634,
        -3.047825996558459
    ],
    "31": [
        -9.65892086688563,
        -2.0517121019656295
    ],
    "32": [
        -7.570453954196582,
        -0.3893559863848897
    ],
    "33": [
        -8.368281494183798,
        -1.7281041356212543
    ],
    "34": [
        -10.323785819316177,
        -1.2316043956544596
    ],
    "35": [
        -9.120575233827108,
        -4.234448907656651
    ],
    "36": [
        -7.43917552465326,
        -3.8862074552296644
    ],
    "37": [
        -9.06048169182744,
        -2.3882346418849525
    ],
    "38": [
        -7.35360028844066,
        -5.304957670040512
    ],
    "39": [
        -10.821604491737089,
        -2.9764861893656094
    ],
    "40": [
        -9.337920371005591,
        -3.3146724994321586
    ],
    "41": [
        5.3927293449249945,
        12.307270747579555
    ],
    "42": [
        3.2318932470542276,
        14.478220771501475
    ],
    "43": [
        3.5828005942994987,
        8.390285695828286
    ],
    "44": [
        3.14507516109268,
        9.60311813291466
    ],
    "45": [
        2.305019360759817,
        10.140266299738173
    ],
    "46": [
        1.7655478200888381,
        7.381280333780219
    ],
    "47": [
        2.355691565376881,
        11.562937320639877
    ],
    "48": [
        3.090679891242877,
        12.291146623924767
    ],
    "49": [
        6.048098690058386,
        10.26626350897545
    ],
    "50": [
        5.745135154353557,
        11.543050391712066
    ],
    "51": [
        5.1537115137515075,
        9.427748647269102
    ],
    "52": [
        3.134774590315934,
        11.462491406086693
    ],
    "53": [
        5.171465834640367,
        10.441774760324483
    ],
    "54": [
        4.071609928412345,
        10.382074999567457
    ]
}