{
    "0": [
        -0.07804229495305477,
        0.29896390112798876
    ],
    "1": [
        1.1066305919850128,
        0.6075016310023984
    ],
    "2": [
        -0.45104673071606705,
        2.507488242678223
    ],
    "3": [
        2.8489794029868354,
        -0.8652641730208812
    ],
    "4": [
        2.145934940452637,
        5.069870388534311
    ],
    "5": [
        1.0101861946218706,
        2.613485598304599
    ],
    "6": [
        4.500949832571902,
        3.199117184750027
    ],
    "7": [
        0.33807551826012383,
        0.6190450649179962
    ],
    "8": [
        1.3069814880247714,
        1.5157255178691853
    ],
    "9": [
        1.9409477681141858,
        3.3320833221673216
    ],
    "10": [
        -1.060155665729653,
        1.7807119315573596
    ],
    "11": [
        0.2910146283136762,
        3.606131362178246
    ],
    "12": [
        3.1048829271920173,
        1.3514150931092674
    ],
    "13": [
        2.490927451390423,
        2.58229222716152
    ],
    "14": [
        -0.5919133832834955,
        1.214304904633458
    ],
    "15": [
        -1.3243876435471185,
        0.14575766552578834
    ],
    "16": [
        0.0677715716420952,
        4.336220555261441
    ],
    "17": [
        0.1959144119477333,
        2.047531923406611
    ],
    "18": [
        4.171520911443557,
        7.450129676766839
    ],
    "19": [
        -6.971955273010523,
        13.455953759064174
    ],
    "20": [
        7.184073583190907,
        10.742205889998285
    ],
    "21": [
        -3.4543907508666725,
        8.378597242239943
    ],
    "22": [
        -9.934181658283935,
        18.114562822173962
    ],
    "23": [
        -8.46638271467659,
        13.564838864400208
    ],
    "24": [
        -10.329948013689393,
        16.439077137733875
    ],
    "25": [
        -7.559086999772778,
        12.754532162604011
    ],
    "26": [
        -5.510200100158542,
        11.295036166150533
    ],
    "27": [
        -7.911698543943268,
        12.058771985893165
    ],
    "28": [
        -11.233248566383862,
        16.572914763343608
    ],
    "29": [
        -7.740276926623689,
        10.236776032435285
    ],
    "30": [
        -11.555244531107926,
        18.299841943011103
    ],
    "31": [
        -9.583797157123183,
        14.802723371731165
    ],
    "32": [
        5.897242970669408,
        9.353041069546311
    ],
    "33": [
        -6.2757613051555845,
        11.023852851032633
    ],
    "34": [
        -9.370205727830728,
        17.514478119776786
    ],
    "35": [
        -8.413983431957753,
        16.25975288746518
    ],
    "36": [
        6.7578470915483,
        -14.24375058290843
    ],
    "37": [
        8.233590251253236,
        -14.062395361111916
    ],
    "38": [
        7.561277024600449,
        -9.373472661689586
    ],
    "39": [
        7.883204526354586,
        -7.851308616154923
    ],
    "40": [
        6.541145334530326,
        -9.855585722112169
    ],
    "41": [
        7.00432840486312,
        -12.435007852345908
    ],
    "42": [
        9.318177309426279,
        -13.835723046360286
    ],
    "43": [
        6.212319905781178,
        -12.41294100144936
    ],
    "44": [
        8.343089983993302,
        -12.462592613780107
    ],
    "45": [
        10.343876868976318,
        -11.745459278467434
    ],
    "46": [
        11.610030456637086,
        -10.840482125466242
    ],
    "47": [
        7.140453705128881,
        -10.952435040746256
    ],
    "48": [
        8.273348026803033,
        -15.269896379542793
    ],
    "49": [
        8.637875915441755,
        -11.140479835519782
    ],
    "50": [
        7.659552495041146,
        -12.902362972706841
    ],
    "51": [
        6.027720150739532,
        -8.407968082761375
    ],
    "52": [
        10.140692045189757,
        -9.711631202691594
    ],
    "53": [
        5.382322454019746,
        -5.912646589411719
    ]
}