{
    "0": [
        -2.6242189530617925,
        9.380648551023977
    ],
    "1": [
        0.12465317934946926,
        1.3330762292399945
    ],
    "2": [
        -1.7951025566572278,
        7.412381504452628
    ],
    "3": [
        -3.0335202995573676,
        6.142659533454415
    ],
    "4": [
        0.646183483824663,
        11.747213336224409
    ],
    "5": [
        -2.3868404737513154,
        7.139087285079978
    ],
    "6": [
        0.7839012857170502,
        8.751254688343598
    ],
    "7": [
        -2.325155685150412,
        8.40613064303913
    ],
    "8": [
        0.5899657976778652,
        7.61875514977257
    ],
    "9": [
        -0.7167237193808929,
        3.287025868370282
    ],
    "10": [
        -2.085348273006825,
        13.886689140183853
    ],
    "11": [
        -0.42558321773219376,
        5.749242859604153
    ],
    "12": [
        -3.527026707300325,
        6.987138085299136
    ],
    "13": [
        -1.3335222221820142,
        4.563592007062417
    ],
    "14": [
        -1.77877861765746,
        11.664411582256605
    ],
    "15": [
        -1.6314450974308254,
        9.465082070130284
    ],
    "16": [
        -4.380111760231105,
        9.973697679712759
    ],
    "17": [
        -2.1484799136605144,
        5.642419767219624
    ],
    "18": [
        -0.38126949614789274,
        9.653626844916758
    ],
    "19": [
        -0.3843992087357229,
        6.978038562230185
    ],
    "20": [
        0.2701845491275262,
        5.461627651727162
    ],
    "21": [
        -1.3630061494959114,
        3.2755124071607638
    ],
    "22": [
        -3.717073573695974,
        8.24073231629114
    ],
    "23": [
        1.9533527360233387,
        -3.152667949655613
    ],
    "24": [
        -5.371643089655425,
        6.108814510253463
    ],
    "25": [
        -3.0616899026148685,
        3.4299815879064828
    ],
    "26": [
        -0.7139369724569846,
        8.951529188973026
    ],
    "27": [
        0.5309146470369669,
        -16.094703647427174
    ],
    "28": [
        9.947105259564067,
        -9.80340756680099
    ],
    "29": [
        6.795186822416668,
        -7.4489225189180095
    ],
    "30": [
        2.0495736105636584,
        -6.790054651531363
    ],
    "31": [
        3.4647051944103944,
        -8.87725628053961
    ],
    "32": [
        0.9461954220153723,
        -2.7040654020931756
    ],
    "33": [
        1.4416178373793271,
        -12.952701140333701
    ],
    "34": [
        3.084398645620634,
        -10.745774257977551
    ],
    "35": [
        4.72163128197614,
        -9.823976691011403
    ],
    "36": [
        -0.15460800319758553,
        -18.631084956083985
    ],
    "37": [
        1.922218040217539,
        -8.914849086220674
    ],
    "38": [
        3.076281126482444,
        -9.58359541154316
    ],
    "39": [
        5.692481162369426,
        -6.899697547380858
    ],
    "40": [
        2.3353899610955517,
        -10.275986462975927
    ],
    "41": [
        1.3072345584204932,
        -9.854740983812892
    ],
    "42": [
        4.4687843899570545,
        -6.752384952669825
    ],
    "43": [
        5.606255065962397,
        -8.61432798181367
    ],
    "44": [
        1.8918559260033612,
        -11.6193477205326
    ],
    "45": [
        3.4823090377089847,
        -13.123152075225196
    ],
    "46": [
        3.6201895262531174,
        -7.73040646254434
    ],
    "47": [
        3.9475699798505146,
        -9.824209477927038
    ],
    "48": [
        6.626967944700844,
        -10.740241120099519
    ],
    "49": [
        7.827305996395501,
        -9.225550004163184
    ],
    "50": [
        -0.6368135917564255,
        -20.48463858505675
    ],
    "51": [
        5.075438544167088,
        -11.725911390270712
    ],
    "52": [
        3.7510289236369654,
        -11.136956455223366
    ],
    "53": [
        0.2353936103481254,
        -11.889315450330914
    ]
}