{
    "0": [
        -0.8191366970022803,
        0.6439007644374382
    ],
    "1": [
        -2.6345937931645893,
        1.3669913700092038
    ],
    "2": [
        0.7876861938877026,
        -0.43083906647339354
    ],
    "3": [
        -0.9337061459879474,
        -0.7219453636820791
    ],
    "4": [
        0.5715624983458463,
        0.9850946727666764
    ],
    "5": [
        -0.06962623603498232,
        1.3316244071087215
    ],
    "6": [
        1.3612185851276537,
        2.092689581847243
    ],
    "7": [
        0.5000147508153056,
        2.6129598955488955
    ],
    "8": [
        -0.4573162898015621,
        -0.4568865793329292
    ],
    "9": [
        2.031623845313326,
        0.0577286736605875
    ],
    "10": [
        -1.7304546842503628,
        -1.514036970547824
    ],
    "11": [
        -0.8004726583292414,
        2.0246125560304993
    ],
    "12": [
        0.5114817364180521,
        -1.7498700192881267
    ],
    "13": [
        2.5172976240393363,
        -0.9587598654507498
    ],
    "14": [
        -1.955691426699567,
        -2.35738918323072
    ]
}