{
    "0": [
        0.5712320867450038,
        -0.5632106477793613
    ],
    "1": [
        1.458040022792617,
        0.40781373884609295
    ],
    "2": [
        -1.0296800761370308,
        0.004976453492203386
    ],
    "3": [
        -0.12467512783812447,
        -0.9190934049265408
    ],
    "4": [
        0.6606829550741804,
        -2.1596044109448154
    ],
    "5": [
        0.01878807755882581,
        0.25456891774012047
    ],
    "6": [
        -1.4517720571541555,
        1.3436865631050134
    ],
    "7": [
        -0.8661661309405867,
        -1.5370794609843028
    ],
    "8": [
        -1.8241608185800702,
        0.32008808116919674
    ],
    "9": [
        0.15959151420485143,
        1.9733620080628158
    ],
    "10": [
        2.228658588088962,
        0.5802060808593461
    ],
    "11": [
        -3.0748934893671254,
        0.8785300309183445
    ],
    "12": [
        -2.7066558655068467,
        1.7858554950243386
    ],
    "13": [
        3.2293414544797265,
        0.041266354533922925
    ],
    "14": [
        3.0418801007498084,
        1.3332619548254088
    ],
    "15": [
        0.7735196544655383,
        0.8760107434854674
    ]
}