{
    "0": [
        -0.2391027652906417,
        -0.9441381887340987
    ],
    "1": [
        0.5480573854004211,
        0.11368239064076803
    ],
    "2": [
        -0.9048008821033833,
        0.18722328342008693
    ],
    "3": [
        -1.0378118898570683,
        -1.121619024382082
    ],
    "4": [
        -1.8961517362047071,
        0.1397763694213334
    ],
    "5": [
        -0.5499675941295281,
        0.9561880527048229
    ],
    "6": [
        0.7879593931492074,
        -0.6616999456542126
    ],
    "7": [
        0.9605599426674852,
        0.6305423319985358
    ],
    "8": [
        -1.6617130397397695,
        1.6802151939925312
    ],
    "9": [
        -0.5217100707806497,
        -2.4311934469175562
    ],
    "10": [
        2.1585834546082276,
        0.7618636382423777
    ],
    "11": [
        -1.7023414190263049,
        -2.018222548395671
    ],
    "12": [
        0.45205926052569767,
        1.8588149745818368
    ],
    "13": [
        0.37061559543201444,
        -2.7699000357786416
    ]
}