{
    "0": [
        -0.029075374815274956,
        0.10806174648923766
    ],
    "1": [
        0.16720234892963828,
        1.0983902497792308
    ],
    "2": [
        1.3383933920102822,
        1.1786690227508136
    ],
    "3": [
        1.602289358977888,
        0.4437579196842187
    ],
    "4": [
        0.6740703963645284,
        -0.3921714901752675
    ],
    "5": [
        2.536977942987899,
        1.8656940159312323
    ],
    "6": [
        -0.7467391861587447,
        1.9015484594706293
    ],
    "7": [
        0.18569030661765795,
        -1.50276565104184
    ],
    "8": [
        -0.7844651899121206,
        -1.4374609723780363
    ],
    "9": [
        0.8544914340274598,
        -1.542388447872848
    ],
    "10": [
        1.5544342269610079,
        -0.6439132114039109
    ],
    "11": [
        1.0979178983357214,
        -2.3822158320950124
    ],
    "12": [
        -0.863651416801282,
        0.7827979452948607
    ],
    "13": [
        -1.6998869483168522,
        -1.1706282525101281
    ],
    "14": [
        -1.4718706282802447,
        -2.5157230484002637
    ],
    "15": [
        2.6337611554487372,
        -0.17533750471479703
    ]
}