{
    "0": [
        1.1763397749591213,
        1.1055063082820975
    ],
    "1": [
        -0.011297540672368598,
        0.4005292936403349
    ],
    "2": [
        2.072695316262918,
        -0.28391804469062026
    ],
    "3": [
        -1.8412868184260966,
        -1.5188575881678035
    ],
    "4": [
        0.9863497814939572,
        2.975327755935356
    ],
    "5": [
        2.362795641081182,
        0.6158453506574288
    ],
    "6": [
        1.0274950832052547,
        0.10727392531606927
    ],
    "7": [
        0.40146569597162246,
        -1.3923568105063202
    ],
    "8": [
        0.34525338783328335,
        1.8981324208016983
    ],
    "9": [
        -0.42014227671020515,
        -0.5067482908716748
    ],
    "10": [
        -0.013625850498923155,
        3.4778844910860247
    ],
    "11": [
        2.711605986081231,
        2.135049825601204
    ]
}