{
    "0": [
        1.132757656978059,
        0.773802434247465
    ],
    "1": [
        -1.33569925901898,
        2.852029339016673
    ],
    "2": [
        -0.49206301298674154,
        0.8234611654340377
    ],
    "3": [
        -0.4589862279565561,
        -2.456562122025525
    ],
    "4": [
        -2.6035092747680957,
        5.939808097583133
    ],
    "5": [
        -2.046068766572008,
        4.579900225148607
    ],
    "6": [
        0.6966002448611354,
        -1.7413384636497102
    ],
    "7": [
        -0.6536560062495755,
        -0.6056710171196795
    ],
    "8": [
        -0.42641893836756367,
        -1.1924887812863758
    ],
    "9": [
        -1.3801027547491154,
        -1.8019892896945497
    ],
    "10": [
        1.7733241942113986,
        -3.068385961289359
    ],
    "11": [
        1.7810296914600643,
        -0.5200957692472875
    ]
}