{
    "0": [
        -1.7683133542167715,
        1.429034264894936
    ],
    "1": [
        0.5775217195667905,
        -0.11147182699820893
    ],
    "2": [
        1.106188827563645,
        -1.165909924542933
    ],
    "3": [
        0.10092749832065556,
        -1.0106213015882655
    ],
    "4": [
        1.3903886997951982,
        3.248662062601592
    ],
    "5": [
        1.3648584481499397,
        1.377491401540709
    ],
    "6": [
        -0.0959048527510978,
        -0.07279463581725383
    ],
    "7": [
        3.105119078042415,
        2.3022366817046054
    ],
    "8": [
        -2.008472434670987,
        0.39974087007736625
    ],
    "9": [
        -1.0794430925134766,
        0.31543088420158755
    ],
    "10": [
        0.8071829504010877,
        -2.5293626236860343
    ],
    "11": [
        -0.08489004192856825,
        1.2039779146214644
    ],
    "12": [
        1.2733234090762318,
        0.43513715892805244
    ],
    "13": [
        -1.657915391197905,
        -0.900207265762628
    ],
    "14": [
        1.9701124581760932,
        0.20348124108273877
    ],
    "15": [
        0.17219938537826152,
        3.151090558205041
    ]
}