{
    "0": [
        -4.133241368359991,
        -2.5163148700221996
    ],
    "1": [
        -0.7945852874588004,
        -1.4181653184952376
    ],
    "2": [
        0.7645279364578026,
        -1.04394128644418
    ],
    "3": [
        -1.4442753905077006,
        0.5607605960701667
    ],
    "4": [
        2.1463295068241295,
        -1.1764372098599531
    ],
    "5": [
        1.033079803304932,
        -1.8146618774203034
    ],
    "6": [
        -0.8699450979215589,
        -3.2354213761053234
    ],
    "7": [
        -1.3526556005896992,
        -2.2340739217804235
    ],
    "8": [
        -2.5781446909024304,
        -2.069468041817885
    ],
    "9": [
        -1.9230494647519687,
        2.056293927693385
    ],
    "10": [
        0.19518491653182587,
        -2.21112256775611
    ]
}