{
    "0": [
        2.09035995296417,
        -2.9895021988350985
    ],
    "1": [
        0.08893309742218286,
        -3.3502694345152007
    ],
    "2": [
        -1.9862425979772578,
        -3.0062925304401933
    ],
    "3": [
        -3.392306237329372,
        -3.685267210058241
    ],
    "4": [
        -4.141400770684389,
        -2.6749797908728477
    ],
    "5": [
        -3.1390669336260104,
        -1.4599441540490852
    ],
    "6": [
        -2.917135869764419,
        0.6750876073296078
    ],
    "7": [
        -2.0722343783561534,
        2.5996468160844106
    ],
    "8": [
        -0.6572910068662001,
        4.124145145109506
    ],
    "9": [
        1.1890597268446355,
        5.084336575000036
    ],
    "10": [
        2.234336903687499,
        5.960155987180188
    ],
    "11": [
        2.9465982860114477,
        4.849452441396445
    ],
    "12": [
        4.361167504276138,
        3.4492092898755433
    ],
    "13": [
        5.029464969452372,
        1.6248337228375402
    ],
    "14": [
        4.812913423161505,
        -0.29206637926986334
    ],
    "15": [
        3.758925259365472,
        -1.925543717763809
    ]
}