{
    "0": [
        -5.275627323411373,
        4.113597194986085
    ],
    "1": [
        -4.095947945417024,
        5.09488418114085
    ],
    "2": [
        -2.4353415354524337,
        4.239798685256899
    ],
    "3": [
        -1.171952648514404,
        3.242371168892045
    ],
    "4": [
        -3.119718252780635,
        2.94036513535567
    ],
    "5": [
        -3.2309732936621116,
        1.7778647035020403
    ],
    "6": [
        -1.9935286208003031,
        2.455708764127951
    ],
    "7": [
        -0.9470294631676425,
        0.9890564010571252
    ],
    "8": [
        0.5163206234454022,
        1.7750919581356077
    ],
    "9": [
        2.315884561281618,
        0.5143588376795306
    ],
    "10": [
        3.2615850597546654,
        -1.1303856014697413
    ],
    "11": [
        2.8840123208334205,
        -2.7424881522464903
    ],
    "12": [
        1.3080434187140257,
        -3.232964789551541
    ],
    "13": [
        -0.3850889465935242,
        -2.3911973582781596
    ],
    "14": [
        -1.7557723136227419,
        -0.6774200287929136
    ],
    "15": [
        -3.550520352752443,
        0.6153070886744356
    ],
    "16": [
        -4.606154732367455,
        2.4295101684216376
    ]
}