{
    "0": [
        0.6160558584208736,
        -0.8826166659453523
    ],
    "1": [
        -0.5786108926099928,
        0.42427779853630837
    ],
    "2": [
        -0.7801572519197664,
        2.0816893707353343
    ],
    "3": [
        -0.13885581868666952,
        1.6347155979653258
    ],
    "4": [
        -1.4048206327873292,
        0.922170181394754
    ],
    "5": [
        -2.1988068224680197,
        -0.7266435638889787
    ],
    "6": [
        -0.9528413983216139,
        -1.9194951369670576
    ],
    "7": [
        0.07401440698342043,
        -2.9635008798507707
    ],
    "8": [
        1.2043961318886152,
        -1.6415340514259136
    ],
    "9": [
        1.413065753338378,
        0.34678472094931073
    ],
    "10": [
        1.8284649406961633,
        1.892340556268133
    ],
    "11": [
        0.4832134582354507,
        1.3226693760167172
    ],
    "12": [
        1.596104549783566,
        -0.3308133509788594
    ],
    "13": [
        2.855578566215882,
        -0.3889320659683642
    ],
    "14": [
        2.499309664691865,
        -1.5553880846212165
    ]
}