{
    "0": [
        4.8470919912280905,
        -2.5930411343066577
    ],
    "1": [
        5.120425524817689,
        -0.6550000503782409
    ],
    "2": [
        4.625530734376444,
        1.2324967332952492
    ],
    "3": [
        3.4222381198618494,
        2.761972526747839
    ],
    "4": [
        1.705524870591428,
        3.687414012259478
    ],
    "5": [
        -0.24384870931234945,
        3.8775188539735894
    ],
    "6": [
        -2.1258745265294103,
        3.3140603817984395
    ],
    "7": [
        -3.6715975280405178,
        2.0936291089034507
    ],
    "8": [
        -4.660464549621603,
        0.393929216952201
    ],
    "9": [
        -4.934809448742015,
        -1.5436320783944222
    ],
    "10": [
        -4.438131990481802,
        -3.4291062069659306
    ],
    "11": [
        -3.2339434561902016,
        -4.957269503474115
    ],
    "12": [
        -1.5180687266283082,
        -5.883044702893082
    ],
    "13": [
        0.4303935119152619,
        -6.071791918035524
    ],
    "14": [
        2.311024180059391,
        -5.50686352040377
    ],
    "15": [
        3.857298626990869,
        -4.2890655217380464
    ]
}