{
    "0": [
        -0.07385224279940775,
        -1.7588139090952313
    ],
    "1": [
        1.2788518094905712,
        -2.3037818772938303
    ],
    "2": [
        1.2803610184119465,
        -0.9745362358201113
    ],
    "3": [
        0.00812091960690441,
        0.31591268092756786
    ],
    "4": [
        0.431159398223673,
        2.5064664689499616
    ],
    "5": [
        1.1570668219361964,
        3.958970783939042
    ],
    "6": [
        1.7844288825568297,
        3.081834721697995
    ],
    "7": [
        0.705929599470989,
        1.695752273798904
    ],
    "8": [
        -0.8265864266898418,
        1.3553268514192915
    ],
    "9": [
        -2.27657591257164,
        0.9382391518322607
    ],
    "10": [
        -1.8270262207723988,
        -0.3795120454954956
    ],
    "11": [
        -2.4689953573482115,
        -1.9393596851045813
    ],
    "12": [
        -1.4072565693373047,
        -2.7746709374634544
    ]
}