{
    "0": [
        2.6418105135856695,
        2.776178073720459
    ],
    "1": [
        3.333424695928809,
        1.4613283639046755
    ],
    "2": [
        2.5517066725522493,
        1.724278784106306
    ],
    "3": [
        1.3920475449898595,
        1.4053580890528876
    ],
    "4": [
        4.188211311547575,
        2.290861278759957
    ],
    "5": [
        2.419368248584897,
        0.4439327610119314
    ],
    "6": [
        3.79909757186451,
        1.0367514640496565
    ],
    "7": [
        4.6548694186979995,
        1.0829714462852051
    ],
    "8": [
        3.390952240044142,
        0.056701459938801484
    ],
    "9": [
        -4.706626371440352,
        -0.8202282675794539
    ],
    "10": [
        -3.1869550612311257,
        0.04404365985107922
    ],
    "11": [
        -2.524181490766039,
        -1.839664638701973
    ],
    "12": [
        -2.39140646964325,
        -0.5421882915649985
    ],
    "13": [
        1.5793974579813983,
        -0.7969484770417874
    ],
    "14": [
        -4.257799523379169,
        -2.0866737381131073
    ],
    "15": [
        -0.5891077862615179,
        -1.208119296485705
    ],
    "16": [
        -1.0704889084797202,
        0.28696457353688537
    ]
}