{
    "0": [
        -2.8204770618266,
        -0.42107807484683557
    ],
    "1": [
        -0.6194369119350892,
        -0.9028933148246635
    ],
    "2": [
        -0.9409797197343235,
        0.07660662611483399
    ],
    "3": [
        -2.18251893392709,
        1.3963712846954066
    ],
    "4": [
        -1.814218668065702,
        0.033967033382596414
    ],
    "5": [
        -2.0316254885171134,
        -0.6571568506773737
    ],
    "6": [
        -2.969196398909707,
        0.4633893923740964
    ],
    "7": [
        4.926788791140688,
        -1.4934924994248415
    ],
    "8": [
        2.2941813232900334,
        -1.4110100273802975
    ],
    "9": [
        1.3396214310091008,
        -1.2456717943652864
    ],
    "10": [
        2.8334300810520716,
        -0.32796409489105655
    ],
    "11": [
        3.2168636947237803,
        -0.9393961988389111
    ],
    "12": [
        1.6534969469019618,
        -0.27588242929023143
    ],
    "13": [
        3.1790678876767013,
        0.3639670701944039
    ]
}