{
    "0": [
        -1.33269702115991,
        1.2359889649682192
    ],
    "1": [
        0.3672026846697675,
        0.8356010522481524
    ],
    "2": [
        -0.1374667298308896,
        1.3294015553662846
    ],
    "3": [
        -0.4642883347557644,
        2.3066165834633816
    ],
    "4": [
        -1.1812916691280846,
        0.3933959058949978
    ],
    "5": [
        -3.1237515151953277,
        0.4153642846376386
    ],
    "6": [
        -0.5499811783400816,
        -0.38971295053598615
    ],
    "7": [
        -0.39294112556567334,
        0.5434646088451972
    ],
    "8": [
        0.6298222322101777,
        -0.2841227152640586
    ],
    "9": [
        1.7632796466800476,
        -1.2327610728768
    ],
    "10": [
        2.2250551280266633,
        -1.7114285422782836
    ],
    "11": [
        3.86019306818562,
        -2.6403532700859245
    ],
    "12": [
        0.6833918383625307,
        -2.0629552526442163
    ],
    "13": [
        2.0631417403264063,
        -0.16253603889955315
    ],
    "14": [
        1.7967520905845349,
        -2.710371242426472
    ]
}