{
    "0": [
        1.0,
        0.0
    ],
    "1": [
        0.9950307753654014,
        0.09956784659581666
    ],
    "2": [
        0.9801724878485438,
        0.19814614319939758
    ],
    "3": [
        0.9555728057861407,
        0.2947551744109042
    ],
    "4": [
        0.9214762118704076,
        0.38843479627469474
    ],
    "5": [
        0.8782215733702285,
        0.47825397862131824
    ],
    "6": [
        0.8262387743159949,
        0.5633200580636221
    ],
    "7": [
        0.766044443118978,
        0.6427876096865394
    ],
    "8": [
        0.6982368180860729,
        0.7158668492597184
    ],
    "9": [
        0.6234898018587336,
        0.7818314824680298
    ],
    "10": [
        0.5425462638657594,
        0.8400259231507714
    ],
    "11": [
        0.4562106573531629,
        0.8898718088114687
    ],
    "12": [
        0.365341024366395,
        0.9308737486442042
    ],
    "13": [
        0.27084046814300516,
        0.962624246950012
    ],
    "14": [
        0.17364817766693022,
        0.9848077530122081
    ],
    "15": [
        0.07473009358642417,
        0.9972037971811801
    ],
    "16": [
        -0.024930691738072913,
        0.9996891820008162
    ],
    "17": [
        -0.12434370464748516,
        0.9922392066001721
    ],
    "18": [
        -0.22252093395631434,
        0.9749279121818236
    ],
    "19": [
        -0.31848665025168454,
        0.9479273461671317
    ],
    "20": [
        -0.41128710313061156,
        0.9115058523116731
    ],
    "21": [
        -0.5000000000000002,
        0.8660254037844385
    ],
    "22": [
        -0.58374367223479,
        0.8119380057158564
    ],
    "23": [
        -0.6616858375968595,
        0.7497812029677341
    ],
    "24": [
        -0.7330518718298263,
        0.6801727377709194
    ],
    "25": [
        -0.7971325072229225,
        0.6038044103254774
    ],
    "26": [
        -0.8532908816321556,
        0.5214352033794981
    ],
    "27": [
        -0.900968867902419,
        0.43388373911755823
    ],
    "28": [
        -0.9396926207859084,
        0.3420201433256685
    ],
    "29": [
        -0.969077286229078,
        0.24675739769029342
    ],
    "30": [
        -0.9888308262251285,
        0.14904226617617428
    ],
    "31": [
        -0.9987569212189223,
        0.04984588566069704
    ],
    "32": [
        -0.9987569212189223,
        -0.04984588566069723
    ],
    "33": [
        -0.9888308262251285,
        -0.14904226617617447
    ],
    "34": [
        -0.969077286229078,
        -0.24675739769029362
    ],
    "35": [
        -0.9396926207859084,
        -0.34202014332566866
    ],
    "36": [
        -0.9009688679024191,
        -0.433883739117558
    ],
    "37": [
        -0.8532908816321555,
        -0.5214352033794983
    ],
    "38": [
        -0.7971325072229224,
        -0.6038044103254775
    ],
    "39": [
        -0.7330518718298262,
        -0.6801727377709195
    ],
    "40": [
        -0.6616858375968594,
        -0.7497812029677342
    ],
    "41": [
        -0.5837436722347898,
        -0.8119380057158565
    ],
    "42": [
        -0.4999999999999996,
        -0.8660254037844388
    ],
    "43": [
        -0.4112871031306116,
        -0.9115058523116731
    ],
    "44": [
        -0.3184866502516841,
        -0.9479273461671318
    ],
    "45": [
        -0.2225209339563146,
        -0.9749279121818236
    ],
    "46": [
        -0.12434370464748495,
        -0.9922392066001721
    ],
    "47": [
        -0.024930691738073156,
        -0.9996891820008162
    ],
    "48": [
        0.07473009358642436,
        -0.9972037971811801
    ],
    "49": [
        0.17364817766693083,
        -0.984807753012208
    ],
    "50": [
        0.2708404681430051,
        -0.962624246950012
    ],
    "51": [
        0.3653410243663954,
        -0.9308737486442041
    ],
    "52": [
        0.45621065735316285,
        -0.8898718088114687
    ],
    "53": [
        0.5425462638657597,
        -0.8400259231507713
    ],
    "54": [
        0.6234898018587334,
        -0.7818314824680299
    ],
    "55": [
        0.698236818086073,
        -0.7158668492597183
    ],
    "56": [
        0.7660444431189785,
        -0.6427876096865389
    ],
    "57": [
        0.8262387743159949,
        -0.563320058063622
    ],
    "58": [
        0.8782215733702288,
        -0.4782539786213178
    ],
    "59": [
        0.9214762118704076,
        -0.38843479627469474
    ],
    "60": [
        0.9555728057861408,
        -0.2947551744109039
    ],
    "61": [
        0.9801724878485438,
        -0.19814614319939772
    ],
    "62": [
        0.9950307753654014,
        -0.09956784659581641
    ]
}