{
    "0": [
        1.0,
        0.0
    ],
    "1": [
        0.9964928592495044,
        0.08367784333231548
    ],
    "2": [
        0.985996037070505,
        0.16676874671610226
    ],
    "3": [
        0.9685831611286311,
        0.24868988716485474
    ],
    "4": [
        0.9443763702374811,
        0.32886664673858323
    ],
    "5": [
        0.9135454576426009,
        0.40673664307580015
    ],
    "6": [
        0.8763066800438636,
        0.4817536741017152
    ],
    "7": [
        0.8329212407100995,
        0.553391549243344
    ],
    "8": [
        0.7836934573258398,
        0.6211477802783103
    ],
    "9": [
        0.7289686274214116,
        0.6845471059286886
    ],
    "10": [
        0.6691306063588582,
        0.7431448254773941
    ],
    "11": [
        0.6045991148623749,
        0.7965299180241963
    ],
    "12": [
        0.5358267949789968,
        0.844327925502015
    ],
    "13": [
        0.4632960351198618,
        0.8862035792312147
    ],
    "14": [
        0.3875155864521031,
        0.9218631515885005
    ],
    "15": [
        0.30901699437494745,
        0.9510565162951535
    ],
    "16": [
        0.22835087011065588,
        0.9735789028731602
    ],
    "17": [
        0.14608302856241187,
        0.9892723329629883
    ],
    "18": [
        0.06279051952931353,
        0.9980267284282716
    ],
    "19": [
        -0.020942419883356704,
        0.9997806834748455
    ],
    "20": [
        -0.10452846326765333,
        0.9945218953682734
    ],
    "21": [
        -0.18738131458572438,
        0.9822872507286887
    ],
    "22": [
        -0.2689198206152656,
        0.9631625667976582
    ],
    "23": [
        -0.348572047321815,
        0.9372819894918916
    ],
    "24": [
        -0.4257792915650723,
        0.9048270524660197
    ],
    "25": [
        -0.4999999999999998,
        0.8660254037844387
    ],
    "26": [
        -0.5707135676844316,
        0.8211492091337041
    ],
    "27": [
        -0.6374239897486894,
        0.7705132427757895
    ],
    "28": [
        -0.6996633405133652,
        0.7144726796328036
    ],
    "29": [
        -0.7569950556517563,
        0.6534206039901056
    ],
    "30": [
        -0.8090169943749473,
        0.5877852522924732
    ],
    "31": [
        -0.8553642601605064,
        0.5180270093731306
    ],
    "32": [
        -0.8957117602394127,
        0.4446351791849278
    ],
    "33": [
        -0.9297764858882513,
        0.36812455268467814
    ],
    "34": [
        -0.9573194975320671,
        0.2890317969444721
    ],
    "35": [
        -0.9781476007338056,
        0.20791169081775973
    ],
    "36": [
        -0.9921147013144778,
        0.12533323356430454
    ],
    "37": [
        -0.9991228300988584,
        0.04187565372919981
    ],
    "38": [
        -0.9991228300988584,
        -0.041875653729199123
    ],
    "39": [
        -0.9921147013144779,
        -0.12533323356430384
    ],
    "40": [
        -0.9781476007338057,
        -0.20791169081775907
    ],
    "41": [
        -0.9573194975320675,
        -0.289031796944471
    ],
    "42": [
        -0.9297764858882516,
        -0.3681245526846775
    ],
    "43": [
        -0.895711760239413,
        -0.4446351791849271
    ],
    "44": [
        -0.8553642601605068,
        -0.51802700937313
    ],
    "45": [
        -0.8090169943749478,
        -0.5877852522924727
    ],
    "46": [
        -0.7569950556517567,
        -0.653420603990105
    ],
    "47": [
        -0.6996633405133657,
        -0.7144726796328031
    ],
    "48": [
        -0.6374239897486902,
        -0.7705132427757888
    ],
    "49": [
        -0.5707135676844322,
        -0.8211492091337037
    ],
    "50": [
        -0.5000000000000004,
        -0.8660254037844384
    ],
    "51": [
        -0.42577929156507294,
        -0.9048270524660194
    ],
    "52": [
        -0.34857204732181546,
        -0.9372819894918915
    ],
    "53": [
        -0.2689198206152658,
        -0.9631625667976581
    ],
    "54": [
        -0.1873813145857255,
        -0.9822872507286885
    ],
    "55": [
        -0.10452846326765423,
        -0.9945218953682733
    ],
    "56": [
        -0.020942419883357617,
        -0.9997806834748455
    ],
    "57": [
        0.06279051952931283,
        -0.9980267284282716
    ],
    "58": [
        0.1460830285624112,
        -0.9892723329629883
    ],
    "59": [
        0.22835087011065544,
        -0.9735789028731603
    ],
    "60": [
        0.30901699437494723,
        -0.9510565162951536
    ],
    "61": [
        0.3875155864521021,
        -0.9218631515885009
    ],
    "62": [
        0.46329603511986095,
        -0.8862035792312151
    ],
    "63": [
        0.535826794978996,
        -0.8443279255020155
    ],
    "64": [
        0.6045991148623744,
        -0.7965299180241967
    ],
    "65": [
        0.6691306063588578,
        -0.7431448254773946
    ],
    "66": [
        0.7289686274214112,
        -0.684547105928689
    ],
    "67": [
        0.7836934573258396,
        -0.6211477802783106
    ],
    "68": [
        0.8329212407100989,
        -0.553391549243345
    ],
    "69": [
        0.8763066800438631,
        -0.4817536741017161
    ],
    "70": [
        0.9135454576426005,
        -0.40673664307580093
    ],
    "71": [
        0.9443763702374808,
        -0.3288666467385839
    ],
    "72": [
        0.968583161128631,
        -0.24868988716485535
    ],
    "73": [
        0.9859960370705049,
        -0.16676874671610273
    ],
    "74": [
        0.9964928592495043,
        -0.08367784333231584
    ]
}