{
    "0": [
        1.0,
        0.0
    ],
    "1": [
        0.9984268150178166,
        0.05607044723719179
    ],
    "2": [
        0.9937122098932426,
        0.11196447610330786
    ],
    "3": [
        0.9858710185182359,
        0.1675062233047364
    ],
    "4": [
        0.9749279121818236,
        0.2225209339563144
    ],
    "5": [
        0.9609173219450996,
        0.27683551142484936
    ],
    "6": [
        0.9438833303083676,
        0.3302790619551671
    ],
    "7": [
        0.9238795325112867,
        0.3826834323650898
    ],
    "8": [
        0.9009688679024191,
        0.4338837391175581
    ],
    "9": [
        0.8752234219087537,
        0.48371888710523975
    ],
    "10": [
        0.8467241992282841,
        0.5320320765153366
    ],
    "11": [
        0.8155608689592602,
        0.5786712961798057
    ],
    "12": [
        0.7818314824680298,
        0.6234898018587335
    ],
    "13": [
        0.7456421648831656,
        0.6663465779520039
    ],
    "14": [
        0.7071067811865476,
        0.7071067811865475
    ],
    "15": [
        0.6663465779520039,
        0.7456421648831656
    ],
    "16": [
        0.6234898018587336,
        0.7818314824680298
    ],
    "17": [
        0.5786712961798057,
        0.8155608689592602
    ],
    "18": [
        0.5320320765153366,
        0.8467241992282841
    ],
    "19": [
        0.4837188871052398,
        0.8752234219087537
    ],
    "20": [
        0.4338837391175582,
        0.9009688679024191
    ],
    "21": [
        0.38268343236508984,
        0.9238795325112867
    ],
    "22": [
        0.33027906195516715,
        0.9438833303083676
    ],
    "23": [
        0.2768355114248494,
        0.9609173219450995
    ],
    "24": [
        0.22252093395631445,
        0.9749279121818236
    ],
    "25": [
        0.16750622330473647,
        0.9858710185182359
    ],
    "26": [
        0.11196447610330791,
        0.9937122098932426
    ],
    "27": [
        0.056070447237191845,
        0.9984268150178166
    ],
    "28": [
        6.123233995736766e-17,
        1.0
    ],
    "29": [
        -0.05607044723719173,
        0.9984268150178166
    ],
    "30": [
        -0.1119644761033078,
        0.9937122098932426
    ],
    "31": [
        -0.16750622330473633,
        0.9858710185182359
    ],
    "32": [
        -0.22252093395631434,
        0.9749279121818236
    ],
    "33": [
        -0.2768355114248493,
        0.9609173219450996
    ],
    "34": [
        -0.330279061955167,
        0.9438833303083676
    ],
    "35": [
        -0.3826834323650897,
        0.9238795325112867
    ],
    "36": [
        -0.43388373911755806,
        0.9009688679024191
    ],
    "37": [
        -0.48371888710523975,
        0.8752234219087537
    ],
    "38": [
        -0.5320320765153365,
        0.8467241992282842
    ],
    "39": [
        -0.5786712961798057,
        0.8155608689592602
    ],
    "40": [
        -0.6234898018587335,
        0.7818314824680299
    ],
    "41": [
        -0.6663465779520039,
        0.7456421648831657
    ],
    "42": [
        -0.7071067811865475,
        0.7071067811865476
    ],
    "43": [
        -0.7456421648831656,
        0.666346577952004
    ],
    "44": [
        -0.7818314824680298,
        0.6234898018587336
    ],
    "45": [
        -0.8155608689592602,
        0.5786712961798058
    ],
    "46": [
        -0.8467241992282841,
        0.5320320765153367
    ],
    "47": [
        -0.8752234219087537,
        0.48371888710523986
    ],
    "48": [
        -0.900968867902419,
        0.43388373911755823
    ],
    "49": [
        -0.9238795325112867,
        0.3826834323650899
    ],
    "50": [
        -0.9438833303083676,
        0.3302790619551672
    ],
    "51": [
        -0.9609173219450995,
        0.27683551142484947
    ],
    "52": [
        -0.9749279121818236,
        0.2225209339563145
    ],
    "53": [
        -0.9858710185182359,
        0.16750622330473652
    ],
    "54": [
        -0.9937122098932426,
        0.11196447610330798
    ],
    "55": [
        -0.9984268150178166,
        0.05607044723719191
    ],
    "56": [
        -1.0,
        1.2246467991473532e-16
    ],
    "57": [
        -0.9984268150178166,
        -0.056070447237191665
    ],
    "58": [
        -0.9937122098932426,
        -0.11196447610330773
    ],
    "59": [
        -0.9858710185182359,
        -0.16750622330473627
    ],
    "60": [
        -0.9749279121818236,
        -0.22252093395631428
    ],
    "61": [
        -0.9609173219450996,
        -0.27683551142484925
    ],
    "62": [
        -0.9438833303083676,
        -0.33027906195516693
    ],
    "63": [
        -0.9238795325112868,
        -0.38268343236508967
    ],
    "64": [
        -0.9009688679024191,
        -0.433883739117558
    ],
    "65": [
        -0.8752234219087538,
        -0.4837188871052397
    ],
    "66": [
        -0.8467241992282842,
        -0.5320320765153365
    ],
    "67": [
        -0.8155608689592603,
        -0.5786712961798056
    ],
    "68": [
        -0.7818314824680299,
        -0.6234898018587334
    ],
    "69": [
        -0.7456421648831657,
        -0.6663465779520038
    ],
    "70": [
        -0.7071067811865477,
        -0.7071067811865475
    ],
    "71": [
        -0.666346577952004,
        -0.7456421648831655
    ],
    "72": [
        -0.6234898018587337,
        -0.7818314824680297
    ],
    "73": [
        -0.5786712961798063,
        -0.8155608689592598
    ],
    "74": [
        -0.5320320765153367,
        -0.8467241992282841
    ],
    "75": [
        -0.4837188871052395,
        -0.8752234219087538
    ],
    "76": [
        -0.4338837391175583,
        -0.900968867902419
    ],
    "77": [
        -0.38268343236509034,
        -0.9238795325112865
    ],
    "78": [
        -0.33027906195516726,
        -0.9438833303083675
    ],
    "79": [
        -0.27683551142484913,
        -0.9609173219450996
    ],
    "80": [
        -0.2225209339563146,
        -0.9749279121818236
    ],
    "81": [
        -0.16750622330473702,
        -0.9858710185182358
    ],
    "82": [
        -0.11196447610330804,
        -0.9937122098932426
    ],
    "83": [
        -0.056070447237191526,
        -0.9984268150178166
    ],
    "84": [
        -1.8369701987210297e-16,
        -1.0
    ],
    "85": [
        0.05607044723719116,
        -0.9984268150178166
    ],
    "86": [
        0.11196447610330768,
        -0.9937122098932426
    ],
    "87": [
        0.16750622330473666,
        -0.9858710185182359
    ],
    "88": [
        0.22252093395631423,
        -0.9749279121818236
    ],
    "89": [
        0.2768355114248488,
        -0.9609173219450997
    ],
    "90": [
        0.3302790619551669,
        -0.9438833303083676
    ],
    "91": [
        0.38268343236509,
        -0.9238795325112866
    ],
    "92": [
        0.43388373911755795,
        -0.9009688679024193
    ],
    "93": [
        0.48371888710523925,
        -0.875223421908754
    ],
    "94": [
        0.5320320765153363,
        -0.8467241992282842
    ],
    "95": [
        0.578671296179806,
        -0.81556086895926
    ],
    "96": [
        0.6234898018587334,
        -0.7818314824680299
    ],
    "97": [
        0.6663465779520035,
        -0.745642164883166
    ],
    "98": [
        0.7071067811865474,
        -0.7071067811865477
    ],
    "99": [
        0.7456421648831658,
        -0.6663465779520038
    ],
    "100": [
        0.7818314824680297,
        -0.6234898018587337
    ],
    "101": [
        0.8155608689592598,
        -0.5786712961798063
    ],
    "102": [
        0.846724199228284,
        -0.5320320765153368
    ],
    "103": [
        0.8752234219087538,
        -0.4837188871052396
    ],
    "104": [
        0.900968867902419,
        -0.43388373911755834
    ],
    "105": [
        0.9238795325112865,
        -0.3826834323650904
    ],
    "106": [
        0.9438833303083675,
        -0.3302790619551673
    ],