{
    "0": [
        1.0,
        0.0
    ],
    "1": [
        0.9987764162142613,
        0.049453719922738996
    ],
    "2": [
        0.9951086591716066,
        0.09878641830579414
    ],
    "3": [
        0.9890057044881307,
        0.14787736976946894
    ],
    "4": [
        0.9804824871166253,
        0.19660644052928852
    ],
    "5": [
        0.9695598647982465,
        0.2448543823835012
    ],
    "6": [
        0.9562645670201275,
        0.2925031245334109
    ],
    "7": [
        0.9406291296038439,
        0.33943606252240655
    ],
    "8": [
        0.9226918150848067,
        0.3855383435866074
    ],
    "9": [
        0.9024965190774262,
        0.43069714771882195
    ],
    "10": [
        0.8800926628551884,
        0.4748019637580112
    ],
    "11": [
        0.855535072408516,
        0.517744859828618
    ],
    "12": [
        0.8288838442763838,
        0.5594207474679531
    ],
    "13": [
        0.8002041984800171,
        0.599727638795273
    ],
    "14": [
        0.7695663189185699,
        0.6385668960932144
    ],
    "15": [
        0.7370451816173639,
        0.6758434731908174
    ],
    "16": [
        0.7027203712489901,
        0.7114661480574331
    ],
    "17": [
        0.6666758863762794,
        0.7453477460383189
    ],
    "18": [
        0.6289999338937425,
        0.7774053531856258
    ],
    "19": [
        0.5897847131705195,
        0.8075605191627239
    ],
    "20": [
        0.5491261904230724,
        0.8357394492253214
    ],
    "21": [
        0.507123863869773,
        0.8618731848095704
    ],
    "22": [
        0.46388052024208937,
        0.8858977722852274
    ],
    "23": [
        0.41950198324822896,
        0.9077544194609038
    ],
    "24": [
        0.37409685460479325,
        0.9273896394584102
    ],
    "25": [
        0.3277762482701767,
        0.94475538160411
    ],
    "26": [
        0.2806535185300931,
        0.9598091490169692
    ],
    "27": [
        0.2328439826006414,
        0.9725141026055469
    ],
    "28": [
        0.18446463842775596,
        0.9828391512194238
    ],
    "29": [
        0.1356338783736256,
        0.990759027734458
    ],
    "30": [
        0.08647119949074578,
        0.9962543508856719
    ],
    "31": [
        0.03709691109260524,
        0.9993116726964553
    ],
    "32": [
        -0.012368159663362882,
        0.9999235113880169
    ],
    "33": [
        -0.061802963460083966,
        0.998088369688552
    ],
    "34": [
        -0.11108652504880455,
        0.9938107384973164
    ],
    "35": [
        -0.16009823929579736,
        0.9871010858946442
    ],
    "36": [
        -0.2087181663233351,
        0.9779758315248003
    ],
    "37": [
        -0.25682732502266786,
        0.9664573064143605
    ],
    "38": [
        -0.3043079842207361,
        0.9525736983244457
    ],
    "39": [
        -0.35104395078807754,
        0.9363589827705493
    ],
    "40": [
        -0.39692085398288723,
        0.917852839878755
    ],
    "41": [
        -0.44182642533538663,
        0.8971005572818211
    ],
    "42": [
        -0.4856507733875837,
        0.8741529192927527
    ],
    "43": [
        -0.5282866526160838,
        0.8490660826270787
    ],
    "44": [
        -0.5696297258798569,
        0.8219014389779585
    ],
    "45": [
        -0.6095788197507078,
        0.7927254647804207
    ],
    "46": [
        -0.6480361721016052,
        0.7616095585323879
    ],
    "47": [
        -0.6849076713469912,
        0.7286298660705872
    ],
    "48": [
        -0.7201030867496003,
        0.693867094228929
    ],
    "49": [
        -0.7535362892301954,
        0.6574063133353583
    ],
    "50": [
        -0.7851254621398549,
        0.6193367490305086
    ],
    "51": [
        -0.8147933014790243,
        0.5797515639176076
    ],
    "52": [
        -0.8424672050733574,
        0.5387476295779737
    ],
    "53": [
        -0.8680794502434017,
        0.49642528951002635
    ],
    "54": [
        -0.8915673595333444,
        0.4528881135719287
    ],
    "55": [
        -0.9128734540932492,
        0.4082426445287906
    ],
    "56": [
        -0.9319455943394345,
        0.3625981373246671
    ],
    "57": [
        -0.9487371075487712,
        0.3160662917174045
    ],
    "58": [
        -0.9632069020746571,
        0.268760978930614
    ],
    "59": [
        -0.9753195679051626,
        0.2207979629917064
    ],
    "60": [
        -0.9850454633172633,
        0.17229461743791677
    ],
    "61": [
        -0.992360787415103,
        0.12336963808359294
    ],
    "62": [
        -0.9972476383747747,
        0.07414275255164605
    ],
    "63": [
        -0.9996940572530831,
        0.024734427279995138
    ],
    "64": [
        -0.9996940572530831,
        -0.02473442727999489
    ],
    "65": [
        -0.9972476383747747,
        -0.07414275255164625
    ],
    "66": [
        -0.992360787415103,
        -0.1233696380835927
    ],
    "67": [
        -0.9850454633172634,
        -0.17229461743791652
    ],
    "68": [
        -0.9753195679051626,
        -0.22079796299170615
    ],
    "69": [
        -0.963206902074657,
        -0.26876097893061424
    ],
    "70": [
        -0.9487371075487712,
        -0.3160662917174043
    ],
    "71": [
        -0.9319455943394346,
        -0.3625981373246669
    ],
    "72": [
        -0.9128734540932493,
        -0.4082426445287904
    ],
    "73": [
        -0.8915673595333443,
        -0.4528881135719289
    ],
    "74": [
        -0.8680794502434018,
        -0.4964252895100261
    ],
    "75": [
        -0.8424672050733575,
        -0.5387476295779735
    ],
    "76": [
        -0.8147933014790244,
        -0.5797515639176074
    ],
    "77": [
        -0.7851254621398548,
        -0.6193367490305087
    ],
    "78": [
        -0.7535362892301957,
        -0.657406313335358
    ],
    "79": [
        -0.7201030867496006,
        -0.6938670942289289
    ],
    "80": [
        -0.684907671346991,
        -0.7286298660705873
    ],
    "81": [
        -0.6480361721016055,
        -0.7616095585323877
    ],
    "82": [
        -0.609578819750708,
        -0.7927254647804206
    ],
    "83": [
        -0.5696297258798572,
        -0.8219014389779584
    ],
    "84": [
        -0.5282866526160837,
        -0.8490660826270788
    ],
    "85": [
        -0.48565077338758356,
        -0.8741529192927527
    ],
    "86": [
        -0.44182642533538646,
        -0.8971005572818213
    ],
    "87": [
        -0.3969208539828876,
        -0.9178528398787549
    ],
    "88": [
        -0.351043950788078,
        -0.9363589827705491
    ],
    "89": [
        -0.30430798422073635,
        -0.9525736983244457
    ],
    "90": [
        -0.25682732502266814,
        -0.9664573064143603
    ],
    "91": [
        -0.2087181663233351,
        -0.9779758315248003
    ],
    "92": [
        -0.1600982392957974,
        -0.9871010858946441
    ],
    "93": [
        -0.11108652504880435,
        -0.9938107384973164
    ],
    "94": [
        -0.061802963460083765,
        -0.998088369688552
    ],
    "95": [
        -0.012368159663363349,
        -0.9999235113880169
    ],
    "96": [
        0.037096911092604996,
        -0.9993116726964553
    ],
    "97": [
        0.08647119949074553,
        -0.996254350885672
    ],
    "98": [
        0.13563387837362556,
        -0.990759027734458
    ],
    "99": [
        0.18446463842775593,
        -0.9828391512194238
    ],
    "100": [
        0.2328439826006416,
        -0.9725141026055468
    ],
    "101": [
        0.2806535185300933,
        -0.9598091490169692
    ],
    "102": [
        0.32777624827017626,
        -0.9447553816041101
    ],
    "103": [
        0.3740968546047928,
        -0.9273896394584105
    ],
    "104": [
        0.41950198324822874,
        -0.907754419460904
    ],
    "105": [
        0.46388052024208914,
        -0.8858977722852275
    ],