{
    "0": [
        1.0,
        0.0
    ],
    "1": [
        0.9988322268323266,
        0.048313379525507065
    ],
    "2": [
        0.9953316347176486,
        0.0965139209145151
    ],
    "3": [
        0.9895063994510511,
        0.14448904956922132
    ],
    "4": [
        0.9813701261394134,
        0.19212671735370837
    ],
    "5": [
        0.970941817426052,
        0.23931566428755774
    ],
    "6": [
        0.9582458291091662,
        0.28594567839868923
    ],
    "7": [
        0.9433118132577432,
        0.3319078531285284
    ],
    "8": [
        0.9261746489577766,
        0.3770948416883204
    ],
    "9": [
        0.9068743608505454,
        0.4214011077725291
    ],
    "10": [
        0.8854560256532099,
        0.4647231720437685
    ],
    "11": [
        0.8619696668800493,
        0.5069598538135903
    ],
    "12": [
        0.8364701380102267,
        0.5480125073546699
    ],
    "13": [
        0.8090169943749475,
        0.5877852522924731
    ],
    "14": [
        0.7796743540632225,
        0.6261851975383136
    ],
    "15": [
        0.7485107481711012,
        0.6631226582407951
    ],
    "16": [
        0.7155989607441211,
        0.698511365248937
    ],
    "17": [
        0.6810158587867972,
        0.7322686665977735
    ],
    "18": [
        0.6448422127361706,
        0.7643157205458483
    ],
    "19": [
        0.6071625078187113,
        0.7945776797137543
    ],
    "20": [
        0.5680647467311559,
        0.8229838658936564
    ],
    "21": [
        0.5276402441061327,
        0.849467935121521
    ],
    "22": [
        0.4859834132426062,
        0.8739680326265179
    ],
    "23": [
        0.44319154559924134,
        0.8964269372957038
    ],
    "24": [
        0.39936458356569565,
        0.9167921953165824
    ],
    "25": [
        0.3546048870425358,
        0.9350162426854147
    ],
    "26": [
        0.30901699437494745,
        0.9510565162951535
    ],
    "27": [
        0.2627073781985871,
        0.9648755533435515
    ],
    "28": [
        0.21578419676780636,
        0.976441078829272
    ],
    "29": [
        0.16835704134703863,
        0.9857260809316508
    ],
    "30": [
        0.12053668025532323,
        0.992708874098054
    ],
    "31": [
        0.0724348001617624,
        0.9973731496914912
    ],
    "32": [
        0.024163745236132416,
        0.9997080140801929
    ],
    "33": [
        -0.024163745236132073,
        0.9997080140801929
    ],
    "34": [
        -0.07243480016176228,
        0.9973731496914912
    ],
    "35": [
        -0.12053668025532288,
        0.992708874098054
    ],
    "36": [
        -0.16835704134703852,
        0.9857260809316509
    ],
    "37": [
        -0.21578419676780602,
        0.9764410788292721
    ],
    "38": [
        -0.26270737819858675,
        0.9648755533435515
    ],
    "39": [
        -0.30901699437494734,
        0.9510565162951536
    ],
    "40": [
        -0.35460488704253545,
        0.9350162426854148
    ],
    "41": [
        -0.3993645835656953,
        0.9167921953165825
    ],
    "42": [
        -0.44319154559924123,
        0.8964269372957038
    ],
    "43": [
        -0.4859834132426061,
        0.8739680326265179
    ],
    "44": [
        -0.5276402441061325,
        0.8494679351215212
    ],
    "45": [
        -0.5680647467311557,
        0.8229838658936565
    ],
    "46": [
        -0.6071625078187112,
        0.7945776797137543
    ],
    "47": [
        -0.6448422127361704,
        0.7643157205458485
    ],
    "48": [
        -0.681015858786797,
        0.7322686665977737
    ],
    "49": [
        -0.715598960744121,
        0.698511365248937
    ],
    "50": [
        -0.7485107481711009,
        0.6631226582407955
    ],
    "51": [
        -0.7796743540632223,
        0.6261851975383139
    ],
    "52": [
        -0.8090169943749473,
        0.5877852522924732
    ],
    "53": [
        -0.8364701380102265,
        0.5480125073546703
    ],
    "54": [
        -0.8619696668800491,
        0.5069598538135907
    ],
    "55": [
        -0.8854560256532098,
        0.4647231720437687
    ],
    "56": [
        -0.9068743608505453,
        0.42140110777252954
    ],
    "57": [
        -0.9261746489577763,
        0.37709484168832075
    ],
    "58": [
        -0.943311813257743,
        0.3319078531285286
    ],
    "59": [
        -0.9582458291091662,
        0.2859456783986893
    ],
    "60": [
        -0.9709418174260519,
        0.2393156642875581
    ],
    "61": [
        -0.9813701261394134,
        0.1921267173537086
    ],
    "62": [
        -0.9895063994510511,
        0.1444890495692214
    ],
    "63": [
        -0.9953316347176486,
        0.09651392091451551
    ],
    "64": [
        -0.9988322268323265,
        0.04831337952550732
    ],
    "65": [
        -1.0,
        1.2246467991473532e-16
    ],
    "66": [
        -0.9988322268323266,
        -0.048313379525506635
    ],
    "67": [
        -0.9953316347176486,
        -0.09651392091451481
    ],
    "68": [
        -0.9895063994510511,
        -0.14448904956922115
    ],
    "69": [
        -0.9813701261394135,
        -0.19212671735370793
    ],
    "70": [
        -0.9709418174260521,
        -0.23931566428755743
    ],
    "71": [
        -0.9582458291091662,
        -0.28594567839868906
    ],
    "72": [
        -0.9433118132577432,
        -0.3319078531285284
    ],
    "73": [
        -0.9261746489577767,
        -0.3770948416883201
    ],
    "74": [
        -0.9068743608505455,
        -0.42140110777252887
    ],
    "75": [
        -0.8854560256532099,
        -0.46472317204376845
    ],
    "76": [
        -0.8619696668800494,
        -0.5069598538135901
    ],
    "77": [
        -0.8364701380102268,
        -0.5480125073546698
    ],
    "78": [
        -0.8090169943749476,
        -0.587785252292473
    ],
    "79": [
        -0.7796743540632227,
        -0.6261851975383134
    ],
    "80": [
        -0.7485107481711013,
        -0.663122658240795
    ],
    "81": [
        -0.7155989607441212,
        -0.6985113652489369
    ],
    "82": [
        -0.6810158587867975,
        -0.7322686665977731
    ],
    "83": [
        -0.6448422127361709,
        -0.7643157205458481
    ],
    "84": [
        -0.6071625078187114,
        -0.7945776797137541
    ],
    "85": [
        -0.5680647467311559,
        -0.8229838658936564
    ],
    "86": [
        -0.5276402441061327,
        -0.8494679351215211
    ],
    "87": [
        -0.4859834132426067,
        -0.8739680326265176
    ],
    "88": [
        -0.44319154559924184,
        -0.8964269372957036
    ],
    "89": [
        -0.399364583565696,
        -0.9167921953165822
    ],
    "90": [
        -0.3546048870425359,
        -0.9350162426854147
    ],
    "91": [
        -0.30901699437494756,
        -0.9510565162951535
    ],
    "92": [
        -0.26270737819858697,
        -0.9648755533435515
    ],
    "93": [
        -0.2157841967678069,
        -0.9764410788292719
    ],
    "94": [
        -0.1683570413470392,
        -0.9857260809316508
    ],
    "95": [
        -0.12053668025532357,
        -0.992708874098054
    ],
    "96": [
        -0.07243480016176275,
        -0.997373149691491
    ],
    "97": [
        -0.02416374523613254,
        -0.9997080140801929
    ],
    "98": [
        0.024163745236132173,
        -0.9997080140801929
    ],
    "99": [
        0.07243480016176237,
        -0.9973731496914912
    ],
    "100": [
        0.12053668025532233,
        -0.9927088740980541
    ],
    "101": [
        0.16835704134703797,
        -0.985726080931651
    ],
    "102": [
        0.2157841967678057,
        -0.9764410788292722
    ],
    "103": [
        0.2627073781985866,
        -0.9648755533435516
    ],
    "104": [
        0.30901699437494723,
        -0.9510565162951536
    ],
    "105": [
        0.35460488704253557,
        -0.9350162426854148
    ],