{
    "0": [
        1.0,
        0.0
    ],
    "1": [
        0.9992837548163315,
        0.03784147671767029
    ],
    "2": [
        0.997136045279652,
        0.0756287458844567
    ],
    "3": [
        0.9935599479631849,
        0.11330767760126985
    ],
    "4": [
        0.9885605855918885,
        0.15082429716137383
    ],
    "5": [
        0.9821451197042027,
        0.18812486236863377
    ],
    "6": [
        0.9743227403932134,
        0.225155940522694
    ],
    "7": [
        0.9651046531419333,
        0.2618644849608067
    ],
    "8": [
        0.9545040627715552,
        0.29819791104666543
    ],
    "9": [
        0.9425361545256727,
        0.3341041714973898
    ],
    "10": [
        0.9292180723175651,
        0.3695318309407569
    ],
    "11": [
        0.9145688941717073,
        0.404430139595877
    ],
    "12": [
        0.8986096048946821,
        0.43874910597176514
    ],
    "13": [
        0.8813630660146489,
        0.472439568479671
    ],
    "14": [
        0.8628539830324229,
        0.5054532658565808
    ],
    "15": [
        0.8431088700310844,
        0.537742906299012
    ],
    "16": [
        0.82215601169481,
        0.569262235208066
    ],
    "17": [
        0.8000254227913345,
        0.5999661014486957
    ],
    "18": [
        0.7767488051760856,
        0.6298105220282713
    ],
    "19": [
        0.7523595023795813,
        0.6587527451017938
    ],
    "20": [
        0.7268924518431437,
        0.6867513112135011
    ],
    "21": [
        0.7003841348713508,
        0.7137661126871389
    ],
    "22": [
        0.6728725243729189,
        0.7397584510798207
    ],
    "23": [
        0.6443970304648771,
        0.7646910926171746
    ],
    "24": [
        0.6149984440179536,
        0.7885283215303659
    ],
    "25": [
        0.5847188782240471,
        0.8112359912185924
    ],
    "26": [
        0.5536017082694845,
        0.832781573163761
    ],
    "27": [
        0.5216915092004846,
        0.8531342035272766
    ],
    "28": [
        0.4890339920698333,
        0.8722647273621937
    ],
    "29": [
        0.4556759384562416,
        0.8901457403773966
    ],
    "30": [
        0.421665133450184,
        0.9067516281939826
    ],
    "31": [
        0.3870502972022171,
        0.9220586030376136
    ],
    "32": [
        0.35188101513183306,
        0.9360447378142728
    ],
    "33": [
        0.3162076668968239,
        0.9486899975206164
    ],
    "34": [
        0.2800813542249069,
        0.9599762679439228
    ],
    "35": [
        0.24355382771099193,
        0.9698873816105272
    ],
    "36": [
        0.20667741268495293,
        0.9784091409455727
    ],
    "37": [
        0.16950493425609656,
        0.9855293386108992
    ],
    "38": [
        0.13208964164170223,
        0.9912377749919374
    ],
    "39": [
        0.09448513188803113,
        0.995526272808559
    ],
    "40": [
        0.05674527309307387,
        0.9983886888289513
    ],
    "41": [
        0.01892412724101908,
        0.9998209226697378
    ],
    "42": [
        -0.018924127241018954,
        0.9998209226697378
    ],
    "43": [
        -0.056745273093073964,
        0.9983886888289513
    ],
    "44": [
        -0.09448513188803123,
        0.995526272808559
    ],
    "45": [
        -0.1320896416417023,
        0.9912377749919373
    ],
    "46": [
        -0.16950493425609667,
        0.9855293386108992
    ],
    "47": [
        -0.20667741268495302,
        0.9784091409455727
    ],
    "48": [
        -0.24355382771099204,
        0.9698873816105272
    ],
    "49": [
        -0.280081354224907,
        0.9599762679439228
    ],
    "50": [
        -0.316207666896824,
        0.9486899975206164
    ],
    "51": [
        -0.3518810151318332,
        0.9360447378142728
    ],
    "52": [
        -0.38705029720221723,
        0.9220586030376136
    ],
    "53": [
        -0.4216651334501839,
        0.9067516281939827
    ],
    "54": [
        -0.4556759384562415,
        0.8901457403773967
    ],
    "55": [
        -0.48903399206983317,
        0.8722647273621938
    ],
    "56": [
        -0.5216915092004845,
        0.8531342035272768
    ],
    "57": [
        -0.5536017082694845,
        0.832781573163761
    ],
    "58": [
        -0.5847188782240471,
        0.8112359912185924
    ],
    "59": [
        -0.6149984440179536,
        0.7885283215303659
    ],
    "60": [
        -0.6443970304648771,
        0.7646910926171746
    ],
    "61": [
        -0.6728725243729189,
        0.7397584510798209
    ],
    "62": [
        -0.7003841348713508,
        0.713766112687139
    ],
    "63": [
        -0.7268924518431438,
        0.6867513112135011
    ],
    "64": [
        -0.7523595023795813,
        0.6587527451017937
    ],
    "65": [
        -0.7767488051760856,
        0.6298105220282711
    ],
    "66": [
        -0.8000254227913345,
        0.5999661014486956
    ],
    "67": [
        -0.82215601169481,
        0.569262235208066
    ],
    "68": [
        -0.8431088700310845,
        0.5377429062990119
    ],
    "69": [
        -0.8628539830324229,
        0.5054532658565807
    ],
    "70": [
        -0.8813630660146489,
        0.4724395684796709
    ],
    "71": [
        -0.8986096048946822,
        0.43874910597176503
    ],
    "72": [
        -0.9145688941717073,
        0.4044301395958768
    ],
    "73": [
        -0.9292180723175653,
        0.36953183094075676
    ],
    "74": [
        -0.9425361545256727,
        0.3341041714973896
    ],
    "75": [
        -0.9545040627715553,
        0.29819791104666526
    ],
    "76": [
        -0.9651046531419334,
        0.26186448496080655
    ],
    "77": [
        -0.9743227403932134,
        0.22515594052269378
    ],
    "78": [
        -0.9821451197042027,
        0.18812486236863352
    ],
    "79": [
        -0.9885605855918886,
        0.15082429716137358
    ],
    "80": [
        -0.9935599479631849,
        0.11330767760126957
    ],
    "81": [
        -0.997136045279652,
        0.07562874588445685
    ],
    "82": [
        -0.9992837548163315,
        0.03784147671767042
    ],
    "83": [
        -1.0,
        1.2246467991473532e-16
    ],
    "84": [
        -0.9992837548163315,
        -0.03784147671767018
    ],
    "85": [
        -0.997136045279652,
        -0.0756287458844566
    ],
    "86": [
        -0.9935599479631849,
        -0.11330767760126977
    ],
    "87": [
        -0.9885605855918885,
        -0.15082429716137377
    ],
    "88": [
        -0.9821451197042027,
        -0.1881248623686337
    ],
    "89": [
        -0.9743227403932134,
        -0.22515594052269397
    ],
    "90": [
        -0.9651046531419333,
        -0.2618644849608067
    ],
    "91": [
        -0.9545040627715552,
        -0.29819791104666543
    ],
    "92": [
        -0.9425361545256727,
        -0.33410417149738975
    ],
    "93": [
        -0.9292180723175653,
        -0.3695318309407569
    ],
    "94": [
        -0.9145688941717073,
        -0.40443013959587704
    ],
    "95": [
        -0.8986096048946821,
        -0.4387491059717652
    ],
    "96": [
        -0.8813630660146489,
        -0.47243956847967106
    ],
    "97": [
        -0.8628539830324228,
        -0.5054532658565809
    ],
    "98": [
        -0.8431088700310844,
        -0.5377429062990121
    ],
    "99": [
        -0.8221560116948099,
        -0.5692622352080661
    ],
    "100": [
        -0.8000254227913344,
        -0.5999661014486958
    ],
    "101": [
        -0.7767488051760855,
        -0.6298105220282714
    ],
    "102": [
        -0.7523595023795812,
        -0.6587527451017938
    ],
    "103": [
        -0.7268924518431435,
        -0.6867513112135012
    ],
    "104": [
        -0.7003841348713506,
        -0.7137661126871391
    ],
    "105": [
        -0.6728725243729188,
        -0.739758451079821
    ],
    "106": [
        -0.6443970304648772,
        -0.7646910926171745
    ],