{
    "0": [
        1.0,
        0.0
    ],
    "1": [
        0.9989484922416502,
        0.0458465903654106
    ],
    "2": [
        0.9957961803037325,
        0.09159676463989497
    ],
    "3": [
        0.9905496935471658,
        0.13715430949706214
    ],
    "4": [
        0.9832200654150074,
        0.18242341671317477
    ],
    "5": [
        0.9738227102289507,
        0.22730888465333024
    ],
    "6": [
        0.9623773907727682,
        0.2717163184819761
    ],
    "7": [
        0.9489081767308696,
        0.3155523286767138
    ],
    "8": [
        0.9334433940693828,
        0.3587247274279137
    ],
    "9": [
        0.9160155654662073,
        0.4011427225111089
    ],
    "10": [
        0.896661341915318,
        0.44271710822445204
    ],
    "11": [
        0.875421425649156,
        0.4833604529896908
    ],
    "12": [
        0.8523404845412027,
        0.5229872832221333
    ],
    "13": [
        0.8274670581687478,
        0.5615142630829231
    ],
    "14": [
        0.8008534557334064,
        0.5988603697356012
    ],
    "15": [
        0.772555646054055,
        0.6349470637383889
    ],
    "16": [
        0.742633139863538,
        0.669698454213852
    ],
    "17": [
        0.7111488646566726,
        0.7030414584485936
    ],
    "18": [
        0.678169032352751,
        0.7349059555873346
    ],
    "19": [
        0.6437630000508464,
        0.7652249340981604
    ],
    "20": [
        0.6080031241707576,
        0.7939346326988125
    ],
    "21": [
        0.570964608286336,
        0.8209746744476537
    ],
    "22": [
        0.5327253449712018,
        0.846288193717314
    ],
    "23": [
        0.49336575198945415,
        0.8698219557839871
    ],
    "24": [
        0.4529686031758643,
        0.8915264687808806
    ],
    "25": [
        0.41161885436121803,
        0.9113560877803792
    ],
    "26": [
        0.3694034647088838,
        0.9292691107860372
    ],
    "27": [
        0.32641121383834437,
        0.9452278664325225
    ],
    "28": [
        0.28273251512027814,
        0.9591987932090833
    ],
    "29": [
        0.23845922553583826,
        0.9711525100399259
    ],
    "30": [
        0.19368445249999655,
        0.9810638780730726
    ],
    "31": [
        0.14850235805520365,
        0.9889120535477581
    ],
    "32": [
        0.1030079608471544,
        0.9946805316291815
    ],
    "33": [
        0.05729693629909999,
        0.9983571811184296
    ],
    "34": [
        0.011465415404949,
        0.9999342699645772
    ],
    "35": [
        -0.03439021743570378,
        0.9994084815253096
    ],
    "36": [
        -0.08017352711546682,
        0.9967809215418729
    ],
    "37": [
        -0.12578823062367728,
        0.9920571158136837
    ],
    "38": [
        -0.17113839953106796,
        0.9852469985774859
    ],
    "39": [
        -0.21612866172874187,
        0.976364891615498
    ],
    "40": [
        -0.2606644019971965,
        0.9654294741364818
    ],
    "41": [
        -0.30465196098360003,
        0.9524637434930776
    ],
    "42": [
        -0.34799883216886185,
        0.9374949668180136
    ],
    "43": [
        -0.3906138564102792,
        0.9205546236809035
    ],
    "44": [
        -0.432407413650628,
        0.9016783398862228
    ],
    "45": [
        -0.47329161139053366,
        0.8809058125516893
    ],
    "46": [
        -0.5131804695277609,
        0.8582807266246091
    ],
    "47": [
        -0.5519901011747043,
        0.8338506630117528
    ],
    "48": [
        -0.5896388890738128,
        0.8076669985159725
    ],
    "49": [
        -0.6260476572399492,
        0.7797847977899871
    ],
    "50": [
        -0.6611398374687167,
        0.7502626975345628
    ],
    "51": [
        -0.6948416303605794,
        0.7191627831846222
    ],
    "52": [
        -0.7270821605221449,
        0.6865504583426115
    ],
    "53": [
        -0.7577936256182165,
        0.6524943072337094
    ],
    "54": [
        -0.7869114389611572,
        0.6170659504721362
    ],
    "55": [
        -0.8143743653376943,
        0.5803398944418932
    ],
    "56": [
        -0.8401246497875233,
        0.5423933746086794
    ],
    "57": [
        -0.8641081390628877,
        0.5033061930925081
    ],
    "58": [
        -0.8862743955136965,
        0.4631605508426122
    ],
    "59": [
        -0.906576803158686,
        0.42204087476757157
    ],
    "60": [
        -0.9249726657195532,
        0.3800336401842129
    ],
    "61": [
        -0.941423296411889,
        0.33722718895867887
    ],
    "62": [
        -0.9558940993040882,
        0.29371154372211183
    ],
    "63": [
        -0.968354642073129,
        0.24957821855166376
    ],
    "64": [
        -0.9787787200042222,
        0.2049200265149709
    ],
    "65": [
        -0.9871444110997311,
        0.15983088448283453
    ],
    "66": [
        -0.9934341221814738,
        0.11440561562058338
    ],
    "67": [
        -0.9976346258894501,
        0.06873974997348413
    ],
    "68": [
        -0.999737088499184,
        0.022929323565576587
    ],
    "69": [
        -0.9997370884991839,
        -0.022929323565576788
    ],
    "70": [
        -0.9976346258894501,
        -0.06873974997348388
    ],
    "71": [
        -0.9934341221814738,
        -0.11440561562058314
    ],
    "72": [
        -0.9871444110997311,
        -0.15983088448283472
    ],
    "73": [
        -0.9787787200042223,
        -0.20492002651497065
    ],
    "74": [
        -0.9683546420731292,
        -0.24957821855166354
    ],
    "75": [
        -0.9558940993040881,
        -0.293711543722112
    ],
    "76": [
        -0.9414232964118892,
        -0.33722718895867865
    ],
    "77": [
        -0.9249726657195533,
        -0.38003364018421265
    ],
    "78": [
        -0.9065768031586862,
        -0.42204087476757135
    ],
    "79": [
        -0.8862743955136964,
        -0.4631605508426124
    ],
    "80": [
        -0.8641081390628879,
        -0.5033061930925079
    ],
    "81": [
        -0.8401246497875235,
        -0.5423933746086792
    ],
    "82": [
        -0.8143743653376941,
        -0.5803398944418934
    ],
    "83": [
        -0.7869114389611575,
        -0.6170659504721361
    ],
    "84": [
        -0.7577936256182167,
        -0.6524943072337092
    ],
    "85": [
        -0.7270821605221448,
        -0.6865504583426116
    ],
    "86": [
        -0.6948416303605796,
        -0.719162783184622
    ],
    "87": [
        -0.661139837468717,
        -0.7502626975345625
    ],
    "88": [
        -0.6260476572399494,
        -0.779784797789987
    ],
    "89": [
        -0.589638889073813,
        -0.8076669985159723
    ],
    "90": [
        -0.5519901011747042,
        -0.8338506630117529
    ],
    "91": [
        -0.5131804695277611,
        -0.858280726624609
    ],
    "92": [
        -0.4732916113905339,
        -0.8809058125516892
    ],
    "93": [
        -0.43240741365062785,
        -0.9016783398862228
    ],
    "94": [
        -0.3906138564102794,
        -0.9205546236809034
    ],
    "95": [
        -0.34799883216886224,
        -0.9374949668180134
    ],
    "96": [
        -0.3046519609835998,
        -0.9524637434930776
    ],
    "97": [
        -0.26066440199719676,
        -0.9654294741364818
    ],
    "98": [
        -0.21612866172874232,
        -0.9763648916154979
    ],
    "99": [
        -0.171138399531068,
        -0.9852469985774859
    ],
    "100": [
        -0.12578823062367753,
        -0.9920571158136836
    ],
    "101": [
        -0.08017352711546641,
        -0.996780921541873
    ],
    "102": [
        -0.03439021743570381,
        -0.9994084815253096
    ],
    "103": [
        0.011465415404948753,
        -0.9999342699645772
    ],
    "104": [
        0.05729693629910019,
        -0.9983571811184296
    ],
    "105": [
        0.10300796084715437,
        -0.9946805316291815
    ],