{
    "0": [
        1.0,
        0.0
    ],
    "1": [
        0.9988843044885838,
        0.04722442425650335
    ],
    "2": [
        0.9955397075072836,
        0.09434347235666231
    ],
    "3": [
        0.9899736721597784,
        0.14125200327954177
    ],
    "4": [
        0.9821986184473754,
        0.18784534575034617
    ],
    "5": [
        0.9722318955551306,
        0.23401953180296242
    ],
    "6": [
        0.9600957431390327,
        0.279671528773146
    ],
    "7": [
        0.9458172417006346,
        0.32469946920468346
    ],
    "8": [
        0.9294282521598658,
        0.36900287815551913
    ],
    "9": [
        0.9109653447608606,
        0.41248289739663924
    ],
    "10": [
        0.8904697174694445,
        0.4550425060034366
    ],
    "11": [
        0.8679871040443631,
        0.4965867368473307
    ],
    "12": [
        0.8435676719873827,
        0.5370228885045659
    ],
    "13": [
        0.817265910599978,
        0.5762607321093367
    ],
    "14": [
        0.7891405093963936,
        0.6142127126896678
    ],
    "15": [
        0.7592542271443886,
        0.6507941445367936
    ],
    "16": [
        0.7276737518258862,
        0.6859234001720882
    ],
    "17": [
        0.6944695518300087,
        0.719522092489888
    ],
    "18": [
        0.6597157187105471,
        0.7515152496697763
    ],
    "19": [
        0.6234898018587336,
        0.7818314824680298
    ],
    "20": [
        0.5858726354602247,
        0.8104031435149364
    ],
    "21": [
        0.5469481581224269,
        0.8371664782625285
    ],
    "22": [
        0.50680322557464,
        0.8620617672459095
    ],
    "23": [
        0.4655274168589631,
        0.8850334593407309
    ],
    "24": [
        0.42321283444442503,
        0.906030295719473
    ],
    "25": [
        0.37995389871036,
        0.9250054242299326
    ],
    "26": [
        0.3358471372576225,
        0.9419165039406941
    ],
    "27": [
        0.2909909695177644,
        0.9567257996203048
    ],
    "28": [
        0.24548548714079924,
        0.9694002659393304
    ],
    "29": [
        0.19943223065159224,
        0.9799116212074077
    ],
    "30": [
        0.15293396287324584,
        0.9882364104807537
    ],
    "31": [
        0.10609443962305812,
        0.9943560578993167
    ],
    "32": [
        0.05901817819272284,
        0.9982569081367842
    ],
    "33": [
        0.011810224129384404,
        0.9999302568709548
    ],
    "34": [
        -0.03542408316205376,
        0.9993723702064851
    ],
    "35": [
        -0.08257934547233227,
        0.9965844930066698
    ],
    "36": [
        -0.12955034097245244,
        0.9915728461156655
    ],
    "37": [
        -0.1762322590047216,
        0.9843486124773544
    ],
    "38": [
        -0.22252093395631434,
        0.9749279121818236
    ],
    "39": [
        -0.26831307769348467,
        0.9633317664951416
    ],
    "40": [
        -0.31350651003778124,
        0.9495860509526931
    ],
    "41": [
        -0.35800038676997975,
        0.9337214376207419
    ],
    "42": [
        -0.4016954246529694,
        0.9157733266550574
    ],
    "43": [
        -0.4444941229714754,
        0.8957817673093257
    ],
    "44": [
        -0.48630098109428127,
        0.8737913685696028
    ],
    "45": [
        -0.5270227115734788,
        0.8498511996142253
    ],
    "46": [
        -0.5665684483052423,
        0.8240146803212852
    ],
    "47": [
        -0.6048499492876376,
        0.7963394620679941
    ],
    "48": [
        -0.6417817935230313,
        0.7668872990879175
    ],
    "49": [
        -0.6772815716257409,
        0.7357239106731318
    ],
    "50": [
        -0.7112700697095949,
        0.7029188345287868
    ],
    "51": [
        -0.7436714461450896,
        0.6685452716072944
    ],
    "52": [
        -0.7744134007917193,
        0.6326799227683805
    ],
    "53": [
        -0.8034273363278612,
        0.5954028176294749
    ],
    "54": [
        -0.830648511318223,
        0.5567971359883417
    ],
    "55": [
        -0.8560161846773,
        0.5169490222164258
    ],
    "56": [
        -0.879473751206489,
        0.4759473930370737
    ],
    "57": [
        -0.900968867902419,
        0.43388373911755823
    ],
    "58": [
        -0.9204535707546603,
        0.39085192091762283
    ],
    "59": [
        -0.9378843817721854,
        0.3469479592500951
    ],
    "60": [
        -0.9532224059997694,
        0.30226982102090666
    ],
    "61": [
        -0.9664334183078426,
        0.25691720062661944
    ],
    "62": [
        -0.9774879397621385,
        0.21099129749724227
    ],
    "63": [
        -0.9863613034027223,
        0.16459459028073403
    ],
    "64": [
        -0.9930337092856241,
        0.11783060817306658
    ],
    "65": [
        -0.9974902686642558,
        0.07080369990410686
    ],
    "66": [
        -0.9997210372120274,
        0.023618800894797794
    ],
    "67": [
        -0.9997210372120274,
        -0.02361880089479799
    ],
    "68": [
        -0.9974902686642558,
        -0.0708036999041066
    ],
    "69": [
        -0.9930337092856241,
        -0.11783060817306633
    ],
    "70": [
        -0.9863613034027224,
        -0.16459459028073378
    ],
    "71": [
        -0.9774879397621387,
        -0.21099129749724205
    ],
    "72": [
        -0.9664334183078426,
        -0.25691720062661916
    ],
    "73": [
        -0.9532224059997693,
        -0.3022698210209068
    ],
    "74": [
        -0.9378843817721855,
        -0.34694795925009486
    ],
    "75": [
        -0.9204535707546603,
        -0.3908519209176226
    ],
    "76": [
        -0.9009688679024191,
        -0.433883739117558
    ],
    "77": [
        -0.8794737512064891,
        -0.4759473930370735
    ],
    "78": [
        -0.8560161846773001,
        -0.5169490222164256
    ],
    "79": [
        -0.8306485113182229,
        -0.5567971359883419
    ],
    "80": [
        -0.8034273363278611,
        -0.595402817629475
    ],
    "81": [
        -0.7744134007917195,
        -0.6326799227683803
    ],
    "82": [
        -0.7436714461450898,
        -0.6685452716072943
    ],
    "83": [
        -0.7112700697095952,
        -0.7029188345287866
    ],
    "84": [
        -0.6772815716257411,
        -0.7357239106731316
    ],
    "85": [
        -0.6417817935230316,
        -0.7668872990879174
    ],
    "86": [
        -0.6048499492876378,
        -0.796339462067994
    ],
    "87": [
        -0.5665684483052422,
        -0.8240146803212853
    ],
    "88": [
        -0.527022711573479,
        -0.8498511996142252
    ],
    "89": [
        -0.4863009810942811,
        -0.8737913685696029
    ],
    "90": [
        -0.4444941229714756,
        -0.8957817673093256
    ],
    "91": [
        -0.40169542465296987,
        -0.9157733266550573
    ],
    "92": [
        -0.3580003867699798,
        -0.9337214376207418
    ],
    "93": [
        -0.31350651003778146,
        -0.949586050952693
    ],
    "94": [
        -0.2683130776934845,
        -0.9633317664951416
    ],
    "95": [
        -0.2225209339563146,
        -0.9749279121818236
    ],
    "96": [
        -0.17623225900472225,
        -0.9843486124773543
    ],
    "97": [
        -0.12955034097245247,
        -0.9915728461156655
    ],
    "98": [
        -0.08257934547233274,
        -0.9965844930066698
    ],
    "99": [
        -0.03542408316205378,
        -0.9993723702064851
    ],
    "100": [
        0.011810224129384159,
        -0.9999302568709548
    ],
    "101": [
        0.05901817819272304,
        -0.9982569081367841
    ],
    "102": [
        0.10609443962305787,
        -0.9943560578993167
    ],
    "103": [
        0.15293396287324537,
        -0.9882364104807537
    ],
    "104": [
        0.1994322306515922,
        -0.9799116212074077
    ],
    "105": [
        0.2454854871407988,
        -0.9694002659393305
    ],