{
    "0": [
        -11.590417714485016,
        0.31994439516501005
    ],
    "1": [
        -11.472864525466424,
        0.42915695907943685
    ],
    "2": [
        5.764758118674199,
        -3.637841726403101
    ],
    "3": [
        6.058561075807389,
        -3.9146330659092445
    ],
    "4": [
        11.504897936124145,
        8.96169020027482
    ],
    "5": [
        11.189835818829124,
        8.629244350307438
    ],
    "6": [
        8.249058167237685,
        -3.8625154712240644
    ],
    "7": [
        8.23004255174654,
        -3.881167801014108
    ],
    "8": [
        -12.53786589644756,
        1.3790899228149298
    ],
    "9": [
        -12.51210741733593,
        1.312939388369343
    ],
    "10": [
        7.348193600356718,
        -4.689021551100106
    ],
    "11": [
        7.218010831472172,
        -4.430705244493909
    ],
    "12": [
        -11.260053300516713,
        0.5026801004092147
    ],
    "13": [
        -12.259844579289009,
        0.7890531852648595
    ],
    "14": [
        -14.641213109340615,
        -3.3358979145878074
    ],
    "15": [
        10.940599533502674,
        8.419909841533315
    ],
    "16": [
        11.214046200942402,
        8.643739102729525
    ],
    "17": [
        6.065018053435174,
        -3.9564552439035676
    ],
    "18": [
        7.134981051926686,
        -4.339021636617503
    ],
    "19": [
        -14.643636397173648,
        -3.3401877906944826
    ]
}