{
    "0": [
        -1.0141311341597186,
        -1.8359468131349943
    ],
    "1": [
        -0.15804527485570974,
        -1.3809102753925622
    ],
    "2": [
        -1.2032224929073227,
        -1.7371195726315145
    ],
    "3": [
        0.3013379921259891,
        0.6070923018170671
    ],
    "4": [
        -0.7135686755104864,
        -2.2561279847424474
    ],
    "5": [
        -1.1997768534374653,
        -1.7370912214532104
    ],
    "6": [
        0.35809499525442456,
        1.1630786286991004
    ],
    "7": [
        1.1522947327569169,
        1.8158944292597132
    ],
    "8": [
        -0.4823701916038612,
        1.0096191645330457
    ],
    "9": [
        0.06027211252814757,
        0.053350633840728356
    ],
    "10": [
        1.0210693680550764,
        0.09364299908822282
    ],
    "11": [
        0.03827424445975458,
        0.6474099003145746
    ],
    "12": [
        1.4741041996396338,
        0.9103940711804244
    ],
    "13": [
        0.4975243664964859,
        0.5218640437846105
    ],
    "14": [
        -0.13185738884187215,
        2.124849694837235
    ]
}