{
    "0": [
        -3.0562624839330614,
        4.598771360668417
    ],
    "1": [
        -3.2143953634318314,
        4.815246029577295
    ],
    "2": [
        -3.212595925381918,
        4.8172282637916135
    ],
    "3": [
        3.0253673447551748,
        -5.105594950840815
    ],
    "4": [
        3.0228983087931813,
        -5.103533706071184
    ],
    "5": [
        3.0553292318463665,
        -3.6715832462177094
    ],
    "6": [
        3.055709351673063,
        -3.6395083814693816
    ],
    "7": [
        -2.3215604635793836,
        5.748019524367724
    ],
    "8": [
        -3.434798222746251,
        4.947128442457786
    ],
    "9": [
        2.6750832175195405,
        -6.6156695582770935
    ],
    "10": [
        -2.278962566894054,
        5.7962254589097055
    ],
    "11": [
        2.6841875713791725,
        -6.586729236896353
    ]
}