{
    "0": [
        -0.23255406377930798,
        -0.11038489559182274
    ],
    "1": [
        -0.2899554282883583,
        -1.3371337166135762
    ],
    "2": [
        0.3118510754777193,
        1.3759788930536843
    ],
    "3": [
        0.2993006549169348,
        1.3198723016059875
    ],
    "4": [
        0.09870943943602595,
        -2.522290433293782
    ],
    "5": [
        0.5652443862514133,
        1.719240855082333
    ],
    "6": [
        -0.2699196995582078,
        1.2314887403129307
    ],
    "7": [
        -0.8791912269298905,
        -1.6252416223328865
    ],
    "8": [
        0.854638708101778,
        1.2609989034708189
    ],
    "9": [
        0.6488117494824774,
        -0.13892950820412953
    ],
    "10": [
        1.3447160872688346,
        0.6678555328871232
    ],
    "11": [
        0.1359870873575264,
        -1.5136587079112838
    ],
    "12": [
        -0.06267674771896492,
        -1.0265990265673413
    ],
    "13": [
        -0.2019247279739731,
        -1.854043040828535
    ],
    "14": [
        -1.0800130147386033,
        0.45237786078314013
    ],
    "15": [
        -1.2961247103677458,
        -0.7025989784059181
    ],
    "16": [
        -0.4840280719134662,
        -1.3760143181784281
    ],
    "17": [
        0.49545683034190857,
        2.4552444779566875
    ],
    "18": [
        0.04167167263389904,
        1.723836682775005
    ]
}