{
    "0": [
        1.740927162743576,
        -0.41740015591943713
    ],
    "1": [
        1.6570498759024588,
        -0.315580522529908
    ],
    "2": [
        0.6666495160166575,
        0.24927798764753728
    ],
    "3": [
        -1.1751460382394132,
        0.24746533115380664
    ],
    "4": [
        -1.2370971604202827,
        0.25704812985749736
    ],
    "5": [
        -2.126627779079879,
        -0.10641072167971277
    ],
    "6": [
        0.6628780809149317,
        1.1917751757603652
    ],
    "7": [
        -1.004031995637968,
        0.4424746337262171
    ],
    "8": [
        -0.7560596549122085,
        -0.10021972450465988
    ],
    "9": [
        1.4195907197153037,
        -0.13119686723326662
    ],
    "10": [
        2.310836505621091,
        -0.4628760936553249
    ],
    "11": [
        2.044518023221543,
        0.1168183628337971
    ],
    "12": [
        -1.299542324025328,
        -0.2869623670709682
    ],
    "13": [
        1.5940526432467523,
        -1.256966457137155
    ],
    "14": [
        -2.2450478724461362,
        0.8370865796569289
    ],
    "15": [
        -1.2784048680272129,
        1.1630666432208807
    ],
    "16": [
        0.5935438607431633,
        -1.2582534966959598
    ],
    "17": [
        0.030179691856973,
        -0.5299488822440592
    ],
    "18": [
        -1.5982683871940182,
        0.36080244481342394
    ]
}