{
    "0": [
        3.341556522935784,
        0.9473978103269536
    ],
    "1": [
        2.2729071494847815,
        0.9956246998308877
    ],
    "2": [
        0.9310363524889282,
        -0.20155695528289508
    ],
    "3": [
        -1.8210953852674359,
        -0.8054171837689483
    ],
    "4": [
        -1.2666479144488565,
        -0.44404986629311205
    ],
    "5": [
        2.210681848761612,
        1.011673740815418
    ],
    "6": [
        -2.614078649126408,
        -0.243462094147743
    ],
    "7": [
        -1.7805335138271294,
        -0.6663564566403117
    ],
    "8": [
        -2.198564253900944,
        -0.7572544457021246
    ],
    "9": [
        -1.643050648009825,
        -1.1480206370975101
    ],
    "10": [
        -2.813507596672018,
        -1.2354980055130498
    ],
    "11": [
        -1.0536853411008056,
        -1.2306167626614424
    ],
    "12": [
        -1.9049156973195647,
        0.0213988091004933
    ],
    "13": [
        0.8358760628811619,
        1.1790129061178687
    ],
    "14": [
        -1.9904607612796017,
        -1.4694856630224264
    ],
    "15": [
        2.152862790893587,
        0.4420407432646112
    ],
    "16": [
        2.6934576799658188,
        1.553956458918792
    ],
    "17": [
        2.543107049913485,
        0.7735380797299336
    ],
    "18": [
        2.1050543036274183,
        1.2770748220246033
    ]
}