{
    "0": [
        0.9886203928128445,
        0.8598375943863574
    ],
    "1": [
        0.06001247024805023,
        0.15491149540056104
    ],
    "2": [
        0.9377709685211073,
        0.8094600159070751
    ],
    "3": [
        1.1673434377985537,
        1.0189442691850805
    ],
    "4": [
        -1.1202758826365962,
        -0.8028324757536203
    ],
    "5": [
        -0.989175135553662,
        -0.6677501774082995
    ],
    "6": [
        -1.23874551737682,
        -0.9172072659640518
    ],
    "7": [
        -3.2277084377898997,
        -2.7125775910499663
    ],
    "8": [
        -2.955001228454069,
        -3.209776106544987
    ],
    "9": [
        -3.2050835957744157,
        -2.7437843540303675
    ],
    "10": [
        -4.871590059263891,
        -2.1236050065275545
    ],
    "11": [
        -2.792940982953162,
        -3.524873071447546
    ],
    "12": [
        -2.71464305908943,
        -3.7033608614957756
    ],
    "13": [
        11.678059746644017,
        7.636017094759038
    ],
    "14": [
        11.832418071805748,
        7.783733575590035
    ],
    "15": [
        11.967908067534086,
        7.914196087750093
    ],
    "16": [
        -4.895491414148447,
        -2.1153372191753195
    ],
    "17": [
        -5.3148097328424315,
        -1.8248078429426762
    ],
    "18": [
        -5.306668109481577,
        -1.831188160638077
    ]
}