{
    "0": [
        1.6286514164392976,
        -1.1581287699205278
    ],
    "1": [
        1.7639168009433428,
        -1.1934995745610961
    ],
    "2": [
        1.2827604439728941,
        -0.7585371205531507
    ],
    "3": [
        1.6640987419592925,
        -0.03725689082435041
    ],
    "4": [
        1.6398420784072947,
        -2.4897028647635158
    ],
    "5": [
        1.0504810732070506,
        -1.959191019901458
    ],
    "6": [
        0.9216050117266419,
        -2.049637183870908
    ],
    "7": [
        1.6182829651372794,
        -0.04079458225383881
    ],
    "8": [
        1.644553481829167,
        -2.5135889897570265
    ],
    "9": [
        -0.36237583196159884,
        -2.7907121744811887
    ],
    "10": [
        -2.3020566699178726,
        -3.5648337428276915
    ],
    "11": [
        -2.090704421803922,
        -3.4502316944005234
    ],
    "12": [
        -2.3359117684924424,
        -4.002544717522474
    ],
    "13": [
        -2.5828250150956187,
        -3.4037500869514643
    ],
    "14": [
        -0.5993071136527748,
        7.031015137195892
    ],
    "15": [
        -0.9022663243458757,
        7.415408279669485
    ],
    "16": [
        -0.7966518430192469,
        7.554558224758524
    ],
    "17": [
        -1.242093025332909,
        7.411427770965315
    ]
}