{
    "0": [
        0.4340780047539585,
        5.9857340373384815
    ],
    "1": [
        0.43264492771446594,
        5.981249221336778
    ],
    "2": [
        -1.3443129205208395,
        -0.2719441735017951
    ],
    "3": [
        -1.55119058047387,
        -0.03488376626730316
    ],
    "4": [
        -0.7932293394493559,
        -2.807247885559894
    ],
    "5": [
        -1.0067496742705409,
        -2.675754822282488
    ],
    "6": [
        -0.9048842366821122,
        -2.121625878187238
    ],
    "7": [
        -2.017012413627544,
        -0.5783268522130984
    ],
    "8": [
        -0.9445352000546752,
        -0.20947734483350455
    ],
    "9": [
        -1.0623056640897302,
        0.5900383497233066
    ],
    "10": [
        -1.4276341649653022,
        -0.4571756283376942
    ],
    "11": [
        -1.3499439310931791,
        -2.7083203027623135
    ],
    "12": [
        -0.534706986381023,
        -0.5087981662399628
    ],
    "13": [
        -1.996503699172706,
        0.40559551298533636
    ],
    "14": [
        3.079024636259343,
        -0.041204851805830334
    ],
    "15": [
        3.9466214751259168,
        -0.2522920044711001
    ],
    "16": [
        3.0377945505491972,
        -0.02908852354067415
    ],
    "17": [
        4.002845216377986,
        -0.26647692138100343
    ]
}