{
    "0": [
        -0.018672124064845086,
        -1.246020726668321
    ],
    "1": [
        -0.019188963713578033,
        -1.1477934474233058
    ],
    "2": [
        4.63997628027969,
        -0.6633833721060542
    ],
    "3": [
        4.606456313013192,
        -0.642215525267867
    ],
    "4": [
        -1.491219356128037,
        4.372196830573631
    ],
    "5": [
        -1.317335921051359,
        4.176704865201318
    ],
    "6": [
        0.40256697572321887,
        -0.9808156083284303
    ],
    "7": [
        3.7189722583372244,
        -0.09892176789856832
    ],
    "8": [
        -1.260849785603663,
        4.132372026804237
    ],
    "9": [
        -1.8243021242815733,
        -0.233052105362618
    ],
    "10": [
        -2.180208256028426,
        0.35650977535880557
    ],
    "11": [
        -2.307043505461,
        -1.4394540227130015
    ],
    "12": [
        -2.446412261593284,
        -1.404948918036107
    ],
    "13": [
        -1.8567518075311846,
        -1.7115126373364784
    ],
    "14": [
        -2.2141548229775565,
        0.41006335253794757
    ],
    "15": [
        -0.05973238935549441,
        -0.6756058721977329
    ],
    "16": [
        3.7198410029237734,
        -0.09634321094826448
    ],
    "17": [
        0.3719193454074978,
        -1.8206529131633398
    ],
    "18": [
        -0.46386085789459797,
        -1.2871267230258499
    ]
}