{
    "0": [
        4.596761304362746,
        -3.5429384631977863
    ],
    "1": [
        4.582651265743234,
        -3.5181735127630627
    ],
    "2": [
        6.448277641978543,
        2.8259415083328516
    ],
    "3": [
        6.319369984515061,
        2.6840808246690786
    ],
    "4": [
        0.1436805089726132,
        -0.6102110775233216
    ],
    "5": [
        0.11152484550254993,
        -0.6000202331499374
    ],
    "6": [
        -5.322272320300041,
        1.8491361393672054
    ],
    "7": [
        -6.094000961034471,
        0.694853500003604
    ],
    "8": [
        -5.440182159332329,
        1.8936340887250998
    ],
    "9": [
        3.8324467571465686,
        -2.073663846304137
    ],
    "10": [
        3.7065219906416402,
        -2.0395735279976726
    ],
    "11": [
        3.6306520027696054,
        -1.7112386806227318
    ],
    "12": [
        -0.7103019033872062,
        -0.34206493305590424
    ],
    "13": [
        -0.7680997073428903,
        -0.323895375219978
    ],
    "14": [
        -5.876088225001972,
        0.3799591158054394
    ],
    "15": [
        3.4624864704131637,
        -2.3367985729486045
    ],
    "16": [
        6.232296128204202,
        2.5991035076022264
    ],
    "17": [
        -6.353656990339509,
        1.6699569195554993
    ],
    "18": [
        -6.280065646347799,
        1.7615974628872566
    ],
    "19": [
        -6.222000987163711,
        0.7403151558348693
    ]
}