{
    "0": [
        3.73112752133787,
        4.810041644189501
    ],
    "1": [
        2.9181315903881857,
        4.795235283014207
    ],
    "2": [
        -2.327050723212672,
        -3.7221042174478174
    ],
    "3": [
        -2.501872843052528,
        -3.658323571662287
    ],
    "4": [
        -1.8570936201123756,
        -3.3866841520057895
    ],
    "5": [
        -2.46789422821396,
        -2.925921130202356
    ],
    "6": [
        -3.0707689472603272,
        -5.554451311049919
    ],
    "7": [
        -2.9832834792482137,
        -4.866831079214521
    ],
    "8": [
        -2.188334473337589,
        -3.96964156173223
    ],
    "9": [
        -3.0681593884689913,
        -5.441033464720154
    ],
    "10": [
        2.9554367545420925,
        4.745145780155557
    ],
    "11": [
        2.333620881443639,
        4.368992619710744
    ],
    "12": [
        2.338266401306603,
        5.183975890442153
    ],
    "13": [
        2.997530482472559,
        5.302350191780782
    ],
    "14": [
        3.1903440714157085,
        4.3192490787421285
    ]
}