{
    "0": [
        -0.6934928494969785,
        5.544916651329632
    ],
    "1": [
        -1.8506515619974842,
        5.733849666391498
    ],
    "2": [
        1.1483932923064808,
        -3.6220912365448217
    ],
    "3": [
        -2.4797181941033104,
        5.697630693173996
    ],
    "4": [
        0.4339812488127288,
        -1.6532550549926446
    ],
    "5": [
        0.18969773916577104,
        -1.736371977729137
    ],
    "6": [
        0.5175916798266469,
        -1.3463183792192037
    ],
    "7": [
        0.7749223663756482,
        -2.0419185731321865
    ],
    "8": [
        1.9958699403637716,
        -4.0184443268455885
    ],
    "9": [
        1.7527741632148226,
        -3.1739842562189517
    ],
    "10": [
        0.046696498116949314,
        -3.7070343191899195
    ],
    "11": [
        0.7269981591171195,
        -3.755730800874379
    ],
    "12": [
        1.5002061147905765,
        -3.854494489690514
    ],
    "13": [
        1.1665233979090335,
        -3.652179650479248
    ],
    "14": [
        1.0387051140139523,
        -4.352720968520201
    ],
    "15": [
        1.0356937551551253,
        -3.190973783237106
    ],
    "16": [
        -1.7857742732164659,
        6.312133976144769
    ],
    "17": [
        -1.9748559969991581,
        5.8280480924514855
    ],
    "18": [
        -1.9621414889350577,
        5.318364863649034
    ],
    "19": [
        -1.581419104420155,
        5.670573873533489
    ]
}