{
    "0": [
        0.5335885254375201,
        1.683209907401833
    ],
    "1": [
        -0.11975790933567776,
        0.288218409598036
    ],
    "2": [
        1.0113905784540131,
        -2.406152624967956
    ],
    "3": [
        1.0115403235107072,
        -2.4066289197500206
    ],
    "4": [
        0.8098855214622116,
        0.3718703515858408
    ],
    "5": [
        -1.2710528721901069,
        -0.0848669914581004
    ],
    "6": [
        0.33089551446948473,
        -0.40092623619510803
    ],
    "7": [
        -0.4006601894486952,
        -0.3452293354042606
    ],
    "8": [
        -1.20423601504843,
        1.5843669113704753
    ],
    "9": [
        -0.12629458572347207,
        0.27229233960967525
    ],
    "10": [
        0.09682044063664286,
        0.6997269542747766
    ],
    "11": [
        -0.6721193322242014,
        0.7441192339348031
    ]
}