{
    "0": [
        -1.0192078827956754,
        -0.9081550181326595
    ],
    "1": [
        -0.6545785613284227,
        -0.4017421384651333
    ],
    "2": [
        -0.33185907722681485,
        0.04857002341461758
    ],
    "3": [
        0.5707594939463689,
        -0.39911605530015726
    ],
    "4": [
        -1.1325352974179435,
        0.042728273557116725
    ],
    "5": [
        -2.8836946128217797,
        -0.014660616158264417
    ],
    "6": [
        -0.11055817960367165,
        -1.1630219683800314
    ],
    "7": [
        -2.8842834781790705,
        -0.01510177321279349
    ],
    "8": [
        -0.6617903474784876,
        -0.46576898157151037
    ],
    "9": [
        4.552486640965659,
        1.6376058028806264
    ],
    "10": [
        4.555261301939833,
        1.6386624513681904
    ]
}