{
    "0": [
        3.773574898660392,
        2.2158606309628035
    ],
    "1": [
        3.6861056503421104,
        2.2157710544770572
    ],
    "2": [
        1.590340424963581,
        0.9084212224415018
    ],
    "3": [
        1.4732377053835393,
        0.8021942999658478
    ],
    "4": [
        -3.298359419626217,
        -3.073649520537217
    ],
    "5": [
        -3.4889779518578408,
        -2.5313457564047925
    ],
    "6": [
        -2.731165347260995,
        -4.153339492370716
    ],
    "7": [
        -2.6703327269775654,
        -4.102468674764948
    ],
    "8": [
        1.3699860259213996,
        0.6890538714273384
    ],
    "9": [
        -3.505705778832324,
        -2.470310567878166
    ],
    "10": [
        -3.1186431397610175,
        -4.231782303062349
    ],
    "11": [
        -1.9369688957249949,
        -3.577885391866524
    ],
    "12": [
        1.0942368033937053,
        3.383969428251199
    ],
    "13": [
        2.1806600128845837,
        2.140372784577997
    ],
    "14": [
        2.19763144409572,
        2.139904785059695
    ],
    "15": [
        0.926965517975237,
        4.264953517771644
    ],
    "16": [
        0.9184203079676925,
        4.31961109480757
    ],
    "17": [
        1.0887631774034525,
        3.384122809040091
    ],
    "18": [
        -2.6463526319319444,
        -4.5325937681572235
    ],
    "19": [
        3.096583922981478,
        2.2091399762591832
    ]
}